# Simple Safe by avhatar, CC BY 4.0. Animated in Blender; see safe_credits.txt.
mtllib safe.mtl
g Safe_Body
usemtl safe
v 0.06907427 0.02000000 1.44550419
v 0.06907439 0.02000014 0.34594220
v 0.93096662 0.02000014 0.34594232
v 0.93096650 0.02000000 1.44550443
v 0.06907439 1.39344156 0.34594232
v 0.06907427 1.39344132 1.44550431
v 0.93096650 1.39344132 1.44550443
v 0.93096662 1.39344156 0.34594250
v -0.13136345 0.93855095 1.44550443
v -0.13136333 0.93855107 0.34594232
v -0.13136333 0.46083280 0.34594226
v -0.13136345 0.46083269 1.44550431
v 0.93100786 0.93855095 1.46000004
v 0.06904703 0.93855107 1.45999980
v 0.06904703 0.46083283 1.45999980
v 0.06904703 0.46083283 1.45999980
v 0.93100786 0.46083266 1.45999992
v 0.93100786 0.93855095 1.46000004
v 1.13136339 0.93855119 0.34594244
v 1.13136339 0.93855095 1.44550443
v 1.13136339 0.46083269 1.44550443
v 1.13136339 0.46083298 0.34594238
v 1.12436783 0.02290925 1.43917918
v 1.11533153 0.02000000 1.43100882
v 1.11533165 0.02000014 0.36043781
v 1.12436795 0.02290937 0.35226750
v 0.06906119 0.02248207 1.45247483
v 0.93098640 0.02248204 1.45247483
v -0.12436783 0.02290937 0.35226738
v -0.11533153 0.02000014 0.36043769
v -0.11533165 0.02000000 1.43100882
v -0.12436795 0.02290925 1.43917906
v 0.93098652 0.02248219 0.33897179
v 0.06906131 0.02248219 0.33897167
v 0.06906131 1.39095950 0.33897173
v 0.93098652 1.39095950 0.33897191
v -0.12436795 1.39053214 1.43917918
v -0.11533165 1.39344132 1.43100882
v -0.11533153 1.39344156 0.36043787
v -0.12436783 1.39053226 0.35226750
v 0.93098640 1.39095926 1.45247507
v 0.06906119 1.39095926 1.45247483
v 1.12436795 1.39053226 0.35226762
v 1.11533165 1.39344156 0.36043799
v 1.11533153 1.39344132 1.43100905
v 1.12436783 1.39053214 1.43917930
v 1.13136339 0.03548457 1.44550443
v 1.12865114 0.02762569 1.44305205
v 1.12865138 0.02762579 0.34839463
v 1.13136339 0.03548468 0.34594232
v 0.06904703 0.03548462 1.45999980
v 0.06905150 0.02782423 1.45760942
v 0.93100107 0.02782419 1.45760942
v 0.93100786 0.03548457 1.45999980
v -0.13136333 0.03548468 0.34594220
v -0.12865120 0.02762579 0.34839451
v -0.12865132 0.02762569 1.44305193
v -0.13136345 0.03548457 1.44550419
v 0.93100798 0.03548468 0.33144683
v 0.93100119 0.02782433 0.33383721
v 0.06905162 0.02782433 0.33383709
v 0.06904715 0.03548468 0.33144671
v 0.06904715 1.37795687 0.33144683
v 0.06905162 1.38561726 0.33383715
v 0.93100119 1.38561726 0.33383733
v 0.93100798 1.37795687 0.33144701
v -0.13136345 1.37795675 1.44550443
v -0.12865132 1.38581574 1.44305205
v -0.12865120 1.38581586 0.34839463
v -0.13136333 1.37795687 0.34594238
v 0.93100786 1.37795675 1.46000004
v 0.93100107 1.38561726 1.45760965
v 0.06905150 1.38561726 1.45760942
v 0.06904703 1.37795675 1.45999980
v 1.13136339 1.37795687 0.34594250
v 1.12865138 1.38581586 0.34839475
v 1.12865114 1.38581574 1.44305217
v 1.13136339 1.37795675 1.44550443
v -0.12339056 0.93855107 0.33387572
v -0.11533153 0.93855107 0.33144683
v -0.11533153 0.46083283 0.33144677
v -0.12339056 0.46083283 0.33387566
v 1.12339067 0.46083301 0.33387578
v 1.11533165 0.46083301 0.33144689
v 1.11533165 0.93855119 0.33144695
v 1.12339067 0.93855119 0.33387583
v -0.12878793 0.93855095 1.45249057
v -0.12878793 0.46083266 1.45249057
v 1.12339056 0.93855095 1.45757103
v 1.11533153 0.93855095 1.46000004
v 1.11533153 0.46083266 1.45999992
v 1.12339056 0.46083266 1.45757103
v 1.12035990 0.02290940 0.34139585
v 1.11132371 0.02000014 0.34956622
v -0.12610996 0.02767310 0.34144247
v -0.12878782 0.03548468 0.33895600
v 1.12035990 0.02290925 1.45005083
v 1.10833597 0.02290925 1.45367467
v 1.09929967 0.02000000 1.44550443
v 1.11132360 0.02000000 1.44188046
v -0.12061274 0.02771817 1.45517683
v -0.11261946 0.02762568 1.45754743
v -0.11533165 0.03548457 1.45999980
v -0.12339067 0.03548457 1.45757079
v 1.12035990 1.39053226 0.34139597
v 1.10833609 1.39053226 0.33777213
v 1.09929991 1.39344156 0.34594250
v 1.11132371 1.39344156 0.34956634
v -0.12035984 1.39053226 0.34139585
v -0.11132360 1.39344156 0.34956622
v 1.12035990 1.39053214 1.45005095
v 1.11132360 1.39344132 1.44188070
v -0.12035996 1.39053214 1.45005083
v -0.10833609 1.39053214 1.45367467
v -0.09929985 1.39344132 1.44550443
v -0.11132371 1.39344132 1.44188046
v 1.12878799 0.03548468 0.33895612
v 1.12611008 0.02767310 0.34144258
v -0.11132360 0.02000014 0.34956610
v -0.12035984 0.02290940 0.34139574
v 1.12339056 0.03548457 1.45757103
v 1.11533153 0.03548457 1.45999980
v 1.11261940 0.02762568 1.45754755
v 1.12061262 0.02771817 1.45517695
v -0.11132371 0.02000000 1.44188035
v -0.09929985 0.02000000 1.44550419
v -0.10833609 0.02290925 1.45367455
v -0.12035996 0.02290925 1.45005071
v 1.12339067 1.37795687 0.33387583
v 1.11533165 1.37795687 0.33144701
v 1.11261940 1.38581586 0.33389926
v 1.12061262 1.38572335 0.33626992
v -0.12878782 1.37795687 0.33895612
v -0.12610996 1.38576853 0.34144258
v 1.12878776 1.37795675 1.45249069
v 1.12610996 1.38576841 1.45000422
v -0.12339067 1.37795675 1.45757103
v -0.11533165 1.37795675 1.45999980
v -0.11261946 1.38581574 1.45754755
v -0.12061268 1.38572323 1.45517695
v -0.12878782 0.93855107 0.33895612
v -0.12878782 0.46083283 0.33895606
v 1.12878799 0.46083301 0.33895618
v 1.12878799 0.93855119 0.33895624
v -0.11533165 0.93855095 1.45999980
v -0.12339067 0.93855095 1.45757103
v -0.12339067 0.46083266 1.45757091
v -0.11533165 0.46083266 1.45999980
v 1.12878776 0.93855095 1.45249069
v 1.12878776 0.46083266 1.45249057
v 1.10833609 0.02290940 0.33777201
v 1.09929991 0.02000014 0.34594232
v -0.11261934 0.02762583 0.33389902
v -0.12061262 0.02771832 0.33626962
v -0.12339056 0.03548468 0.33387560
v -0.11533153 0.03548468 0.33144671
v -0.12611008 0.02767297 1.45000398
v -0.12878793 0.03548457 1.45249045
v -0.10833597 1.39053226 0.33777201
v -0.09929973 1.39344156 0.34594238
v 1.10833597 1.39053214 1.45367479
v 1.09929967 1.39344132 1.44550443
v 1.11533165 0.03548468 0.33144683
v 1.12339067 0.03548468 0.33387572
v 1.12061274 0.02771832 0.33626974
v 1.11261940 0.02762583 0.33389914
v -0.09929973 0.02000014 0.34594220
v -0.10833597 0.02290940 0.33777189
v 1.12878776 0.03548457 1.45249057
v 1.12610996 0.02767297 1.45000410
v 1.12878799 1.37795687 0.33895624
v 1.12611008 1.38576853 0.34144270
v -0.11533153 1.37795687 0.33144689
v -0.12339056 1.37795687 0.33387572
v -0.12061256 1.38572335 0.33626980
v -0.11261934 1.38581586 0.33389914
v 1.11533153 1.37795675 1.46000004
v 1.12339056 1.37795675 1.45757103
v 1.12061262 1.38572323 1.45517707
v 1.11261940 1.38581574 1.45754766
v -0.12878793 1.37795675 1.45249057
v -0.12611008 1.38576841 1.45000410
v 0.04119220 0.93855131 0.33838850
v 0.04119217 0.93855131 0.41804287
v 0.04119217 0.46083298 0.41804278
v 0.04119220 0.46083301 0.33838844
v 0.93094051 1.23752487 0.33838862
v 0.93094051 1.23752487 0.41804299
v 0.06905958 1.23752487 0.41804290
v 0.06905961 1.23752487 0.33838856
v 0.06905961 0.17591675 0.33838844
v 0.06905958 0.17591673 0.41804275
v 0.93094051 0.17591673 0.41804284
v 0.93094051 0.17591675 0.33838850
v 0.04738703 0.18882850 0.33838844
v 0.04738700 0.18882850 0.41804275
v 0.05410397 0.18211156 0.41804275
v 0.05410400 0.18211158 0.33838844
v 0.05410400 1.23133016 0.33838856
v 0.05410397 1.23133016 0.41804290
v 0.04738700 1.22461319 0.41804290
v 0.04738703 1.22461319 0.33838856
v 0.95261312 1.22461319 0.33838862
v 0.95261306 1.22461319 0.41804299
v 0.94589609 1.23133016 0.41804299
v 0.94589615 1.23133016 0.33838862
v 0.94589615 0.18211158 0.33838850
v 0.94589609 0.18211156 0.41804284
v 0.95261306 0.18882850 0.41804284
v 0.95261312 0.18882850 0.33838850
v 0.05397525 0.17517114 0.33144677
v 0.06905875 0.16897511 0.33144677
v 0.05217886 0.03548468 0.33144671
v 0.03425056 1.20965755 0.33144689
v -0.11533153 1.20965719 0.33144689
v -0.11533153 1.22461331 0.33144689
v 0.04044539 1.22461319 0.33144689
v 0.94589198 1.23827171 0.33144695
v 0.94583535 1.37795687 0.33144695
v 0.95955473 1.22461319 0.33144695
v 1.11533165 1.22461331 0.33144701
v 0.95955473 0.18882850 0.33144683
v 0.96574956 0.20378415 0.33144683
v 1.11533165 0.20378415 0.33144683
v 1.11533165 0.18882854 0.33144683
v 0.04738703 1.22461319 0.33838856
v 0.04738700 1.22461319 0.41804290
v 0.04119217 1.20965755 0.41804290
v 0.04119220 1.20965755 0.33838856
v 0.95261312 0.18882850 0.33838850
v 0.95261306 0.18882850 0.41804284
v 0.95880789 0.20378414 0.41804284
v 0.95880795 0.20378415 0.33838850
v 0.04119220 0.20378415 0.33838844
v 0.04119217 0.20378414 0.41804275
v 0.04738700 0.18882850 0.41804275
v 0.04738703 0.18882850 0.33838844
v 0.95880795 1.20965755 0.33838862
v 0.95880789 1.20965755 0.41804299
v 0.95261306 1.22461319 0.41804299
v 0.95261312 1.22461319 0.33838862
v 0.09617451 0.55373126 0.56981176
v 0.09617451 0.55373132 0.47034436
v 0.09617451 0.83672202 0.47034439
v 0.09617451 0.83672202 0.56981182
v 0.88538539 1.18102193 0.56981194
v 0.11461470 1.18102193 0.56981194
v 0.11461470 1.18102193 0.47034448
v 0.88538539 1.18102193 0.47034454
v 0.90382552 0.83672202 0.56981188
v 0.90382552 0.83672202 0.47034448
v 0.90382552 0.55373132 0.47034442
v 0.90382552 0.55373126 0.56981182
v 0.11461455 0.23241949 0.56981170
v 0.88538551 0.23241949 0.56981176
v 0.88538545 0.23241951 0.47034433
v 0.11461461 0.23241951 0.47034428
v 0.10048613 0.24055010 0.56981170
v 0.10420555 0.23678458 0.56981170
v 0.10420552 0.23678468 0.47034428
v 0.10048613 0.24055012 0.47034428
v 0.10420546 1.17665684 0.56981194
v 0.10048613 1.17289150 0.56981194
v 0.10048613 1.17289150 0.47034448
v 0.10420546 1.17665684 0.47034448
v 0.89951396 1.17289150 0.56981194
v 0.89579463 1.17665684 0.56981194
v 0.89579463 1.17665684 0.47034454
v 0.89951396 1.17289150 0.47034454
v 0.89579451 0.23678458 0.56981176
v 0.89951396 0.24055010 0.56981176
v 0.89951396 0.24055012 0.47034433
v 0.89579451 0.23678468 0.47034433
v 0.10420555 0.23678458 0.56981170
v 0.10420552 0.23678468 0.47034428
v 0.09617451 1.16235292 0.56981194
v 0.09617451 1.16235292 0.47034448
v 0.89579463 1.17665684 0.56981194
v 0.89579463 1.17665684 0.47034454
v 0.90382552 0.25108859 0.56981176
v 0.90382552 0.25108862 0.47034433
v 0.09617451 0.25108859 0.56981170
v 0.09617451 0.25108862 0.47034428
v 0.10420546 1.17665684 0.56981194
v 0.10420546 1.17665684 0.47034448
v 0.90382552 1.16235292 0.56981194
v 0.90382552 1.16235292 0.47034454
v 0.89579451 0.23678458 0.56981176
v 0.89579451 0.23678468 0.47034433
v 0.04707125 0.85270691 0.42579830
v 0.04707125 0.93753970 0.42579833
v 0.08586040 0.93086529 0.42579827
v 0.08586040 0.85279977 0.42579824
v 0.04707125 1.20459938 0.42579836
v 0.05294254 1.21920180 0.42579836
v 0.09073955 1.18238533 0.42579836
v 0.08586040 1.17122698 0.42579836
v 0.05934367 1.22561228 0.42579836
v 0.09501299 1.18668818 0.42579836
v 0.07392731 1.23148739 0.42579836
v 0.10607475 1.19161439 0.42579836
v 0.92607272 1.23148739 0.42579845
v 0.89392531 1.19161439 0.42579842
v 0.94065642 1.22561228 0.42579845
v 0.90498710 1.18668818 0.42579842
v 0.94705749 1.21920180 0.42579845
v 0.90926051 1.18238533 0.42579842
v 0.95292878 1.20459938 0.42579842
v 0.91413963 1.17122698 0.42579842
v 0.95292878 0.53413945 0.42579833
v 0.95292878 0.46184465 0.42579833
v 0.91413963 0.46851915 0.42579827
v 0.91413963 0.53442514 0.42579827
v 0.95292878 0.20884222 0.42579830
v 0.94705749 0.19423990 0.42579830
v 0.90926051 0.23105639 0.42579821
v 0.91413963 0.24221475 0.42579821
v 0.94065642 0.18782933 0.42579830
v 0.90498698 0.22675350 0.42579821
v 0.92607272 0.18195429 0.42579830
v 0.89392531 0.22182725 0.42579821
v 0.07392731 0.18195429 0.42579821
v 0.10607475 0.22182725 0.42579815
v 0.05934367 0.18782933 0.42579821
v 0.09501305 0.22675350 0.42579815
v 0.05294254 0.19423990 0.42579821
v 0.09073955 0.23105639 0.42579815
v 0.04707125 0.20884222 0.42579821
v 0.08586040 0.24221475 0.42579815
v 0.09359598 0.83681083 0.42919976
v 0.09617451 0.83672202 0.43940437
v 0.09617451 0.55373132 0.43940434
v 0.09359598 0.55364263 0.42919973
v 0.09804949 1.17526507 0.42919987
v 0.10048613 1.17289162 0.43940446
v 0.09617451 1.16235304 0.43940446
v 0.09359598 1.16457164 0.42919987
v 0.10190734 1.17916477 0.42919987
v 0.10420546 1.17665696 0.43940446
v 0.11247972 1.18367016 0.42919987
v 0.11461470 1.18102205 0.43940446
v 0.10420546 1.17665696 0.43940446
v 0.10190734 1.17916477 0.42919987
v 0.88752031 1.18367016 0.42919993
v 0.88538539 1.18102205 0.43940452
v 0.89809275 1.17916477 0.42919993
v 0.89579463 1.17665696 0.43940452
v 0.90195060 1.17526507 0.42919993
v 0.89951396 1.17289162 0.43940452
v 0.89579463 1.17665696 0.43940452
v 0.89809275 1.17916477 0.42919993
v 0.90640408 1.16457164 0.42919993
v 0.90382552 1.16235304 0.43940452
v 0.90640402 0.55364251 0.42919978
v 0.90382552 0.55373132 0.43940440
v 0.90382552 0.83672202 0.43940446
v 0.90640408 0.83681059 0.42919984
v 0.90195060 0.23817669 0.42919973
v 0.89951396 0.24055012 0.43940431
v 0.90382552 0.25108862 0.43940431
v 0.90640408 0.24887015 0.42919973
v 0.89809275 0.23427692 0.42919973
v 0.89579463 0.23678473 0.43940431
v 0.88752031 0.22977145 0.42919973
v 0.88538539 0.23241951 0.43940431
v 0.89579463 0.23678473 0.43940431
v 0.89809275 0.23427692 0.42919973
v 0.11247972 0.22977145 0.42919967
v 0.11461470 0.23241951 0.43940425
v 0.10190734 0.23427692 0.42919967
v 0.10420546 0.23678473 0.43940425
v 0.09804949 0.23817669 0.42919967
v 0.10048613 0.24055012 0.43940425
v 0.10420546 0.23678473 0.43940425
v 0.10190734 0.23427692 0.42919967
v 0.09359598 0.24887015 0.42919967
v 0.09617451 0.25108862 0.43940425
v 0.08586040 0.83707690 0.42579824
v 0.09359598 0.83681083 0.42919976
v 0.09359598 0.55364263 0.42919973
v 0.08586040 0.55337638 0.42579821
v 0.09804949 1.17526507 0.42919987
v 0.09359598 1.16457164 0.42919987
v 0.10190734 1.17916477 0.42919987
v 0.11247972 1.18367016 0.42919987
v 0.88752031 1.18367016 0.42919993
v 0.89809275 1.17916477 0.42919993
v 0.90195060 1.17526507 0.42919993
v 0.90640408 1.16457164 0.42919993
v 0.91413963 0.55337632 0.42579827
v 0.90640402 0.55364251 0.42919978
v 0.90640408 0.83681059 0.42919984
v 0.91413963 0.83707690 0.42579833
v 0.90195060 0.23817669 0.42919973
v 0.90640408 0.24887015 0.42919973
v 0.89809275 0.23427692 0.42919973
v 0.88752031 0.22977145 0.42919973
v 0.11247972 0.22977145 0.42919967
v 0.10190734 0.23427692 0.42919967
v 0.09804949 0.23817669 0.42919967
v 0.09359598 0.24887015 0.42919967
v 0.04266194 0.93829846 0.42385948
v 0.04707125 0.83734763 0.42579830
v 0.04707125 0.55243057 0.42579827
v 0.04707125 0.53328097 0.42579827
v 0.04707125 0.46184462 0.42579824
v 0.04266194 0.46108595 0.42385939
v 0.92972350 1.23601556 0.42385960
v 0.07027653 1.23601556 0.42385951
v 0.95733809 0.46108595 0.42385948
v 0.95292878 0.55338496 0.42579836
v 0.95292878 0.83713198 0.42579839
v 0.95292878 0.85282004 0.42579839
v 0.95292878 0.93753970 0.42579839
v 0.95733809 0.93829846 0.42385954
v 0.07027653 0.17742613 0.42385936
v 0.92972350 0.17742613 0.42385945
v 0.04877588 0.19018133 0.42385936
v 0.05541387 0.18354100 0.42385936
v 0.05541387 1.22990060 0.42385951
v 0.04877588 1.22326028 0.42385951
v 0.95122421 1.22326028 0.42385960
v 0.94458616 1.22990060 0.42385960
v 0.94458616 0.18354100 0.42385945
v 0.95122421 0.19018133 0.42385945
v 0.04266194 1.20839310 0.42385951
v 0.95733809 0.20504865 0.42385945
v 0.04266194 0.20504865 0.42385936
v 0.95733809 1.20839310 0.42385960
v 0.04119217 0.93855131 0.41804287
v 0.04266194 0.93829846 0.42385948
v 0.04266194 0.46108595 0.42385939
v 0.04266194 0.46108595 0.42385939
v 0.04119217 0.46083298 0.41804278
v 0.04119217 0.93855131 0.41804287
v 0.93094051 1.23752487 0.41804299
v 0.92972350 1.23601556 0.42385960
v 0.07027653 1.23601556 0.42385951
v 0.06905958 1.23752487 0.41804290
v 0.95880789 0.46083304 0.41804287
v 0.95733809 0.46108595 0.42385948
v 0.95733809 0.93829846 0.42385954
v 0.95880789 0.93855143 0.41804293
v 0.06905958 0.17591673 0.41804275
v 0.07027653 0.17742613 0.42385936
v 0.92972350 0.17742613 0.42385945
v 0.93094051 0.17591673 0.41804284
v 0.04738700 0.18882850 0.41804275
v 0.04877588 0.19018133 0.42385936
v 0.05541387 0.18354100 0.42385936
v 0.05410397 0.18211156 0.41804275
v 0.05410397 1.23133016 0.41804290
v 0.05541387 1.22990060 0.42385951
v 0.04877588 1.22326028 0.42385951
v 0.04738700 1.22461319 0.41804290
v 0.95261306 1.22461319 0.41804299
v 0.95122421 1.22326028 0.42385960
v 0.94458616 1.22990060 0.42385960
v 0.94589609 1.23133016 0.41804299
v 0.94589609 0.18211156 0.41804284
v 0.94458616 0.18354100 0.42385945
v 0.95122421 0.19018133 0.42385945
v 0.95261306 0.18882850 0.41804284
v 0.05410397 0.18211156 0.41804275
v 0.05541387 0.18354100 0.42385936
v 0.04266194 1.20839310 0.42385951
v 0.04119217 1.20965755 0.41804290
v 0.94589609 1.23133016 0.41804299
v 0.94458616 1.22990060 0.42385960
v 0.95733809 0.20504865 0.42385945
v 0.95880789 0.20378414 0.41804284
v 0.04119217 0.20378414 0.41804275
v 0.04266194 0.20504865 0.42385936
v 0.05541387 1.22990060 0.42385951
v 0.05410397 1.23133016 0.41804290
v 0.95880789 1.20965755 0.41804299
v 0.95733809 1.20839310 0.42385960
v 0.94458616 0.18354100 0.42385945
v 0.94589609 0.18211156 0.41804284
v 0.05223587 0.02000014 0.34594220
v 0.05223575 0.02000000 1.44550419
v 0.94577587 0.02000000 1.44550443
v 0.94577599 0.02000014 0.34594232
v 0.05223575 1.39344132 1.44550431
v 0.05223587 1.39344156 0.34594232
v 0.94577599 1.39344156 0.34594244
v 0.94577587 1.39344132 1.44550443
v 0.94583523 0.93855107 1.45999992
v 0.94583523 0.46083283 1.45999992
v 0.94583523 0.93855107 1.45999992
v 0.93100786 0.93855095 1.46000004
v 0.93100786 0.46083266 1.45999992
v 0.93100786 0.46083266 1.45999992
v 0.94583523 0.46083283 1.45999992
v 0.94583523 0.93855107 1.45999992
v 0.05217874 0.46083283 1.45999980
v 0.05217874 0.93855107 1.45999980
v 0.06904703 0.46083283 1.45999980
v 0.06904703 0.93855107 1.45999980
v 0.05220830 0.02248208 1.45247483
v 0.94580442 0.02248205 1.45247483
v 0.94580454 0.02248220 0.33897179
v 0.05220842 0.02248219 0.33897167
v 0.05220842 1.39095950 0.33897173
v 0.94580454 1.39095950 0.33897185
v 0.94580442 1.39095926 1.45247507
v 0.05220830 1.39095926 1.45247483
v 0.05217874 0.03548462 1.45999980
v 0.05218813 0.02782423 1.45760942
v 0.94583523 0.03548457 1.45999980
v 0.94582546 0.02782419 1.45760942
v 0.94583535 0.03548468 0.33144683
v 0.94582558 0.02782433 0.33383721
v 0.05218825 0.02782433 0.33383709
v 0.05217886 1.37795687 0.33144683
v 0.05218825 1.38561726 0.33383715
v 0.94582558 1.38561726 0.33383727
v 0.94583523 1.37795675 1.45999992
v 0.94582546 1.38561726 1.45760965
v 0.05217874 1.37795675 1.45999980
v 0.05218813 1.38561726 1.45760942
v 0.93094528 1.24446654 0.33144695
v 0.93094528 0.16897511 0.33144683
v 0.94589210 0.17516994 0.33144683
v 0.06905875 1.24446654 0.33144689
v 0.05397525 1.23827052 0.33144689
v 0.04044539 0.18882850 0.33144677
v -0.11533153 0.18882850 0.33144671
v -0.13136333 1.22461331 0.34594238
v -0.13136345 1.22461307 1.44550443
v -0.13136333 1.20965719 0.34594238
v -0.13136345 1.20965695 1.44550443
v -0.13136345 0.18882835 1.44550419
v -0.13136333 0.18882850 0.34594220
v -0.13136345 0.20378391 1.44550419
v -0.13136333 0.20378406 0.34594220
v 0.06904703 1.22461307 1.45999980
v 0.93100786 1.22461307 1.46000004
v 0.93100786 1.22461307 1.46000004
v 0.06904703 1.22461307 1.45999980
v 0.06904703 1.20965707 1.45999980
v 0.93100786 1.20965695 1.46000004
v 0.93100786 0.18882835 1.45999980
v 0.06904703 0.18882839 1.45999980
v 0.93100786 0.20378391 1.45999980
v 0.06904703 0.20378406 1.45999980
v 1.13136339 1.22461307 1.44550455
v 1.13136339 1.22461331 0.34594250
v 1.13136339 1.20965695 1.44550455
v 1.13136339 1.20965731 0.34594250
v 1.13136339 0.18882854 0.34594232
v 1.13136339 0.18882835 1.44550443
v 1.13136339 0.20378415 0.34594232
v 1.13136339 0.20378391 1.44550443
v -0.12339056 1.22461331 0.33387578
v -0.12339056 1.20965719 0.33387578
v -0.12339056 0.18882850 0.33387560
v -0.12339056 0.20378406 0.33387560
v -0.11533153 0.20378406 0.33144671
v 1.12339067 0.18882854 0.33387572
v 1.12339067 0.20378415 0.33387572
v 1.12339067 1.22461331 0.33387589
v 1.12339067 1.20965731 0.33387583
v 1.11533165 1.20965731 0.33144695
v -0.12878793 1.22461307 1.45249057
v -0.12878793 1.20965695 1.45249057
v -0.12878793 0.18882835 1.45249045
v -0.12878793 0.20378391 1.45249045
v 1.11533153 1.22461307 1.46000004
v 1.12339056 1.22461307 1.45757115
v 1.11533153 1.20965695 1.46000004
v 1.12339056 1.20965695 1.45757103
v 1.12339056 0.18882835 1.45757103
v 1.11533153 0.18882835 1.45999980
v 1.12339056 0.20378391 1.45757103
v 1.11533153 0.20378391 1.45999980
v -0.12878782 1.22461331 0.33895618
v -0.12878782 1.20965719 0.33895618
v -0.12878782 0.18882850 0.33895600
v -0.12878782 0.20378406 0.33895600
v 1.12878799 0.18882854 0.33895612
v 1.12878799 0.20378415 0.33895612
v 1.12878799 1.22461331 0.33895630
v 1.12878799 1.20965731 0.33895630
v -0.12339067 1.22461307 1.45757103
v -0.11533165 1.22461307 1.45999992
v -0.12339067 1.20965695 1.45757103
v -0.11533165 1.20965695 1.45999992
v -0.11533165 0.18882835 1.45999980
v -0.12339067 0.18882835 1.45757079
v -0.11533165 0.20378391 1.45999980
v -0.12339067 0.20378391 1.45757079
v 1.12878776 1.22461307 1.45249081
v 1.12878776 1.20965695 1.45249081
v 1.12878776 0.18882835 1.45249057
v 1.12878776 0.20378391 1.45249057
v 0.94583523 1.22461307 1.45999992
v 0.94583523 1.20965719 1.45999992
v 0.94583523 0.18882841 1.45999980
v 0.94583523 0.20378402 1.45999980
v 0.94583523 1.22461307 1.45999992
v 0.93100786 1.22461307 1.46000004
v 0.93100786 1.20965695 1.46000004
v 0.94583523 1.20965719 1.45999992
v 0.94583523 0.20378402 1.45999980
v 0.05217874 0.18882839 1.45999980
v 0.05217874 0.20378406 1.45999980
v 0.05217874 1.22461307 1.45999980
v 0.05217874 1.20965707 1.45999980
v 0.06904703 1.22461307 1.45999980
v 0.05217874 1.22461307 1.45999980
v 0.05217874 1.20965707 1.45999980
v 0.06904703 1.20965707 1.45999980
v 0.03425056 0.93855131 0.33144683
v 0.03425056 0.46083301 0.33144677
v 0.03425056 0.20378415 0.33144677
v 0.96574956 0.46083307 0.33144689
v 0.96574956 0.93855143 0.33144695
v 0.96574956 1.20965755 0.33144695
v 0.09617445 0.55373120 1.34334457
v 0.09617451 0.55373126 0.56981176
v 0.09617451 0.83672202 0.56981182
v 0.09617445 0.83672190 1.34334457
v 0.88538527 1.18102181 1.34334469
v 0.11461464 1.18102181 1.34334469
v 0.90382552 0.83672190 1.34334469
v 0.90382552 0.83672202 0.56981188
v 0.90382552 0.55373126 0.56981182
v 0.90382552 0.55373120 1.34334457
v 0.11461440 0.23241939 1.34334445
v 0.88538551 0.23241939 1.34334457
v 0.10048607 0.24055000 1.34334445
v 0.10420555 0.23678443 1.34334445
v 0.10420540 1.17665672 1.34334469
v 0.10048607 1.17289138 1.34334469
v 0.89951384 1.17289138 1.34334469
v 0.89579451 1.17665672 1.34334469
v 0.89579439 0.23678443 1.34334457
v 0.89951384 0.24055000 1.34334457
v 0.10420555 0.23678443 1.34334445
v 0.09617445 1.16235280 1.34334469
v 0.89579451 1.17665672 1.34334469
v 0.90382552 0.25108850 1.34334457
v 0.09617445 0.25108850 1.34334445
v 0.10420540 1.17665672 1.34334469
v 0.90382552 1.16235280 1.34334469
v 0.89579439 0.23678443 1.34334457
v 0.89906210 0.55376863 1.34810805
v 0.10093784 0.55376863 1.34810793
v 0.10093784 0.83668435 1.34810793
v 0.89906210 0.83668435 1.34810805
v 0.09736529 0.55374050 1.34691715
v 0.09617445 0.55373120 1.34334457
v 0.09617445 0.83672190 1.34334457
v 0.09736529 0.83671236 1.34691715
v 0.10149899 0.24121913 1.34691703
v 0.10048607 0.24055000 1.34334445
v 0.09617445 0.25108850 1.34334445
v 0.09736529 0.25132269 1.34691703
v 0.10488552 0.23779058 1.34691703
v 0.10420555 0.23678443 1.34334445
v 0.11485401 0.23361024 1.34691703
v 0.11461440 0.23241939 1.34334445
v 0.10420555 0.23678443 1.34334445
v 0.10488552 0.23779058 1.34691703
v 0.88514590 0.23361024 1.34691703
v 0.88538551 0.23241939 1.34334457
v 0.89511442 0.23779058 1.34691703
v 0.89579439 0.23678443 1.34334457
v 0.89850092 0.24121913 1.34691703
v 0.89951384 0.24055000 1.34334457
v 0.89579439 0.23678443 1.34334457
v 0.89511442 0.23779058 1.34691703
v 0.90263462 0.25132269 1.34691703
v 0.90382552 0.25108850 1.34334457
v 0.90263462 0.83671236 1.34691715
v 0.90382552 0.83672190 1.34334469
v 0.90382552 0.55373120 1.34334457
v 0.90263462 0.55374050 1.34691715
v 0.89850092 1.17222226 1.34691727
v 0.89951384 1.17289138 1.34334469
v 0.90382552 1.16235280 1.34334469
v 0.90263462 1.16211867 1.34691727
v 0.89511454 1.17565060 1.34691727
v 0.89579451 1.17665672 1.34334469
v 0.88514572 1.17983103 1.34691727
v 0.88538527 1.18102181 1.34334469
v 0.89579451 1.17665672 1.34334469
v 0.89511454 1.17565060 1.34691727
v 0.11485422 1.17983103 1.34691727
v 0.11461464 1.18102181 1.34334469
v 0.10488540 1.17565060 1.34691727
v 0.10420540 1.17665672 1.34334469
v 0.10149899 1.17222226 1.34691727
v 0.10048607 1.17289138 1.34334469
v 0.10420540 1.17665672 1.34334469
v 0.10488540 1.17565060 1.34691727
v 0.09736529 1.16211867 1.34691727
v 0.09617445 1.16235280 1.34334469
v 0.09736529 0.55374050 1.34691715
v 0.09736529 0.83671236 1.34691715
v 0.10453770 0.24322651 1.34810781
v 0.10149899 0.24121913 1.34691703
v 0.09736529 0.25132269 1.34691703
v 0.10093784 0.25202522 1.34810781
v 0.10692552 0.24080907 1.34810781
v 0.10488552 0.23779058 1.34691703
v 0.11557275 0.23718278 1.34810781
v 0.11485401 0.23361024 1.34691703
v 0.88442719 0.23718278 1.34810793
v 0.88514590 0.23361024 1.34691703
v 0.89307439 0.24080907 1.34810793
v 0.89511442 0.23779058 1.34691703
v 0.89546227 0.24322651 1.34810793
v 0.89850092 0.24121913 1.34691703
v 0.89906210 0.25202522 1.34810793
v 0.90263462 0.25132269 1.34691703
v 0.90263462 0.83671236 1.34691715
v 0.90263462 0.55374050 1.34691715
v 0.89546227 1.17021477 1.34810805
v 0.89850092 1.17222226 1.34691727
v 0.90263462 1.16211867 1.34691727
v 0.89906210 1.16141605 1.34810805
v 0.89307457 1.17263210 1.34810805
v 0.89511454 1.17565060 1.34691727
v 0.88442695 1.17625844 1.34810805
v 0.88514572 1.17983103 1.34691727
v 0.11557299 1.17625844 1.34810805
v 0.11485422 1.17983103 1.34691727
v 0.10692537 1.17263210 1.34810805
v 0.10488540 1.17565060 1.34691727
v 0.10453770 1.17021477 1.34810805
v 0.10149899 1.17222226 1.34691727
v 0.10093784 1.16141605 1.34810805
v 0.09736529 1.16211867 1.34691727
v -0.13136333 1.04693270 0.34594232
v -0.13136345 1.04693258 1.44550443
v -0.13136345 0.35395879 1.44550431
v -0.13136333 0.35395890 0.34594226
v 0.06904703 1.04693270 1.45999980
v 0.93100786 1.04693258 1.46000004
v 0.93100786 0.35395876 1.45999980
v 0.06904703 0.35395890 1.45999980
v 0.93100786 0.46083266 1.45999992
v 0.06904703 0.46083283 1.45999980
v 0.06904703 0.35395890 1.45999980
v 1.13136339 1.04693258 1.44550443
v 1.13136339 1.04693282 0.34594244
v 1.13136339 0.35395905 0.34594238
v 1.13136339 0.35395879 1.44550443
v -0.11533153 1.04693270 0.33144683
v -0.12339056 1.04693270 0.33387572
v -0.12339056 0.35395893 0.33387566
v -0.11533153 0.35395893 0.33144677
v 1.11533165 0.35395908 0.33144689
v 1.12339067 0.35395908 0.33387578
v 1.12339067 1.04693282 0.33387583
v 1.11533165 1.04693282 0.33144695
v -0.12878793 1.04693258 1.45249057
v -0.12878793 0.35395876 1.45249057
v 1.11533153 1.04693258 1.46000004
v 1.12339056 1.04693258 1.45757103
v 1.12339056 0.35395876 1.45757103
v 1.11533153 0.35395876 1.45999992
v -0.12878782 1.04693270 0.33895612
v -0.12878782 0.35395893 0.33895606
v 1.12878799 0.35395908 0.33895618
v 1.12878799 1.04693282 0.33895624
v -0.12339067 1.04693258 1.45757103
v -0.11533165 1.04693258 1.45999980
v -0.11533165 0.35395876 1.45999980
v -0.12339067 0.35395876 1.45757091
v 1.12878776 1.04693258 1.45249069
v 1.12878776 0.35395876 1.45249057
v 0.04119217 1.04693282 0.41804287
v 0.04119220 1.04693282 0.33838856
v 0.04119220 1.04693282 0.33838856
v 0.04119217 1.04693282 0.41804287
v 0.04119217 0.93855131 0.41804287
v 0.04119217 0.93855131 0.41804287
v 0.04119220 0.93855131 0.33838850
v 0.04119220 1.04693282 0.33838856
v 0.04119220 0.35395911 0.33838844
v 0.04119217 0.35395908 0.41804278
v 0.04119217 0.35395908 0.41804278
v 0.04119220 0.35395911 0.33838844
v 0.04119220 0.46083301 0.33838844
v 0.04119220 0.46083301 0.33838844
v 0.04119217 0.46083298 0.41804278
v 0.04119217 0.35395908 0.41804278
v 0.95880789 0.35395914 0.41804287
v 0.95880795 0.35395917 0.33838850
v 0.95880795 0.35395917 0.33838850
v 0.95880789 0.35395914 0.41804287
v 0.95880789 0.46083304 0.41804287
v 0.95880789 0.46083304 0.41804287
v 0.95880795 0.46083307 0.33838856
v 0.95880795 1.04693282 0.33838862
v 0.95880789 1.04693282 0.41804296
v 0.95880789 1.04693282 0.41804296
v 0.95880795 1.04693282 0.33838862
v 0.95880795 0.93855143 0.33838862
v 0.95880789 0.93855143 0.41804293
v 0.09617451 0.38234177 0.47034428
v 0.09617451 0.38234174 0.56981170
v 0.01954705 0.38795987 0.56419361
v 0.01954705 0.38795990 0.47596243
v 0.01954705 0.46467581 0.47596246
v 0.01954705 0.46467578 0.56419361
v 0.09617451 1.01855016 0.56981182
v 0.09617451 1.01855016 0.47034445
v 0.01954705 1.01293206 0.47596261
v 0.01954705 1.01293206 0.56419373
v 0.01954705 0.93470871 0.56419373
v 0.01954705 0.93470871 0.47596255
v 0.90382552 1.01855016 0.47034451
v 0.90382552 1.01855016 0.56981194
v 0.90382552 0.92909050 0.47034448
v 0.90382552 0.92909050 0.56981188
v 0.90382552 0.38234174 0.56981182
v 0.90382552 0.38234177 0.47034436
v 0.90382552 0.38234177 0.47034436
v 0.90382552 0.38234174 0.56981182
v 0.90382552 0.47029391 0.56981182
v 0.90382552 0.47029391 0.56981182
v 0.90382552 0.47029394 0.47034442
v 0.90382552 0.38234177 0.47034436
v 0.04707125 1.04389799 0.42579833
v 0.08586040 1.02387464 0.42579833
v 0.04707125 0.35699391 0.42579824
v 0.08586040 0.37701747 0.42579815
v 0.08586040 0.46851918 0.42579821
v 0.95292878 0.35699394 0.42579833
v 0.91413963 0.37701741 0.42579824
v 0.95292878 1.04389811 0.42579842
v 0.91413963 1.02387452 0.42579842
v 0.91413963 0.93086517 0.42579833
v 0.09359598 1.01988137 0.42919984
v 0.09617451 1.01855016 0.43940443
v 0.09359598 0.92953420 0.42919978
v 0.09617451 0.92909050 0.43940440
v 0.09359598 0.38101074 0.42919967
v 0.09617451 0.38234177 0.43940425
v 0.09359598 0.46985027 0.42919973
v 0.09617451 0.47029394 0.43940434
v 0.90640408 0.38101068 0.42919976
v 0.90382552 0.38234177 0.43940434
v 0.90640408 0.46985021 0.42919978
v 0.90382552 0.47029394 0.43940440
v 0.90640408 1.01988137 0.42919993
v 0.90382552 1.01855016 0.43940449
v 0.90640408 0.92953408 0.42919984
v 0.90382552 0.92909050 0.43940446
v 0.09359598 1.01988137 0.42919984
v 0.09359598 0.92953420 0.42919978
v 0.09359598 0.38101074 0.42919967
v 0.09359598 0.46985027 0.42919973
v 0.90640408 0.38101068 0.42919976
v 0.90640408 0.46985021 0.42919978
v 0.90640408 1.01988137 0.42919993
v 0.90640408 0.92953408 0.42919984
v 0.04266194 1.04617429 0.42385948
v 0.04266194 0.35471779 0.42385939
v 0.95733809 0.35471776 0.42385948
v 0.95733809 1.04617429 0.42385957
v 0.04119217 1.04693282 0.41804287
v 0.04266194 1.04617429 0.42385948
v 0.04119217 0.93855131 0.41804287
v 0.04119217 1.04693282 0.41804287
v 0.04266194 1.04617429 0.42385948
v 0.04266194 1.04617429 0.42385948
v 0.04266194 0.93829846 0.42385948
v 0.04119217 0.93855131 0.41804287
v 0.04119217 0.35395908 0.41804278
v 0.04266194 0.35471779 0.42385939
v 0.04266194 0.35471779 0.42385939
v 0.04119217 0.35395908 0.41804278
v 0.04119217 0.46083298 0.41804278
v 0.04119217 0.46083298 0.41804278
v 0.04266194 0.46108595 0.42385939
v 0.04266194 0.35471779 0.42385939
v 0.95880789 0.35395914 0.41804287
v 0.95733809 0.35471776 0.42385948
v 0.95880789 1.04693282 0.41804296
v 0.95733809 1.04617429 0.42385957
v 0.94583523 1.04693270 1.45999992
v 0.94583523 0.35395890 1.45999980
v 0.93100786 1.04693258 1.46000004
v 0.94583523 1.04693270 1.45999992
v 0.93100786 0.93855095 1.46000004
v 0.94583523 0.93855107 1.45999992
v 0.94583523 0.35395890 1.45999980
v 0.94583523 0.46083283 1.45999992
v 0.93100786 0.46083266 1.45999992
v 0.93100786 0.35395876 1.45999980
v 0.05217874 0.35395890 1.45999980
v 0.05217874 1.04693270 1.45999980
v 0.06904703 1.04693270 1.45999980
v 0.03425056 1.04693282 0.33144689
v 0.03425056 0.35395911 0.33144677
v 0.96574956 0.35395917 0.33144683
v 0.96574956 1.04693282 0.33144695
v 0.09617445 0.38234165 1.34334445
v 0.09617451 0.47029391 0.56981176
v 0.09617445 0.47029382 1.34334457
v 0.09617445 1.01855004 1.34334469
v 0.09617445 0.92909038 1.34334457
v 0.09617451 0.92909050 0.56981182
v 0.09617451 0.92909050 0.47034442
v 0.09617451 0.47029394 0.47034436
v 0.90382552 1.01855004 1.34334469
v 0.90382552 0.92909038 1.34334469
v 0.90382552 0.38234165 1.34334457
v 0.90382552 0.47029382 1.34334457
v 0.90382552 0.47029391 0.56981182
v 0.90382552 0.47029394 0.47034442
v 0.10093784 0.38290372 1.34810781
v 0.89906210 0.38290370 1.34810793
v 0.10093784 0.47048116 1.34810793
v 0.89906210 0.47048116 1.34810805
v 0.89906210 1.01798809 1.34810805
v 0.10093784 1.01798809 1.34810805
v 0.89906210 0.92890298 1.34810805
v 0.10093784 0.92890298 1.34810805
v 0.09617445 0.38234165 1.34334445
v 0.09736529 0.38248217 1.34691703
v 0.09617445 0.47029382 1.34334457
v 0.09736529 0.47034067 1.34691715
v 0.09736529 1.01840961 1.34691715
v 0.09617445 1.01855004 1.34334469
v 0.09736529 0.92904341 1.34691715
v 0.09617445 0.92909038 1.34334457
v 0.90382552 1.01855004 1.34334469
v 0.90263462 1.01840961 1.34691727
v 0.90382552 0.92909038 1.34334469
v 0.90263462 0.92904341 1.34691715
v 0.90263462 0.38248214 1.34691715
v 0.90382552 0.38234165 1.34334457
v 0.90263462 0.47034067 1.34691715
v 0.90382552 0.47029382 1.34334457
v 0.09736529 0.38248217 1.34691703
v 0.09736529 0.47034067 1.34691715
v 0.09736529 1.01840961 1.34691715
v 0.09736529 0.92904341 1.34691715
v 0.90263462 1.01840961 1.34691727
v 0.90263462 0.92904341 1.34691715
v 0.90263462 0.38248214 1.34691715
v 0.90263462 0.47034067 1.34691715
v 0.09617451 0.38626730 0.56588614
v 0.09617451 0.46636838 0.56588626
v 0.09617451 0.38626733 0.47426984
v 0.09617451 0.46636841 0.47426990
v 0.09617451 0.93301606 0.56588626
v 0.09617451 1.01462460 0.56588626
v 0.09617451 0.93301606 0.47426996
v 0.09617451 1.01462460 0.47427002
v 0.09378085 0.46467578 0.56419361
v 0.09378085 0.38795987 0.56419361
v 0.01954705 0.38795987 0.56419361
v 0.01954705 0.46467578 0.56419361
v 0.09378085 0.38795987 0.56419361
v 0.09378085 0.38795990 0.47596243
v 0.01954705 0.38795990 0.47596243
v 0.01954705 0.38795987 0.56419361
v 0.09378085 0.38795990 0.47596243
v 0.09378085 0.46467581 0.47596249
v 0.01954705 0.46467581 0.47596246
v 0.01954705 0.38795990 0.47596243
v 0.09378085 0.46467581 0.47596249
v 0.09378085 0.46467578 0.56419361
v 0.01954705 0.46467578 0.56419361
v 0.01954705 0.46467581 0.47596246
v 0.09378085 1.01293206 0.56419373
v 0.09378085 0.93470871 0.56419373
v 0.01954705 0.93470871 0.56419373
v 0.01954705 1.01293206 0.56419373
v 0.09378085 0.93470871 0.56419373
v 0.09378085 0.93470871 0.47596255
v 0.01954705 0.93470871 0.47596255
v 0.01954705 0.93470871 0.56419373
v 0.09378085 0.93470871 0.47596255
v 0.09378085 1.01293206 0.47596261
v 0.01954705 1.01293206 0.47596261
v 0.01954705 0.93470871 0.47596255
v 0.09378085 1.01293206 0.47596261
v 0.09378085 1.01293206 0.56419373
v 0.01954705 1.01293206 0.56419373
v 0.01954705 1.01293206 0.47596261
v 0.09557611 0.38753673 0.56461668
v 0.09557611 0.46509892 0.56461680
v 0.09557611 0.38753676 0.47553930
v 0.09557611 0.38753673 0.56461668
v 0.09557611 0.46509895 0.47553936
v 0.09557611 0.38753676 0.47553930
v 0.09557611 0.46509892 0.56461680
v 0.09557611 0.46509895 0.47553936
v 0.09557611 0.93428552 0.56461680
v 0.09557611 1.01335526 0.56461686
v 0.09557611 0.93428552 0.47553942
v 0.09557611 0.93428552 0.56461680
v 0.09557611 1.01335526 0.47553948
v 0.09557611 0.93428552 0.47553942
v 0.09557611 1.01335526 0.56461686
v 0.09557611 1.01335526 0.47553948
v 0.09617451 0.38626730 0.56588614
v 0.09557611 0.38753673 0.56461668
v 0.09557611 0.46509892 0.56461680
v 0.09617451 0.46636838 0.56588626
v 0.09617451 0.38626733 0.47426984
v 0.09557611 0.38753676 0.47553930
v 0.09617451 0.46636841 0.47426990
v 0.09557611 0.46509895 0.47553936
v 0.09557611 0.93428552 0.56461680
v 0.09557611 1.01335526 0.56461686
v 0.09557611 0.93428552 0.47553942
v 0.09557611 1.01335526 0.47553948
v 0.03945681 0.35395911 0.33318222
v 0.04119220 0.35395911 0.33838844
v 0.04119220 0.20378415 0.33838844
v 0.03945681 0.20378415 0.33318222
v 0.93094170 1.23926032 0.33318239
v 0.93094051 1.23752487 0.33838862
v 0.06905961 1.23752487 0.33838856
v 0.06905937 1.23926032 0.33318233
v 0.96054327 1.04693282 0.33318239
v 0.95880795 1.04693282 0.33838862
v 0.95880795 1.20965755 0.33838862
v 0.96054327 1.20965755 0.33318239
v 0.06905937 0.17418134 0.33318222
v 0.06905961 0.17591675 0.33838844
v 0.93094051 0.17591675 0.33838850
v 0.93094170 0.17418134 0.33318228
v 0.05407181 0.18037647 0.33318222
v 0.05397525 0.17517114 0.33144677
v 0.04044539 0.18882850 0.33144677
v 0.04565161 0.18882850 0.33318222
v 0.04565161 1.22461319 0.33318233
v 0.04044539 1.22461319 0.33144689
v 0.05397525 1.23827052 0.33144689
v 0.05407181 1.23306525 0.33318233
v 0.94589508 1.23306549 0.33318239
v 0.94589198 1.23827171 0.33144695
v 0.95955473 1.22461319 0.33144695
v 0.95434850 1.22461319 0.33318239
v 0.95434850 0.18882850 0.33318228
v 0.95955473 0.18882850 0.33144683
v 0.94589210 0.17516994 0.33144683
v 0.94589508 0.18037617 0.33318228
v 0.03425056 0.20378415 0.33144677
v 0.03945681 0.20378415 0.33318222
v 0.06905937 0.17418134 0.33318222
v 0.06905875 0.16897511 0.33144677
v 0.06905875 1.24446654 0.33144689
v 0.06905937 1.23926032 0.33318233
v 0.03945681 1.20965755 0.33318233
v 0.03425056 1.20965755 0.33144689
v 0.96574956 1.20965755 0.33144695
v 0.96054327 1.20965755 0.33318239
v 0.93094170 1.23926032 0.33318239
v 0.93094528 1.24446654 0.33144695
v 0.93094528 0.16897511 0.33144683
v 0.93094170 0.17418134 0.33318228
v 0.96054327 0.20378415 0.33318228
v 0.96574956 0.20378415 0.33144683
v 0.03945681 0.46083301 0.33318222
v 0.04119220 0.46083301 0.33838844
v 0.04119220 0.35395911 0.33838844
v 0.04119220 0.35395911 0.33838844
v 0.03945681 0.35395911 0.33318222
v 0.03945681 0.46083301 0.33318222
v 0.03945681 0.93855131 0.33318228
v 0.04119220 0.93855131 0.33838850
v 0.04119220 0.46083301 0.33838844
v 0.04119220 0.46083301 0.33838844
v 0.03945681 0.46083301 0.33318222
v 0.03945681 0.93855131 0.33318228
v 0.03945681 1.04693282 0.33318233
v 0.04119220 1.04693282 0.33838856
v 0.04119220 0.93855131 0.33838850
v 0.04119220 0.93855131 0.33838850
v 0.03945681 0.93855131 0.33318228
v 0.03945681 1.04693282 0.33318233
v 0.03945681 1.20965755 0.33318233
v 0.04119220 1.20965755 0.33838856
v 0.04119220 1.04693282 0.33838856
v 0.03945681 1.04693282 0.33318233
v 0.96054327 0.93855143 0.33318239
v 0.95880795 0.93855143 0.33838862
v 0.95880795 1.04693282 0.33838862
v 0.95880795 1.04693282 0.33838862
v 0.96054327 1.04693282 0.33318239
v 0.96054327 0.93855143 0.33318239
v 0.96054327 0.46083307 0.33318233
v 0.95880795 0.46083307 0.33838856
v 0.95880795 0.93855143 0.33838862
v 0.95880795 0.93855143 0.33838862
v 0.96054327 0.93855143 0.33318239
v 0.96054327 0.46083307 0.33318233
v 0.96054327 0.35395917 0.33318228
v 0.95880795 0.35395917 0.33838850
v 0.95880795 0.46083307 0.33838856
v 0.95880795 0.46083307 0.33838856
v 0.96054327 0.46083307 0.33318233
v 0.96054327 0.35395917 0.33318228
v 0.96054327 0.20378415 0.33318228
v 0.95880795 0.20378415 0.33838850
v 0.95880795 0.35395917 0.33838850
v 0.96054327 0.35395917 0.33318228
v 0.03425056 0.35395911 0.33144677
v 0.03945681 0.35395911 0.33318222
v 0.96574956 1.04693282 0.33144695
v 0.96054327 1.04693282 0.33318239
v 0.05410400 0.18211158 0.33838844
v 0.05407181 0.18037647 0.33318222
v 0.04565161 0.18882850 0.33318222
v 0.04738703 0.18882850 0.33838844
v 0.04738703 1.22461319 0.33838856
v 0.04565161 1.22461319 0.33318233
v 0.05407181 1.23306525 0.33318233
v 0.05410400 1.23133016 0.33838856
v 0.94589615 1.23133016 0.33838862
v 0.94589508 1.23306549 0.33318239
v 0.95434850 1.22461319 0.33318239
v 0.95261312 1.22461319 0.33838862
v 0.95261312 0.18882850 0.33838850
v 0.95434850 0.18882850 0.33318228
v 0.94589508 0.18037617 0.33318228
v 0.94589615 0.18211158 0.33838850
v 0.05407181 0.18037647 0.33318222
v 0.05410400 0.18211158 0.33838844
v 0.05410400 1.23133016 0.33838856
v 0.05407181 1.23306525 0.33318233
v 0.95261312 1.22461319 0.33838862
v 0.95434850 1.22461319 0.33318239
v 0.95434850 0.18882850 0.33318228
v 0.95261312 0.18882850 0.33838850
v 0.03425056 0.46083301 0.33144677
v 0.03945681 0.46083301 0.33318222
v 0.03945681 0.35395911 0.33318222
v 0.03425056 0.35395911 0.33144677
v 0.03425056 0.93855131 0.33144683
v 0.03945681 0.93855131 0.33318228
v 0.03945681 0.46083301 0.33318222
v 0.03945681 0.46083301 0.33318222
v 0.03425056 0.46083301 0.33144677
v 0.03425056 0.93855131 0.33144683
v 0.03425056 1.04693282 0.33144689
v 0.03945681 1.04693282 0.33318233
v 0.03945681 0.93855131 0.33318228
v 0.03945681 0.93855131 0.33318228
v 0.03425056 0.93855131 0.33144683
v 0.03425056 1.04693282 0.33144689
v 0.03945681 1.04693282 0.33318233
v 0.03425056 1.04693282 0.33144689
v 0.96574956 0.93855143 0.33144695
v 0.96054327 0.93855143 0.33318239
v 0.96054327 1.04693282 0.33318239
v 0.96574956 1.04693282 0.33144695
v 0.96574956 0.46083307 0.33144689
v 0.96054327 0.46083307 0.33318233
v 0.96054327 0.93855143 0.33318239
v 0.96054327 0.93855143 0.33318239
v 0.96574956 0.93855143 0.33144695
v 0.96574956 0.46083307 0.33144689
v 0.96574956 0.35395917 0.33144683
v 0.96054327 0.35395917 0.33318228
v 0.96054327 0.46083307 0.33318233
v 0.96054327 0.46083307 0.33318233
v 0.96574956 0.46083307 0.33144689
v 0.96574956 0.35395917 0.33144683
v 0.96054327 0.35395917 0.33318228
v 0.96574956 0.35395917 0.33144683
v 0.09617451 0.47029391 0.56981176
v 0.09617451 0.47029394 0.47034436
v 0.09617451 0.53549004 0.47034436
v 0.09617451 0.53549004 0.47034436
v 0.09617451 0.53549004 0.56981176
v 0.09617451 0.47029391 0.56981176
v 0.08586189 0.53762043 0.56981176
v 0.08586189 0.53762043 0.47034436
v 0.08586189 0.55160093 0.47034436
v 0.08586189 0.55160093 0.56981176
v 0.09617451 0.92909050 0.47034442
v 0.09617451 0.92909050 0.56981182
v 0.09617451 0.85173500 0.56981182
v 0.09617451 0.85173500 0.47034439
v 0.08586186 0.84960461 0.47034439
v 0.08586186 0.84960461 0.56981182
v 0.08586186 0.83885241 0.56981182
v 0.08586186 0.83885241 0.47034439
v 0.90382552 0.85173500 0.47034448
v 0.90382552 0.85173500 0.56981188
v 0.91413832 0.84960461 0.56981188
v 0.91413832 0.84960461 0.47034448
v 0.91413832 0.83885241 0.47034448
v 0.91413832 0.83885241 0.56981188
v 0.90382552 0.53549004 0.56981182
v 0.90382552 0.53549004 0.47034442
v 0.09359598 0.85200119 0.42919976
v 0.09617451 0.85173500 0.43940437
v 0.08585870 0.84987235 0.42913321
v 0.08586186 0.84960461 0.43937826
v 0.08586186 0.83885241 0.43941307
v 0.08586186 0.83885241 0.43941307
v 0.08585885 0.83894098 0.42922196
v 0.08585870 0.84987235 0.42913321
v 0.09359598 0.53522384 0.42919973
v 0.09617451 0.53549004 0.43940434
v 0.08586186 0.53762043 0.43937823
v 0.08585876 0.53735268 0.42913318
v 0.08585894 0.55151236 0.42922193
v 0.08586189 0.55160093 0.43941304
v 0.90640402 0.53522384 0.42919978
v 0.90382552 0.53549004 0.43940440
v 0.90640408 0.85200107 0.42919984
v 0.90382552 0.85173500 0.43940446
v 0.91413838 0.84960461 0.43937835
v 0.91414082 0.84987223 0.42913330
v 0.91414070 0.83894074 0.42922205
v 0.91414070 0.83894074 0.42922205
v 0.91413832 0.83885241 0.43941313
v 0.91413838 0.84960461 0.43937835
v 0.09359598 0.85200119 0.42919976
v 0.08586040 0.83707690 0.42579824
v 0.08586040 0.85279977 0.42579824
v 0.08585870 0.84987235 0.42913321
v 0.08585870 0.84987235 0.42913321
v 0.08585885 0.83894098 0.42922196
v 0.08586040 0.83707690 0.42579824
v 0.08586040 0.53442514 0.42579821
v 0.09359598 0.53522384 0.42919973
v 0.08585876 0.53735268 0.42913318
v 0.08586040 0.53442514 0.42579821
v 0.08586040 0.55337638 0.42579821
v 0.08586040 0.55337638 0.42579821
v 0.08585894 0.55151236 0.42922193
v 0.08585876 0.53735268 0.42913318
v 0.90640402 0.53522384 0.42919978
v 0.91413963 0.85279977 0.42579833
v 0.90640408 0.85200107 0.42919984
v 0.91414082 0.84987223 0.42913330
v 0.91413963 0.85279977 0.42579833
v 0.91413963 0.83707690 0.42579833
v 0.91413963 0.83707690 0.42579833
v 0.91414070 0.83894074 0.42922205
v 0.91414082 0.84987223 0.42913330
v 0.09617451 0.53549004 0.56981176
v 0.09617445 0.53548992 1.34334457
v 0.08586183 0.53762031 1.34121418
v 0.08586189 0.53762043 0.56981176
v 0.08586189 0.55160093 0.56981176
v 0.08586189 0.55160093 0.56981176
v 0.08586183 0.55160081 1.34121418
v 0.08586183 0.53762031 1.34121418
v 0.09617445 0.85173488 1.34334457
v 0.09617451 0.85173500 0.56981182
v 0.08586186 0.84960461 0.56981182
v 0.08586180 0.84960449 1.34121418
v 0.08586180 0.83885229 1.34121418
v 0.08586180 0.83885229 1.34121418
v 0.08586186 0.83885241 0.56981182
v 0.08586186 0.84960461 0.56981182
v 0.08586186 0.84960461 0.43937826
v 0.08586186 0.83885241 0.43941307
v 0.08586189 0.53762043 0.47034436
v 0.08586186 0.53762043 0.43937823
v 0.08586189 0.55160093 0.43941304
v 0.08586189 0.55160093 0.43941304
v 0.90382552 0.85173488 1.34334469
v 0.91413832 0.84960449 1.34121430
v 0.91413832 0.83885229 1.34121430
v 0.90382552 0.53548992 1.34334457
v 0.91413832 0.84960461 0.47034448
v 0.91413838 0.84960461 0.43937835
v 0.91413832 0.83885241 0.43941313
v 0.91413832 0.83885241 0.43941313
v 0.10093784 0.53560233 1.34810793
v 0.89906210 0.53560233 1.34810805
v 0.89906210 0.85162246 1.34810805
v 0.10093784 0.85162246 1.34810793
v 0.09617445 0.53548992 1.34334457
v 0.09736529 0.53551799 1.34691715
v 0.09736529 0.85170662 1.34691715
v 0.09617445 0.85173488 1.34334457
v 0.90382552 0.85173488 1.34334469
v 0.90263462 0.85170662 1.34691715
v 0.90263462 0.53551799 1.34691715
v 0.90382552 0.53548992 1.34334457
v 0.09736529 0.53551799 1.34691715
v 0.09736529 0.85170662 1.34691715
v 0.90263462 0.85170662 1.34691715
v 0.90263462 0.53551799 1.34691715
v 0.09617445 0.55373120 1.34334457
v 0.09617445 0.53548992 1.34334457
v 0.08586183 0.53762031 1.34121418
v 0.08586183 0.53762031 1.34121418
v 0.08586183 0.55160081 1.34121418
v 0.09617445 0.55373120 1.34334457
v 0.09617445 0.53548992 1.34334457
v 0.09617451 0.53549004 0.56981176
v 0.08586189 0.53762043 0.56981176
v 0.08586189 0.53762043 0.56981176
v 0.08586183 0.53762031 1.34121418
v 0.09617445 0.53548992 1.34334457
v 0.09617451 0.53549004 0.56981176
v 0.09617451 0.53549004 0.47034436
v 0.08586189 0.53762043 0.47034436
v 0.08586189 0.53762043 0.47034436
v 0.08586189 0.53762043 0.56981176
v 0.09617451 0.53549004 0.56981176
v 0.09617451 0.53549004 0.47034436
v 0.09617451 0.53549004 0.43940434
v 0.08586186 0.53762043 0.43937823
v 0.08586189 0.53762043 0.47034436
v 0.09359598 0.53522384 0.42919973
v 0.08585876 0.53735268 0.42913318
v 0.08586040 0.53442514 0.42579821
v 0.08586040 0.55337638 0.42579821
v 0.09359598 0.55364263 0.42919973
v 0.08585894 0.55151236 0.42922193
v 0.09617451 0.55373132 0.43940434
v 0.08586189 0.55160093 0.43941304
v 0.09617451 0.55373132 0.47034436
v 0.08586189 0.55160093 0.47034436
v 0.09617451 0.55373132 0.47034436
v 0.09617451 0.55373126 0.56981176
v 0.08586189 0.55160093 0.56981176
v 0.08586189 0.55160093 0.56981176
v 0.08586189 0.55160093 0.47034436
v 0.09617451 0.55373132 0.47034436
v 0.09617451 0.55373126 0.56981176
v 0.09617445 0.55373120 1.34334457
v 0.08586183 0.55160081 1.34121418
v 0.08586183 0.55160081 1.34121418
v 0.08586189 0.55160093 0.56981176
v 0.09617451 0.55373126 0.56981176
v 0.09617445 0.85173488 1.34334457
v 0.09617445 0.83672190 1.34334457
v 0.08586180 0.83885229 1.34121418
v 0.08586180 0.83885229 1.34121418
v 0.08586180 0.84960449 1.34121418
v 0.09617445 0.85173488 1.34334457
v 0.09617445 0.83672190 1.34334457
v 0.09617451 0.83672202 0.56981182
v 0.08586186 0.83885241 0.56981182
v 0.08586186 0.83885241 0.56981182
v 0.08586180 0.83885229 1.34121418
v 0.09617445 0.83672190 1.34334457
v 0.09617451 0.83672202 0.56981182
v 0.09617451 0.83672202 0.47034439
v 0.08586186 0.83885241 0.47034439
v 0.08586186 0.83885241 0.47034439
v 0.08586186 0.83885241 0.56981182
v 0.09617451 0.83672202 0.56981182
v 0.09617451 0.83672202 0.47034439
v 0.09617451 0.83672202 0.43940437
v 0.08586186 0.83885241 0.43941307
v 0.08586186 0.83885241 0.47034439
v 0.09359598 0.83681083 0.42919976
v 0.08585885 0.83894098 0.42922196
v 0.08586040 0.83707690 0.42579824
v 0.08586040 0.85279977 0.42579824
v 0.09359598 0.85200119 0.42919976
v 0.08585870 0.84987235 0.42913321
v 0.09617451 0.85173500 0.43940437
v 0.08586186 0.84960461 0.43937826
v 0.09617451 0.85173500 0.47034439
v 0.08586186 0.84960461 0.47034439
v 0.09617451 0.85173500 0.47034439
v 0.09617451 0.85173500 0.56981182
v 0.08586186 0.84960461 0.56981182
v 0.08586186 0.84960461 0.56981182
v 0.08586186 0.84960461 0.47034439
v 0.09617451 0.85173500 0.47034439
v 0.09617451 0.85173500 0.56981182
v 0.09617445 0.85173488 1.34334457
v 0.08586180 0.84960449 1.34121418
v 0.08586180 0.84960449 1.34121418
v 0.08586186 0.84960461 0.56981182
v 0.09617451 0.85173500 0.56981182
v 0.90382552 0.83672190 1.34334469
v 0.90382552 0.85173488 1.34334469
v 0.91413832 0.84960449 1.34121430
v 0.91413832 0.84960449 1.34121430
v 0.91413832 0.83885229 1.34121430
v 0.90382552 0.83672190 1.34334469
v 0.90382552 0.85173488 1.34334469
v 0.90382552 0.85173500 0.56981188
v 0.91413832 0.84960461 0.56981188
v 0.91413832 0.84960461 0.56981188
v 0.91413832 0.84960449 1.34121430
v 0.90382552 0.85173488 1.34334469
v 0.90382552 0.85173500 0.56981188
v 0.90382552 0.85173500 0.47034448
v 0.91413832 0.84960461 0.47034448
v 0.91413832 0.84960461 0.47034448
v 0.91413832 0.84960461 0.56981188
v 0.90382552 0.85173500 0.56981188
v 0.90382552 0.85173500 0.47034448
v 0.90382552 0.85173500 0.43940446
v 0.91413838 0.84960461 0.43937835
v 0.91413832 0.84960461 0.47034448
v 0.90640408 0.85200107 0.42919984
v 0.91414082 0.84987223 0.42913330
v 0.91413963 0.85279977 0.42579833
v 0.91413963 0.83707690 0.42579833
v 0.90640408 0.83681059 0.42919984
v 0.91414070 0.83894074 0.42922205
v 0.90382552 0.83672202 0.43940446
v 0.91413832 0.83885241 0.43941313
v 0.90382552 0.83672202 0.47034448
v 0.91413832 0.83885241 0.47034448
v 0.90382552 0.83672202 0.47034448
v 0.90382552 0.83672202 0.56981188
v 0.91413832 0.83885241 0.56981188
v 0.91413832 0.83885241 0.56981188
v 0.91413832 0.83885241 0.47034448
v 0.90382552 0.83672202 0.47034448
v 0.90382552 0.83672202 0.56981188
v 0.90382552 0.83672190 1.34334469
v 0.91413832 0.83885229 1.34121430
v 0.91413832 0.83885229 1.34121430
v 0.91413832 0.83885241 0.56981188
v 0.90382552 0.83672202 0.56981188
v 1.00795770 0.54674131 0.36304402
v 1.00795770 0.53751159 0.35568362
v 1.00795770 0.52600247 0.35305679
v 1.00795770 0.55186343 0.37368017
v 1.00795770 0.54674131 0.36304402
v 1.00795770 0.52600247 0.35305679
v 1.00795770 0.51449329 0.35568362
v 1.00795770 0.50526345 0.36304402
v 1.00795770 0.50014150 0.37368011
v 1.00795770 0.52600247 0.35305679
v 1.00795770 0.51449329 0.35568362
v 1.00795770 0.50014150 0.37368011
v 1.00795770 0.50014150 0.37368011
v 1.00795770 0.55186349 0.38548535
v 1.00795770 0.55186349 0.38548535
v 1.00795770 0.50014150 0.37368011
v 1.00795770 0.50014138 0.38548541
v 1.00795770 0.54674137 0.39612147
v 1.00795770 0.55186349 0.38548535
v 1.00795770 0.50014138 0.38548541
v 1.00795770 0.54674137 0.39612147
v 1.00795770 0.50014138 0.38548541
v 1.00795770 0.50526345 0.39612144
v 1.00795770 0.53751171 0.40348202
v 1.00795770 0.54674137 0.39612147
v 1.00795770 0.50526345 0.39612144
v 1.00795770 0.53751171 0.40348202
v 1.00795770 0.50526345 0.39612144
v 1.00795770 0.51449317 0.40348196
v 1.00795770 0.51449317 0.40348196
v 1.00795770 0.52600241 0.40610886
v 1.00795770 0.63417637 0.40348196
v 1.00795770 0.64568579 0.40610880
v 1.00795770 0.65719497 0.40348196
v 1.00795770 0.63417637 0.40348196
v 1.00795770 0.65719497 0.40348196
v 1.00795770 0.65857840 0.40237865
v 1.00795770 0.62494671 0.39612144
v 1.00795770 0.65857840 0.40237865
v 1.00795770 0.61997926 0.38580656
v 1.00795770 0.61997926 0.38580656
v 1.00795770 0.65857840 0.40237865
v 1.00795770 0.66642463 0.39612153
v 1.00795770 0.61997926 0.38580656
v 1.00795770 0.66642463 0.39612153
v 1.00795770 0.67154670 0.38548541
v 1.00795770 0.61982465 0.38548541
v 1.00795770 0.67154670 0.38548541
v 1.00795770 0.61982477 0.37368011
v 1.00795770 0.67154670 0.37368017
v 1.00795770 0.61982477 0.37368011
v 1.00795770 0.67154670 0.37368017
v 1.00795770 0.66650796 0.36321700
v 1.00795770 0.65719485 0.35568362
v 1.00795770 0.64568579 0.35305673
v 1.00795770 0.63417649 0.35568357
v 1.00795770 0.65767121 0.35606354
v 1.00795770 0.65767121 0.35606354
v 1.00795770 0.63417649 0.35568357
v 1.00795770 0.62494671 0.36304402
v 1.00795770 0.66650796 0.36321700
v 1.00795770 0.62494671 0.36304402
v 1.00795770 0.75706422 0.35495222
v 1.00795770 0.75391078 0.35564286
v 1.00795770 0.75385988 0.35568362
v 0.95880789 0.89656162 0.40348196
v 0.95880789 0.88508081 0.40610230
v 0.95880789 0.88480544 0.40616521
v 0.95880789 0.88480544 0.40616521
v 0.95880789 0.78745329 0.39332783
v 0.95880789 0.78610790 0.39612156
v 0.95880789 0.88480544 0.40616521
v 0.95880789 0.78610790 0.39612156
v 0.95880789 0.77687824 0.40348199
v 0.95880789 0.88480544 0.40616521
v 0.95880789 0.77687824 0.40348199
v 0.95880789 0.76536894 0.40610892
v 0.95880789 0.76536894 0.40610892
v 0.95880789 0.65857840 0.40237865
v 0.95880789 0.65719497 0.40348196
v 0.95880789 0.76536894 0.40610892
v 0.95880789 0.65719497 0.40348196
v 0.95880789 0.64568579 0.40610880
v 0.95880789 0.64568579 0.40610880
v 0.95880789 0.53751171 0.40348199
v 0.95880789 0.52600241 0.40610883
v 0.95880789 0.76536894 0.40610892
v 0.95880789 0.64568579 0.40610880
v 0.95880789 0.52600241 0.40610883
v 0.95880789 0.54674137 0.39612147
v 0.95880789 0.53751171 0.40348199
v 0.95880789 0.55186349 0.38548535
v 0.95880789 0.55186349 0.38548535
v 0.95880789 0.64568579 0.40610880
v 0.95880789 0.63417637 0.40348196
v 0.95880795 0.55186343 0.37368017
v 0.95880789 0.55186349 0.38548535
v 0.95880789 0.63417637 0.40348196
v 0.95880795 0.54674131 0.36304402
v 0.95880795 0.55186343 0.37368017
v 0.95880789 0.63417637 0.40348196
v 0.95880795 0.53751159 0.35568362
v 0.95880795 0.54674131 0.36304402
v 0.95880789 0.63417637 0.40348196
v 0.95880795 0.53751159 0.35568362
v 0.95880789 0.63417637 0.40348196
v 0.95880789 0.62494671 0.39612144
v 0.95880789 0.62494671 0.39612144
v 0.95880789 0.61997926 0.38580656
v 0.95880789 0.61982465 0.38548541
v 0.95880795 0.53751159 0.35568362
v 0.95880789 0.62494671 0.39612144
v 0.95880789 0.61982465 0.38548541
v 0.95880795 0.53751159 0.35568362
v 0.95880789 0.61982465 0.38548541
v 0.95880795 0.61982477 0.37368011
v 0.95880795 0.52600247 0.35305679
v 0.95880795 0.53751159 0.35568362
v 0.95880795 0.61982477 0.37368011
v 0.95880795 0.65767121 0.35606354
v 0.95880795 0.66650796 0.36321700
v 0.95880795 0.74462998 0.36304402
v 0.95880795 0.65719485 0.35568362
v 0.95880795 0.65767121 0.35606354
v 0.95880795 0.74462998 0.36304402
v 0.95880795 0.64568579 0.35305673
v 0.95880795 0.64568579 0.35305673
v 0.95880795 0.74462998 0.36304402
v 0.95880795 0.75385988 0.35568362
v 0.95880795 0.64568579 0.35305673
v 0.95880795 0.75385988 0.35568362
v 0.95880795 0.75391078 0.35564286
v 0.95880795 0.75391078 0.35564286
v 0.95880795 0.75706422 0.35495222
v 0.95880795 0.76536906 0.35305679
v 0.95880795 0.64568579 0.35305673
v 0.95880795 0.75391078 0.35564286
v 0.95880795 0.76536906 0.35305679
v 0.95880789 0.79122996 0.38534653
v 0.95880789 0.78745329 0.39332783
v 0.95880789 0.88480544 0.40616521
v 0.95880789 0.88508081 0.40610230
v 0.95880789 0.87360513 0.40353182
v 0.95880789 0.79122996 0.38534653
v 0.95880789 0.88480544 0.40616521
v 0.95880789 0.87360513 0.40353182
v 0.95880795 0.79122996 0.37368017
v 0.95880789 0.79122996 0.38534653
v 0.95880789 0.87360513 0.40353182
v 0.95880795 0.78610790 0.36304408
v 0.95880795 0.79122996 0.37368017
v 0.95880789 0.87360513 0.40353182
v 0.95880795 0.77687824 0.35568357
v 0.95880795 0.78610790 0.36304408
v 0.95880789 0.87360513 0.40353182
v 0.95880795 0.77687824 0.35568357
v 0.95880789 0.87360513 0.40353182
v 0.95880789 0.86431336 0.39612156
v 0.95880795 0.77687824 0.35568357
v 0.95880789 0.86431336 0.39612156
v 0.95880789 0.85919118 0.38548541
v 0.95880795 0.77687824 0.35568357
v 0.95880789 0.85919118 0.38548541
v 0.95880795 0.85919118 0.37368023
v 0.95880795 0.76536906 0.35305679
v 0.95880795 0.77687824 0.35568357
v 0.95880795 0.85919118 0.37368023
v 0.95880795 0.76536906 0.35305679
v 0.95880795 0.85919118 0.37368023
v 0.95880795 0.86431336 0.36304408
v 0.95880795 0.76536906 0.35305679
v 0.95880795 0.86431336 0.36304408
v 0.95880795 0.87354290 0.35568362
v 0.95880795 0.76536906 0.35305679
v 0.95880795 0.87354290 0.35568362
v 0.95880795 0.88505220 0.35305685
v 0.95880795 0.88505220 0.35305685
v 0.95880795 0.89656150 0.35568368
v 0.95880795 0.76536906 0.35305679
v 0.95880795 0.88505220 0.35305685
v 0.95880795 0.46083307 0.33838856
v 0.95880795 0.63417649 0.35568357
v 0.95880795 0.62494671 0.36304402
v 0.95880795 0.61982477 0.37368011
v 0.95880795 0.52600247 0.35305679
v 0.95880795 0.51449329 0.35568362
v 0.95880795 0.50526345 0.36304402
v 0.95880795 0.50014150 0.37368011
v 0.95880795 0.50526345 0.36304402
v 0.95880795 0.46083307 0.33838856
v 0.95880789 0.50014138 0.38548541
v 0.95880795 0.50014150 0.37368011
v 0.95880795 0.46083307 0.33838856
v 0.95880789 0.50526345 0.39612144
v 0.95880789 0.50014138 0.38548541
v 0.95880795 0.46083307 0.33838856
v 0.95880789 0.50526345 0.39612144
v 0.95880795 0.46083307 0.33838856
v 0.95880789 0.51449317 0.40348193
v 0.95880789 0.52600241 0.40610883
v 0.95880789 0.76536894 0.40610892
v 0.95880789 0.90579104 0.39612150
v 0.95880795 0.93855143 0.33838862
v 0.95880795 0.89656150 0.35568368
v 0.95880795 0.90579104 0.36304414
v 0.95880795 0.93855143 0.33838862
v 0.95880795 0.90579104 0.36304414
v 0.95880795 0.91091323 0.37368023
v 0.95880789 0.91091323 0.38548547
v 1.00795770 0.90579104 0.36304414
v 1.00795770 0.89656150 0.35568368
v 1.00795770 0.88505220 0.35305685
v 1.00795770 0.91091323 0.37368023
v 1.00795770 0.90579104 0.36304414
v 1.00795770 0.88505220 0.35305685
v 1.00795770 0.91091323 0.38548547
v 1.00795770 0.87354290 0.35568368
v 1.00795770 0.86431336 0.36304414
v 1.00795770 0.91091323 0.38548547
v 1.00795770 0.88505220 0.35305685
v 1.00795770 0.86431336 0.36304414
v 1.00795770 0.90579104 0.39612150
v 1.00795770 0.91091323 0.38548547
v 1.00795770 0.86431336 0.36304414
v 1.00795770 0.90579104 0.39612150
v 1.00795770 0.86431336 0.36304414
v 1.00795770 0.85919118 0.37368029
v 1.00795770 0.90579104 0.39612150
v 1.00795770 0.85919118 0.37368029
v 1.00795770 0.85919118 0.38548547
v 1.00795770 0.89656162 0.40348196
v 1.00795770 0.89656162 0.40348196
v 1.00795770 0.85919118 0.38548547
v 1.00795770 0.86431336 0.39612156
v 1.00795770 0.86431336 0.39612156
v 1.00795770 0.87360513 0.40353182
v 1.00795770 0.88508081 0.40610230
v 1.00795770 0.89656162 0.40348196
v 1.00795770 0.86431336 0.39612156
v 1.00795770 0.88508081 0.40610230
v 0.95880795 0.52600247 0.35305679
v 0.95880795 0.51449329 0.35568362
v 1.00795770 0.51449329 0.35568362
v 1.00795770 0.52600247 0.35305679
v 0.95880795 0.50526345 0.36304402
v 1.00795770 0.50526345 0.36304402
v 0.95880795 0.50526345 0.36304402
v 0.95880795 0.50014150 0.37368011
v 1.00795770 0.50014150 0.37368011
v 1.00795770 0.50526345 0.36304402
v 0.95880789 0.50014138 0.38548541
v 1.00795770 0.50014138 0.38548541
v 0.95880789 0.50526345 0.39612144
v 1.00795770 0.50526345 0.39612144
v 0.95880789 0.50526345 0.39612144
v 0.95880789 0.51449317 0.40348193
v 1.00795770 0.51449317 0.40348196
v 1.00795770 0.50526345 0.39612144
v 0.95880789 0.52600241 0.40610883
v 1.00795770 0.52600241 0.40610886
v 0.95880789 0.53751171 0.40348199
v 1.00795770 0.53751171 0.40348202
v 0.95880789 0.54674137 0.39612147
v 1.00795770 0.54674137 0.39612147
v 0.95880789 0.54674137 0.39612147
v 0.95880789 0.55186349 0.38548535
v 1.00795770 0.55186349 0.38548535
v 1.00795770 0.54674137 0.39612147
v 0.95880795 0.55186343 0.37368017
v 1.00795770 0.55186343 0.37368017
v 0.95880795 0.54674131 0.36304402
v 1.00795770 0.54674131 0.36304402
v 0.95880795 0.54674131 0.36304402
v 0.95880795 0.53751159 0.35568362
v 1.00795770 0.53751159 0.35568362
v 1.00795770 0.54674131 0.36304402
v 0.95880795 0.64568579 0.35305673
v 0.95880795 0.63417649 0.35568357
v 1.00795770 0.63417649 0.35568357
v 1.00795770 0.64568579 0.35305673
v 0.95880795 0.62494671 0.36304402
v 1.00795770 0.62494671 0.36304402
v 0.95880795 0.62494671 0.36304402
v 0.95880795 0.61982477 0.37368011
v 1.00795770 0.61982477 0.37368011
v 1.00795770 0.62494671 0.36304402
v 0.95880789 0.61982465 0.38548541
v 1.00795770 0.61982465 0.38548541
v 0.95880789 0.61997926 0.38580656
v 1.00795770 0.61997926 0.38580656
v 0.95880789 0.62494671 0.39612144
v 1.00795770 0.62494671 0.39612144
v 0.95880789 0.62494671 0.39612144
v 0.95880789 0.63417637 0.40348196
v 1.00795770 0.63417637 0.40348196
v 1.00795770 0.62494671 0.39612144
v 0.95880789 0.64568579 0.40610880
v 1.00795770 0.64568579 0.40610880
v 0.95880789 0.65719497 0.40348196
v 1.00795770 0.65719497 0.40348196
v 0.95880789 0.65857840 0.40237865
v 1.00795770 0.65857840 0.40237865
v 0.95880789 0.66642463 0.39612153
v 1.00795770 0.66642463 0.39612153
v 0.95880789 0.66642463 0.39612153
v 0.95880789 0.67154670 0.38548541
v 1.00795770 0.67154670 0.38548541
v 1.00795770 0.66642463 0.39612153
v 0.95880795 0.67154670 0.37368017
v 1.00795770 0.67154670 0.37368017
v 0.95880795 0.66650796 0.36321700
v 1.00795770 0.66650796 0.36321700
v 0.95880795 0.66650796 0.36321700
v 0.95880795 0.65767121 0.35606354
v 1.00795770 0.65767121 0.35606354
v 1.00795770 0.66650796 0.36321700
v 0.95880795 0.65719485 0.35568362
v 1.00795770 0.65719485 0.35568362
v 0.95880795 0.76536906 0.35305679
v 0.95880795 0.75706422 0.35495222
v 1.00795770 0.75706422 0.35495222
v 1.00795770 0.76536906 0.35305679
v 0.95880795 0.75391078 0.35564286
v 1.00795770 0.75391078 0.35564286
v 0.95880795 0.75385988 0.35568362
v 1.00795770 0.75385988 0.35568362
v 0.95880795 0.74462998 0.36304402
v 1.00795770 0.74462998 0.36304402
v 0.95880795 0.74462998 0.36304402
v 0.95880795 0.73950803 0.37368006
v 1.00795770 0.73950803 0.37368006
v 1.00795770 0.74462998 0.36304402
v 0.95880789 0.73950791 0.38548541
v 1.00795770 0.73950791 0.38548541
v 0.95880789 0.74462998 0.39612147
v 1.00795770 0.74462998 0.39612150
v 0.95880789 0.74462998 0.39612147
v 0.95880789 0.75385976 0.40348202
v 1.00795770 0.75385976 0.40348205
v 1.00795770 0.74462998 0.39612150
v 0.95880789 0.76536894 0.40610892
v 1.00795770 0.76536894 0.40610892
v 0.95880789 0.77687824 0.40348199
v 1.00795770 0.77687824 0.40348199
v 0.95880789 0.78610790 0.39612156
v 1.00795770 0.78610790 0.39612156
v 0.95880789 0.78610790 0.39612156
v 0.95880789 0.78745329 0.39332783
v 1.00795770 0.78745329 0.39332783
v 1.00795770 0.78610790 0.39612156
v 0.95880789 0.79122996 0.38534653
v 1.00795770 0.79122996 0.38548523
v 1.00795770 0.79122996 0.37368017
v 1.00795770 0.78610790 0.36304408
v 1.00795770 0.77687824 0.35568357
v 1.00795770 0.77687824 0.35568357
v 1.00795770 0.76536906 0.35305679
v 1.00795770 0.75706422 0.35495222
v 1.00795770 0.79122996 0.37368017
v 1.00795770 0.77687824 0.35568357
v 1.00795770 0.75706422 0.35495222
v 1.00795770 0.75706422 0.35495222
v 1.00795770 0.75385988 0.35568362
v 1.00795770 0.74462998 0.36304402
v 1.00795770 0.74462998 0.36304402
v 1.00795770 0.73950803 0.37368006
v 1.00795770 0.73950791 0.38548541
v 1.00795770 0.75706422 0.35495222
v 1.00795770 0.74462998 0.36304402
v 1.00795770 0.73950791 0.38548541
v 1.00795770 0.73950791 0.38548541
v 1.00795770 0.74462998 0.39612150
v 1.00795770 0.75385976 0.40348205
v 1.00795770 0.75385976 0.40348205
v 1.00795770 0.76536894 0.40610892
v 1.00795770 0.77687824 0.40348199
v 1.00795770 0.77687824 0.40348199
v 1.00795770 0.75706422 0.35495222
v 1.00795770 0.77687824 0.40348199
v 1.00795770 0.78610790 0.39612156
v 1.00795770 0.78745329 0.39332783
v 1.00795770 0.77687824 0.40348199
v 1.00795770 0.78745329 0.39332783
v 1.00795770 0.79122996 0.38548523
v 1.00795770 0.75706422 0.35495222
v 1.00795770 0.77687824 0.40348199
v 1.00795770 0.79122996 0.38548523
v 1.00795770 0.79122996 0.37368017
v 1.00795770 0.79122996 0.38548523
v 0.95880795 0.79122996 0.37368017
v 0.95880795 0.78610790 0.36304408
v 1.00795770 0.78610790 0.36304408
v 1.00795770 0.79122996 0.37368017
v 0.95880795 0.78610790 0.36304408
v 0.95880795 0.77687824 0.35568357
v 1.00795770 0.77687824 0.35568357
v 1.00795770 0.78610790 0.36304408
v 0.95880795 0.88505220 0.35305685
v 0.95880795 0.87354290 0.35568362
v 1.00795770 0.87354290 0.35568368
v 1.00795770 0.88505220 0.35305685
v 0.95880795 0.86431336 0.36304408
v 1.00795770 0.86431336 0.36304414
v 0.95880795 0.86431336 0.36304408
v 0.95880795 0.85919118 0.37368023
v 1.00795770 0.85919118 0.37368029
v 1.00795770 0.86431336 0.36304414
v 0.95880789 0.85919118 0.38548541
v 1.00795770 0.85919118 0.38548547
v 0.95880789 0.86431336 0.39612156
v 1.00795770 0.86431336 0.39612156
v 0.95880789 0.86431336 0.39612156
v 0.95880789 0.87360513 0.40353182
v 1.00795770 0.87360513 0.40353182
v 1.00795770 0.86431336 0.39612156
v 0.95880789 0.88508081 0.40610230
v 1.00795770 0.88508081 0.40610230
v 0.95880789 0.89656162 0.40348196
v 1.00795770 0.89656162 0.40348196
v 0.95880789 0.90579104 0.39612150
v 1.00795770 0.90579104 0.39612150
v 0.95880789 0.90579104 0.39612150
v 0.95880789 0.91091323 0.38548547
v 1.00795770 0.91091323 0.38548547
v 1.00795770 0.90579104 0.39612150
v 0.95880795 0.91091323 0.37368023
v 1.00795770 0.91091323 0.37368023
v 0.95880795 0.90579104 0.36304414
v 1.00795770 0.90579104 0.36304414
v 0.95880795 0.90579104 0.36304414
v 0.95880795 0.89656150 0.35568368
v 1.00795770 0.89656150 0.35568368
v 1.00795770 0.90579104 0.36304414
v 0.95880789 0.66642463 0.39612153
v 0.95880789 0.65857840 0.40237865
v 0.95880789 0.76536894 0.40610892
v 0.95880789 0.67154670 0.38548541
v 0.95880789 0.66642463 0.39612153
v 0.95880789 0.76536894 0.40610892
v 0.95880789 0.67154670 0.38548541
v 0.95880789 0.75385976 0.40348202
v 0.95880795 0.67154670 0.37368017
v 0.95880789 0.67154670 0.38548541
v 0.95880789 0.75385976 0.40348202
v 0.95880795 0.66650796 0.36321700
v 0.95880795 0.67154670 0.37368017
v 0.95880789 0.75385976 0.40348202
v 0.95880795 0.66650796 0.36321700
v 0.95880789 0.75385976 0.40348202
v 0.95880789 0.74462998 0.39612147
v 0.95880795 0.66650796 0.36321700
v 0.95880789 0.74462998 0.39612147
v 0.95880789 0.73950791 0.38548541
v 0.95880795 0.66650796 0.36321700
v 0.95880789 0.73950791 0.38548541
v 0.95880795 0.73950803 0.37368006
v 0.95880795 0.66650796 0.36321700
v 0.95880795 0.73950803 0.37368006
v 0.95880795 0.74462998 0.36304402
v 0.90566206 0.84192002 1.33820784
v 0.90566206 0.84611583 1.33820784
v 0.09487784 0.84611583 1.33820772
v 0.09487784 0.84192002 1.33820772
v 0.90566230 0.84192002 0.43627450
v 0.09487790 0.84192002 0.43627450
v 0.09487790 0.84611583 0.43627450
v 0.90566230 0.84611583 0.43627450
v 0.90326840 0.83952630 1.33581400
v 0.09727147 0.83952630 1.33581400
v 0.09267560 0.83952630 1.33428216
v 0.09114376 0.83952630 1.32968628
v 0.09114382 0.83952641 0.44479600
v 0.09267566 0.83952641 0.44020015
v 0.09727153 0.83952641 0.43866795
v 0.90326846 0.83952641 0.43866795
v 0.90786433 0.83952641 0.44020015
v 0.90939629 0.83952641 0.44479600
v 0.90786421 0.83952630 1.33428216
v 0.90939605 0.83952630 1.32968640
v 0.08874997 0.84192002 1.33208013
v 0.08874997 0.84611583 1.33208013
v 0.08875021 0.84611583 0.44240218
v 0.08875021 0.84192002 0.44240218
v 0.09727147 0.84850955 1.33581400
v 0.90326840 0.84850955 1.33581412
v 0.90786421 0.84850955 1.33428228
v 0.90939605 0.84850955 1.32968640
v 0.90939629 0.84850955 0.44479600
v 0.90786433 0.84850955 0.44020015
v 0.90326846 0.84850955 0.43866795
v 0.09727153 0.84850955 0.43866795
v 0.09267566 0.84850955 0.44020015
v 0.09114382 0.84850955 0.44479600
v 0.09267560 0.84850955 1.33428216
v 0.09114376 0.84850955 1.32968628
v 0.91178989 0.84611583 1.33208013
v 0.91178989 0.84192002 1.33208013
v 0.91178995 0.84192002 0.44240218
v 0.91178995 0.84611583 0.44240218
v 0.09547630 0.84791112 1.33760917
v 0.90506357 0.84791112 1.33760929
v 0.90506357 0.84012473 1.33760929
v 0.09547630 0.84012473 1.33760917
v 0.09547636 0.84012473 0.43687278
v 0.90506381 0.84012473 0.43687275
v 0.90506381 0.84791112 0.43687275
v 0.09547636 0.84791112 0.43687278
v 0.08934864 0.84012473 0.44300047
v 0.08934841 0.84012473 1.33148146
v 0.91119146 0.84012473 1.33148158
v 0.91119146 0.84012473 0.44300047
v 0.08934864 0.84791112 0.44300047
v 0.08934841 0.84791112 1.33148146
v 0.91119146 0.84791112 0.44300047
v 0.91119146 0.84791112 1.33148170
v 0.09547630 0.84791112 1.33760917
v 0.90506357 0.84791112 1.33760929
v 0.90506357 0.84012473 1.33760929
v 0.09547630 0.84012473 1.33760917
v 0.09547636 0.84012473 0.43687278
v 0.90506381 0.84012473 0.43687275
v 0.90506381 0.84791112 0.43687275
v 0.09547636 0.84791112 0.43687278
v 0.08934864 0.84012473 0.44300047
v 0.08934841 0.84012473 1.33148146
v 0.91119146 0.84012473 1.33148158
v 0.91119146 0.84012473 0.44300047
v 0.08934864 0.84791112 0.44300047
v 0.08934841 0.84791112 1.33148146
v 0.91119146 0.84791112 0.44300047
v 0.91119146 0.84791112 1.33148170
v 0.91025788 0.84611583 1.33667564
v 0.91025788 0.84192002 1.33667564
v 0.09028196 0.84192002 1.33667564
v 0.09028196 0.84611583 1.33667564
v 0.09028202 0.84611583 0.43780634
v 0.09028202 0.84192002 0.43780634
v 0.91025811 0.84192002 0.43780634
v 0.91025811 0.84611583 0.43780634
v 0.90965945 0.84012473 1.33607745
v 0.91025788 0.84192002 1.33667564
v 0.09088042 0.84012473 1.33607733
v 0.90965945 0.84791112 1.33607745
v 0.09088042 0.84791112 1.33607733
v 0.90965968 0.84012473 0.43840498
v 0.09088048 0.84012473 0.43840498
v 0.90965968 0.84791112 0.43840498
v 0.09088048 0.84791112 0.43840498
v 0.90965945 0.84012473 1.33607745
v 0.09028196 0.84192002 1.33667564
v 0.09088042 0.84012473 1.33607733
v 0.91025788 0.84611583 1.33667564
v 0.90965945 0.84791112 1.33607745
v 0.09088042 0.84791112 1.33607733
v 0.90965968 0.84012473 0.43840498
v 0.09088048 0.84012473 0.43840498
v 0.90965968 0.84791112 0.43840498
v 0.09088048 0.84791112 0.43840498
v 0.09028196 0.84611583 1.33667564
v 0.09028202 0.84611583 0.43780634
v 0.09028202 0.84192002 0.43780634
v 0.91025811 0.84192002 0.43780634
v 0.91025811 0.84611583 0.43780634
v 0.90965945 0.84012473 1.33607745
v 0.90965968 0.84012473 0.43840498
v 0.09088048 0.84791112 0.43840498
v 0.09088042 0.84012473 1.33607733
v 0.90965945 0.84791112 1.33607745
v 0.09088042 0.84791112 1.33607733
v 0.09088048 0.84012473 0.43840498
v 0.90965968 0.84791112 0.43840498
v 0.91413808 0.53762043 0.56981182
v 0.91413808 0.55160093 0.56981182
v 0.91413808 0.55160093 0.47034442
v 0.91413808 0.53762043 0.47034442
v 0.91413820 0.53762043 0.43937829
v 0.91413808 0.55160093 0.43941310
v 0.91414112 0.55151236 0.42922199
v 0.91414112 0.55151236 0.42922199
v 0.91414130 0.53735268 0.42913324
v 0.91413820 0.53762043 0.43937829
v 0.91414130 0.53735268 0.42913324
v 0.91414112 0.55151236 0.42922199
v 0.91413963 0.55337632 0.42579827
v 0.91413963 0.55337632 0.42579827
v 0.91413963 0.53442514 0.42579827
v 0.91414130 0.53735268 0.42913324
v 0.91413802 0.53762031 1.34121418
v 0.91413802 0.55160081 1.34121418
v 0.91413808 0.55160093 0.56981182
v 0.91413802 0.53762031 1.34121418
v 0.91413808 0.55160093 0.43941310
v 0.91413808 0.55160093 0.43941310
v 0.91413820 0.53762043 0.43937829
v 0.91413808 0.53762043 0.47034442
v 0.90382552 0.55373120 1.34334457
v 0.91413802 0.55160081 1.34121418
v 0.91413802 0.53762031 1.34121418
v 0.91413802 0.53762031 1.34121418
v 0.90382552 0.53548992 1.34334457
v 0.90382552 0.55373120 1.34334457
v 0.90382552 0.53548992 1.34334457
v 0.91413802 0.53762031 1.34121418
v 0.91413808 0.53762043 0.56981182
v 0.91413808 0.53762043 0.56981182
v 0.90382552 0.53549004 0.56981182
v 0.90382552 0.53548992 1.34334457
v 0.90382552 0.53549004 0.56981182
v 0.91413808 0.53762043 0.56981182
v 0.91413808 0.53762043 0.47034442
v 0.91413808 0.53762043 0.47034442
v 0.90382552 0.53549004 0.47034442
v 0.90382552 0.53549004 0.56981182
v 0.90382552 0.53549004 0.47034442
v 0.91413808 0.53762043 0.47034442
v 0.91413820 0.53762043 0.43937829
v 0.90382552 0.53549004 0.43940440
v 0.91414130 0.53735268 0.42913324
v 0.90640402 0.53522384 0.42919978
v 0.91413963 0.53442514 0.42579827
v 0.91413963 0.55337632 0.42579827
v 0.91414112 0.55151236 0.42922199
v 0.90640402 0.55364251 0.42919978
v 0.91413808 0.55160093 0.43941310
v 0.90382552 0.55373132 0.43940440
v 0.91413808 0.55160093 0.47034442
v 0.90382552 0.55373132 0.47034442
v 0.90382552 0.55373132 0.47034442
v 0.91413808 0.55160093 0.47034442
v 0.91413808 0.55160093 0.56981182
v 0.91413808 0.55160093 0.56981182
v 0.90382552 0.55373126 0.56981182
v 0.90382552 0.55373132 0.47034442
v 0.90382552 0.55373126 0.56981182
v 0.91413808 0.55160093 0.56981182
v 0.91413802 0.55160081 1.34121418
v 0.91413802 0.55160081 1.34121418
v 0.90382552 0.55373120 1.34334457
v 0.90382552 0.55373126 0.56981182
v 0.90566206 0.54316473 1.33820784
v 0.90566206 0.54736054 1.33820784
v 0.09487784 0.54736054 1.33820772
v 0.09487784 0.54316473 1.33820772
v 0.90566230 0.54316473 0.43627444
v 0.09487790 0.54316473 0.43627447
v 0.09487790 0.54736054 0.43627447
v 0.90566230 0.54736054 0.43627444
v 0.90326840 0.54077113 1.33581400
v 0.09727147 0.54077113 1.33581400
v 0.09267560 0.54077113 1.33428216
v 0.09114376 0.54077113 1.32968628
v 0.09114382 0.54077113 0.44479597
v 0.09267566 0.54077113 0.44020012
v 0.09727153 0.54077113 0.43866792
v 0.90326846 0.54077113 0.43866789
v 0.90786433 0.54077113 0.44020009
v 0.90939629 0.54077113 0.44479594
v 0.90786421 0.54077113 1.33428216
v 0.90939605 0.54077113 1.32968628
v 0.08874997 0.54316473 1.33208001
v 0.08874997 0.54736054 1.33208001
v 0.08875021 0.54736054 0.44240215
v 0.08875021 0.54316473 0.44240215
v 0.09727147 0.54975426 1.33581400
v 0.90326840 0.54975426 1.33581412
v 0.90786421 0.54975426 1.33428228
v 0.90939605 0.54975426 1.32968640
v 0.90939629 0.54975426 0.44479594
v 0.90786433 0.54975426 0.44020009
v 0.90326846 0.54975426 0.43866789
v 0.09727153 0.54975426 0.43866792
v 0.09267566 0.54975426 0.44020012
v 0.09114382 0.54975426 0.44479597
v 0.09267560 0.54975426 1.33428216
v 0.09114376 0.54975426 1.32968628
v 0.91178989 0.54736054 1.33208013
v 0.91178989 0.54316473 1.33208013
v 0.91178995 0.54316473 0.44240212
v 0.91178995 0.54736054 0.44240212
v 0.09547630 0.54915583 1.33760905
v 0.90506357 0.54915583 1.33760929
v 0.90506357 0.54136944 1.33760917
v 0.09547630 0.54136944 1.33760905
v 0.09547636 0.54136944 0.43687275
v 0.90506381 0.54136944 0.43687269
v 0.90506381 0.54915583 0.43687269
v 0.09547636 0.54915583 0.43687275
v 0.08934864 0.54136944 0.44300044
v 0.08934841 0.54136944 1.33148146
v 0.91119146 0.54136944 1.33148146
v 0.91119146 0.54136944 0.44300041
v 0.08934864 0.54915583 0.44300044
v 0.08934841 0.54915583 1.33148146
v 0.91119146 0.54915583 0.44300041
v 0.91119146 0.54915583 1.33148158
v 0.09547630 0.54915583 1.33760905
v 0.90506357 0.54915583 1.33760929
v 0.90506357 0.54136944 1.33760917
v 0.09547630 0.54136944 1.33760905
v 0.09547636 0.54136944 0.43687275
v 0.90506381 0.54136944 0.43687269
v 0.90506381 0.54915583 0.43687269
v 0.09547636 0.54915583 0.43687275
v 0.08934864 0.54136944 0.44300044
v 0.08934841 0.54136944 1.33148146
v 0.91119146 0.54136944 1.33148146
v 0.91119146 0.54136944 0.44300041
v 0.08934864 0.54915583 0.44300044
v 0.08934841 0.54915583 1.33148146
v 0.91119146 0.54915583 0.44300041
v 0.91119146 0.54915583 1.33148158
v 0.91025788 0.54736054 1.33667564
v 0.91025788 0.54316473 1.33667564
v 0.09028196 0.54316473 1.33667552
v 0.09028196 0.54736054 1.33667552
v 0.09028202 0.54736054 0.43780631
v 0.09028202 0.54316473 0.43780631
v 0.91025811 0.54316473 0.43780628
v 0.91025811 0.54736054 0.43780628
v 0.90965945 0.54136944 1.33607733
v 0.91025788 0.54316473 1.33667564
v 0.09088042 0.54136944 1.33607721
v 0.90965945 0.54915583 1.33607745
v 0.09088042 0.54915583 1.33607721
v 0.90965968 0.54136944 0.43840492
v 0.09088048 0.54136944 0.43840495
v 0.90965968 0.54915583 0.43840492
v 0.09088048 0.54915583 0.43840495
v 0.90965945 0.54136944 1.33607733
v 0.09028196 0.54316473 1.33667552
v 0.09088042 0.54136944 1.33607721
v 0.91025788 0.54736054 1.33667564
v 0.90965945 0.54915583 1.33607745
v 0.09088042 0.54915583 1.33607721
v 0.90965968 0.54136944 0.43840492
v 0.09088048 0.54136944 0.43840495
v 0.90965968 0.54915583 0.43840492
v 0.09088048 0.54915583 0.43840495
v 0.09028196 0.54736054 1.33667552
v 0.09028202 0.54736054 0.43780631
v 0.09028202 0.54316473 0.43780631
v 0.91025811 0.54316473 0.43780628
v 0.91025811 0.54736054 0.43780628
v 0.90965945 0.54136944 1.33607733
v 0.90965968 0.54136944 0.43840492
v 0.09088048 0.54915583 0.43840495
v 0.09088042 0.54136944 1.33607721
v 0.90965945 0.54915583 1.33607745
v 0.09088042 0.54915583 1.33607721
v 0.09088048 0.54136944 0.43840495
v 0.90965968 0.54915583 0.43840492
v 1.12035990 0.02290940 0.34139585
v 1.12061274 0.02771832 0.33626974
v 1.12611008 0.02767310 0.34144258
v -0.12610996 0.02767310 0.34144247
v -0.12061262 0.02771832 0.33626962
v -0.12035984 0.02290940 0.34139574
v 1.12035990 0.02290925 1.45005083
v 1.12610996 0.02767297 1.45000410
v 1.12061262 0.02771817 1.45517695
v -0.12061274 0.02771817 1.45517683
v -0.12611008 0.02767297 1.45000398
v -0.12035996 0.02290925 1.45005071
v 1.12035990 1.39053226 0.34139597
v 1.12611008 1.38576853 0.34144270
v 1.12061262 1.38572335 0.33626992
v -0.12035984 1.39053226 0.34139585
v -0.12061256 1.38572335 0.33626980
v -0.12610996 1.38576853 0.34144258
v 1.12035990 1.39053214 1.45005095
v 1.12061262 1.38572323 1.45517707
v 1.12610996 1.38576841 1.45000422
v -0.12035996 1.39053214 1.45005083
v -0.12611008 1.38576841 1.45000410
v -0.12061268 1.38572323 1.45517695
v 1.12436795 0.02290937 0.35226750
v 1.12436783 0.02290925 1.43917918
v 1.10833597 0.02290925 1.45367467
v 0.94580442 0.02248205 1.45247483
v -0.12436795 0.02290925 1.43917906
v -0.12436783 0.02290937 0.35226738
v -0.10833597 0.02290940 0.33777189
v 0.05220842 0.02248219 0.33897167
v 1.10833609 1.39053226 0.33777213
v 0.94580454 1.39095950 0.33897185
v -0.12436783 1.39053226 0.35226750
v -0.12436795 1.39053214 1.43917918
v -0.10833609 1.39053214 1.45367467
v 0.05220830 1.39095926 1.45247483
v 1.12436783 1.39053214 1.43917930
v 1.12436795 1.39053226 0.35226762
v 1.10833609 0.02290940 0.33777201
v 1.12035990 0.02290940 0.34139585
v -0.11261934 0.02762583 0.33389902
v -0.12061262 0.02771832 0.33626962
v 1.12436783 0.02290925 1.43917918
v 1.12035990 0.02290925 1.45005083
v -0.12865132 0.02762569 1.44305193
v -0.12611008 0.02767297 1.45000398
v 1.12436795 1.39053226 0.35226762
v 1.12035990 1.39053226 0.34139597
v -0.10833597 1.39053226 0.33777201
v -0.12035984 1.39053226 0.34139585
v 1.10833597 1.39053214 1.45367479
v 1.12035990 1.39053214 1.45005095
v -0.12436795 1.39053214 1.43917918
v -0.12035996 1.39053214 1.45005083
v 1.12035990 0.02290940 0.34139585
v 1.12436795 0.02290937 0.35226750
v -0.12610996 0.02767310 0.34144247
v -0.12865120 0.02762579 0.34839451
v 1.12035990 0.02290925 1.45005083
v 1.10833597 0.02290925 1.45367467
v -0.12061274 0.02771817 1.45517683
v -0.11261946 0.02762568 1.45754743
v 1.12035990 1.39053226 0.34139597
v 1.10833609 1.39053226 0.33777213
v -0.12035984 1.39053226 0.34139585
v -0.12436783 1.39053226 0.35226750
v 1.12035990 1.39053214 1.45005095
v 1.12436783 1.39053214 1.43917930
v -0.12035996 1.39053214 1.45005083
v -0.10833609 1.39053214 1.45367467
v -0.12339056 0.03548468 0.33387560
v -0.12339056 0.18882850 0.33387560
v 1.12339067 1.37795687 0.33387583
v 1.12339067 1.22461331 0.33387589
v -0.12878793 0.03548457 1.45249045
v -0.12878793 0.18882835 1.45249045
v 1.12339056 0.03548457 1.45757103
v 1.12339056 0.18882835 1.45757103
v -0.12878782 0.03548468 0.33895600
v -0.12610996 0.02767310 0.34144247
v -0.12339067 0.03548457 1.45757079
v -0.12061274 0.02771817 1.45517683
v 1.12611008 0.02767310 0.34144258
v 1.12878799 0.03548468 0.33895612
v 1.12061262 0.02771817 1.45517695
v 1.12339056 0.03548457 1.45757103
v 1.12061262 1.38572335 0.33626992
v 1.12339067 1.37795687 0.33387583
v -0.12610996 1.38576853 0.34144258
v -0.12878782 1.37795687 0.33895612
v 1.12610996 1.38576841 1.45000422
v 1.12878776 1.37795675 1.45249069
v -0.12061268 1.38572323 1.45517695
v -0.12339067 1.37795675 1.45757103
v 0.94580442 0.02248205 1.45247483
v 0.93098640 0.02248204 1.45247483
v 0.93098640 0.02248204 1.45247483
v 0.06906119 0.02248207 1.45247483
v 0.06906119 0.02248207 1.45247483
v 0.05220830 0.02248208 1.45247483
v 0.05220830 0.02248208 1.45247483
v -0.10833609 0.02290925 1.45367455
v 0.05220842 0.02248219 0.33897167
v 0.06906131 0.02248219 0.33897167
v 0.06906131 0.02248219 0.33897167
v 0.93098652 0.02248219 0.33897179
v 0.93098652 0.02248219 0.33897179
v 0.94580454 0.02248220 0.33897179
v 0.94580454 0.02248220 0.33897179
v 1.10833609 0.02290940 0.33777201
v 0.94580454 1.39095950 0.33897185
v 0.93098652 1.39095950 0.33897191
v 0.93098652 1.39095950 0.33897191
v 0.06906131 1.39095950 0.33897173
v 0.06906131 1.39095950 0.33897173
v 0.05220842 1.39095950 0.33897173
v 0.05220842 1.39095950 0.33897173
v -0.10833597 1.39053226 0.33777201
v 0.05220830 1.39095926 1.45247483
v 0.06906119 1.39095926 1.45247483
v 0.06906119 1.39095926 1.45247483
v 0.93098640 1.39095926 1.45247507
v 0.93098640 1.39095926 1.45247507
v 0.94580442 1.39095926 1.45247507
v 0.94580442 1.39095926 1.45247507
v 1.10833597 1.39053214 1.45367479
v -0.12339056 0.18882850 0.33387560
v -0.12339056 0.20378406 0.33387560
v -0.12339056 0.20378406 0.33387560
v -0.12339056 0.35395893 0.33387566
v -0.12339056 1.20965719 0.33387578
v -0.12339056 1.22461331 0.33387578
v -0.12339056 1.22461331 0.33387578
v -0.12339056 1.37795687 0.33387572
v 1.12339067 1.22461331 0.33387589
v 1.12339067 1.20965731 0.33387583
v 1.12339067 1.20965731 0.33387583
v 1.12339067 1.04693282 0.33387583
v 1.12339067 0.20378415 0.33387572
v 1.12339067 0.18882854 0.33387572
v 1.12339067 0.18882854 0.33387572
v 1.12339067 0.03548468 0.33387572
v -0.12878793 0.18882835 1.45249045
v -0.12878793 0.20378391 1.45249045
v -0.12878793 0.20378391 1.45249045
v -0.12878793 0.35395876 1.45249057
v -0.12878793 1.20965695 1.45249057
v -0.12878793 1.22461307 1.45249057
v -0.12878793 1.22461307 1.45249057
v -0.12878793 1.37795675 1.45249057
v 1.12339056 0.18882835 1.45757103
v 1.12339056 0.20378391 1.45757103
v 1.12339056 0.20378391 1.45757103
v 1.12339056 0.35395876 1.45757103
v 1.12339056 1.20965695 1.45757103
v 1.12339056 1.22461307 1.45757115
v 1.12339056 1.22461307 1.45757115
v 1.12339056 1.37795675 1.45757103
v -0.12339056 0.46083283 0.33387566
v -0.12339056 0.46083283 0.33387566
v -0.12339056 0.93855107 0.33387572
v -0.12339056 0.93855107 0.33387572
v -0.12339056 1.04693270 0.33387572
v 1.12339067 1.04693282 0.33387583
v 1.12339067 0.93855119 0.33387583
v 1.12339067 0.93855119 0.33387583
v 1.12339067 0.46083301 0.33387578
v 1.12339067 0.46083301 0.33387578
v 1.12339067 0.35395908 0.33387578
v 1.12339067 0.20378415 0.33387572
v -0.12878793 0.35395876 1.45249057
v -0.12878793 0.46083266 1.45249057
v -0.12878793 0.46083266 1.45249057
v -0.12878793 0.93855095 1.45249057
v -0.12878793 0.93855095 1.45249057
v -0.12878793 1.04693258 1.45249057
v 1.12339056 0.46083266 1.45757103
v 1.12339056 0.46083266 1.45757103
v 1.12339056 0.93855095 1.45757103
v 1.12339056 0.93855095 1.45757103
v 1.12339056 1.04693258 1.45757103
vt 0.50629824 0.45463943
vt 0.50629824 0.31706727
vt 0.39846218 0.31706727
vt 0.39846218 0.45463943
vt 0.34168202 0.45463943
vt 0.34168202 0.31706727
vt 0.23384592 0.31706715
vt 0.23384592 0.45463943
vt 0.45328727 0.49112439
vt 0.45328727 0.62869656
vt 0.51305705 0.62869656
vt 0.51305705 0.49112439
vt 0.07956904 0.49583077
vt 0.07956904 0.60367548
vt 0.13933887 0.60367548
vt 0.13933887 0.60367548
vt 0.13933887 0.49583077
vt 0.07956904 0.49583077
vt 0.07956904 0.31706727
vt 0.07956904 0.45463943
vt 0.13933887 0.45463943
vt 0.13933887 0.31706727
vt 0.37426475 0.45384806
vt 0.37539518 0.45282578
vt 0.37539518 0.31888080
vt 0.37426475 0.31785858
vt 0.50629997 0.45551151
vt 0.39845970 0.45551151
vt 0.53050101 0.31785858
vt 0.52937037 0.31888080
vt 0.52937037 0.45282578
vt 0.53050101 0.45384806
vt 0.39845970 0.31619519
vt 0.50629997 0.31619519
vt 0.34168372 0.45551151
vt 0.23384343 0.45551151
vt 0.36588454 0.31785858
vt 0.36475411 0.31888080
vt 0.36475411 0.45282578
vt 0.36588454 0.45384806
vt 0.23384343 0.31619513
vt 0.34168372 0.31619519
vt 0.20964831 0.45384806
vt 0.21077891 0.45282578
vt 0.21077891 0.31888080
vt 0.20964831 0.31785858
vt 0.19255647 0.45463943
vt 0.19353981 0.45433259
vt 0.19353981 0.31737405
vt 0.19255647 0.31706727
vt 0.19255647 0.60367548
vt 0.19351497 0.60367495
vt 0.19351497 0.49583167
vt 0.19255647 0.49583077
vt 0.56627464 0.62869656
vt 0.56725800 0.62838972
vt 0.56725800 0.49143118
vt 0.56627464 0.49112439
vt 0.37869155 0.60368228
vt 0.37965006 0.60368150
vt 0.37965006 0.49583822
vt 0.37869155 0.49583769
vt 0.21072762 0.49583769
vt 0.20976911 0.49583822
vt 0.20976911 0.60368150
vt 0.21072762 0.60368228
vt 0.39831072 0.49112439
vt 0.39732739 0.49143118
vt 0.39732739 0.62838972
vt 0.39831072 0.62869656
vt 0.02459252 0.49583077
vt 0.02363403 0.49583167
vt 0.02363403 0.60367495
vt 0.02459252 0.60367548
vt 0.02459252 0.31706715
vt 0.02360919 0.31737399
vt 0.02360919 0.45433259
vt 0.02459252 0.45463943
vt 0.26570415 0.47176075
vt 0.26570415 0.47276902
vt 0.32547396 0.47276902
vt 0.32547396 0.47176075
vt 0.32547396 0.62775242
vt 0.32547396 0.62674409
vt 0.26570415 0.62674409
vt 0.26570415 0.62775242
vt 0.45328727 0.49025023
vt 0.51305705 0.49025023
vt 0.07956904 0.47176075
vt 0.07956904 0.47276902
vt 0.13933887 0.47276902
vt 0.13933887 0.47176075
vt 0.37476620 0.31649840
vt 0.37589663 0.31752062
vt 0.56760210 0.62952495
vt 0.56627464 0.62957060
vt 0.37476620 0.45520830
vt 0.37627044 0.45566165
vt 0.37740105 0.45463943
vt 0.37589663 0.45418602
vt 0.19388391 0.62766027
vt 0.19353981 0.62640476
vt 0.19255647 0.62674409
vt 0.19255647 0.62775242
vt 0.21014978 0.45520830
vt 0.21165419 0.45566165
vt 0.21278480 0.45463943
vt 0.21128038 0.45418602
vt 0.36538306 0.45520830
vt 0.36425263 0.45418602
vt 0.21014978 0.31649840
vt 0.21128038 0.31752062
vt 0.36538306 0.31649840
vt 0.36387882 0.31604505
vt 0.36274821 0.31706715
vt 0.36425263 0.31752062
vt 0.19255647 0.31619322
vt 0.19388391 0.31623888
vt 0.52886891 0.31752062
vt 0.52999938 0.31649840
vt 0.19255647 0.47176075
vt 0.19255647 0.47276902
vt 0.19353981 0.47310835
vt 0.19388391 0.47185296
vt 0.52886891 0.45418602
vt 0.52736449 0.45463943
vt 0.52849513 0.45566165
vt 0.52999938 0.45520830
vt 0.21072762 0.62775242
vt 0.21072762 0.62674409
vt 0.20974429 0.62640476
vt 0.20940019 0.62766027
vt 0.39831072 0.62957060
vt 0.39698330 0.62952495
vt 0.02459252 0.45551348
vt 0.02326511 0.45546782
vt 0.02459252 0.62775242
vt 0.02459252 0.62674409
vt 0.02360919 0.62640476
vt 0.02326511 0.62766027
vt 0.45328727 0.62957060
vt 0.51305705 0.62957060
vt 0.13933887 0.31619322
vt 0.07956904 0.31619322
vt 0.07956904 0.62674409
vt 0.07956904 0.62775242
vt 0.13933887 0.62775242
vt 0.13933887 0.62674409
vt 0.07956904 0.45551348
vt 0.13933887 0.45551348
vt 0.37627044 0.31604505
vt 0.37740105 0.31706727
vt 0.37967488 0.47310835
vt 0.38001898 0.47185296
vt 0.37869155 0.47176075
vt 0.37869155 0.47276902
vt 0.56760210 0.49029601
vt 0.56627464 0.49025023
vt 0.36387882 0.45566165
vt 0.36274821 0.45463943
vt 0.21165419 0.31604505
vt 0.21278480 0.31706715
vt 0.37869155 0.62674409
vt 0.37869155 0.62775242
vt 0.38001898 0.62766027
vt 0.37967488 0.62640476
vt 0.52736449 0.31706727
vt 0.52849513 0.31604505
vt 0.19255647 0.45551348
vt 0.19388391 0.45546782
vt 0.02459252 0.31619316
vt 0.02326511 0.31623888
vt 0.21072762 0.47276902
vt 0.21072762 0.47176075
vt 0.20940019 0.47185296
vt 0.20974429 0.47310835
vt 0.02459252 0.47276902
vt 0.02459252 0.47176075
vt 0.02326511 0.47185296
vt 0.02360919 0.47310835
vt 0.39831072 0.49025023
vt 0.39698330 0.49029601
vt 0.37234402 0.04079545
vt 0.37234402 0.05308950
vt 0.29861137 0.05308950
vt 0.29861137 0.04079545
vt 0.11403236 0.04093742
vt 0.11403236 0.05323148
vt 0.24705777 0.05323148
vt 0.24705777 0.04093742
vt 0.28116167 0.03550959
vt 0.28116167 0.02321541
vt 0.41418722 0.02321541
vt 0.41418722 0.03550959
vt 0.27781665 0.03550959
vt 0.27781665 0.02321541
vt 0.27885342 0.02321541
vt 0.27885342 0.03550959
vt 0.24936604 0.04093742
vt 0.24936604 0.05323148
vt 0.25040278 0.05323148
vt 0.25040278 0.04093742
vt 0.11068735 0.04093742
vt 0.11068735 0.05323148
vt 0.11172408 0.05323148
vt 0.11172408 0.04093742
vt 0.41649526 0.03550959
vt 0.41649526 0.02321541
vt 0.41753197 0.02321541
vt 0.41753197 0.03550959
vt 0.36121464 0.49395198
vt 0.36198980 0.49583912
vt 0.37869155 0.49372721
vt 0.23178437 0.49148405
vt 0.23178461 0.47276902
vt 0.22991338 0.47276902
vt 0.22991338 0.49225914
vt 0.22820430 0.60554457
vt 0.21072762 0.60553747
vt 0.22991338 0.60725397
vt 0.22991338 0.62674409
vt 0.35950604 0.60725397
vt 0.35763481 0.60802907
vt 0.35763481 0.62674409
vt 0.35950604 0.62674409
vt 0.41649526 0.04079545
vt 0.41649526 0.05308950
vt 0.41418722 0.05308950
vt 0.41418722 0.04079545
vt 0.26876208 0.03503466
vt 0.26876208 0.02274060
vt 0.26645380 0.02274060
vt 0.26645380 0.03503466
vt 0.25893742 0.04079545
vt 0.25893742 0.05308950
vt 0.25662914 0.05308950
vt 0.25662914 0.04079545
vt 0.11120413 0.03503466
vt 0.11120413 0.02274060
vt 0.10889585 0.02274060
vt 0.10889585 0.03503466
vt 0.37531590 0.19638526
vt 0.37531787 0.18294013
vt 0.33707419 0.18295813
vt 0.33707517 0.19639015
vt 0.17961784 0.30209923
vt 0.17903396 0.19779801
vt 0.16555375 0.19795537
vt 0.16621323 0.30213690
vt 0.47437951 0.28189898
vt 0.47437805 0.29534400
vt 0.51262170 0.29532611
vt 0.51262021 0.28189397
vt 0.12584504 0.19907773
vt 0.12642819 0.30337906
vt 0.13990816 0.30322111
vt 0.13924941 0.19903970
vt 0.41757429 0.19630754
vt 0.41841584 0.19630051
vt 0.41840029 0.18285060
vt 0.41764867 0.18284726
vt 0.29104382 0.19656706
vt 0.29203269 0.19657147
vt 0.29152998 0.18309808
vt 0.29070085 0.18313599
vt 0.42903790 0.28195846
vt 0.42819589 0.28196657
vt 0.42820317 0.29541719
vt 0.42895186 0.29542053
vt 0.55566764 0.28184962
vt 0.55506146 0.28186047
vt 0.55514216 0.29530311
vt 0.55585384 0.29527235
vt 0.12581125 0.19766116
vt 0.13919252 0.19750035
vt 0.29350379 0.19665658
vt 0.29304463 0.18305457
vt 0.17965138 0.30351567
vt 0.16626987 0.30367661
vt 0.55349457 0.28187084
vt 0.55354798 0.29533362
vt 0.41610801 0.19632959
vt 0.41611144 0.18286061
vt 0.17901622 0.19645536
vt 0.16553406 0.19646442
vt 0.43049055 0.28193295
vt 0.43048033 0.29540539
vt 0.12644570 0.30472302
vt 0.13992760 0.30471265
vt 0.48787501 0.02821767
vt 0.47497600 0.02821767
vt 0.47599086 0.03411543
vt 0.48786092 0.03411543
vt 0.43436936 0.02821767
vt 0.43214908 0.02911031
vt 0.43774694 0.03485751
vt 0.43944365 0.03411543
vt 0.43117434 0.03008378
vt 0.43709284 0.03550732
vt 0.43028101 0.03230107
vt 0.43634367 0.03718925
vt 0.43028101 0.16187084
vt 0.43634367 0.15698278
vt 0.43117434 0.16408837
vt 0.43709284 0.15866470
vt 0.43214908 0.16506159
vt 0.43774694 0.15931451
vt 0.43436936 0.16595435
vt 0.43944365 0.16005635
vt 0.53631341 0.16595435
vt 0.54730594 0.16595435
vt 0.54629111 0.16005635
vt 0.53627014 0.16005635
vt 0.58577526 0.16595435
vt 0.58799553 0.16506159
vt 0.58239764 0.15931451
vt 0.58070093 0.16005635
vt 0.58897024 0.16408837
vt 0.58305180 0.15866470
vt 0.58986354 0.16187084
vt 0.58380091 0.15698278
vt 0.58986354 0.03230107
vt 0.58380091 0.03718925
vt 0.58897024 0.03008378
vt 0.58305180 0.03550732
vt 0.58799553 0.02911031
vt 0.58239764 0.03485751
vt 0.58577526 0.02821767
vt 0.58070093 0.03411543
vt 0.33705717 0.17731285
vt 0.33706835 0.17880368
vt 0.37530571 0.17873681
vt 0.37531590 0.17738485
vt 0.29099667 0.17745423
vt 0.29124826 0.17889643
vt 0.29284358 0.17879057
vt 0.29255530 0.17732120
vt 0.29025334 0.17755926
vt 0.29044488 0.17898083
vt 0.15966249 0.19775200
vt 0.16120701 0.19799042
vt 0.16128820 0.19644427
vt 0.15981416 0.19622970
vt 0.16081370 0.30245650
vt 0.16216767 0.30218792
vt 0.16083704 0.30398524
vt 0.16220096 0.30377162
vt 0.42872775 0.30113983
vt 0.42887700 0.29964471
vt 0.42814922 0.29960930
vt 0.42802864 0.30106735
vt 0.43024603 0.30123901
vt 0.43046138 0.29967761
vt 0.51263821 0.30097115
vt 0.51262754 0.29948032
vt 0.47438970 0.29954708
vt 0.47437999 0.30089903
vt 0.55540562 0.30090046
vt 0.55522525 0.29947889
vt 0.55359030 0.29954243
vt 0.55384266 0.30097115
vt 0.55614114 0.30083752
vt 0.55600703 0.29942024
vt 0.14579943 0.30342448
vt 0.14425442 0.30318582
vt 0.14417420 0.30473185
vt 0.14564775 0.30494654
vt 0.14464918 0.19871998
vt 0.14329523 0.19898844
vt 0.14462608 0.19719124
vt 0.14326216 0.19740510
vt 0.41785818 0.17713094
vt 0.41771430 0.17862606
vt 0.41844547 0.17865920
vt 0.41855973 0.17720079
vt 0.41633797 0.17703712
vt 0.41612601 0.17859817
vt 0.49025160 0.03411543
vt 0.49029195 0.03529179
vt 0.53334808 0.03529179
vt 0.53338850 0.03411543
vt 0.43882963 0.03596890
vt 0.44045559 0.03529179
vt 0.43823677 0.03655553
vt 0.43755177 0.03816295
vt 0.43755177 0.15600884
vt 0.43823677 0.15761650
vt 0.43882963 0.15820301
vt 0.44045559 0.15888023
vt 0.53338850 0.16005635
vt 0.53334808 0.15888023
vt 0.49029195 0.15888023
vt 0.49025160 0.16005635
vt 0.58131492 0.15820301
vt 0.57968903 0.15888023
vt 0.58190787 0.15761650
vt 0.58259308 0.15600884
vt 0.58259308 0.03816295
vt 0.58190787 0.03655553
vt 0.58131492 0.03596890
vt 0.57968903 0.03529179
vt 0.47486079 0.02754724
vt 0.49021029 0.02821767
vt 0.53353238 0.02821767
vt 0.53644395 0.02821767
vt 0.54730594 0.02821767
vt 0.54742146 0.02754724
vt 0.42959261 0.16242588
vt 0.42959261 0.03174591
vt 0.54742146 0.16662478
vt 0.53338724 0.16595435
vt 0.49024311 0.16595435
vt 0.48785776 0.16595435
vt 0.47497600 0.16595435
vt 0.47486079 0.16662478
vt 0.59055221 0.03174591
vt 0.59055221 0.16242588
vt 0.58861268 0.02847672
vt 0.58962244 0.02948606
vt 0.43052214 0.02948606
vt 0.43153191 0.02847672
vt 0.43153191 0.16569507
vt 0.43052214 0.16468585
vt 0.58962244 0.16468585
vt 0.58861268 0.16569507
vt 0.43379253 0.02754724
vt 0.58635205 0.16662478
vt 0.58635205 0.02754724
vt 0.43379253 0.16662478
vt 0.37234402 0.05308950
vt 0.37230489 0.05398726
vt 0.29865026 0.05398726
vt 0.29865026 0.05398726
vt 0.29861137 0.05308950
vt 0.37234402 0.05308950
vt 0.11403236 0.05323148
vt 0.11422014 0.05412912
vt 0.24686986 0.05412912
vt 0.24705777 0.05323148
vt 0.22678009 0.02274060
vt 0.22674096 0.02184284
vt 0.15308659 0.02184284
vt 0.15304756 0.02274060
vt 0.28116167 0.02321541
vt 0.28134960 0.02231765
vt 0.41399932 0.02231765
vt 0.41418722 0.02321541
vt 0.25662914 0.05308950
vt 0.25683820 0.05398726
vt 0.25581312 0.05398726
vt 0.25559264 0.05308950
vt 0.41753197 0.05308950
vt 0.41731152 0.05398726
vt 0.41628671 0.05398726
vt 0.41649526 0.05308950
vt 0.10889585 0.02274060
vt 0.10910466 0.02184284
vt 0.10807970 0.02184284
vt 0.10785912 0.02274060
vt 0.26979882 0.02274060
vt 0.26957810 0.02184284
vt 0.26855329 0.02184284
vt 0.26876208 0.02274060
vt 0.27885342 0.02321541
vt 0.27905566 0.02231765
vt 0.41399202 0.05398726
vt 0.41418722 0.05308950
vt 0.11172408 0.05323148
vt 0.11192620 0.05412912
vt 0.26625860 0.02184284
vt 0.26645380 0.02274060
vt 0.25893742 0.05308950
vt 0.25913286 0.05398726
vt 0.24916381 0.05412912
vt 0.24936604 0.05323148
vt 0.11120413 0.02274060
vt 0.11139932 0.02184284
vt 0.41629326 0.02231765
vt 0.41649526 0.02321541
vt 0.50840497 0.31706727
vt 0.50840497 0.45463943
vt 0.39660919 0.45463943
vt 0.39660919 0.31706727
vt 0.34378877 0.31706727
vt 0.34378877 0.45463943
vt 0.23199293 0.45463943
vt 0.23199293 0.31706727
vt 0.07956904 0.49397564
vt 0.13933887 0.49397564
vt 0.07956904 0.49397564
vt 0.07956904 0.49583077
vt 0.13933887 0.49583077
vt 0.13933887 0.49583077
vt 0.13933887 0.49397564
vt 0.07956904 0.49397564
vt 0.13933887 0.60578591
vt 0.07956904 0.60578591
vt 0.13933887 0.60367548
vt 0.07956904 0.60367548
vt 0.50840843 0.45551151
vt 0.39660576 0.45551151
vt 0.39660576 0.31619519
vt 0.50840843 0.31619519
vt 0.34379220 0.45551151
vt 0.23198935 0.45551151
vt 0.23198935 0.31619519
vt 0.34379220 0.31619519
vt 0.19255647 0.60578591
vt 0.19351497 0.60578477
vt 0.19255647 0.49397564
vt 0.19351497 0.49397689
vt 0.37869155 0.60553747
vt 0.37965006 0.60553628
vt 0.37965006 0.49372840
vt 0.21072762 0.49372721
vt 0.20976911 0.49372840
vt 0.20976911 0.60553628
vt 0.02459252 0.49397564
vt 0.02363403 0.49397689
vt 0.02459252 0.60578591
vt 0.02363403 0.60578477
vt 0.22742936 0.60367453
vt 0.36198980 0.60367453
vt 0.36121488 0.60554457
vt 0.22742936 0.49583912
vt 0.22820455 0.49395198
vt 0.35950604 0.49225914
vt 0.35950604 0.47276902
vt 0.41749650 0.62869656
vt 0.41749650 0.49112439
vt 0.41936773 0.62869656
vt 0.41936773 0.49112439
vt 0.54708916 0.49112439
vt 0.54708916 0.62869656
vt 0.54521793 0.49112439
vt 0.54521793 0.62869656
vt 0.04377830 0.60367548
vt 0.04377830 0.49583077
vt 0.04377830 0.49583077
vt 0.04377830 0.60367548
vt 0.04564929 0.60367548
vt 0.04564953 0.49583077
vt 0.17337094 0.49583077
vt 0.17337094 0.60367548
vt 0.17149971 0.49583077
vt 0.17149971 0.60367548
vt 0.04377830 0.45463943
vt 0.04377830 0.31706727
vt 0.04564953 0.45463943
vt 0.04564929 0.31706727
vt 0.17337094 0.31706727
vt 0.17337094 0.45463943
vt 0.17149971 0.31706727
vt 0.17149971 0.45463943
vt 0.22991338 0.47176075
vt 0.23178461 0.47176075
vt 0.35950604 0.47176075
vt 0.35763481 0.47176075
vt 0.35763481 0.47276902
vt 0.35950604 0.62775242
vt 0.35763481 0.62775242
vt 0.22991338 0.62775242
vt 0.23178437 0.62775242
vt 0.23178437 0.62674409
vt 0.41749650 0.49025023
vt 0.41936773 0.49025023
vt 0.54708916 0.49025023
vt 0.54521793 0.49025023
vt 0.04377830 0.47276902
vt 0.04377830 0.47176075
vt 0.04564953 0.47276902
vt 0.04564953 0.47176075
vt 0.17337094 0.47176075
vt 0.17337094 0.47276902
vt 0.17149971 0.47176075
vt 0.17149971 0.47276902
vt 0.41749650 0.62957060
vt 0.41936773 0.62957060
vt 0.54708916 0.62957060
vt 0.54521793 0.62957060
vt 0.17337094 0.31619322
vt 0.17149971 0.31619322
vt 0.04377830 0.31619322
vt 0.04564929 0.31619322
vt 0.04377830 0.62775242
vt 0.04377830 0.62674409
vt 0.04564953 0.62775242
vt 0.04564953 0.62674409
vt 0.17337094 0.62674409
vt 0.17337094 0.62775242
vt 0.17149971 0.62674409
vt 0.17149971 0.62775242
vt 0.04377830 0.45551348
vt 0.04564953 0.45551348
vt 0.17337094 0.45551348
vt 0.17149971 0.45551348
vt 0.04377830 0.49397564
vt 0.04564929 0.49397564
vt 0.17337094 0.49397564
vt 0.17149971 0.49397564
vt 0.04377830 0.49397564
vt 0.04377830 0.49583077
vt 0.04564953 0.49583077
vt 0.04564929 0.49397564
vt 0.17149971 0.49397564
vt 0.17337094 0.60578591
vt 0.17149971 0.60578591
vt 0.04377830 0.60578591
vt 0.04564929 0.60578591
vt 0.04377830 0.60367548
vt 0.04377830 0.60578591
vt 0.04564929 0.60578591
vt 0.04564929 0.60367548
vt 0.26570415 0.49148405
vt 0.32547396 0.49148405
vt 0.35763481 0.49148405
vt 0.32547396 0.60802907
vt 0.26570415 0.60802907
vt 0.23178437 0.60802907
vt 0.37531590 0.30091310
vt 0.37531590 0.19638526
vt 0.33707517 0.19639015
vt 0.33707565 0.30091488
vt 0.28412616 0.30129337
vt 0.28357413 0.19737434
vt 0.47437999 0.17737091
vt 0.47437951 0.28189898
vt 0.51262021 0.28189397
vt 0.51261973 0.17736924
vt 0.02133650 0.19988275
vt 0.02188730 0.30380106
vt 0.41799188 0.30083537
vt 0.41855925 0.30082953
vt 0.29268947 0.30106914
vt 0.29291457 0.30107069
vt 0.42863733 0.17743075
vt 0.42806023 0.17743731
vt 0.55506337 0.17732942
vt 0.55431950 0.17733610
vt 0.02131438 0.19831502
vt 0.29450625 0.30106807
vt 0.28414828 0.30286145
vt 0.55298257 0.17734194
vt 0.41639632 0.30085468
vt 0.28355664 0.19563568
vt 0.43026447 0.17741072
vt 0.02190506 0.30553794
vt 0.06470525 0.07713950
vt 0.06470525 0.18493986
vt 0.10291779 0.18493986
vt 0.10291779 0.07713950
vt 0.06470281 0.18546855
vt 0.06470281 0.18599713
vt 0.10292557 0.18599713
vt 0.10292292 0.18546855
vt 0.02249134 0.18518925
vt 0.02240241 0.18599713
vt 0.02382585 0.18599713
vt 0.02385622 0.18546855
vt 0.02198720 0.18446314
vt 0.02189386 0.18599713
vt 0.02169043 0.18304181
vt 0.02133286 0.18303788
vt 0.02145267 0.18468201
vt 0.02198720 0.18446314
vt 0.02146289 0.07908869
vt 0.02091813 0.07908738
vt 0.02199817 0.07764006
vt 0.02103871 0.07738388
vt 0.02249014 0.07721543
vt 0.02239996 0.07673275
vt 0.02189118 0.07673275
vt 0.02202708 0.07721531
vt 0.02385503 0.07693624
vt 0.02382320 0.07673275
vt 0.10292169 0.07693624
vt 0.10292292 0.07673287
vt 0.06470037 0.07673287
vt 0.06470159 0.07693624
vt 0.14823800 0.07721543
vt 0.14832842 0.07673287
vt 0.14690495 0.07673287
vt 0.14687335 0.07693624
vt 0.14870107 0.07754183
vt 0.14883694 0.07673287
vt 0.14898352 0.07900512
vt 0.14918552 0.07895863
vt 0.14918552 0.07754755
vt 0.14870107 0.07754183
vt 0.14898401 0.18323684
vt 0.14918673 0.18344605
vt 0.14870228 0.18486285
vt 0.14918673 0.18485713
vt 0.14823946 0.18518925
vt 0.14833085 0.18599713
vt 0.14883938 0.18599713
vt 0.14870228 0.18486285
vt 0.14687456 0.18546855
vt 0.14690739 0.18599713
vt 0.06470281 0.18546855
vt 0.10292292 0.18546855
vt 0.02276140 0.18445361
vt 0.02249134 0.18518925
vt 0.02385622 0.18546855
vt 0.02394983 0.18493986
vt 0.02243495 0.18413115
vt 0.02198720 0.18446314
vt 0.02194491 0.18296313
vt 0.02169043 0.18304181
vt 0.02194491 0.07911623
vt 0.02146289 0.07908869
vt 0.02243495 0.07794821
vt 0.02199817 0.07764006
vt 0.02276140 0.07762587
vt 0.02249014 0.07721543
vt 0.02394983 0.07713950
vt 0.02385503 0.07693624
vt 0.10292169 0.07693624
vt 0.06470159 0.07693624
vt 0.14796697 0.07762587
vt 0.14823800 0.07721543
vt 0.14687335 0.07693624
vt 0.14677855 0.07713950
vt 0.14829342 0.07794821
vt 0.14870107 0.07754183
vt 0.14878322 0.07911623
vt 0.14898352 0.07900512
vt 0.14878322 0.18296313
vt 0.14898401 0.18323684
vt 0.14829342 0.18413115
vt 0.14870228 0.18486285
vt 0.14796697 0.18445361
vt 0.14823946 0.18518925
vt 0.14677855 0.18493986
vt 0.14687456 0.18546855
vt 0.43972707 0.62869656
vt 0.43972707 0.49112439
vt 0.52642858 0.49112439
vt 0.52642858 0.62869656
vt 0.06600863 0.60367548
vt 0.06600887 0.49583077
vt 0.15271041 0.49583077
vt 0.15271041 0.60367548
vt 0.13933887 0.49583077
vt 0.13933887 0.60367548
vt 0.15271041 0.60367548
vt 0.06600887 0.45463943
vt 0.06600863 0.31706727
vt 0.15271041 0.31706727
vt 0.15271041 0.45463943
vt 0.25214398 0.47276902
vt 0.25214398 0.47176075
vt 0.33884549 0.47176075
vt 0.33884549 0.47276902
vt 0.33884549 0.62674409
vt 0.33884549 0.62775242
vt 0.25214374 0.62775242
vt 0.25214374 0.62674409
vt 0.43972707 0.49025023
vt 0.52642858 0.49025023
vt 0.06600887 0.47276902
vt 0.06600887 0.47176075
vt 0.15271041 0.47176075
vt 0.15271041 0.47276902
vt 0.43972707 0.62957060
vt 0.52642858 0.62957060
vt 0.15271041 0.31619322
vt 0.06600863 0.31619322
vt 0.06600887 0.62775242
vt 0.06600887 0.62674409
vt 0.15271041 0.62674409
vt 0.15271041 0.62775242
vt 0.06600887 0.45551348
vt 0.15271041 0.45551348
vt 0.38907176 0.05308950
vt 0.38907176 0.04079545
vt 0.38907176 0.04079545
vt 0.38907176 0.05308950
vt 0.37234402 0.05308950
vt 0.37234402 0.05308950
vt 0.37234402 0.04079545
vt 0.38907176 0.04079545
vt 0.28211600 0.04079545
vt 0.28211600 0.05308950
vt 0.28211600 0.05308950
vt 0.28211600 0.04079545
vt 0.29861137 0.04079545
vt 0.29861137 0.04079545
vt 0.29861137 0.05308950
vt 0.28211600 0.05308950
vt 0.24327523 0.02274060
vt 0.24327523 0.03503466
vt 0.24327523 0.03503466
vt 0.24327523 0.02274060
vt 0.22678009 0.02274060
vt 0.22678009 0.02274060
vt 0.22678009 0.03503466
vt 0.13631958 0.03503466
vt 0.13631958 0.02274060
vt 0.13631958 0.02274060
vt 0.13631958 0.03503466
vt 0.15304756 0.03503466
vt 0.15304756 0.02274060
vt 0.39837199 0.18297315
vt 0.39838171 0.19640934
vt 0.58977604 0.41182673
vt 0.58977604 0.38930845
vt 0.57019675 0.38930845
vt 0.57019675 0.41182673
vt 0.31203324 0.19636297
vt 0.31215674 0.18285334
vt 0.54163057 0.38930845
vt 0.54163057 0.41182673
vt 0.56159467 0.41182673
vt 0.56159467 0.38930845
vt 0.44990385 0.29528975
vt 0.44989702 0.28187001
vt 0.46198341 0.29523551
vt 0.46196592 0.28182662
vt 0.53573418 0.28191817
vt 0.53577554 0.29534113
vt 0.53577554 0.29534113
vt 0.53573418 0.28191817
vt 0.52382576 0.28193653
vt 0.52382576 0.28193653
vt 0.52385879 0.29536319
vt 0.53577554 0.29534113
vt 0.45880419 0.02821767
vt 0.46184877 0.03411543
vt 0.56324857 0.02821767
vt 0.56020403 0.03411543
vt 0.54629111 0.03411543
vt 0.56324857 0.16595435
vt 0.56020403 0.16005635
vt 0.45880419 0.16595435
vt 0.46184877 0.16005635
vt 0.47599086 0.16005635
vt 0.31209838 0.17731369
vt 0.31225395 0.17868960
vt 0.32430437 0.17733300
vt 0.32435495 0.17878115
vt 0.39852417 0.17750967
vt 0.39837345 0.17886889
vt 0.38653889 0.17757750
vt 0.38648540 0.17891562
vt 0.53597486 0.30092597
vt 0.53579688 0.29949093
vt 0.52395797 0.30095959
vt 0.52388501 0.29953289
vt 0.44975314 0.30075502
vt 0.44990334 0.29939604
vt 0.46194112 0.30070221
vt 0.46199071 0.29936290
vt 0.46245596 0.03529179
vt 0.47619337 0.03529179
vt 0.55959678 0.03529179
vt 0.54608864 0.03529179
vt 0.55959678 0.15888023
vt 0.54608864 0.15888023
vt 0.46245596 0.15888023
vt 0.47619337 0.15888023
vt 0.45845804 0.02754724
vt 0.56359470 0.02754724
vt 0.56359470 0.16662478
vt 0.45845804 0.16662478
vt 0.38907176 0.05308950
vt 0.38895485 0.05398726
vt 0.37234402 0.05308950
vt 0.38907176 0.05308950
vt 0.38895485 0.05398726
vt 0.38895485 0.05398726
vt 0.37230489 0.05398726
vt 0.37234402 0.05308950
vt 0.28211600 0.05308950
vt 0.28223318 0.05398726
vt 0.28223318 0.05398726
vt 0.28211600 0.05308950
vt 0.29861137 0.05308950
vt 0.29861137 0.05308950
vt 0.29865026 0.05398726
vt 0.28223318 0.05398726
vt 0.24327523 0.02274060
vt 0.24315830 0.02184284
vt 0.13631958 0.02274060
vt 0.13643675 0.02184284
vt 0.06600863 0.49397564
vt 0.15271041 0.49397564
vt 0.06600887 0.49583077
vt 0.06600863 0.49397564
vt 0.07956904 0.49583077
vt 0.07956904 0.49397564
vt 0.15271041 0.49397564
vt 0.13933887 0.49397564
vt 0.13933887 0.49583077
vt 0.15271041 0.49583077
vt 0.15271041 0.60578591
vt 0.06600863 0.60578591
vt 0.06600863 0.60367548
vt 0.25214374 0.49148405
vt 0.33884549 0.49148405
vt 0.33884549 0.60802907
vt 0.25214374 0.60802907
vt 0.39866030 0.30093575
vt 0.38654327 0.19646013
vt 0.38669837 0.30098224
vt 0.31519473 0.30082679
vt 0.32724708 0.30063272
vt 0.32410139 0.19617403
vt 0.32420713 0.18292129
vt 0.38649562 0.18304586
vt 0.44973853 0.17734206
vt 0.46186772 0.17730486
vt 0.53539968 0.17739522
vt 0.52362591 0.17741466
vt 0.52382576 0.28193653
vt 0.52385879 0.29536319
vt 0.04162705 0.18493986
vt 0.04162705 0.07713950
vt 0.05345601 0.18493986
vt 0.05345601 0.07713950
vt 0.12740609 0.07713950
vt 0.12740609 0.18493986
vt 0.11537367 0.07713950
vt 0.11537367 0.18493986
vt 0.04155388 0.18599713
vt 0.04157138 0.18546855
vt 0.05343318 0.18599713
vt 0.05343828 0.18546855
vt 0.12746421 0.18546855
vt 0.12748437 0.18599713
vt 0.11539385 0.18546855
vt 0.11540139 0.18599713
vt 0.12748194 0.07673287
vt 0.12746298 0.07693624
vt 0.11539894 0.07673287
vt 0.11539263 0.07693624
vt 0.04157019 0.07693624
vt 0.04155120 0.07673275
vt 0.05343705 0.07693624
vt 0.05343050 0.07673287
vt 0.04157138 0.18546855
vt 0.05343828 0.18546855
vt 0.12746421 0.18546855
vt 0.11539385 0.18546855
vt 0.12746298 0.07693624
vt 0.11539263 0.07693624
vt 0.04157019 0.07693624
vt 0.05343705 0.07693624
vt 0.39786154 0.19589841
vt 0.38705179 0.19591904
vt 0.39785326 0.18352044
vt 0.38703430 0.18354630
vt 0.32364538 0.19589019
vt 0.31248391 0.19562459
vt 0.32352602 0.18340635
vt 0.31290251 0.18350673
vt 0.57030469 0.38425744
vt 0.58988398 0.38425744
vt 0.58988398 0.36531162
vt 0.57030469 0.36531162
vt 0.54173851 0.36069250
vt 0.56425691 0.36069250
vt 0.56425691 0.34174669
vt 0.54173851 0.34174669
vt 0.59232259 0.31864738
vt 0.57274330 0.31864738
vt 0.57274330 0.33759332
vt 0.59232259 0.33759332
vt 0.56863379 0.36069250
vt 0.59115189 0.36069250
vt 0.59115189 0.34174669
vt 0.56863379 0.34174669
vt 0.54173851 0.38425744
vt 0.56170261 0.38425744
vt 0.56170261 0.36531162
vt 0.54173851 0.36531162
vt 0.54173851 0.36069250
vt 0.56425691 0.36069250
vt 0.56425691 0.34174669
vt 0.54173851 0.34174669
vt 0.56414115 0.31864738
vt 0.54417706 0.31864738
vt 0.54417706 0.33759332
vt 0.56414115 0.33759332
vt 0.56863379 0.36069250
vt 0.59115189 0.36069250
vt 0.59115189 0.34174669
vt 0.56863379 0.34174669
vt 0.58999217 0.38471568
vt 0.57019675 0.38471568
vt 0.56436479 0.36115068
vt 0.54163057 0.36115068
vt 0.57263529 0.31818926
vt 0.59243071 0.31818926
vt 0.59125984 0.36115068
vt 0.56852555 0.36115068
vt 0.56181049 0.38471568
vt 0.54163057 0.38471568
vt 0.56436479 0.36115068
vt 0.54163057 0.36115068
vt 0.54406917 0.31818926
vt 0.56424910 0.31818926
vt 0.59125984 0.36115068
vt 0.56852579 0.36115068
vt 0.59020805 0.41225863
vt 0.58988398 0.41193473
vt 0.57008886 0.41193473
vt 0.56976479 0.41225863
vt 0.59020805 0.38887644
vt 0.58988398 0.38920045
vt 0.56976479 0.38887650
vt 0.57008886 0.38920045
vt 0.32399082 0.19511592
vt 0.31336945 0.19604647
vt 0.32286096 0.18316555
vt 0.31238133 0.18414962
vt 0.28211600 0.03999186
vt 0.28211600 0.04079545
vt 0.25893742 0.04079545
vt 0.25893742 0.03999186
vt 0.11403212 0.04013383
vt 0.11403236 0.04093742
vt 0.24705777 0.04093742
vt 0.24705777 0.04013383
vt 0.13631958 0.03583813
vt 0.13631958 0.03503466
vt 0.11120413 0.03503466
vt 0.11120413 0.03583813
vt 0.28116167 0.03631306
vt 0.28116167 0.03550959
vt 0.41418722 0.03550959
vt 0.41418746 0.03631306
vt 0.36056343 0.49396408
vt 0.36121464 0.49395198
vt 0.35950604 0.49225914
vt 0.35950604 0.49291056
vt 0.22991338 0.49291056
vt 0.22991338 0.49225914
vt 0.22820455 0.49395198
vt 0.22885574 0.49396408
vt 0.22885574 0.60554492
vt 0.22820430 0.60554457
vt 0.22991338 0.60725397
vt 0.22991338 0.60660261
vt 0.35950604 0.60660261
vt 0.35950604 0.60725397
vt 0.36121488 0.60554457
vt 0.36056343 0.60554492
vt 0.35763481 0.49148405
vt 0.35763481 0.49213552
vt 0.36133862 0.49583918
vt 0.36198980 0.49583912
vt 0.22742936 0.49583912
vt 0.22808081 0.49583918
vt 0.23178437 0.49213552
vt 0.23178437 0.49148405
vt 0.23178437 0.60802907
vt 0.23178437 0.60737765
vt 0.22808081 0.60367405
vt 0.22742936 0.60367453
vt 0.36198980 0.60367453
vt 0.36133862 0.60367405
vt 0.35763481 0.60737765
vt 0.35763481 0.60802907
vt 0.29861137 0.03999186
vt 0.29861137 0.04079545
vt 0.28211600 0.04079545
vt 0.28211600 0.04079545
vt 0.28211600 0.03999186
vt 0.29861137 0.03999186
vt 0.37234402 0.03999186
vt 0.37234402 0.04079545
vt 0.29861137 0.04079545
vt 0.29861137 0.04079545
vt 0.29861137 0.03999186
vt 0.37234402 0.03999186
vt 0.38907176 0.03999186
vt 0.38907176 0.04079545
vt 0.37234402 0.04079545
vt 0.37234402 0.04079545
vt 0.37234402 0.03999186
vt 0.38907176 0.03999186
vt 0.41418722 0.03999186
vt 0.41418722 0.04079545
vt 0.38907176 0.04079545
vt 0.38907176 0.03999186
vt 0.15304756 0.03583813
vt 0.15304756 0.03503466
vt 0.13631958 0.03503466
vt 0.13631958 0.03503466
vt 0.13631958 0.03583813
vt 0.15304756 0.03583813
vt 0.22678009 0.03583813
vt 0.22678009 0.03503466
vt 0.15304756 0.03503466
vt 0.15304756 0.03503466
vt 0.15304756 0.03583813
vt 0.22678009 0.03583813
vt 0.24327523 0.03583813
vt 0.24327523 0.03503466
vt 0.22678009 0.03503466
vt 0.22678009 0.03503466
vt 0.22678009 0.03583813
vt 0.24327523 0.03583813
vt 0.26645380 0.03583813
vt 0.26645380 0.03503466
vt 0.24327523 0.03503466
vt 0.24327523 0.03583813
vt 0.33884549 0.49148405
vt 0.33884549 0.49213552
vt 0.25214374 0.60802907
vt 0.25214374 0.60737765
vt 0.25559264 0.04079545
vt 0.25532478 0.03999186
vt 0.25662914 0.03999186
vt 0.25662914 0.04079545
vt 0.41649526 0.04079545
vt 0.41649526 0.03999186
vt 0.41779986 0.03999186
vt 0.41753197 0.04079545
vt 0.11172408 0.04093742
vt 0.11172420 0.04013383
vt 0.11041947 0.04013383
vt 0.11068735 0.04093742
vt 0.41753197 0.03550959
vt 0.41779986 0.03631306
vt 0.41649503 0.03631306
vt 0.41649526 0.03550959
vt 0.27884853 0.03631306
vt 0.27885342 0.03550959
vt 0.24936604 0.04093742
vt 0.24937092 0.04013383
vt 0.10889585 0.03503466
vt 0.10889585 0.03583813
vt 0.26876208 0.03583813
vt 0.26876208 0.03503466
vt 0.32547396 0.49148405
vt 0.32547396 0.49213552
vt 0.33884549 0.49213552
vt 0.33884549 0.49148405
vt 0.26570415 0.49148405
vt 0.26570415 0.49213552
vt 0.32547396 0.49213552
vt 0.32547396 0.49213552
vt 0.32547396 0.49148405
vt 0.26570415 0.49148405
vt 0.25214374 0.49148405
vt 0.25214374 0.49213552
vt 0.26570415 0.49213552
vt 0.26570415 0.49213552
vt 0.26570415 0.49148405
vt 0.25214374 0.49148405
vt 0.25214374 0.49213552
vt 0.25214374 0.49148405
vt 0.26570415 0.60802907
vt 0.26570415 0.60737765
vt 0.25214374 0.60737765
vt 0.25214374 0.60802907
vt 0.32547396 0.60802907
vt 0.32547396 0.60737765
vt 0.26570415 0.60737765
vt 0.26570415 0.60737765
vt 0.26570415 0.60802907
vt 0.32547396 0.60802907
vt 0.33884549 0.60802907
vt 0.33884549 0.60737765
vt 0.32547396 0.60737765
vt 0.32547396 0.60737765
vt 0.32547396 0.60802907
vt 0.33884549 0.60802907
vt 0.33884549 0.60737765
vt 0.33884549 0.60802907
vt 0.38654327 0.19646013
vt 0.38649562 0.18304586
vt 0.37770635 0.18308425
vt 0.37770635 0.18308425
vt 0.37774426 0.19648635
vt 0.38654327 0.19646013
vt 0.59340990 0.26809764
vt 0.57352865 0.26809764
vt 0.57352865 0.27090132
vt 0.59340990 0.27090132
vt 0.32420713 0.18292129
vt 0.32410139 0.19617403
vt 0.33541638 0.19605184
vt 0.33491904 0.18284070
vt 0.73826718 0.24872041
vt 0.71858823 0.24875808
vt 0.71874785 0.25085139
vt 0.73840034 0.25085139
vt 0.47242707 0.29521656
vt 0.47240812 0.28180647
vt 0.71865451 0.26080072
vt 0.73833382 0.26083839
vt 0.73846698 0.25870740
vt 0.71881425 0.25870740
vt 0.51498199 0.28194499
vt 0.51502526 0.29538536
vt 0.33476931 0.17730308
vt 0.33480769 0.17870951
vt 0.74642074 0.24867880
vt 0.74439371 0.24870884
vt 0.74451160 0.25085139
vt 0.74451160 0.25085139
vt 0.74652505 0.25084233
vt 0.74642074 0.24867880
vt 0.37771705 0.17754662
vt 0.37768787 0.17892885
vt 0.56726980 0.26809764
vt 0.56522214 0.26807129
vt 0.56523991 0.27089226
vt 0.56727690 0.27090132
vt 0.51511860 0.30103481
vt 0.51506126 0.29959083
vt 0.47240812 0.30074024
vt 0.47243875 0.29935968
vt 0.74446034 0.26085007
vt 0.74648714 0.26088011
vt 0.74659193 0.25871634
vt 0.74659193 0.25871634
vt 0.74457824 0.25870740
vt 0.74446034 0.26085007
vt 0.48798221 0.03529179
vt 0.74720156 0.25102663
vt 0.74708045 0.24838817
vt 0.74642074 0.24867880
vt 0.74642074 0.24867880
vt 0.74652505 0.25084233
vt 0.74720156 0.25102663
vt 0.53627014 0.03411543
vt 0.53614867 0.03529179
vt 0.56522214 0.26807129
vt 0.56453156 0.26757836
vt 0.56441224 0.27126932
vt 0.56441224 0.27126932
vt 0.56523991 0.27089226
vt 0.56522214 0.26807129
vt 0.53614867 0.15888023
vt 0.48786092 0.16005635
vt 0.48798221 0.15888023
vt 0.74648714 0.26088011
vt 0.74726820 0.26145887
vt 0.74726820 0.25853217
vt 0.74726820 0.25853217
vt 0.74659193 0.25871634
vt 0.74648714 0.26088011
vt 0.37774426 0.19648635
vt 0.37784004 0.30100429
vt 0.74752390 0.26809764
vt 0.59340990 0.26809764
vt 0.59340990 0.27090132
vt 0.59340990 0.27090132
vt 0.74752390 0.27090132
vt 0.74752390 0.26809764
vt 0.33654672 0.30056787
vt 0.33541638 0.19605184
vt 0.71858823 0.24875808
vt 0.56537282 0.24936807
vt 0.56622577 0.25085151
vt 0.56622577 0.25085151
vt 0.71874785 0.25085139
vt 0.71858823 0.24875808
vt 0.74439371 0.24870884
vt 0.74451160 0.25085139
vt 0.57352865 0.26809764
vt 0.56726980 0.26809764
vt 0.56727690 0.27090132
vt 0.56727690 0.27090132
vt 0.47235027 0.17728698
vt 0.56554908 0.26019096
vt 0.56640208 0.25870740
vt 0.51490176 0.17741930
vt 0.73833382 0.26083839
vt 0.74446034 0.26085007
vt 0.74457824 0.25870740
vt 0.74457824 0.25870740
vt 0.06225160 0.18493986
vt 0.06225160 0.07713950
vt 0.10493559 0.07713950
vt 0.10493559 0.18493986
vt 0.06223896 0.18599713
vt 0.06224164 0.18546855
vt 0.10494825 0.18546855
vt 0.10495335 0.18599713
vt 0.10495067 0.07673287
vt 0.10494703 0.07693624
vt 0.06224042 0.07693624
vt 0.06223652 0.07673287
vt 0.06224164 0.18546855
vt 0.10494825 0.18546855
vt 0.10494703 0.07693624
vt 0.06224042 0.07693624
vt 0.74932289 0.27145040
vt 0.74934208 0.26782429
vt 0.74752390 0.26809764
vt 0.74752390 0.26809764
vt 0.74752390 0.27090132
vt 0.74932289 0.27145040
vt 0.74794948 0.26602292
vt 0.59334010 0.26602292
vt 0.59340990 0.26809764
vt 0.59340990 0.26809764
vt 0.74752390 0.26809764
vt 0.74794948 0.26602292
vt 0.59334010 0.26602292
vt 0.57345939 0.26602292
vt 0.57352865 0.26809764
vt 0.57352865 0.26809764
vt 0.59340990 0.26809764
vt 0.59334010 0.26602292
vt 0.57345939 0.26602292
vt 0.56727517 0.26602292
vt 0.56726980 0.26809764
vt 0.57352865 0.26809764
vt 0.56523550 0.26653826
vt 0.56522214 0.26807129
vt 0.56453156 0.26757836
vt 0.56441224 0.27126932
vt 0.56523550 0.27244294
vt 0.56523991 0.27089226
vt 0.56727517 0.27295828
vt 0.56727690 0.27090132
vt 0.57345915 0.27295828
vt 0.57352865 0.27090132
vt 0.57345915 0.27295828
vt 0.59334010 0.27295828
vt 0.59340990 0.27090132
vt 0.59340990 0.27090132
vt 0.57352865 0.27090132
vt 0.57345915 0.27295828
vt 0.59334010 0.27295828
vt 0.74758685 0.27242255
vt 0.74752390 0.27090132
vt 0.74752390 0.27090132
vt 0.59340990 0.27090132
vt 0.59334010 0.27295828
vt 0.56308186 0.25170958
vt 0.56580508 0.25288475
vt 0.56622577 0.25085151
vt 0.56622577 0.25085151
vt 0.56537282 0.24936807
vt 0.56308186 0.25170958
vt 0.56580508 0.25288475
vt 0.71874785 0.25288475
vt 0.71874785 0.25085139
vt 0.71874785 0.25085139
vt 0.56622577 0.25085151
vt 0.56580508 0.25288475
vt 0.71874785 0.25288475
vt 0.73840034 0.25288475
vt 0.73840034 0.25085139
vt 0.73840034 0.25085139
vt 0.71874785 0.25085139
vt 0.71874785 0.25288475
vt 0.73840034 0.25288475
vt 0.74451327 0.25288475
vt 0.74451160 0.25085139
vt 0.73840034 0.25085139
vt 0.74652994 0.25237525
vt 0.74652505 0.25084233
vt 0.74720156 0.25102663
vt 0.74708045 0.24838817
vt 0.74627984 0.24714637
vt 0.74642074 0.24867880
vt 0.74425590 0.24664330
vt 0.74439371 0.24870884
vt 0.73812640 0.24666667
vt 0.73826718 0.24872041
vt 0.73812640 0.24666667
vt 0.71842074 0.24674189
vt 0.71858823 0.24875808
vt 0.71858823 0.24875808
vt 0.73826718 0.24872041
vt 0.73812640 0.24666667
vt 0.71842074 0.24674189
vt 0.56517470 0.24732625
vt 0.56537282 0.24936807
vt 0.56537282 0.24936807
vt 0.71858823 0.24875808
vt 0.71842074 0.24674189
vt 0.56598127 0.25667417
vt 0.56325781 0.25784945
vt 0.56554908 0.26019096
vt 0.56554908 0.26019096
vt 0.56640208 0.25870740
vt 0.56598127 0.25667417
vt 0.56524134 0.26223278
vt 0.71848702 0.26281714
vt 0.71865451 0.26080072
vt 0.71865451 0.26080072
vt 0.56554908 0.26019096
vt 0.56524134 0.26223278
vt 0.71848702 0.26281714
vt 0.73819304 0.26289225
vt 0.73833382 0.26083839
vt 0.73833382 0.26083839
vt 0.71865451 0.26080072
vt 0.71848702 0.26281714
vt 0.73819304 0.26289225
vt 0.74432254 0.26291573
vt 0.74446034 0.26085007
vt 0.73833382 0.26083839
vt 0.74634612 0.26241243
vt 0.74648714 0.26088011
vt 0.74702585 0.26088262
vt 0.74726820 0.25853217
vt 0.74659598 0.25718355
vt 0.74659193 0.25871634
vt 0.74457991 0.25667417
vt 0.74457824 0.25870740
vt 0.73846698 0.25667417
vt 0.73846698 0.25870740
vt 0.73846698 0.25667417
vt 0.71881425 0.25667417
vt 0.71881425 0.25870740
vt 0.71881425 0.25870740
vt 0.73846698 0.25870740
vt 0.73846698 0.25667417
vt 0.71881425 0.25667417
vt 0.56598127 0.25667417
vt 0.56640208 0.25870740
vt 0.56640208 0.25870740
vt 0.71881425 0.25870740
vt 0.71881425 0.25667417
vt 0.47126955 0.66989797
vt 0.47571886 0.67344612
vt 0.48126692 0.67471242
vt 0.46880034 0.66477072
vt 0.47126955 0.66989797
vt 0.48126692 0.67471242
vt 0.48681495 0.67344612
vt 0.49126428 0.66989797
vt 0.49373347 0.66477072
vt 0.48126692 0.67471242
vt 0.48681495 0.67344612
vt 0.49373347 0.66477072
vt 0.49373347 0.66477072
vt 0.46880034 0.65907991
vt 0.46880034 0.65907991
vt 0.49373347 0.66477072
vt 0.49373347 0.65907991
vt 0.47126955 0.65395260
vt 0.46880034 0.65907991
vt 0.49373347 0.65907991
vt 0.47126955 0.65395260
vt 0.49373347 0.65907991
vt 0.49126428 0.65395260
vt 0.47571838 0.65040439
vt 0.47126955 0.65395260
vt 0.49126428 0.65395260
vt 0.47571838 0.65040439
vt 0.49126428 0.65395260
vt 0.48681495 0.65040445
vt 0.48681495 0.65040445
vt 0.48126692 0.64913815
vt 0.45200890 0.64964151
vt 0.44646060 0.64837515
vt 0.44091234 0.64964151
vt 0.45200890 0.64964151
vt 0.44091234 0.64964151
vt 0.44024557 0.65017337
vt 0.45645824 0.65318978
vt 0.44024557 0.65017337
vt 0.45885256 0.65816218
vt 0.45885256 0.65816218
vt 0.44024557 0.65017337
vt 0.43646324 0.65318972
vt 0.45885256 0.65816218
vt 0.43646324 0.65318972
vt 0.43399405 0.65831697
vt 0.45892742 0.65831697
vt 0.43399405 0.65831697
vt 0.45892695 0.66400784
vt 0.43399405 0.66400778
vt 0.45892695 0.66400784
vt 0.43399405 0.66400778
vt 0.43642315 0.66905165
vt 0.44091234 0.67268324
vt 0.44646060 0.67394954
vt 0.45200890 0.67268324
vt 0.44068286 0.67250007
vt 0.44068286 0.67250007
vt 0.45200890 0.67268324
vt 0.45645824 0.66913509
vt 0.43642315 0.66905165
vt 0.45645824 0.66913509
vt 0.41718364 0.67379874
vt 0.41870385 0.67346585
vt 0.41872817 0.67344612
vt 0.15952830 0.02498806
vt 0.16130036 0.02458358
vt 0.16134289 0.02457392
vt 0.16134289 0.02457392
vt 0.17636847 0.02655518
vt 0.17657618 0.02612400
vt 0.16134289 0.02457392
vt 0.17657618 0.02612400
vt 0.17800063 0.02498794
vt 0.16134289 0.02457392
vt 0.17800063 0.02498794
vt 0.17977706 0.02458262
vt 0.17977706 0.02458262
vt 0.19625941 0.02515829
vt 0.19647296 0.02498794
vt 0.17977706 0.02458262
vt 0.19647296 0.02498794
vt 0.19824938 0.02458262
vt 0.19824938 0.02458262
vt 0.21494529 0.02498794
vt 0.21672159 0.02458262
vt 0.17977706 0.02458262
vt 0.19824938 0.02458262
vt 0.21672159 0.02458262
vt 0.21352060 0.02612400
vt 0.21494529 0.02498794
vt 0.21273011 0.02776575
vt 0.21273011 0.02776575
vt 0.19824938 0.02458262
vt 0.20002569 0.02498794
vt 0.21273011 0.02958763
vt 0.21273011 0.02776575
vt 0.20002569 0.02498794
vt 0.21352060 0.03122938
vt 0.21273011 0.02958763
vt 0.20002569 0.02498794
vt 0.21494529 0.03236532
vt 0.21352060 0.03122938
vt 0.20002569 0.02498794
vt 0.21494529 0.03236532
vt 0.20002569 0.02498794
vt 0.20145026 0.02612400
vt 0.20145026 0.02612400
vt 0.20221692 0.02771616
vt 0.20224075 0.02776563
vt 0.21494529 0.03236532
vt 0.20145026 0.02612400
vt 0.20224075 0.02776563
vt 0.21494529 0.03236532
vt 0.20224075 0.02776563
vt 0.20224075 0.02958763
vt 0.21672159 0.03277075
vt 0.21494529 0.03236532
vt 0.20224075 0.02958763
vt 0.19639944 0.03230667
vt 0.19503564 0.03120267
vt 0.18297793 0.03122938
vt 0.19647296 0.03236532
vt 0.19639944 0.03230667
vt 0.18297793 0.03122938
vt 0.19824938 0.03277075
vt 0.19824938 0.03277075
vt 0.18297793 0.03122938
vt 0.18155336 0.03236532
vt 0.19824938 0.03277075
vt 0.18155336 0.03236532
vt 0.18154547 0.03237164
vt 0.18154547 0.03237164
vt 0.18105881 0.03247821
vt 0.17977706 0.03277075
vt 0.19824938 0.03277075
vt 0.18154547 0.03237164
vt 0.17977706 0.03277075
vt 0.17578557 0.02778709
vt 0.17636847 0.02655518
vt 0.16134289 0.02457392
vt 0.16130036 0.02458358
vt 0.16307142 0.02498031
vt 0.17578557 0.02778709
vt 0.16134289 0.02457392
vt 0.16307142 0.02498031
vt 0.17578557 0.02958763
vt 0.17578557 0.02778709
vt 0.16307142 0.02498031
vt 0.17657618 0.03122938
vt 0.17578557 0.02958763
vt 0.16307142 0.02498031
vt 0.17800063 0.03236532
vt 0.17657618 0.03122938
vt 0.16307142 0.02498031
vt 0.17800063 0.03236532
vt 0.16307142 0.02498031
vt 0.16450560 0.02612400
vt 0.17800063 0.03236532
vt 0.16450560 0.02612400
vt 0.16529621 0.02776563
vt 0.17800063 0.03236532
vt 0.16529621 0.02776563
vt 0.16529621 0.02958763
vt 0.17977706 0.03277075
vt 0.17800063 0.03236532
vt 0.16529621 0.02958763
vt 0.17977706 0.03277075
vt 0.16529621 0.02958763
vt 0.16450560 0.03122938
vt 0.17977706 0.03277075
vt 0.16450560 0.03122938
vt 0.16308115 0.03236532
vt 0.17977706 0.03277075
vt 0.16308115 0.03236532
vt 0.16130473 0.03277075
vt 0.16130473 0.03277075
vt 0.15952830 0.03236532
vt 0.17977706 0.03277075
vt 0.16130473 0.03277075
vt 0.22678009 0.03503466
vt 0.20002569 0.03236532
vt 0.20145026 0.03122938
vt 0.20224075 0.02958763
vt 0.21672159 0.03277075
vt 0.21849790 0.03236532
vt 0.21992245 0.03122938
vt 0.22071308 0.02958763
vt 0.21992245 0.03122938
vt 0.22678009 0.03503466
vt 0.22071308 0.02776563
vt 0.22071308 0.02958763
vt 0.22678009 0.03503466
vt 0.21992245 0.02612400
vt 0.22071308 0.02776563
vt 0.22678009 0.03503466
vt 0.21992245 0.02612400
vt 0.22678009 0.03503466
vt 0.21849790 0.02498794
vt 0.21672159 0.02458262
vt 0.17977706 0.02458262
vt 0.15810385 0.02612400
vt 0.15304756 0.03503466
vt 0.15952830 0.03236532
vt 0.15810385 0.03122938
vt 0.15304756 0.03503466
vt 0.15810385 0.03122938
vt 0.15731324 0.02958763
vt 0.15731324 0.02776563
vt 0.19621846 0.66712081
vt 0.20066778 0.67066902
vt 0.20621583 0.67193526
vt 0.19374926 0.66199356
vt 0.19621846 0.66712081
vt 0.20621583 0.67193526
vt 0.19374926 0.65630269
vt 0.21176387 0.67066902
vt 0.21621320 0.66712081
vt 0.19374926 0.65630269
vt 0.20621583 0.67193526
vt 0.21621320 0.66712081
vt 0.19621846 0.65117550
vt 0.19374926 0.65630269
vt 0.21621320 0.66712081
vt 0.19621846 0.65117550
vt 0.21621320 0.66712081
vt 0.21868239 0.66199356
vt 0.19621846 0.65117550
vt 0.21868239 0.66199356
vt 0.21868239 0.65630269
vt 0.20066778 0.64762735
vt 0.20066778 0.64762735
vt 0.21868239 0.65630269
vt 0.21621320 0.65117550
vt 0.21621320 0.65117550
vt 0.21173397 0.64760333
vt 0.20620221 0.64636421
vt 0.20066778 0.64762735
vt 0.21621320 0.65117550
vt 0.20620221 0.64636421
vt 0.17514615 0.67135191
vt 0.18069419 0.67135191
vt 0.18069419 0.64765882
vt 0.17514615 0.64765882
vt 0.18514352 0.67135191
vt 0.18514352 0.64765882
vt 0.08240142 0.66271281
vt 0.08240142 0.65758556
vt 0.05870822 0.65758556
vt 0.05870822 0.66271281
vt 0.08240142 0.65189469
vt 0.05870822 0.65189469
vt 0.08240142 0.64676744
vt 0.05870822 0.64676744
vt 0.35299101 0.64801699
vt 0.34854168 0.64801699
vt 0.34854168 0.67171013
vt 0.35299101 0.67171013
vt 0.34299365 0.64801699
vt 0.34299365 0.67171013
vt 0.33744514 0.64801699
vt 0.33744514 0.67171013
vt 0.33299631 0.64801699
vt 0.33299631 0.67171013
vt 0.25024891 0.67126846
vt 0.25024891 0.66614115
vt 0.22655573 0.66614115
vt 0.22655573 0.67126846
vt 0.25024891 0.66045040
vt 0.22655573 0.66045040
vt 0.25024891 0.65532315
vt 0.22655573 0.65532315
vt 0.16514878 0.67135191
vt 0.16959812 0.67135191
vt 0.16959812 0.64765882
vt 0.16514878 0.64765882
vt 0.14033963 0.67058897
vt 0.14588815 0.67058897
vt 0.14588815 0.64689589
vt 0.14033963 0.64689589
vt 0.15033747 0.67058897
vt 0.15033747 0.64689589
vt 0.08240142 0.66271281
vt 0.08240142 0.65758556
vt 0.05870822 0.65758556
vt 0.05870822 0.66271281
vt 0.08240142 0.65189469
vt 0.05870822 0.65189469
vt 0.08240142 0.65173990
vt 0.05870822 0.65173990
vt 0.08240142 0.64676750
vt 0.05870822 0.64676750
vt 0.31818497 0.64725405
vt 0.31373566 0.64725405
vt 0.31373566 0.67094719
vt 0.31818497 0.67094719
vt 0.30818713 0.64725405
vt 0.30818713 0.67094719
vt 0.30263907 0.64725405
vt 0.30263907 0.67094719
vt 0.30197233 0.64725405
vt 0.30197233 0.67094719
vt 0.29818976 0.64725405
vt 0.29818976 0.67094719
vt 0.25024891 0.67126846
vt 0.25024891 0.66614115
vt 0.22655573 0.66614115
vt 0.22655573 0.67126846
vt 0.25024891 0.66045040
vt 0.22655573 0.66045040
vt 0.25024891 0.65540648
vt 0.22655573 0.65540648
vt 0.13030240 0.67058897
vt 0.13456210 0.67058897
vt 0.13456210 0.64689589
vt 0.13030240 0.64689589
vt 0.13479158 0.67058897
vt 0.13479158 0.64689589
vt 0.10705939 0.67135191
vt 0.11106290 0.67135191
vt 0.11106290 0.64765882
vt 0.10705939 0.64765882
vt 0.11258313 0.67135191
vt 0.11258313 0.64765882
vt 0.11260743 0.67135191
vt 0.11260743 0.64765882
vt 0.11705676 0.67135191
vt 0.11705676 0.64765882
vt 0.08240142 0.66271281
vt 0.08240142 0.65758556
vt 0.05870822 0.65758556
vt 0.05870822 0.66271281
vt 0.08240142 0.65189469
vt 0.05870822 0.65189469
vt 0.08240142 0.64676744
vt 0.05870822 0.64676744
vt 0.28490424 0.64801699
vt 0.28045517 0.64801699
vt 0.28045517 0.67171013
vt 0.28490424 0.67171013
vt 0.27490687 0.64801699
vt 0.27490687 0.67171013
vt 0.26935884 0.64801699
vt 0.26935884 0.67171013
vt 0.26490951 0.64801699
vt 0.26490951 0.67171013
vt 0.25024891 0.67126846
vt 0.25024891 0.66992176
vt 0.22655573 0.66992176
vt 0.22655573 0.67126846
vt 0.25024891 0.66607428
vt 0.22655573 0.66614115
vt 0.40071356 0.66477072
vt 0.40318277 0.66989797
vt 0.40763211 0.67344618
vt 0.40763211 0.67344618
vt 0.41318014 0.67471242
vt 0.41718364 0.67379874
vt 0.40071356 0.66477072
vt 0.40763211 0.67344618
vt 0.41718364 0.67379874
vt 0.41718364 0.67379874
vt 0.41872817 0.67344612
vt 0.42317751 0.66989797
vt 0.42317751 0.66989797
vt 0.42564669 0.66477084
vt 0.42564669 0.65907991
vt 0.41718364 0.67379874
vt 0.42317751 0.66989797
vt 0.42564669 0.65907991
vt 0.42564669 0.65907991
vt 0.42317751 0.65395260
vt 0.41872817 0.65040439
vt 0.41872817 0.65040439
vt 0.41318014 0.64913809
vt 0.40763211 0.65040445
vt 0.40763211 0.65040445
vt 0.41718364 0.67379874
vt 0.40763211 0.65040445
vt 0.40318277 0.65395260
vt 0.40253425 0.65529937
vt 0.40763211 0.65040445
vt 0.40253425 0.65529937
vt 0.40071356 0.65907997
vt 0.41718364 0.67379874
vt 0.40763211 0.65040445
vt 0.40071356 0.65907997
vt 0.40071356 0.66477072
vt 0.40071356 0.65907997
vt 0.25024891 0.66045040
vt 0.25024891 0.65532315
vt 0.22655573 0.65532315
vt 0.22655573 0.66045040
vt 0.09706202 0.67135191
vt 0.10151136 0.67135191
vt 0.10151136 0.64765882
vt 0.09706202 0.64765882
vt 0.37235713 0.67238963
vt 0.37790519 0.67238963
vt 0.37790519 0.64869642
vt 0.37235713 0.64869642
vt 0.38235450 0.67238963
vt 0.38235450 0.64869642
vt 0.08240142 0.66271281
vt 0.08240142 0.65758550
vt 0.05870822 0.65758550
vt 0.05870822 0.66271281
vt 0.08240142 0.65189469
vt 0.05870822 0.65189469
vt 0.08240142 0.64676744
vt 0.05870822 0.64676744
vt 0.04589647 0.64600283
vt 0.04141751 0.64600283
vt 0.04141751 0.66969597
vt 0.04589647 0.66969597
vt 0.03588527 0.64600283
vt 0.03588527 0.66969597
vt 0.03035083 0.64600283
vt 0.03035083 0.66969597
vt 0.02590176 0.64600283
vt 0.02590176 0.66969597
vt 0.25024891 0.67126846
vt 0.25024891 0.66614127
vt 0.22655573 0.66614127
vt 0.22655573 0.67126846
vt 0.25024891 0.66045040
vt 0.22655573 0.66045040
vt 0.25024891 0.65532315
vt 0.22655573 0.65532315
vt 0.36235979 0.67238963
vt 0.36680913 0.67238963
vt 0.36680913 0.64869642
vt 0.36235979 0.64869642
vt 0.19504839 0.02612400
vt 0.19625941 0.02515829
vt 0.17977706 0.02458262
vt 0.19425778 0.02776575
vt 0.19504839 0.02612400
vt 0.17977706 0.02458262
vt 0.19425778 0.02776575
vt 0.18155336 0.02498794
vt 0.19425778 0.02958763
vt 0.19425778 0.02776575
vt 0.18155336 0.02498794
vt 0.19503564 0.03120267
vt 0.19425778 0.02958763
vt 0.18155336 0.02498794
vt 0.19503564 0.03120267
vt 0.18155336 0.02498794
vt 0.18297793 0.02612400
vt 0.19503564 0.03120267
vt 0.18297793 0.02612400
vt 0.18376842 0.02776563
vt 0.19503564 0.03120267
vt 0.18376842 0.02776563
vt 0.18376842 0.02958763
vt 0.19503564 0.03120267
vt 0.18376842 0.02958763
vt 0.18297793 0.03122938
vt 0.55996263 0.04679000
vt 0.55996263 0.04624188
vt 0.45403230 0.04624188
vt 0.45403230 0.04679000
vt 0.45403230 0.05101538
vt 0.55996263 0.05101538
vt 0.55996263 0.05046713
vt 0.45403230 0.05046713
vt 0.27878535 0.18320858
vt 0.27878535 0.07790387
vt 0.27858517 0.07730341
vt 0.27798462 0.07710326
vt 0.16237246 0.07710326
vt 0.16177218 0.07730341
vt 0.16157188 0.07790387
vt 0.16157188 0.18320858
vt 0.16177218 0.18380892
vt 0.16237246 0.18400919
vt 0.27858517 0.18380892
vt 0.27798462 0.18400919
vt 0.57027018 0.05524075
vt 0.57027018 0.05469251
vt 0.45403230 0.05469251
vt 0.45403230 0.05524075
vt 0.29370350 0.06410420
vt 0.29370350 0.16940892
vt 0.29390365 0.17000937
vt 0.29450393 0.17020953
vt 0.41011637 0.17020953
vt 0.41071677 0.17000937
vt 0.41091707 0.16940892
vt 0.41091707 0.06410420
vt 0.41071677 0.06350374
vt 0.41011637 0.06330359
vt 0.29390365 0.06350374
vt 0.29450393 0.06330359
vt 0.45403230 0.05891788
vt 0.45403230 0.05946612
vt 0.57027018 0.05946612
vt 0.57027018 0.05891788
vt 0.45411056 0.04600728
vt 0.55988437 0.04600728
vt 0.55988437 0.04702449
vt 0.45411056 0.04702449
vt 0.55988437 0.05124986
vt 0.45411056 0.05124986
vt 0.45411056 0.05023265
vt 0.55988437 0.05023265
vt 0.16213788 0.07686865
vt 0.27821934 0.07686865
vt 0.27821934 0.18424368
vt 0.16213788 0.18424368
vt 0.45411056 0.05445790
vt 0.57019210 0.05445790
vt 0.41035092 0.17044413
vt 0.29426950 0.17044413
vt 0.29346904 0.06386960
vt 0.29346904 0.16964352
vt 0.27901992 0.18344319
vt 0.27901992 0.07766938
vt 0.16133742 0.07766938
vt 0.16133742 0.18344319
vt 0.41115165 0.16964352
vt 0.41115165 0.06386960
vt 0.45411056 0.05547523
vt 0.57019210 0.05547523
vt 0.45411056 0.05970061
vt 0.57019210 0.05970061
vt 0.41035092 0.06306899
vt 0.29426950 0.06306899
vt 0.57019210 0.05868340
vt 0.45411056 0.05868340
vt 0.56056303 0.04624188
vt 0.56056303 0.04679000
vt 0.45343214 0.04679000
vt 0.45343214 0.04624188
vt 0.56056303 0.05046713
vt 0.56056303 0.05101538
vt 0.45343214 0.05101538
vt 0.45343214 0.05046713
vt 0.45351017 0.05970061
vt 0.45343214 0.05946612
vt 0.27881974 0.07706881
vt 0.29366910 0.17024398
vt 0.29366910 0.06326914
vt 0.45351017 0.05124986
vt 0.16153748 0.07706881
vt 0.41095135 0.17024410
vt 0.56048501 0.05023265
vt 0.27881974 0.18404353
vt 0.57087058 0.05524075
vt 0.57079256 0.05547523
vt 0.45343214 0.05891788
vt 0.45351017 0.05868340
vt 0.45351017 0.04600728
vt 0.16153748 0.18404365
vt 0.56048501 0.05124986
vt 0.45351017 0.05023265
vt 0.41095135 0.06326914
vt 0.57087058 0.05469251
vt 0.45343214 0.05469251
vt 0.45343214 0.05524075
vt 0.57087058 0.05946612
vt 0.57087058 0.05891788
vt 0.56048477 0.04702449
vt 0.57079256 0.05970061
vt 0.45351017 0.05445790
vt 0.45351017 0.04702449
vt 0.56048477 0.04600728
vt 0.57079256 0.05445790
vt 0.45351017 0.05547523
vt 0.57079256 0.05868340
vt 0.59340990 0.26809764
vt 0.59340990 0.27090132
vt 0.57352865 0.27090132
vt 0.57352865 0.26809764
vt 0.56726980 0.26809764
vt 0.56727690 0.27090132
vt 0.56523991 0.27089226
vt 0.56523991 0.27089226
vt 0.56522214 0.26807129
vt 0.56726980 0.26809764
vt 0.56522214 0.26807129
vt 0.56523991 0.27089226
vt 0.56441224 0.27126932
vt 0.56441224 0.27126932
vt 0.56453156 0.26757836
vt 0.56522214 0.26807129
vt 0.74752390 0.26809764
vt 0.74752390 0.27090132
vt 0.59340990 0.27090132
vt 0.74752390 0.26809764
vt 0.56727690 0.27090132
vt 0.56727690 0.27090132
vt 0.56726980 0.26809764
vt 0.57352865 0.26809764
vt 0.74932289 0.27145040
vt 0.74752390 0.27090132
vt 0.74752390 0.26809764
vt 0.74752390 0.26809764
vt 0.74934208 0.26782429
vt 0.74932289 0.27145040
vt 0.74794948 0.26602292
vt 0.74752390 0.26809764
vt 0.59340990 0.26809764
vt 0.59340990 0.26809764
vt 0.59334010 0.26602292
vt 0.74794948 0.26602292
vt 0.59334010 0.26602292
vt 0.59340990 0.26809764
vt 0.57352865 0.26809764
vt 0.57352865 0.26809764
vt 0.57345939 0.26602292
vt 0.59334010 0.26602292
vt 0.57345939 0.26602292
vt 0.57352865 0.26809764
vt 0.56726980 0.26809764
vt 0.56727517 0.26602292
vt 0.56522214 0.26807129
vt 0.56523550 0.26653826
vt 0.56453156 0.26757836
vt 0.56441224 0.27126932
vt 0.56523991 0.27089226
vt 0.56523550 0.27244294
vt 0.56727690 0.27090132
vt 0.56727517 0.27295828
vt 0.57352865 0.27090132
vt 0.57345915 0.27295828
vt 0.57345915 0.27295828
vt 0.57352865 0.27090132
vt 0.59340990 0.27090132
vt 0.59340990 0.27090132
vt 0.59334010 0.27295828
vt 0.57345915 0.27295828
vt 0.59334010 0.27295828
vt 0.59340990 0.27090132
vt 0.74752390 0.27090132
vt 0.74752390 0.27090132
vt 0.74758685 0.27242255
vt 0.59334010 0.27295828
vt 0.55996263 0.04679000
vt 0.55996263 0.04624188
vt 0.45403230 0.04624188
vt 0.45403230 0.04679000
vt 0.45403230 0.05101538
vt 0.55996263 0.05101538
vt 0.55996263 0.05046713
vt 0.45403230 0.05046713
vt 0.27878535 0.18320858
vt 0.27878535 0.07790387
vt 0.27858517 0.07730341
vt 0.27798462 0.07710326
vt 0.16237246 0.07710326
vt 0.16177218 0.07730341
vt 0.16157188 0.07790387
vt 0.16157188 0.18320858
vt 0.16177218 0.18380892
vt 0.16237246 0.18400919
vt 0.27858517 0.18380892
vt 0.27798462 0.18400919
vt 0.57027018 0.05524075
vt 0.57027018 0.05469251
vt 0.45403230 0.05469251
vt 0.45403230 0.05524075
vt 0.29370350 0.06410420
vt 0.29370350 0.16940892
vt 0.29390365 0.17000937
vt 0.29450393 0.17020953
vt 0.41011637 0.17020953
vt 0.41071677 0.17000937
vt 0.41091707 0.16940892
vt 0.41091707 0.06410420
vt 0.41071677 0.06350374
vt 0.41011637 0.06330359
vt 0.29390365 0.06350374
vt 0.29450393 0.06330359
vt 0.45403230 0.05891788
vt 0.45403230 0.05946612
vt 0.57027018 0.05946612
vt 0.57027018 0.05891788
vt 0.45411056 0.04600728
vt 0.55988437 0.04600728
vt 0.55988437 0.04702449
vt 0.45411056 0.04702449
vt 0.55988437 0.05124986
vt 0.45411056 0.05124986
vt 0.45411056 0.05023265
vt 0.55988437 0.05023265
vt 0.16213788 0.07686865
vt 0.27821934 0.07686865
vt 0.27821934 0.18424368
vt 0.16213788 0.18424368
vt 0.45411056 0.05445790
vt 0.57019210 0.05445790
vt 0.41035092 0.17044413
vt 0.29426950 0.17044413
vt 0.29346904 0.06386960
vt 0.29346904 0.16964352
vt 0.27901992 0.18344319
vt 0.27901992 0.07766938
vt 0.16133742 0.07766938
vt 0.16133742 0.18344319
vt 0.41115165 0.16964352
vt 0.41115165 0.06386960
vt 0.45411056 0.05547523
vt 0.57019210 0.05547523
vt 0.45411056 0.05970061
vt 0.57019210 0.05970061
vt 0.41035092 0.06306899
vt 0.29426950 0.06306899
vt 0.57019210 0.05868340
vt 0.45411056 0.05868340
vt 0.56056303 0.04624188
vt 0.56056303 0.04679000
vt 0.45343214 0.04679000
vt 0.45343214 0.04624188
vt 0.56056303 0.05046713
vt 0.56056303 0.05101538
vt 0.45343214 0.05101538
vt 0.45343214 0.05046713
vt 0.45351017 0.05970061
vt 0.45343214 0.05946612
vt 0.27881974 0.07706881
vt 0.29366910 0.17024398
vt 0.29366910 0.06326914
vt 0.45351017 0.05124986
vt 0.16153748 0.07706881
vt 0.41095135 0.17024410
vt 0.56048501 0.05023265
vt 0.27881974 0.18404353
vt 0.57087058 0.05524075
vt 0.57079256 0.05547523
vt 0.45343214 0.05891788
vt 0.45351017 0.05868340
vt 0.45351017 0.04600728
vt 0.16153748 0.18404365
vt 0.56048501 0.05124986
vt 0.45351017 0.05023265
vt 0.41095135 0.06326914
vt 0.57087058 0.05469251
vt 0.45343214 0.05469251
vt 0.45343214 0.05524075
vt 0.57087058 0.05946612
vt 0.57087058 0.05891788
vt 0.56048477 0.04702449
vt 0.57079256 0.05970061
vt 0.45351017 0.05445790
vt 0.45351017 0.04702449
vt 0.56048477 0.04600728
vt 0.57079256 0.05445790
vt 0.45351017 0.05547523
vt 0.57079256 0.05868340
vt 0.37476620 0.31649840
vt 0.37399974 0.31630081
vt 0.37393641 0.31728250
vt 0.56760210 0.62952495
vt 0.56693059 0.62899715
vt 0.56707466 0.62987691
vt 0.37476620 0.45520830
vt 0.37393638 0.45442414
vt 0.37399974 0.45540589
vt 0.19388391 0.62766027
vt 0.19311847 0.62704313
vt 0.19336323 0.62801725
vt 0.21014978 0.45520830
vt 0.20931996 0.45442414
vt 0.20938331 0.45540589
vt 0.36538306 0.45520830
vt 0.36409289 0.45453709
vt 0.36388731 0.45539016
vt 0.21014978 0.31649840
vt 0.20938334 0.31630081
vt 0.20931999 0.31728250
vt 0.36538306 0.31649840
vt 0.36388731 0.31631649
vt 0.36409289 0.31716961
vt 0.19434145 0.31785858
vt 0.19434145 0.45384806
vt 0.19430794 0.47364426
vt 0.19444042 0.49397951
vt 0.56805962 0.49191570
vt 0.56805962 0.62790513
vt 0.38044301 0.47364426
vt 0.38057551 0.49373090
vt 0.20897616 0.62586886
vt 0.20884366 0.60553366
vt 0.39652577 0.62790519
vt 0.39652574 0.49191570
vt 0.02284108 0.62586880
vt 0.02270857 0.60578221
vt 0.02280756 0.45384806
vt 0.02280756 0.31785858
vt 0.38234538 0.62485391
vt 0.38248804 0.62737823
vt 0.52909732 0.31533879
vt 0.53010249 0.31563890
vt 0.19579196 0.45351452
vt 0.19583949 0.45552236
vt 0.53124768 0.45440727
vt 0.53091866 0.45528865
vt 0.02135723 0.31819218
vt 0.02130964 0.31618446
vt 0.20707409 0.47465920
vt 0.20693135 0.47213513
vt 0.02093902 0.47465920
vt 0.02079628 0.47213513
vt 0.39507526 0.49224925
vt 0.39502776 0.49024147
vt 0.19583951 0.31618434
vt 0.19579197 0.31819212
vt 0.53091860 0.31641799
vt 0.53124768 0.31729937
vt 0.19635281 0.47213519
vt 0.19621004 0.47465926
vt 0.53010249 0.45606774
vt 0.52909738 0.45636791
vt 0.20693122 0.62737828
vt 0.20707387 0.62485403
vt 0.39502773 0.62957948
vt 0.39507526 0.62757170
vt 0.02130956 0.45552236
vt 0.02135708 0.45351458
vt 0.02079614 0.62737823
vt 0.02093879 0.62485403
vt 0.56627464 0.63049990
vt 0.54708916 0.63049990
vt 0.02459252 0.31526387
vt 0.04377830 0.31526393
vt 0.19255647 0.62867725
vt 0.17337094 0.62867725
vt 0.19255647 0.45644277
vt 0.17337094 0.45644277
vt 0.37903902 0.46854174
vt 0.38056791 0.46852589
vt 0.56641400 0.48792619
vt 0.56761450 0.48798382
vt 0.38056770 0.63098752
vt 0.37903881 0.63097167
vt 0.19389628 0.45777988
vt 0.19269580 0.45783752
vt 0.02325260 0.31392694
vt 0.02445307 0.31386930
vt 0.20885144 0.46852601
vt 0.21038029 0.46854186
vt 0.02271636 0.46852607
vt 0.02424519 0.46854186
vt 0.39697096 0.48798394
vt 0.39817142 0.48792624
vt 0.19444042 0.49397951
vt 0.19444044 0.49583346
vt 0.19444044 0.49583346
vt 0.19444044 0.60367370
vt 0.19444041 0.60367370
vt 0.19444041 0.60578221
vt 0.19444044 0.60578221
vt 0.19430794 0.62586880
vt 0.38057551 0.49373090
vt 0.38057551 0.49583942
vt 0.38057551 0.49583942
vt 0.38057551 0.60367966
vt 0.38057554 0.60367966
vt 0.38057554 0.60553366
vt 0.38057551 0.60553366
vt 0.38044301 0.62586886
vt 0.20884365 0.60553366
vt 0.20884365 0.60367966
vt 0.20884366 0.60367966
vt 0.20884365 0.49583942
vt 0.20884366 0.49583942
vt 0.20884366 0.49373090
vt 0.20884366 0.49373090
vt 0.20897616 0.47364426
vt 0.02270861 0.60578221
vt 0.02270860 0.60367370
vt 0.02270857 0.60367370
vt 0.02270856 0.49583346
vt 0.02270858 0.49583346
vt 0.02270858 0.49397951
vt 0.02270858 0.49397951
vt 0.02284108 0.47364426
vt 0.54708916 0.63049996
vt 0.54521793 0.63049996
vt 0.54521793 0.63049990
vt 0.52642858 0.63049990
vt 0.41936773 0.63049990
vt 0.41749650 0.63049990
vt 0.41749650 0.63049990
vt 0.39831072 0.63049990
vt 0.04377830 0.31526405
vt 0.04564929 0.31526405
vt 0.04564929 0.31526393
vt 0.06600863 0.31526393
vt 0.17149971 0.31526387
vt 0.17337094 0.31526387
vt 0.17337094 0.31526393
vt 0.19255647 0.31526393
vt 0.17337094 0.62867737
vt 0.17149971 0.62867737
vt 0.17149971 0.62867731
vt 0.15271041 0.62867731
vt 0.04564953 0.62867725
vt 0.04377830 0.62867725
vt 0.04377830 0.62867731
vt 0.02459252 0.62867731
vt 0.17337094 0.45644283
vt 0.17149971 0.45644283
vt 0.17149971 0.45644277
vt 0.15271041 0.45644277
vt 0.04564953 0.45644277
vt 0.04377830 0.45644277
vt 0.04377830 0.45644277
vt 0.02459252 0.45644277
vt 0.51305705 0.63049990
vt 0.51305705 0.63049990
vt 0.45328727 0.63049996
vt 0.45328727 0.63049990
vt 0.43972707 0.63049990
vt 0.06600863 0.31526387
vt 0.07956904 0.31526387
vt 0.07956904 0.31526393
vt 0.13933887 0.31526387
vt 0.13933887 0.31526393
vt 0.15271041 0.31526393
vt 0.17149971 0.31526393
vt 0.15271041 0.62867725
vt 0.13933887 0.62867725
vt 0.13933887 0.62867725
vt 0.07956904 0.62867737
vt 0.07956904 0.62867725
vt 0.06600887 0.62867725
vt 0.13933887 0.45644277
vt 0.13933887 0.45644277
vt 0.07956904 0.45644283
vt 0.07956904 0.45644277
vt 0.06600887 0.45644277
vn -0.00000002 -0.98540932 0.17020139
vn 0.00000001 -0.98540831 -0.17020713
vn 0.00000001 -0.98540866 -0.17020485
vn -0.00000001 -0.98540795 0.17020929
vn 0.00000003 0.98540872 -0.17020500
vn -0.00000010 0.98540938 0.17020096
vn -0.00000006 0.98540848 0.17020610
vn 0.00000184 0.98540878 -0.17020477
vn -0.98444611 0.00000000 0.17568696
vn -0.98444670 0.00000001 -0.17568332
vn -0.98444647 0.00000001 -0.17568496
vn -0.98444712 0.00000000 0.17568117
vn -0.00000028 0.00000000 1.00000000
vn -0.00000028 0.00000000 1.00000000
vn -0.00000028 0.00000000 1.00000000
vn -0.00000014 -0.00000058 1.00000000
vn -0.00000014 -0.00000058 1.00000000
vn -0.00000014 -0.00000058 1.00000000
vn 0.98444843 0.00000001 -0.17567420
vn 0.98444629 0.00000000 0.17568626
vn 0.98444277 0.00000000 0.17570564
vn 0.98444843 0.00000001 -0.17567380
vn 0.51646423 -0.85279655 0.07747857
vn 0.15800121 -0.98729801 0.01667993
vn 0.15800270 -0.98729783 -0.01668220
vn 0.51639146 -0.85287404 -0.07710857
vn -0.00001106 -0.83997142 0.54263067
vn 0.00001099 -0.83996373 0.54264253
vn -0.51645881 -0.85279918 -0.07748478
vn -0.15799980 -0.98729825 -0.01668095
vn -0.15800434 -0.98729748 0.01668201
vn -0.51636529 -0.85288852 0.07712428
vn 0.00001103 -0.83996731 -0.54263699
vn -0.00001098 -0.83994073 -0.54267824
vn 0.00001108 0.83996749 -0.54263675
vn 0.00001004 0.83996898 -0.54263437
vn -0.51646107 0.85280108 0.07744829
vn -0.15799518 0.98729897 0.01668037
vn -0.15800285 0.98729771 -0.01668212
vn -0.51634401 0.85290313 -0.07710489
vn 0.00001094 0.83993983 0.54267955
vn 0.00001094 0.83997327 0.54262787
vn 0.51647621 0.85279179 -0.07744996
vn 0.15800814 0.98729694 -0.01668127
vn 0.15799782 0.98729855 0.01668218
vn 0.51638561 0.85287815 0.07710281
vn 0.96537155 -0.18545103 0.18348205
vn 0.82268775 -0.54887408 0.14806142
vn 0.82318038 -0.54824722 -0.14764506
vn 0.96537852 -0.18543486 -0.18346177
vn -0.00000000 -0.15065685 0.98858613
vn -0.00000001 -0.50900179 0.86076558
vn -0.00000001 -0.50900906 0.86076117
vn -0.00000000 -0.15066102 0.98858547
vn -0.96537369 -0.18544656 -0.18347524
vn -0.82269579 -0.54885793 -0.14807670
vn -0.82318974 -0.54823458 0.14764012
vn -0.96537602 -0.18543914 0.18347056
vn 0.00000005 -0.15066013 -0.98858559
vn 0.00000006 -0.50900733 -0.86076224
vn 0.00000006 -0.50900537 -0.86076343
vn 0.00000007 -0.15065843 -0.98858589
vn 0.00000009 0.15065482 -0.98858643
vn 0.00000004 0.50899982 -0.86076659
vn -0.00000296 0.50899571 -0.86076909
vn -0.00000210 0.15065442 -0.98858654
vn -0.96537387 0.18544488 0.18347619
vn -0.82268697 0.54887134 0.14807616
vn -0.82317621 0.54825354 -0.14764485
vn -0.96537560 0.18544085 -0.18347150
vn 0.00000221 0.15065989 0.98858571
vn -0.00000011 0.50900781 0.86076194
vn -0.00000013 0.50900263 0.86076498
vn -0.00000014 0.15065268 0.98858678
vn 0.96537584 0.18543829 -0.18347226
vn 0.82269561 0.54885930 -0.14807245
vn 0.82317901 0.54825002 0.14764261
vn 0.96537489 0.18544421 0.18347159
vn -0.50025034 -0.00001093 -0.86588091
vn -0.14584491 0.00000006 -0.98930746
vn -0.14584203 0.00000006 -0.98930788
vn -0.50025052 -0.00001094 -0.86588079
vn 0.50024891 0.00001105 -0.86588168
vn 0.14584416 0.00000006 -0.98930758
vn 0.14584367 0.00000006 -0.98930764
vn 0.50025350 0.00001104 -0.86587900
vn -0.83406526 -0.00001099 0.55166590
vn -0.83406842 -0.00001099 0.55166107
vn 0.50026143 -0.00001099 0.86587447
vn 0.14585099 -0.00000002 0.98930657
vn 0.14584187 -0.00000024 0.98930800
vn 0.50024885 -0.00001099 0.86588168
vn 0.35550508 -0.84952533 -0.38977277
vn 0.09964337 -0.98844564 -0.11422075
vn -0.69916528 -0.56676698 -0.43582463
vn -0.81318867 -0.20879979 -0.54325593
vn 0.35631207 -0.84958166 0.38891220
vn 0.06598303 -0.83482844 0.54654175
vn 0.01308615 -0.98496026 0.17228496
vn 0.09964263 -0.98844564 0.11422202
vn -0.39532954 -0.54722613 0.73773849
vn -0.12727441 -0.52074969 0.84416890
vn -0.15486544 -0.17185974 0.97287256
vn -0.49703875 -0.20296225 0.84365809
vn 0.35630837 0.84958321 -0.38891205
vn 0.06597237 0.83485645 -0.54650021
vn 0.01308614 0.98496056 -0.17228301
vn 0.09964955 0.98844451 -0.11422572
vn -0.35551003 0.84952295 -0.38977355
vn -0.09964607 0.98844522 -0.11422285
vn 0.35553393 0.84950054 0.38980040
vn 0.09964322 0.98844558 0.11422157
vn -0.35630846 0.84958518 0.38890788
vn -0.06596927 0.83486110 0.54649341
vn -0.01308546 0.98496121 0.17227927
vn -0.09963966 0.98844618 0.11421926
vn 0.81340915 -0.20847340 -0.54305112
vn 0.69929105 -0.56644028 -0.43604761
vn -0.09964239 -0.98844552 -0.11422352
vn -0.35629824 -0.84958071 -0.38892710
vn 0.49718857 -0.20335223 0.84347588
vn 0.15485503 -0.17184439 0.97287697
vn 0.12697132 -0.51931930 0.84509516
vn 0.39666438 -0.54613274 0.73783219
vn -0.09964221 -0.98844582 0.11422097
vn -0.01308565 -0.98496109 0.17228009
vn -0.06526807 -0.83394825 0.54796934
vn -0.35552987 -0.84950334 0.38979807
vn 0.49724397 0.20333612 -0.84344709
vn 0.15485816 0.17185348 -0.97287476
vn 0.12697279 0.51931292 -0.84509891
vn 0.39666781 0.54612768 -0.73783416
vn -0.81341386 0.20847555 -0.54304314
vn -0.69929242 0.56644088 -0.43604460
vn 0.81341034 0.20846973 0.54305071
vn 0.69931233 0.56641781 0.43604261
vn -0.49724603 0.20334941 0.84344256
vn -0.15485485 0.17185144 0.97287571
vn -0.12697095 0.51931155 0.84510005
vn -0.39666218 0.54612797 0.73783702
vn -0.83403534 0.00000003 -0.55171120
vn -0.83403540 0.00000003 -0.55171096
vn 0.83404070 0.00000004 -0.55170292
vn 0.83403838 0.00000003 -0.55170643
vn -0.14583585 -0.00000012 0.98930883
vn -0.50029820 -0.00000012 0.86585319
vn -0.50029981 -0.00000014 0.86585236
vn -0.14584503 0.00000000 0.98930752
vn 0.83403540 -0.00000000 0.55171090
vn 0.83402723 -0.00000014 0.55172324
vn 0.06529336 -0.83396590 -0.54793960
vn 0.01308625 -0.98496085 -0.17228165
vn -0.12696521 -0.51929808 -0.84510911
vn -0.39672610 -0.54607999 -0.73783809
vn -0.49725014 -0.20336887 -0.84343559
vn -0.15486051 -0.17185876 -0.97287345
vn -0.69929618 -0.56640536 0.43608457
vn -0.81340194 -0.20853618 0.54303789
vn -0.06525331 0.83396733 -0.54794210
vn -0.01308898 0.98496056 -0.17228293
vn 0.06529230 0.83396947 0.54793411
vn 0.01308532 0.98496163 0.17227697
vn 0.15486054 -0.17186131 -0.97287303
vn 0.49700886 -0.20301157 -0.84366369
vn 0.39532757 -0.54720664 -0.73775411
vn 0.12729013 -0.52078086 -0.84414721
vn -0.01308622 -0.98496085 -0.17228140
vn -0.06599235 -0.83483833 -0.54652554
vn 0.81316745 -0.20882979 0.54327607
vn 0.69915420 -0.56678486 0.43581918
vn 0.81317073 0.20883481 -0.54326916
vn 0.69915378 0.56677967 -0.43582657
vn -0.15486081 0.17185718 -0.97287369
vn -0.49700794 0.20300800 -0.84366512
vn -0.39533347 0.54720318 -0.73775345
vn -0.12729236 0.52078629 -0.84414351
vn 0.15486549 0.17185892 0.97287273
vn 0.49701932 0.20300849 0.84365833
vn 0.39536524 0.54722732 0.73771852
vn 0.12729722 0.52079129 0.84413975
vn -0.81317919 0.20882764 0.54325938
vn -0.69915104 0.56677979 0.43583074
vn 1.00000000 -0.00000000 0.00000039
vn 1.00000000 -0.00000000 0.00000039
vn 1.00000000 -0.00000000 0.00000039
vn 1.00000000 -0.00000000 0.00000039
vn -0.19509158 -0.98078507 -0.00000000
vn -0.19508171 -0.98078704 -0.00000032
vn 0.19508669 -0.98078609 0.00000007
vn 0.19508538 -0.98078626 0.00000009
vn 0.19508985 0.98078537 0.00000026
vn 0.19508830 0.98078573 0.00000026
vn -0.19508950 0.98078543 0.00000010
vn -0.19508855 0.98078561 -0.00000023
vn 0.83144474 0.55560762 0.00000043
vn 0.83144534 0.55560660 0.00000030
vn 0.55557013 0.83146966 0.00000032
vn 0.55557162 0.83146870 0.00000036
vn 0.55557013 -0.83146971 0.00000021
vn 0.55556679 -0.83147192 0.00000023
vn 0.83144242 -0.55561090 0.00000031
vn 0.83144891 -0.55560130 0.00000023
vn -0.83144218 -0.55561119 -0.00000009
vn -0.83144885 -0.55560136 -0.00000121
vn -0.55556583 -0.83147252 -0.00000095
vn -0.55556977 -0.83147001 -0.00000005
vn -0.55556917 0.83147037 -0.00000037
vn -0.55557281 0.83146793 -0.00000005
vn -0.83144629 0.55560523 -0.00000001
vn -0.83144325 0.55560976 -0.00000000
vn 0.00000014 0.00000022 -1.00000000
vn 0.00000016 0.00000026 -1.00000000
vn 0.00000002 -0.15066068 -0.98858553
vn 0.00000000 0.00000000 -1.00000000
vn -0.14583977 0.00000012 -0.98930824
vn -0.14584352 -0.00000009 -0.98930770
vn 0.00000000 0.00000030 -1.00000000
vn 0.00000010 0.00000019 -1.00000000
vn -0.00000115 0.15065615 -0.98858625
vn 0.00000018 0.00000005 -1.00000000
vn 0.14584319 0.00000255 -0.98930770
vn 0.00000000 -0.00000079 -1.00000000
vn 0.00000000 0.00000000 -1.00000000
vn 0.14583954 0.00000018 -0.98930830
vn 0.14584611 0.00000000 -0.98930728
vn 0.83149350 -0.55553448 0.00000034
vn 0.83149165 -0.55553728 0.00000035
vn 0.98078555 -0.19508889 0.00000037
vn 0.98078477 -0.19509284 0.00000037
vn -0.83149290 0.55553555 -0.00000020
vn -0.83149284 0.55553550 -0.00000142
vn -0.98078567 0.19508807 -0.00000064
vn -0.98078489 0.19509271 -0.00000000
vn 0.98078579 0.19508800 0.00000038
vn 0.98078477 0.19509274 0.00000037
vn 0.83149284 0.55553555 0.00000032
vn 0.83149284 0.55553555 0.00000035
vn -0.98078555 -0.19508889 -0.00000009
vn -0.98078477 -0.19509287 -0.00000108
vn -0.83149356 -0.55553448 -0.00000124
vn -0.83149165 -0.55553722 -0.00000000
vn 1.00000000 0.00000000 -0.00000000
vn 1.00000000 0.00000000 -0.00000000
vn 1.00000000 0.00000000 -0.00000000
vn 1.00000000 0.00000000 -0.00000000
vn -0.19723508 -0.98035622 -0.00000009
vn 0.19723766 -0.98035568 -0.00000007
vn 0.19722408 -0.98035842 -0.00000189
vn -0.19723584 -0.98035616 -0.00000189
vn -1.00000000 0.00000000 -0.00000000
vn -1.00000000 0.00000000 -0.00000000
vn -1.00000000 0.00000000 -0.00000000
vn -1.00000000 0.00000000 -0.00000000
vn 0.19723982 0.98035526 0.00000021
vn -0.19723663 0.98035592 0.00000034
vn -0.19723912 0.98035550 -0.00000001
vn 0.19724095 0.98035502 0.00000054
vn 0.83437675 0.55119455 0.00000021
vn 0.55996233 0.82851803 -0.00000883
vn 0.55995458 0.82852322 -0.00000904
vn 0.83437502 0.55119735 0.00000001
vn 0.55994314 -0.82853103 -0.00000946
vn 0.83437061 -0.55120403 -0.00000001
vn 0.83436561 -0.55121142 -0.00000116
vn 0.55993658 -0.82853544 -0.00001083
vn -0.83437794 -0.55119264 -0.00000003
vn -0.55995971 -0.82851982 0.00000931
vn -0.56001818 -0.82848024 0.00000697
vn -0.83438468 -0.55118245 -0.00000208
vn -0.55995500 0.82852304 0.00000930
vn -0.83437610 0.55119556 0.00000023
vn -0.83437121 0.55120295 -0.00000002
vn -0.55998683 0.82850152 0.00000982
vn 0.55992979 0.82854009 0.00000964
vn 0.55989265 0.82856512 -0.00000861
vn 0.98120672 -0.19295953 0.00000002
vn 0.98120731 -0.19295689 -0.00000042
vn -0.55992222 -0.82854527 -0.00000951
vn -0.55992317 -0.82854462 -0.00001115
vn -0.98120737 0.19295648 0.00000006
vn -0.98120773 0.19295441 -0.00000018
vn 0.98120737 0.19295666 0.00000005
vn 0.98120719 0.19295707 0.00000007
vn 0.55993152 -0.82853895 0.00000934
vn 0.55990815 -0.82855463 0.00000796
vn -0.98120785 -0.19295399 0.00000002
vn -0.98120815 -0.19295231 -0.00000081
vn -0.55992860 0.82854098 -0.00000893
vn -0.55989355 0.82856458 0.00000822
vn 0.20565964 0.00000022 -0.97862357
vn 0.20565708 0.00000000 -0.97862417
vn 0.20565830 0.00000043 -0.97862381
vn 0.14218427 0.00000043 -0.98984021
vn 0.21017841 -0.02590495 -0.97731978
vn 0.15627459 -0.09710513 -0.98292875
vn 0.11708004 -0.08187090 -0.98974210
vn 0.14874007 -0.03940437 -0.98809087
vn 0.09763696 -0.15391980 -0.98324758
vn 0.08259071 -0.11634060 -0.98976946
vn 0.02584251 -0.20570299 -0.97827321
vn 0.03847677 -0.14757375 -0.98830235
vn -0.02628253 -0.20578106 -0.97824508
vn -0.03882292 -0.14633280 -0.98847336
vn -0.09727947 -0.15473373 -0.98315519
vn -0.08192259 -0.11628527 -0.98983151
vn -0.15536727 -0.09740949 -0.98304248
vn -0.11727262 -0.08259065 -0.98965949
vn -0.21010043 -0.02544387 -0.97734874
vn -0.15017423 -0.03901613 -0.98788947
vn -0.20564291 0.00000126 -0.97862715
vn -0.20565273 0.00000000 -0.97862512
vn -0.20565911 0.00000016 -0.97862369
vn -0.14218403 0.00000000 -0.98984027
vn -0.21017519 0.02590552 -0.97732049
vn -0.15627186 0.09710417 -0.98292929
vn -0.11707643 0.08187064 -0.98974258
vn -0.14874013 0.03940607 -0.98809087
vn -0.09763696 0.15392117 -0.98324740
vn -0.08258976 0.11634156 -0.98976952
vn -0.02584174 0.20570260 -0.97827339
vn -0.03847543 0.14757192 -0.98830265
vn 0.02628228 0.20577683 -0.97824603
vn 0.03882217 0.14633666 -0.98847276
vn 0.09727756 0.15473604 -0.98315507
vn 0.08192372 0.11628446 -0.98983151
vn 0.15536755 0.09741341 -0.98304200
vn 0.11727348 0.08258823 -0.98965955
vn 0.21010351 0.02544553 -0.97734803
vn 0.15017188 0.03901654 -0.98788977
vn 0.96952748 0.00000008 -0.24498248
vn 0.99231160 0.00000004 -0.12376489
vn 0.99231142 0.00000000 -0.12376611
vn 0.96952748 0.00000000 -0.24498259
vn 0.78782570 -0.53040081 -0.31305844
vn 0.82563895 -0.54092157 -0.16038743
vn 0.97316378 -0.18195784 -0.14086716
vn 0.93729609 -0.20548844 -0.28151488
vn 0.53795135 -0.78247643 -0.31359041
vn 0.55068463 -0.81875825 -0.16242395
vn 0.20689565 -0.93606770 -0.28455514
vn 0.18576209 -0.97192025 -0.14444223
vn 0.55064493 -0.81878173 -0.16243933
vn 0.53791672 -0.78250778 -0.31357196
vn -0.20820273 -0.93525815 -0.28625858
vn -0.18647407 -0.97186941 -0.14386587
vn -0.53650802 -0.78301132 -0.31472591
vn -0.54999459 -0.81937069 -0.16167144
vn -0.78749323 -0.53176367 -0.31157935
vn -0.82503986 -0.54155040 -0.16134539
vn -0.55003965 -0.81933916 -0.16167790
vn -0.53659099 -0.78295499 -0.31472471
vn -0.93818045 -0.20403606 -0.27961922
vn -0.97321796 -0.18118863 -0.14148280
vn -0.96952438 0.00000008 -0.24499510
vn -0.99231076 0.00000004 -0.12377147
vn -0.99231154 0.00000013 -0.12376586
vn -0.96952748 0.00000025 -0.24498270
vn -0.78782684 0.53040320 -0.31305194
vn -0.82563990 0.54092091 -0.16038473
vn -0.97316378 0.18195756 -0.14086822
vn -0.93729770 0.20548542 -0.28151187
vn -0.53796071 0.78247231 -0.31358472
vn -0.55073059 0.81872797 -0.16241989
vn -0.20689832 0.93606758 -0.28455344
vn -0.18577242 0.97191888 -0.14443767
vn -0.55065227 0.81877720 -0.16243787
vn -0.53789777 0.78251737 -0.31358045
vn 0.20820685 0.93525815 -0.28625563
vn 0.18648034 0.97186863 -0.14386247
vn 0.53651786 0.78301442 -0.31470159
vn 0.55000639 0.81936276 -0.16167186
vn 0.78749925 0.53175563 -0.31157783
vn 0.82504791 0.54153854 -0.16134416
vn 0.55006254 0.81932431 -0.16167557
vn 0.53660780 0.78294516 -0.31472051
vn 0.93818045 0.20403595 -0.27961898
vn 0.97321755 0.18119106 -0.14148295
vn 0.13491765 0.00000000 -0.99085683
vn 0.40252706 0.00000000 -0.91540807
vn 0.40252706 0.00000019 -0.91540813
vn 0.13491254 0.00000007 -0.99085754
vn 0.27309632 -0.17194781 -0.94649482
vn 0.36879307 -0.04759801 -0.92829204
vn 0.17513733 -0.26597178 -0.94793773
vn 0.04791226 -0.36027232 -0.93161595
vn -0.04918712 -0.36055979 -0.93143833
vn -0.17435877 -0.26840642 -0.94739485
vn -0.27025664 -0.17253004 -0.94720370
vn -0.36849764 -0.04623938 -0.92847806
vn -0.13491523 0.00000017 -0.99085718
vn -0.40252650 0.00000017 -0.91540831
vn -0.40252754 0.00000019 -0.91540790
vn -0.13491319 0.00000008 -0.99085748
vn -0.27309871 0.17194650 -0.94649440
vn -0.36879537 0.04759756 -0.92829120
vn -0.17514513 0.26597366 -0.94793576
vn -0.04791083 0.36026621 -0.93161839
vn 0.04918636 0.36057085 -0.93143409
vn 0.17435905 0.26840478 -0.94739527
vn 0.27025846 0.17252752 -0.94720358
vn 0.36849171 0.04623933 -0.92848039
vn 0.40252140 0.00000000 -0.91541064
vn 0.20565452 0.00000000 -0.97862464
vn 0.20564964 0.00000000 -0.97862566
vn 0.20566612 0.00000069 -0.97862226
vn 0.20565729 0.00000048 -0.97862417
vn 0.40252206 0.00000005 -0.91541028
vn -0.08319203 -0.33481774 -0.93860334
vn 0.08247124 -0.33638772 -0.93810552
vn -0.40251476 0.00000001 -0.91541356
vn -0.20566118 0.00000019 -0.97862327
vn -0.20567493 0.00000000 -0.97862035
vn -0.20566265 0.00000000 -0.97862297
vn -0.20565729 0.00000033 -0.97862417
vn -0.40252188 0.00000025 -0.91541040
vn 0.08319198 0.33481216 -0.93860525
vn -0.08247027 0.33639294 -0.93810362
vn 0.26318187 0.18245414 -0.94733620
vn 0.18010117 0.26252368 -0.94796884
vn 0.18103303 -0.26254287 -0.94778597
vn 0.26301572 -0.18149747 -0.94756603
vn -0.26318219 -0.18245247 -0.94733638
vn -0.18010448 -0.26252756 -0.94796711
vn -0.18103179 0.26254395 -0.94778591
vn -0.26301217 0.18149722 -0.94756716
vn 0.33867002 -0.08526725 -0.93703377
vn -0.33866894 0.08527084 -0.93703383
vn 0.34043044 0.08448633 -0.93646634
vn -0.34042516 -0.08448516 -0.93646836
vn 0.96952718 0.00000004 -0.24498411
vn 0.96952718 0.00000004 -0.24498411
vn 0.96952718 0.00000004 -0.24498411
vn 0.96952718 0.00000008 -0.24498349
vn 0.96952718 0.00000008 -0.24498349
vn 0.96952718 0.00000008 -0.24498349
vn -0.20327048 -0.93655849 -0.28555080
vn -0.16886823 -0.94506860 -0.27987301
vn 0.16804488 -0.94506335 -0.28038582
vn 0.20242877 -0.93699926 -0.28470188
vn -0.98638380 -0.00000009 -0.16445938
vn -0.96952206 0.00000000 -0.24500418
vn -0.96952736 0.00000002 -0.24498318
vn -0.98638588 0.00000009 -0.16444750
vn 0.20327106 0.93655562 -0.28556007
vn 0.16887130 0.94506598 -0.27987999
vn -0.16804056 0.94506007 -0.28039941
vn -0.20242736 0.93699658 -0.28471139
vn 0.78646761 0.53318244 -0.31174546
vn 0.79421699 0.52157223 -0.31173995
vn 0.52175432 0.79375291 -0.31261581
vn 0.53134394 0.78690714 -0.31376892
vn 0.53215021 -0.78659230 -0.31319121
vn 0.52246052 -0.79302728 -0.31327751
vn 0.79497045 -0.52090633 -0.31093180
vn 0.78670716 -0.53240317 -0.31247172
vn -0.78646374 -0.53318548 -0.31174996
vn -0.79421353 -0.52157575 -0.31174287
vn -0.52174991 -0.79375494 -0.31261849
vn -0.53134263 -0.78690201 -0.31378403
vn -0.53214544 0.78659225 -0.31319970
vn -0.52244610 0.79304016 -0.31326914
vn -0.79497302 0.52090144 -0.31093341
vn -0.78671491 0.53239042 -0.31247413
vn 0.53128821 0.78693843 -0.31378460
vn 0.52167714 0.79380822 -0.31260443
vn 0.94665283 -0.16801320 -0.27499107
vn 0.93754715 -0.20454107 -0.28136891
vn -0.53128457 -0.78693593 -0.31379709
vn -0.52167171 -0.79380071 -0.31263256
vn -0.94665486 0.16801213 -0.27498469
vn -0.93754935 0.20454326 -0.28135988
vn 0.93802130 0.20363276 -0.28044567
vn 0.94665009 0.16713192 -0.27553710
vn 0.52238238 -0.79307228 -0.31329381
vn 0.53206623 -0.78664517 -0.31320113
vn -0.93802208 -0.20362945 -0.28044540
vn -0.94665003 -0.16713126 -0.27553743
vn -0.52238834 0.79307359 -0.31328073
vn -0.53207564 0.78664714 -0.31318018
vn -0.00000005 -0.98540866 -0.17020512
vn -0.00000009 -0.98540908 0.17020261
vn -0.00000000 -0.98540789 0.17020974
vn 0.00000005 -0.98540843 -0.17020629
vn 0.00000025 0.98540819 0.17020762
vn 0.00000036 0.98540896 -0.17020321
vn 0.00000222 0.98540866 -0.17020509
vn 0.00000002 0.98540884 0.17020407
vn -0.00000070 0.00000000 1.00000000
vn -0.00000008 -0.00000097 1.00000000
vn 0.00000804 -0.00000053 1.00000000
vn 0.00000804 -0.00000053 1.00000000
vn 0.00000804 -0.00000053 1.00000000
vn 0.00000000 0.00000000 1.00000000
vn 0.00000000 0.00000000 1.00000000
vn 0.00000000 0.00000000 1.00000000
vn 0.00000000 0.00000000 1.00000000
vn 0.00000000 0.00000000 1.00000000
vn 0.00000000 0.00000000 1.00000000
vn 0.00000000 0.00000000 1.00000000
vn 0.00017475 -0.83999550 0.54259342
vn -0.00088566 -0.84024912 0.54219973
vn -0.00016394 -0.83999181 -0.54259914
vn 0.00089678 -0.84025466 -0.54219139
vn 0.00017495 0.84002101 -0.54255372
vn -0.00088617 0.84025490 -0.54219085
vn -0.00016394 0.84002024 0.54255491
vn 0.00089699 0.84027690 0.54215670
vn -0.00000004 -0.15065932 0.98858577
vn 0.00014479 -0.50892425 0.86081129
vn -0.00000010 -0.15066069 0.98858553
vn -0.00088168 -0.50852984 0.86104393
vn -0.00000002 -0.15065949 -0.98858571
vn -0.00014324 -0.50892889 -0.86080861
vn 0.00089214 -0.50852180 -0.86104876
vn -0.00000009 0.15065673 -0.98858613
vn 0.00014503 0.50892115 -0.86081314
vn -0.00088138 0.50851727 -0.86105132
vn 0.00000301 0.15065624 0.98858619
vn -0.00014225 0.50893378 0.86080563
vn 0.00000012 0.15065761 0.98858601
vn 0.00089217 0.50852537 0.86104661
vn 0.00000013 0.00000057 -1.00000000
vn 0.00000003 -0.00000015 -1.00000000
vn 0.00000000 -0.00000069 -1.00000000
vn 0.00000019 -0.00000023 -1.00000000
vn -0.00000003 -0.00000003 -1.00000000
vn 0.00000030 -0.00000019 -1.00000000
vn -0.14584190 0.00000000 -0.98930800
vn -0.98444706 0.00000000 -0.17568158
vn -0.98444682 0.00000000 0.17568320
vn -0.98444676 0.00000003 -0.17568365
vn -0.98444682 0.00000000 0.17568281
vn -0.98444742 0.00000000 0.17567952
vn -0.98444676 0.00000000 -0.17568366
vn -0.98444700 -0.00000011 0.17568222
vn -0.98444706 0.00000003 -0.17568138
vn -0.00000014 0.00000000 1.00000000
vn 0.00000388 0.00000000 1.00000000
vn -0.00000028 0.00000000 1.00000000
vn -0.00000028 0.00000000 1.00000000
vn -0.00000028 0.00000000 1.00000000
vn -0.00000028 0.00000000 1.00000000
vn 0.00000000 0.00000000 1.00000000
vn 0.00000000 0.00000000 1.00000000
vn 0.00000000 0.00000000 1.00000000
vn 0.00000000 0.00000000 1.00000000
vn 0.98444581 0.00000010 0.17568846
vn 0.98444897 -0.00000003 -0.17567070
vn 0.98444432 -0.00000010 0.17569715
vn 0.98444825 0.00000002 -0.17567524
vn 0.98444808 0.00000000 -0.17567612
vn 0.98444599 0.00000000 0.17568749
vn 0.98444784 0.00000003 -0.17567708
vn 0.98444539 0.00000000 0.17569076
vn -0.50025088 -0.00001114 -0.86588055
vn -0.50024903 -0.00001082 -0.86588162
vn -0.50025064 -0.00001099 -0.86588067
vn -0.50025070 -0.00001084 -0.86588073
vn -0.14584260 0.00000017 -0.98930782
vn 0.50025457 0.00001099 -0.86587834
vn 0.50024903 0.00001117 -0.86588156
vn 0.50025046 0.00001252 -0.86588079
vn 0.50025034 0.00001279 -0.86588085
vn 0.14584342 0.00000245 -0.98930770
vn -0.83406651 0.00001097 0.55166405
vn -0.83406484 -0.00001099 0.55166656
vn -0.83406895 -0.00001099 0.55166018
vn -0.83406794 -0.00001136 0.55166173
vn 0.14584246 0.00000000 0.98930782
vn 0.50025183 -0.00001104 0.86587989
vn 0.14584556 0.00000000 0.98930740
vn 0.50026160 -0.00001046 0.86587441
vn 0.50024080 -0.00001099 0.86588633
vn 0.14583378 0.00000000 0.98930913
vn 0.50023830 -0.00001099 0.86588788
vn 0.14583512 -0.00000001 0.98930895
vn -0.83403683 -0.00000005 -0.55170882
vn -0.83403283 0.00000008 -0.55171478
vn -0.83403361 0.00000000 -0.55171371
vn -0.83403695 0.00000008 -0.55170864
vn 0.83403724 0.00000000 -0.55170810
vn 0.83403689 0.00000008 -0.55170870
vn 0.83404046 -0.00000008 -0.55170333
vn 0.83403957 0.00000051 -0.55170465
vn -0.50030297 0.00000036 0.86585045
vn -0.14584039 0.00000036 0.98930818
vn -0.50030547 0.00000000 0.86584908
vn -0.14584221 -0.00000001 0.98930794
vn -0.14584938 0.00000000 0.98930675
vn -0.50030702 0.00000000 0.86584818
vn -0.14584702 0.00000000 0.98930717
vn -0.50030279 0.00000000 0.86585051
vn 0.83403331 0.00000011 0.55171406
vn 0.83402175 -0.00000010 0.55173153
vn 0.83403707 0.00000000 0.55170840
vn 0.83403277 0.00000000 0.55171496
vn 0.00000221 0.00000000 1.00000000
vn -0.00000070 0.00000000 1.00000000
vn 0.00000000 0.00000000 1.00000000
vn -0.00000019 0.00000000 1.00000000
vn 0.00000804 0.00000000 1.00000000
vn 0.00000804 0.00000000 1.00000000
vn 0.00000804 0.00000000 1.00000000
vn 0.00000804 0.00000000 1.00000000
vn 0.00000000 0.00000000 1.00000000
vn 0.00000000 0.00000000 1.00000000
vn 0.00000000 0.00000000 1.00000000
vn 0.00000047 0.00000000 1.00000000
vn 0.00000053 0.00000000 1.00000000
vn 0.00000000 0.00000000 1.00000000
vn 0.00000000 0.00000000 1.00000000
vn 0.00000000 0.00000000 1.00000000
vn 0.00000000 0.00000000 1.00000000
vn 0.00000012 0.00000033 -1.00000000
vn -0.00000000 0.00000005 -1.00000000
vn 0.00000031 -0.00000027 -1.00000000
vn 0.00000012 0.00000019 -1.00000000
vn 0.00000000 0.00000005 -1.00000000
vn 0.00000000 -0.00000023 -1.00000000
vn 0.97700632 0.00000002 -0.21321031
vn 1.00000000 -0.00000000 0.00000007
vn 1.00000000 -0.00000000 0.00000007
vn 0.97700632 0.00000006 -0.21321030
vn -0.19470215 -0.96773958 -0.15990955
vn 0.19472030 -0.96773493 -0.15991621
vn -0.97700626 0.00000003 -0.21321054
vn -1.00000000 0.00000000 0.00000027
vn -1.00000000 0.00000000 0.00000015
vn -0.97700626 0.00000000 -0.21321064
vn 0.19470410 0.96773940 -0.15990894
vn -0.19466755 0.96774560 -0.15991572
vn 0.82364857 0.54410332 -0.15985817
vn 0.55276859 0.81785417 -0.15987968
vn 0.55279446 -0.81783277 -0.15989950
vn 0.82365566 -0.54409170 -0.15986125
vn -0.82362461 -0.54413944 -0.15985842
vn -0.55275214 -0.81786531 -0.15987952
vn -0.55278099 0.81784379 -0.15988934
vn -0.82364142 0.54411304 -0.15986183
vn 0.55269814 0.81789815 -0.15989845
vn 0.96859324 -0.19048275 -0.15982339
vn -0.55269468 -0.81790042 -0.15989861
vn -0.96859765 0.19046059 -0.15982316
vn 0.96858895 0.19047080 -0.15986371
vn 0.55270869 -0.81789458 -0.15987985
vn -0.96859133 -0.19047421 -0.15984499
vn -0.55271113 0.81789285 -0.15987991
vn -0.16019103 0.00000000 -0.98708606
vn 0.16017373 0.00000000 -0.98708886
vn 0.16017380 0.00000000 -0.98708886
vn -0.16018942 0.00000000 -0.98708630
vn 0.94868475 0.00000000 -0.31622344
vn 0.97698933 -0.00000511 -0.21328813
vn 0.97698921 -0.00000511 -0.21328902
vn 0.94868457 0.00000000 -0.31622413
vn 0.79001343 0.52188599 -0.32173586
vn 0.82365066 0.54408318 -0.15991606
vn 0.96857941 0.19048049 -0.15990984
vn 0.92905903 0.18271504 -0.32165909
vn 0.53019804 0.78441602 -0.32184118
vn 0.55279768 0.81782097 -0.15994930
vn 0.18673760 0.92817336 -0.32190588
vn 0.19471228 0.96772939 -0.15995929
vn 0.55269647 0.81788957 -0.15994763
vn 0.53011006 0.78448731 -0.32181236
vn -0.18672867 0.92817265 -0.32191285
vn -0.19468911 0.96772867 -0.15999225
vn -0.53013122 0.78446233 -0.32183838
vn -0.55271041 0.81787884 -0.15995446
vn -0.79001665 0.52187932 -0.32173848
vn -0.82364327 0.54409128 -0.15992630
vn -0.55277336 0.81783372 -0.15996760
vn -0.53019643 0.78442103 -0.32183129
vn -0.92905110 0.18270113 -0.32169005
vn -0.96856850 0.19048443 -0.15997115
vn -0.94868195 0.00000000 -0.31623203
vn -0.97698677 0.00000507 -0.21329983
vn -0.97698718 0.00000511 -0.21329807
vn -0.94868165 0.00000000 -0.31623283
vn -0.79000038 -0.52190149 -0.32174256
vn -0.82363492 -0.54409349 -0.15996183
vn -0.96858108 -0.19047707 -0.15990356
vn -0.92906183 -0.18271585 -0.32165059
vn -0.53017366 -0.78443587 -0.32183275
vn -0.55277115 -0.81784058 -0.15993971
vn -0.18674022 -0.92817873 -0.32188877
vn -0.19470964 -0.96773374 -0.15993640
vn -0.55272919 -0.81787491 -0.15990973
vn -0.53012359 -0.78447413 -0.32182181
vn 0.18674104 -0.92817575 -0.32189694
vn 0.19469708 -0.96773642 -0.15993515
vn 0.53013146 -0.78448093 -0.32179233
vn 0.55271429 -0.81788814 -0.15989356
vn 0.79000568 -0.52189845 -0.32173461
vn 0.82363003 -0.54411244 -0.15992208
vn 0.55275065 -0.81785154 -0.15995464
vn 0.53018427 -0.78443480 -0.32181793
vn 0.92906231 -0.18269995 -0.32165831
vn 0.96858215 -0.19047937 -0.15989415
vn 0.31621155 0.00000000 -0.94868869
vn 0.31621093 0.00000000 -0.94868892
vn 0.14711674 0.09716853 -0.98433477
vn 0.25930640 0.17130430 -0.95048153
vn 0.30500576 0.05998421 -0.95045960
vn 0.17292087 0.03400847 -0.98434842
vn 0.09879287 0.14616168 -0.98431545
vn 0.17396276 0.25740933 -0.95051432
vn 0.03481607 0.17302524 -0.98430187
vn 0.06126362 0.30446896 -0.95055008
vn -0.03481945 0.17304018 -0.98429918
vn -0.06126817 0.30449489 -0.95054144
vn -0.09880187 0.14618966 -0.98431033
vn -0.17397952 0.25742796 -0.95050615
vn -0.14712675 0.09719775 -0.98433042
vn -0.25932726 0.17132843 -0.95047146
vn -0.17294413 0.03401101 -0.98434424
vn -0.30504361 0.05998996 -0.95044702
vn -0.31624249 0.00000000 -0.94867837
vn -0.31624570 0.00000000 -0.94867730
vn -0.14711328 -0.09717125 -0.98433501
vn -0.25930166 -0.17132132 -0.95047975
vn -0.30501387 -0.05996784 -0.95045805
vn -0.17292619 -0.03399267 -0.98434806
vn -0.09879357 -0.14617613 -0.98431313
vn -0.17396513 -0.25743502 -0.95050693
vn -0.03481434 -0.17305413 -0.98429680
vn -0.06126083 -0.30451915 -0.95053422
vn 0.03481337 -0.17303373 -0.98430043
vn 0.06125981 -0.30449089 -0.95054328
vn 0.09879909 -0.14619884 -0.98430926
vn 0.17396380 -0.25744206 -0.95050520
vn 0.14711456 -0.09718891 -0.98433316
vn 0.25929657 -0.17132370 -0.95048070
vn 0.17292166 -0.03401275 -0.98434812
vn 0.30500081 -0.05998809 -0.95046091
vn -0.98444670 0.00000005 -0.17568341
vn -0.98444647 0.00000000 0.17568526
vn -0.98444688 -0.00000021 0.17568249
vn -0.98444676 0.00000005 -0.17568333
vn -0.00000028 0.00000000 1.00000000
vn -0.00000028 0.00000000 1.00000000
vn 0.00000000 0.00000000 1.00000000
vn 0.00000000 0.00000000 1.00000000
vn -0.00000014 0.00000000 1.00000000
vn -0.00000014 0.00000000 1.00000000
vn -0.00000014 0.00000000 1.00000000
vn 0.98444551 -0.00000020 0.17569010
vn 0.98444802 0.00000005 -0.17567654
vn 0.98444873 0.00000005 -0.17567225
vn 0.98444486 0.00000000 0.17569388
vn -0.14584202 0.00000026 -0.98930788
vn -0.50025046 -0.00001085 -0.86588073
vn -0.50025052 -0.00001081 -0.86588073
vn -0.14584103 0.00000013 -0.98930806
vn 0.14584291 0.00000031 -0.98930770
vn 0.50025117 0.00001114 -0.86588031
vn 0.50024956 0.00001099 -0.86588132
vn 0.14584081 0.00000000 -0.98930812
vn -0.83406413 -0.00001099 0.55166745
vn -0.83406800 -0.00001139 0.55166179
vn 0.14584886 0.00000000 0.98930687
vn 0.50026160 -0.00001099 0.86587441
vn 0.50024891 -0.00001168 0.86588168
vn 0.14584024 -0.00000037 0.98930818
vn -0.83403552 0.00000015 -0.55171078
vn -0.83403492 0.00000016 -0.55171168
vn 0.83404022 0.00000011 -0.55170369
vn 0.83403701 0.00000005 -0.55170846
vn -0.50029868 -0.00000034 0.86585289
vn -0.14583428 -0.00000034 0.98930901
vn -0.14584309 0.00000000 0.98930776
vn -0.50030011 0.00000000 0.86585218
vn 0.83403140 -0.00000019 0.55171698
vn 0.83403355 0.00000000 0.55171382
vn 1.00000000 0.00000000 0.00000036
vn 1.00000000 0.00000000 0.00000036
vn 1.00000000 0.00000000 0.00000043
vn 1.00000000 0.00000000 0.00000043
vn 1.00000000 0.00000000 0.00000043
vn 1.00000000 -0.00000000 0.00000032
vn 1.00000000 -0.00000000 0.00000032
vn 1.00000000 -0.00000000 0.00000032
vn 1.00000000 0.00000000 0.00000034
vn 1.00000000 0.00000000 0.00000031
vn 1.00000000 0.00000000 0.00000044
vn 1.00000000 0.00000000 0.00000044
vn 1.00000000 0.00000000 0.00000044
vn 1.00000000 0.00000000 0.00000033
vn 1.00000000 0.00000000 0.00000033
vn 1.00000000 0.00000000 0.00000033
vn -1.00000000 0.00000000 -0.00000000
vn -1.00000000 0.00000000 -0.00000000
vn -1.00000000 0.00000000 -0.00000175
vn -1.00000000 0.00000000 -0.00000175
vn -1.00000000 0.00000000 -0.00000175
vn -1.00000000 0.00000000 -0.00000000
vn -1.00000000 0.00000000 -0.00000000
vn -1.00000000 0.00000000 -0.00000163
vn -1.00000000 0.00000000 -0.00000230
vn -1.00000000 0.00000000 -0.00000000
vn -1.00000000 0.00000000 -0.00000000
vn -1.00000000 0.00000000 -0.00000000
vn -1.00000000 0.00000000 -0.00000000
vn 1.00000000 0.00000000 -0.00000026
vn 1.00000000 -0.00000000 -0.00000036
vn 1.00000000 0.00000000 -0.00000000
vn 1.00000000 0.00000000 -0.00000000
vn 1.00000000 0.00000000 -0.00000000
vn 1.00000000 0.00000000 -0.00000000
vn 1.00000000 -0.00000000 -0.00000035
vn 1.00000000 0.00000000 -0.00000027
vn 1.00000000 0.00000000 -0.00000000
vn 1.00000000 0.00000000 -0.00000000
vn 1.00000000 0.00000000 -0.00000000
vn 1.00000000 0.00000000 -0.00000000
vn -1.00000000 0.00000000 -0.00000000
vn -1.00000000 0.00000000 -0.00000000
vn -1.00000000 0.00000000 -0.00000000
vn -1.00000000 0.00000000 -0.00000000
vn -1.00000000 0.00000000 0.00000007
vn -1.00000000 0.00000000 0.00000038
vn -1.00000000 0.00000000 -0.00000170
vn -1.00000000 0.00000000 -0.00000170
vn -1.00000000 0.00000000 -0.00000170
vn -1.00000000 0.00000000 0.00000170
vn -1.00000000 0.00000000 0.00000170
vn -1.00000000 0.00000000 0.00000170
vn 0.20565946 0.00000024 -0.97862363
vn 0.20566228 0.00000035 -0.97862303
vn 0.20565863 0.00000006 -0.97862387
vn 0.20566131 0.00000026 -0.97862327
vn 0.20565853 0.00000065 -0.97862381
vn -0.20566118 0.00000020 -0.97862327
vn -0.20566194 0.00000013 -0.97862309
vn -0.20565668 0.00000015 -0.97862428
vn -0.20566407 0.00000029 -0.97862273
vn -0.20565751 0.00000042 -0.97862411
vn 0.96952736 0.00000023 -0.24498321
vn 0.99235237 0.00000012 -0.12343713
vn 0.96952748 0.00000002 -0.24498248
vn 0.99235231 0.00000000 -0.12343768
vn 0.96952742 0.00000000 -0.24498294
vn 0.99235249 0.00000000 -0.12343647
vn 0.96952736 0.00000012 -0.24498338
vn 0.99235231 0.00000006 -0.12343798
vn -0.96952766 0.00000011 -0.24498187
vn -0.99235249 0.00000007 -0.12343651
vn -0.96952611 -0.00000036 -0.24498799
vn -0.99235213 -0.00000017 -0.12343986
vn -0.96952683 0.00000011 -0.24498521
vn -0.99235237 0.00000006 -0.12343727
vn -0.96952903 0.00000001 -0.24497673
vn -0.99235272 0.00000000 -0.12343492
vn 0.40252662 0.00000052 -0.91540837
vn 0.40252647 0.00000064 -0.91540837
vn 0.40252677 0.00000039 -0.91540825
vn 0.40252686 0.00000028 -0.91540819
vn -0.40252879 0.00000002 -0.91540730
vn -0.40252838 0.00000028 -0.91540754
vn -0.40252987 0.00000074 -0.91540682
vn -0.40252569 0.00000027 -0.91540879
vn 0.40252146 0.00000019 -0.91541064
vn 0.40252119 0.00000021 -0.91541064
vn -0.40252271 0.00000000 -0.91541004
vn -0.40251270 0.00000016 -0.91541439
vn 0.96952718 0.00000000 -0.24498403
vn 0.96952713 0.00000000 -0.24498406
vn 0.96952718 0.00000000 -0.24498379
vn 0.96952718 0.00000000 -0.24498379
vn 0.96952718 0.00000000 -0.24498379
vn 0.96952718 0.00000000 -0.24498369
vn 0.96952718 0.00000000 -0.24498369
vn 0.96952718 0.00000000 -0.24498369
vn 0.96952730 0.00000000 -0.24498318
vn 0.96952736 0.00000000 -0.24498317
vn 0.96952748 0.00000000 -0.24498294
vn 0.96952748 0.00000000 -0.24498294
vn 0.96952748 0.00000000 -0.24498294
vn 0.96952730 0.00000000 -0.24498324
vn 0.96952730 0.00000000 -0.24498324
vn 0.96952730 0.00000000 -0.24498324
vn -0.96952724 0.00000007 -0.24498388
vn -0.96952724 0.00000006 -0.24498340
vn -0.96952170 0.00000006 -0.24500544
vn -0.96952188 0.00000006 -0.24500488
vn -0.00000070 0.00000000 1.00000000
vn -0.00000048 -0.00000053 1.00000000
vn 0.00000804 0.00000000 1.00000000
vn 0.00000804 0.00000000 1.00000000
vn 0.00000804 0.00000000 1.00000000
vn 0.00000804 0.00000000 1.00000000
vn 0.00000000 0.00000000 1.00000000
vn 0.00000000 -0.00000235 1.00000000
vn 0.00000000 -0.00000235 1.00000000
vn 0.00000000 -0.00000235 1.00000000
vn 0.00000000 0.00000000 1.00000000
vn 0.00000000 0.00000000 1.00000000
vn 0.00000000 0.00000000 1.00000000
vn 0.00000030 0.00000054 -1.00000000
vn 0.00000000 0.00000000 -1.00000000
vn 0.00000030 0.00000040 -1.00000000
vn 0.00000000 0.00000000 -1.00000000
vn 0.98709422 -0.00000767 -0.16014063
vn 1.00000000 -0.00000000 0.00000034
vn 0.98709422 -0.00000745 -0.16014065
vn 0.98709422 0.00000789 -0.16014065
vn 0.98709422 0.00000768 -0.16014065
vn 1.00000000 0.00000000 0.00000042
vn 1.00000000 0.00000000 0.00000052
vn 1.00000000 0.00000000 0.00000059
vn -0.98709422 -0.00000768 -0.16014072
vn -0.98709422 -0.00000768 -0.16014072
vn -0.98709422 0.00000767 -0.16014072
vn -0.98709422 0.00000767 -0.16014072
vn -1.00000000 0.00000000 -0.00000000
vn -1.00000000 0.00000000 -0.00000000
vn 0.16017590 0.00000110 -0.98708850
vn -0.16017003 0.00000086 -0.98708946
vn 0.16017380 0.00000086 -0.98708880
vn -0.16019019 0.00000086 -0.98708618
vn -0.16017978 0.00000075 -0.98708785
vn 0.16018772 0.00000000 -0.98708665
vn -0.16019145 0.00000000 -0.98708594
vn 0.16018799 0.00000083 -0.98708653
vn 0.98708147 0.00000814 -0.16021900
vn 0.94868481 0.00000071 -0.31622326
vn 0.98708147 -0.00000732 -0.16021910
vn 0.94868487 0.00000035 -0.31622314
vn 0.94868207 0.00000000 -0.31623152
vn 0.98708004 -0.00000768 -0.16022776
vn 0.94868416 0.00000000 -0.31622523
vn 0.98708123 0.00000746 -0.16022108
vn -0.98707634 0.00000768 -0.16025072
vn -0.94867450 0.00000000 -0.31625423
vn -0.98707896 -0.00000767 -0.16023473
vn -0.94867975 0.00000000 -0.31623825
vn -0.94868100 0.00000000 -0.31623495
vn -0.98707980 -0.00000767 -0.16022970
vn -0.94868070 0.00000000 -0.31623560
vn -0.98707938 0.00000768 -0.16023163
vn 0.31621152 0.00000000 -0.94868881
vn 0.31621018 0.00000000 -0.94868916
vn 0.31623879 0.00000001 -0.94867963
vn 0.31623933 0.00000151 -0.94867945
vn -0.31621867 0.00000129 -0.94868642
vn -0.31624413 0.00000004 -0.94867790
vn -0.31620598 0.00000000 -0.94869065
vn -0.31624559 0.00000000 -0.94867736
vn 0.99674320 0.05702016 -0.05702433
vn 0.99674332 -0.05702281 -0.05701919
vn 0.99674332 0.05702284 0.05701896
vn 0.99674314 -0.05702013 0.05702452
vn 0.99673969 0.05705345 -0.05705211
vn 0.99673915 -0.05705657 -0.05705926
vn 0.99673927 0.05705768 0.05705518
vn 0.99673921 -0.05705693 0.05705628
vn 0.12321988 0.00000000 -0.99237943
vn 0.12319088 0.00000000 -0.99238306
vn 0.00000000 0.00000000 -1.00000000
vn 0.00000000 0.00000000 -1.00000000
vn 0.12320578 0.99238116 0.00000035
vn 0.12321128 0.99238050 0.00000032
vn 0.00000000 1.00000000 0.00000034
vn 0.00000000 1.00000000 0.00000034
vn 0.12320367 -0.00000044 0.99238139
vn 0.12320748 -0.00000044 0.99238092
vn -0.00000020 0.00000000 1.00000000
vn 0.00000000 0.00000000 1.00000000
vn 0.12318376 -0.99238396 -0.00000035
vn 0.12321253 -0.99238038 -0.00000032
vn 0.00000036 -1.00000000 -0.00000034
vn 0.00000082 -1.00000000 -0.00000034
vn 0.12320383 0.00000085 -0.99238139
vn 0.12319247 0.00000000 -0.99238282
vn 0.00000000 0.00000000 -1.00000000
vn 0.00000000 0.00000000 -1.00000000
vn 0.12322874 0.99237835 -0.00000000
vn 0.12318762 0.99238342 -0.00000000
vn 0.00000000 1.00000000 -0.00000000
vn 0.00000000 1.00000000 -0.00000000
vn 0.12320419 -0.00000074 0.99238133
vn 0.12320898 -0.00000043 0.99238074
vn 0.00000000 -0.00000062 1.00000000
vn 0.00000000 -0.00000128 1.00000000
vn 0.12323017 -0.99237812 -0.00000000
vn 0.12323492 -0.99237758 -0.00000000
vn 0.00000000 -1.00000000 -0.00000000
vn 0.00000000 -1.00000000 -0.00000000
vn 0.22937952 0.00000000 -0.97333705
vn 0.22943954 0.00000000 -0.97332293
vn 0.22941600 0.97332847 0.00000030
vn 0.22941355 0.97332907 0.00000035
vn 0.22940940 -0.00000082 0.97333002
vn 0.22940902 -0.00000081 0.97333014
vn 0.22941583 -0.97332859 -0.00000030
vn 0.22937045 -0.97333926 -0.00000035
vn 0.22938007 0.00000003 -0.97333699
vn 0.22940764 0.00000160 -0.97333044
vn 0.22937395 0.97333837 -0.00000000
vn 0.22945683 0.97331882 -0.00000000
vn 0.22940999 -0.00000081 0.97332996
vn 0.22940792 -0.00000080 0.97333038
vn 0.22945949 -0.97331822 -0.00000000
vn 0.22945668 -0.97331887 -0.00000000
vn 0.99673861 0.05705120 -0.05707330
vn 0.94868785 0.22359829 -0.22359632
vn 0.94868988 -0.22358924 -0.22359642
vn 0.99673742 -0.05707640 -0.05706745
vn 0.99673671 0.05708739 0.05707110
vn 0.94868690 0.22360295 0.22359566
vn 0.99673516 -0.05710847 0.05707680
vn 0.94868785 -0.22359690 0.22359768
vn 0.94868845 0.22359684 -0.22359504
vn 0.94868106 -0.22361729 -0.22360593
vn 0.94868320 0.22361481 0.22359915
vn 0.94868141 -0.22362551 0.22359610
vn 0.94868445 0.00000000 -0.31622446
vn 0.94868445 0.00000000 -0.31622446
vn 0.93084240 0.19303019 -0.31027719
vn 0.93342561 0.17863220 -0.31113881
vn -0.17868398 -0.93339956 -0.31118703
vn -0.19302575 -0.93083096 -0.31031394
vn 0.19301993 -0.93083835 -0.31029549
vn 0.17854872 -0.93336546 -0.31136706
vn -0.94868904 0.00000000 -0.31621057
vn -0.94868898 0.00000000 -0.31621054
vn -0.93084806 -0.19302981 -0.31026030
vn -0.93343031 -0.17863272 -0.31112427
vn 0.17832261 0.93347603 -0.31116506
vn 0.19271031 0.93082947 -0.31051451
vn -0.19300285 0.93083483 -0.31031680
vn -0.17866078 0.93341357 -0.31115821
vn 0.24127841 0.30319917 -0.92187583
vn 0.18164454 0.30824676 -0.93380362
vn 0.31074890 0.18160498 -0.93298167
vn 0.30676123 0.24293090 -0.92026198
vn 0.30656415 -0.24174899 -0.92063886
vn 0.31098145 -0.18148929 -0.93292665
vn 0.18098116 -0.30826783 -0.93392545
vn 0.23999165 -0.30319360 -0.92221344
vn -0.24372599 -0.30681840 -0.92003268
vn -0.18211654 -0.31102672 -0.93278933
vn -0.31095329 -0.18210663 -0.93281585
vn -0.30670261 -0.24367473 -0.92008489
vn -0.30671144 0.24370952 -0.92007267
vn -0.31094587 0.18211873 -0.93281585
vn -0.18215363 0.31102839 -0.93278152
vn -0.24375565 0.30680493 -0.92002928
vn 0.31573057 0.05634546 -0.94717449
vn 0.31541303 0.07195728 -0.94622236
vn 0.07134406 0.31521749 -0.94633400
vn 0.05596007 0.31573573 -0.94719559
vn 0.05614315 -0.31552440 -0.94725513
vn 0.07179093 -0.31541118 -0.94623560
vn 0.31541196 -0.07195611 -0.94622284
vn 0.31572944 -0.05634437 -0.94717491
vn -0.31572759 -0.05634440 -0.94717550
vn -0.31540889 -0.07195636 -0.94622391
vn -0.07195932 -0.31538609 -0.94623125
vn -0.05639084 -0.31569740 -0.94718277
vn -0.05637665 0.31571385 -0.94717818
vn -0.07192703 0.31537393 -0.94623768
vn -0.31541133 0.07195875 -0.94622284
vn -0.31572846 0.05634720 -0.94717503
vn 0.94868416 0.00000000 -0.31622514
vn 0.94868416 0.00000000 -0.31622514
vn 0.94868416 0.00000000 -0.31622514
vn 0.94868469 0.00000000 -0.31622359
vn 0.94868469 0.00000000 -0.31622359
vn 0.94868469 0.00000000 -0.31622359
vn 0.94868457 0.00000004 -0.31622410
vn 0.94868457 0.00000004 -0.31622410
vn 0.94868457 0.00000004 -0.31622410
vn 0.94868451 0.00000004 -0.31622419
vn 0.94868451 0.00000004 -0.31622419
vn 0.94868451 0.00000004 -0.31622419
vn 0.94868422 0.00000020 -0.31622499
vn 0.94868422 0.00000020 -0.31622499
vn 0.94868422 0.00000020 -0.31622499
vn 0.94868469 0.00000020 -0.31622350
vn 0.94868469 0.00000020 -0.31622350
vn 0.94868469 0.00000020 -0.31622350
vn 0.93342513 -0.17863771 -0.31113681
vn 0.93084234 -0.19303004 -0.31027716
vn 0.94868463 0.00000000 -0.31622371
vn 0.94868463 0.00000000 -0.31622368
vn -0.94868517 0.00000000 -0.31622213
vn -0.94868517 0.00000000 -0.31622213
vn -0.94868517 0.00000000 -0.31622213
vn -0.94868511 0.00000000 -0.31622261
vn -0.94868511 0.00000000 -0.31622261
vn -0.94868511 0.00000000 -0.31622261
vn -0.94868958 0.00000004 -0.31620875
vn -0.94868958 0.00000004 -0.31620875
vn -0.94868958 0.00000004 -0.31620875
vn -0.94868279 0.00000004 -0.31622925
vn -0.94868279 0.00000004 -0.31622925
vn -0.94868279 0.00000004 -0.31622925
vn -0.94868851 0.00000020 -0.31621212
vn -0.94868851 0.00000020 -0.31621212
vn -0.94868851 0.00000020 -0.31621212
vn -0.94868839 0.00000020 -0.31621248
vn -0.94868839 0.00000020 -0.31621248
vn -0.94868839 0.00000020 -0.31621248
vn -0.93342572 0.17863803 -0.31113473
vn -0.93084300 0.19302990 -0.31027532
vn -0.94869167 0.00000000 -0.31620273
vn -0.94869196 0.00000000 -0.31620201
vn 0.31623253 0.00000000 -0.94868165
vn 0.31623256 0.00000000 -0.94868177
vn -0.31623119 0.00000000 -0.94868213
vn -0.31623119 0.00000000 -0.94868213
vn 0.55408347 0.78890967 -0.26573133
vn 0.51873398 0.81019276 -0.27295226
vn 0.81150615 0.51769078 -0.27102396
vn 0.78958577 0.55433023 -0.26319641
vn 0.78988576 -0.55356276 -0.26391053
vn 0.81187546 -0.51731861 -0.27062836
vn 0.51806700 -0.81065345 -0.27285111
vn 0.55316848 -0.78936183 -0.26629409
vn -0.55432981 -0.78962129 -0.26309082
vn -0.51798403 -0.81152743 -0.27039936
vn -0.81145024 -0.51806349 -0.27047908
vn -0.78956997 -0.55436170 -0.26317763
vn -0.78957570 0.55436450 -0.26315439
vn -0.81144822 0.51808864 -0.27043658
vn -0.51801735 0.81149995 -0.27041790
vn -0.55437446 0.78958261 -0.26311263
vn 0.51869196 0.81020623 -0.27299151
vn 0.55403620 0.78892899 -0.26577225
vn 0.55308586 -0.78941464 -0.26630929
vn 0.51802772 -0.81067312 -0.27286685
vn -0.78961313 -0.55428702 -0.26320556
vn -0.81148911 -0.51799530 -0.27049252
vn -0.81149125 0.51799488 -0.27048713
vn -0.78959465 0.55432713 -0.26317653
vn 0.31623259 0.00000000 -0.94868171
vn 0.31623259 0.00000000 -0.94868171
vn 0.31623259 0.00000000 -0.94868171
vn 0.31623259 0.00000000 -0.94868171
vn 0.31623238 0.00000018 -0.94868183
vn 0.31623238 0.00000018 -0.94868183
vn 0.31623238 0.00000018 -0.94868183
vn 0.31623280 0.00000009 -0.94868171
vn 0.31623280 0.00000009 -0.94868171
vn 0.31623280 0.00000009 -0.94868171
vn 0.31623250 0.00000039 -0.94868177
vn 0.31623250 0.00000039 -0.94868177
vn 0.31623250 0.00000039 -0.94868177
vn 0.31623295 0.00000039 -0.94868165
vn 0.31623295 0.00000039 -0.94868165
vn 0.31623295 0.00000039 -0.94868165
vn 0.31623247 0.00000000 -0.94868171
vn 0.31623247 0.00000000 -0.94868177
vn -0.31623223 0.00000000 -0.94868183
vn -0.31623223 0.00000000 -0.94868183
vn -0.31623223 0.00000000 -0.94868183
vn -0.31623223 0.00000000 -0.94868183
vn -0.31623283 0.00000018 -0.94868159
vn -0.31623283 0.00000018 -0.94868159
vn -0.31623283 0.00000018 -0.94868159
vn -0.31623283 0.00000009 -0.94868159
vn -0.31623283 0.00000009 -0.94868159
vn -0.31623283 0.00000009 -0.94868159
vn -0.31622705 0.00000040 -0.94868362
vn -0.31622705 0.00000040 -0.94868362
vn -0.31622705 0.00000040 -0.94868362
vn -0.31623453 0.00000040 -0.94868112
vn -0.31623453 0.00000040 -0.94868112
vn -0.31623453 0.00000040 -0.94868112
vn -0.31622753 0.00000000 -0.94868344
vn -0.31622750 0.00000000 -0.94868338
vn 1.00000000 0.00000000 -0.00000014
vn 1.00000000 0.00000000 -0.00000014
vn 1.00000000 0.00000000 -0.00000014
vn 1.00000000 0.00000000 -0.00000000
vn 1.00000000 0.00000000 -0.00000000
vn 1.00000000 0.00000000 -0.00000000
vn 1.00000000 0.00000000 -0.00000000
vn 1.00000000 0.00000000 -0.00000000
vn 1.00000000 0.00000000 -0.00000000
vn 1.00000000 0.00000000 -0.00000000
vn 1.00000000 0.00000000 -0.00000000
vn 1.00000000 0.00000000 -0.00000000
vn 1.00000000 0.00000000 -0.00000000
vn 1.00000000 0.00000000 -0.00000000
vn 1.00000000 0.00000000 -0.00000000
vn 1.00000000 0.00000000 -0.00000000
vn 1.00000000 0.00000000 -0.00000000
vn 1.00000000 0.00000000 -0.00000000
vn -1.00000000 0.00000000 -0.00000000
vn -1.00000000 0.00000000 -0.00000000
vn -1.00000000 0.00000000 -0.00000000
vn -1.00000000 0.00000000 -0.00000000
vn -1.00000000 0.00000000 -0.00000000
vn -1.00000000 0.00000000 -0.00000000
vn -1.00000000 0.00000000 -0.00000000
vn -1.00000000 0.00000000 -0.00000000
vn 0.96952754 0.00000000 -0.24498245
vn 0.99247652 0.00000000 -0.12243465
vn 1.00000000 0.00000103 0.00002695
vn 0.99999994 -0.00000100 -0.00030861
vn 0.99999994 -0.00000100 -0.00030861
vn 0.99999994 0.00001123 -0.00029471
vn 1.00000000 0.00000961 0.00018467
vn 1.00000000 -0.00000094 0.00018452
vn 0.96952772 0.00000000 -0.24498178
vn 0.99247634 0.00000000 -0.12243652
vn 0.99999994 -0.00000704 -0.00029682
vn 1.00000000 -0.00000822 0.00017759
vn 1.00000000 -0.00000824 0.00004126
vn 1.00000000 -0.00000141 -0.00028925
vn -0.96952850 -0.00000010 -0.24497864
vn -0.99247688 0.00000000 -0.12243229
vn -0.96952671 0.00000000 -0.24498574
vn -0.99247587 0.00000000 -0.12244034
vn -1.00000000 -0.00000483 0.00008575
vn -1.00000000 0.00000386 0.00008600
vn -1.00000000 0.00000982 0.00008604
vn -1.00000000 0.00000479 -0.00023799
vn -1.00000000 0.00000479 -0.00023799
vn -1.00000000 0.00000479 -0.00023799
vn 0.40252706 0.00000000 -0.91540819
vn 0.99999988 0.00000000 0.00050620
vn 0.99999988 0.00000000 0.00050620
vn 0.99999988 0.00000000 0.00050620
vn 1.00000000 -0.00000656 0.00011045
vn 1.00000000 0.00000860 0.00010972
vn 0.99999988 0.00001723 0.00044517
vn 0.14218625 0.00000000 -0.98983991
vn 0.40252626 0.00000000 -0.91540849
vn 1.00000000 -0.00000545 0.00015444
vn 0.99999988 0.00000000 0.00048996
vn 0.99999988 0.00000000 0.00048996
vn 0.99999994 -0.00001525 0.00041642
vn 0.99999994 -0.00001525 0.00041642
vn 0.99999994 -0.00001525 0.00041642
vn -0.40252185 0.00000000 -0.91541046
vn -0.14218554 0.00000000 -0.98983997
vn -0.40252122 0.00000000 -0.91541058
vn -1.00000000 0.00000725 0.00001974
vn -1.00000000 0.00000000 0.00035523
vn -1.00000000 0.00000000 0.00035523
vn -1.00000000 0.00001339 0.00029729
vn -1.00000000 0.00001339 0.00029729
vn -1.00000000 0.00001339 0.00029729
vn 1.00000000 0.00000000 0.00000007
vn 0.97700632 0.00000006 -0.21321031
vn 1.00000000 0.00000000 0.00000009
vn 1.00000000 0.00000000 0.00000009
vn 1.00000000 0.00000000 0.00000009
vn 1.00000000 0.00000000 0.00000006
vn 1.00000000 0.00000000 0.00000006
vn 1.00000000 0.00000000 0.00000006
vn 0.97700632 0.00000003 -0.21321033
vn 1.00000000 0.00000000 0.00000009
vn 1.00000000 0.00000000 0.00000007
vn 1.00000000 0.00000000 0.00000007
vn 1.00000000 0.00000000 0.00000007
vn 1.00000000 0.00000000 0.00000008
vn 1.00000000 0.00000000 0.00000008
vn 1.00000000 0.00000000 0.00000008
vn 1.00000000 0.00000000 -0.00000000
vn 1.00000000 0.00000000 -0.00000000
vn 1.00000000 -0.00000213 -0.00000108
vn 1.00000000 -0.00000213 -0.00000108
vn 1.00000000 -0.00000213 -0.00000108
vn 1.00000000 -0.00000567 -0.00033552
vn -0.97700632 0.00000004 -0.21321039
vn -1.00000000 0.00000000 -0.00000000
vn -1.00000000 0.00000000 -0.00000000
vn -0.97700632 0.00000003 -0.21321039
vn -1.00000000 0.00000554 -0.00000000
vn -0.99999994 0.00003456 -0.00033431
vn -0.99999994 0.00002882 -0.00033476
vn -1.00000000 0.00000000 -0.00000000
vn 0.16017318 0.00000000 -0.98708898
vn -0.16018681 0.00000000 -0.98708671
vn -0.16018693 0.00000000 -0.98708677
vn 0.16017318 0.00000003 -0.98708892
vn 0.97698957 -0.00000511 -0.21328720
vn 0.94868511 0.00000000 -0.31622246
vn 0.94868499 0.00000000 -0.31622261
vn 0.97698945 -0.00000511 -0.21328750
vn -0.97698212 0.00000511 -0.21332163
vn -0.94867450 0.00000000 -0.31625414
vn -0.94867468 0.00000000 -0.31625360
vn -0.97698265 0.00000511 -0.21331865
vn 0.31621164 0.00000000 -0.94868875
vn 0.31621033 0.00000000 -0.94868910
vn -0.31623983 0.00000000 -0.94867927
vn -0.31623983 0.00000000 -0.94867933
vn 0.20230944 0.00000000 -0.97932172
vn 0.20230944 0.00000000 -0.97932172
vn 0.20230944 0.00000000 -0.97932172
vn 0.20230909 0.00000000 -0.97932166
vn 0.20230909 0.00000000 -0.97932166
vn 0.20230909 0.00000000 -0.97932166
vn 0.20231187 0.97932112 0.00000017
vn 0.20231187 0.97932112 0.00000017
vn 0.20231187 0.97932112 0.00000017
vn 0.20230655 0.97932225 0.00000017
vn 0.20230655 0.97932225 0.00000017
vn 0.20230655 0.97932225 0.00000017
vn 0.20231387 0.97932070 -0.00000000
vn 0.20231387 0.97932070 -0.00000000
vn 0.20231387 0.97932070 -0.00000000
vn 0.20230688 0.97932220 -0.00000000
vn 0.20230688 0.97932220 -0.00000000
vn 0.20230688 0.97932220 -0.00000000
vn 0.20231166 0.97932118 -0.00000021
vn 0.21456805 0.97640002 -0.02456625
vn 0.20232578 0.97923434 -0.01282434
vn 0.20231266 0.97932106 -0.00000027
vn 0.26019180 0.93857455 -0.22666760
vn 0.23322426 0.90602332 -0.35316873
vn 0.20783047 0.73515660 -0.64525294
vn 0.23378666 -0.85397428 -0.46483526
vn 0.23812813 -0.96472633 -0.11224141
vn 0.25806007 -0.93961531 -0.22478446
vn 0.20225334 -0.97913897 -0.01950546
vn 0.21576230 -0.97638929 -0.01051509
vn 0.20230088 -0.97932351 -0.00000000
vn 0.20230304 -0.97932303 -0.00000000
vn 0.20230688 -0.97932220 -0.00000058
vn 0.20230688 -0.97932220 -0.00000058
vn 0.20230688 -0.97932220 -0.00000058
vn 0.20230706 -0.97932220 -0.00000000
vn 0.20230706 -0.97932220 -0.00000000
vn 0.20230706 -0.97932220 -0.00000000
vn 0.20229942 -0.97932374 -0.00000006
vn 0.20229942 -0.97932374 -0.00000006
vn 0.20229942 -0.97932374 -0.00000006
vn 0.20231286 -0.97932094 -0.00000014
vn 0.20231286 -0.97932094 -0.00000014
vn 0.20231286 -0.97932094 -0.00000014
vn 0.20230855 0.00000000 -0.97932190
vn 0.20230855 0.00000000 -0.97932190
vn 0.20230855 0.00000000 -0.97932190
vn 0.20231035 0.00000000 -0.97932148
vn 0.20231035 0.00000000 -0.97932148
vn 0.20231035 0.00000000 -0.97932148
vn 0.20231131 0.97932130 0.00000016
vn 0.20231131 0.97932130 0.00000016
vn 0.20231131 0.97932130 0.00000016
vn 0.20231494 0.97932059 0.00000017
vn 0.20231494 0.97932059 0.00000017
vn 0.20231494 0.97932059 0.00000017
vn 0.20231317 0.97932088 -0.00000000
vn 0.20231317 0.97932088 -0.00000000
vn 0.20231317 0.97932088 -0.00000000
vn 0.20231335 0.97932088 -0.00000000
vn 0.20231335 0.97932088 -0.00000000
vn 0.20231335 0.97932088 -0.00000000
vn 0.20230298 0.97932297 -0.00000000
vn 0.21453838 0.97667331 -0.00908884
vn 0.20231372 0.97931170 0.00422645
vn 0.20230038 0.97932351 -0.00000000
vn 0.26223633 0.95402294 -0.14516367
vn 0.23980403 0.94032079 -0.24143535
vn 0.23378244 0.85396707 -0.46485052
vn 0.20781660 -0.73517978 -0.64523095
vn 0.23663241 -0.95186073 -0.19484925
vn 0.25247857 -0.90713972 -0.33667800
vn 0.20226942 -0.97870129 -0.03508513
vn 0.21575096 -0.97606295 -0.02743612
vn 0.20231184 -0.97932124 -0.00000000
vn 0.20231184 -0.97932118 -0.00000000
vn 0.20231335 -0.97932088 -0.00000000
vn 0.20231335 -0.97932088 -0.00000000
vn 0.20231335 -0.97932088 -0.00000000
vn 0.20229952 -0.97932369 -0.00000000
vn 0.20229952 -0.97932369 -0.00000000
vn 0.20229952 -0.97932369 -0.00000000
vn 0.20231640 -0.97932029 -0.00000014
vn 0.20231640 -0.97932029 -0.00000014
vn 0.20231640 -0.97932029 -0.00000014
vn 0.20231234 -0.97932106 -0.00000014
vn 0.20231234 -0.97932106 -0.00000014
vn 0.20231234 -0.97932106 -0.00000014
vn -0.20230760 0.00000000 -0.97932202
vn -0.20230760 0.00000000 -0.97932202
vn -0.20230760 0.00000000 -0.97932202
vn -0.20230491 0.00000000 -0.97932261
vn -0.20230491 0.00000000 -0.97932261
vn -0.20230491 0.00000000 -0.97932261
vn -0.20229448 -0.97932482 -0.00000014
vn -0.20229448 -0.97932482 -0.00000014
vn -0.20229448 -0.97932482 -0.00000014
vn -0.20231463 -0.97932053 -0.00000014
vn -0.20231463 -0.97932053 -0.00000014
vn -0.20231463 -0.97932053 -0.00000014
vn -0.20229669 -0.97932422 -0.00000000
vn -0.20229669 -0.97932422 -0.00000000
vn -0.20229669 -0.97932422 -0.00000000
vn -0.20231053 -0.97932142 -0.00000000
vn -0.20231053 -0.97932142 -0.00000000
vn -0.20231053 -0.97932142 -0.00000000
vn -0.20230924 -0.97932172 -0.00000000
vn -0.21456626 -0.97640073 -0.02455838
vn -0.20231777 -0.97923613 -0.01281270
vn -0.20230982 -0.97932166 -0.00000000
vn -0.26020613 -0.93857098 -0.22666556
vn -0.23322833 -0.90602267 -0.35316786
vn -0.20783728 -0.73515064 -0.64525747
vn -0.23378429 0.85398138 -0.46482331
vn -0.23812623 0.96472627 -0.11224605
vn -0.25805974 0.93961477 -0.22478701
vn -0.20224954 0.97913975 -0.01950992
vn -0.21575812 0.97639024 -0.01051999
vn -0.20230842 0.97932184 -0.00000000
vn -0.20230787 0.97932202 -0.00000000
vn -0.20231053 0.97932142 -0.00000000
vn -0.20231053 0.97932142 -0.00000000
vn -0.20231053 0.97932142 -0.00000000
vn -0.20229669 0.97932422 -0.00000000
vn -0.20229669 0.97932422 -0.00000000
vn -0.20229669 0.97932422 -0.00000000
vn -0.20231111 0.97932124 0.00000014
vn -0.20231111 0.97932124 0.00000014
vn -0.20231111 0.97932124 0.00000014
vn -0.20229545 0.97932458 0.00000014
vn -0.20229545 0.97932458 0.00000014
vn -0.20229545 0.97932458 0.00000014
vn -1.00000000 0.00000000 0.00003080
vn -1.00000000 0.00000000 0.00003080
vn -1.00000000 0.00000000 0.00003080
vn -1.00000000 0.00000000 -0.00000000
vn -1.00000000 0.00000000 -0.00000000
vn -1.00000000 0.00000000 -0.00000000
vn -1.00000000 0.00000000 0.00001540
vn -1.00000000 0.00000000 0.00001540
vn -1.00000000 0.00000000 0.00001540
vn -1.00000000 0.00000000 0.00001099
vn -1.00000000 0.00000000 0.00001099
vn -1.00000000 0.00000000 0.00001099
vn -1.00000000 0.00000000 -0.00000000
vn -1.00000000 0.00000000 -0.00000000
vn -1.00000000 0.00000000 -0.00000311
vn -1.00000000 0.00000000 -0.00000311
vn -1.00000000 0.00000000 -0.00000311
vn -1.00000000 0.00000000 0.00001354
vn -1.00000000 0.00000000 0.00001354
vn -1.00000000 0.00000000 0.00001354
vn -1.00000000 0.00000000 -0.00001056
vn -1.00000000 0.00000000 -0.00001056
vn -1.00000000 0.00000000 -0.00001056
vn -1.00000000 0.00000000 -0.00000000
vn -1.00000000 0.00000000 -0.00000000
vn -1.00000000 0.00000000 -0.00000000
vn -1.00000000 0.00000000 0.00001099
vn -1.00000000 0.00000000 0.00001099
vn -1.00000000 0.00000000 0.00001099
vn -1.00000000 0.00000000 -0.00000000
vn -1.00000000 0.00000000 -0.00000000
vn -1.00000000 0.00000000 -0.00000000
vn -1.00000000 0.00000000 -0.00000000
vn -1.00000000 0.00000000 -0.00000000
vn -1.00000000 0.00000000 -0.00010085
vn -1.00000000 0.00000000 -0.00010085
vn -1.00000000 0.00000000 -0.00010085
vn -1.00000000 0.00000000 -0.00000000
vn -1.00000000 0.00000000 -0.00000000
vn -1.00000000 0.00000000 -0.00000000
vn -1.00000000 0.00000000 0.00001003
vn -1.00000000 0.00000000 0.00001003
vn -1.00000000 0.00000000 0.00001003
vn -1.00000000 0.00000000 -0.00000852
vn -1.00000000 0.00000000 -0.00000852
vn -1.00000000 0.00000000 -0.00000852
vn -1.00000000 0.00000000 -0.00000000
vn -1.00000000 0.00000000 -0.00000000
vn -1.00000000 0.00000000 -0.00000000
vn -1.00000000 0.00000000 -0.00000000
vn -1.00000000 0.00000000 0.00000860
vn -1.00000000 0.00000000 0.00000860
vn -1.00000000 0.00000000 0.00000860
vn -1.00000000 0.00000000 -0.00000000
vn -1.00000000 0.00000000 -0.00000000
vn -1.00000000 0.00000000 -0.00000000
vn -1.00000000 0.00000000 -0.00000000
vn -1.00000000 0.00000000 0.00002111
vn -1.00000000 0.00000000 0.00002111
vn -1.00000000 0.00000000 0.00002111
vn -1.00000000 0.00000000 -0.00000000
vn -1.00000000 0.00000000 -0.00000000
vn -0.99999291 -0.00057556 -0.00374233
vn -0.99999291 -0.00057554 -0.00374241
vn -0.99999291 -0.00057468 -0.00374229
vn -1.00000000 0.00000000 0.00007399
vn -0.64125216 -0.12607935 0.75690132
vn -1.00000000 0.00000000 -0.00000904
vn -1.00000000 0.00000000 0.00001610
vn -1.00000000 0.00000000 0.00001610
vn -1.00000000 0.00000000 0.00001610
vn -1.00000000 0.00000000 0.00000227
vn -1.00000000 0.00000000 0.00000227
vn -1.00000000 0.00000000 0.00000227
vn -1.00000000 0.00000000 -0.00001777
vn -1.00000000 0.00000000 -0.00001777
vn -1.00000000 0.00000000 -0.00001777
vn -1.00000000 0.00000000 -0.00005490
vn -1.00000000 0.00000000 -0.00005490
vn -1.00000000 0.00000000 -0.00005490
vn -1.00000000 0.00000000 -0.00000000
vn -1.00000000 0.00000000 -0.00000000
vn -1.00000000 0.00000000 -0.00000000
vn -1.00000000 0.00000000 -0.00001777
vn -1.00000000 0.00000000 -0.00001777
vn -1.00000000 0.00000000 -0.00001777
vn -0.76738852 0.00000000 0.64118242
vn -0.76738852 0.00000000 0.64118242
vn -0.76738852 0.00000000 0.64118242
vn -1.00000000 0.00000000 -0.00000000
vn -1.00000000 0.00000000 -0.00000000
vn -1.00000000 0.00000000 -0.00000000
vn -0.99999994 0.00000000 0.00040977
vn -0.99999994 0.00000000 0.00040977
vn -0.99999994 0.00000000 0.00040977
vn -1.00000000 0.00000110 -0.00000000
vn -1.00000000 0.00000110 -0.00000000
vn -1.00000000 0.00000110 -0.00000000
vn -1.00000000 -0.00000088 -0.00000000
vn -1.00000000 -0.00000088 -0.00000000
vn -1.00000000 -0.00000088 -0.00000000
vn -1.00000000 -0.00000162 -0.00000000
vn -1.00000000 -0.00000162 -0.00000000
vn -1.00000000 -0.00000162 -0.00000000
vn -1.00000000 -0.00000162 0.00000689
vn -1.00000000 -0.00000162 0.00000689
vn -1.00000000 -0.00000162 0.00000689
vn 0.50589377 0.04273448 -0.86153662
vn 0.34719518 -0.53676122 0.76898825
vn -0.86434191 0.43356496 0.25482237
vn -1.00000000 -0.00000088 0.00000902
vn -1.00000000 -0.00000088 0.00000902
vn -1.00000000 -0.00000088 0.00000902
vn -1.00000000 0.00000110 -0.00001011
vn -1.00000000 0.00000110 -0.00001011
vn -1.00000000 0.00000110 -0.00001011
vn -0.99999869 0.00000000 0.00163733
vn -0.99999869 0.00000000 0.00163733
vn -0.99999869 0.00000000 0.00163733
vn -1.00000000 0.00000000 -0.00002659
vn -1.00000000 0.00000000 -0.00002659
vn -1.00000000 0.00000000 -0.00002659
vn -1.00000000 0.00000000 -0.00000000
vn -1.00000000 0.00000000 -0.00000000
vn -1.00000000 0.00000000 -0.00000000
vn -1.00000000 0.00000000 -0.00000000
vn -1.00000000 0.00000000 -0.00000681
vn -1.00000000 0.00000000 -0.00000681
vn -1.00000000 0.00000000 -0.00000681
vn -0.99999821 0.00000000 0.00188790
vn -0.99999821 0.00000000 0.00188790
vn -0.99999821 0.00000000 0.00188790
vn -0.99997020 -0.00057465 -0.00770691
vn -0.99997020 -0.00057525 -0.00770684
vn -0.99997020 -0.00057588 -0.00770684
vn -1.00000000 0.00000000 -0.00001805
vn -1.00000000 0.00000000 -0.00001805
vn -1.00000000 0.00000000 -0.00001805
vn -1.00000000 0.00000000 -0.00000000
vn -1.00000000 0.00000000 -0.00000000
vn -1.00000000 0.00000000 -0.00000000
vn -1.00000000 0.00000000 -0.00000000
vn -1.00000000 0.00000000 -0.00000000
vn -1.00000000 0.00000000 0.00028126
vn -1.00000000 0.00000000 0.00028126
vn -1.00000000 0.00000000 0.00028126
vn -1.00000000 0.00000113 -0.00001551
vn -1.00000000 0.00000113 -0.00001551
vn -1.00000000 0.00000113 -0.00001551
vn -1.00000000 -0.00000088 -0.00000000
vn -1.00000000 -0.00000088 -0.00000000
vn -1.00000000 -0.00000088 -0.00000000
vn -1.00000000 -0.00000162 -0.00000000
vn -1.00000000 -0.00000162 -0.00000000
vn -1.00000000 -0.00000162 -0.00000000
vn -1.00000000 -0.00000162 0.00002737
vn -1.00000000 -0.00000162 0.00002737
vn -1.00000000 -0.00000162 0.00002737
vn -1.00000000 -0.00000088 0.00000129
vn -1.00000000 -0.00000088 0.00000129
vn -1.00000000 -0.00000088 0.00000129
vn -1.00000000 0.00000110 -0.00000000
vn -1.00000000 0.00000110 -0.00000000
vn -1.00000000 0.00000110 -0.00000000
vn -1.00000000 0.00000000 -0.00000000
vn -1.00000000 0.00000000 -0.00000000
vn -1.00000000 0.00000000 -0.00000000
vn -1.00000000 0.00000000 -0.00000084
vn -1.00000000 0.00000000 -0.00000084
vn -1.00000000 0.00000000 -0.00000084
vn -1.00000000 0.00000000 -0.00000681
vn -1.00000000 0.00000000 -0.00000681
vn -1.00000000 0.00000000 -0.00000681
vn -1.00000000 0.00000000 0.00002370
vn -1.00000000 0.00000000 0.00002370
vn -1.00000000 0.00000000 0.00002370
vn -1.00000000 0.00000000 -0.00000000
vn -1.00000000 0.00000000 -0.00000000
vn -1.00000000 0.00000000 0.00003395
vn -1.00000000 0.00000000 0.00003395
vn -1.00000000 0.00000000 0.00003395
vn -1.00000000 0.00000000 -0.00000000
vn -1.00000000 0.00000000 -0.00000000
vn -1.00000000 0.00000000 -0.00000000
vn -1.00000000 0.00000000 -0.00000000
vn -1.00000000 0.00000000 -0.00000000
vn -1.00000000 0.00000000 -0.00000000
vn -1.00000000 0.00000000 0.00001244
vn -1.00000000 0.00000000 0.00001244
vn -1.00000000 0.00000000 0.00001244
vn -1.00000000 0.00000453 -0.00000000
vn -1.00000000 0.00000453 -0.00000000
vn -1.00000000 0.00000453 -0.00000000
vn -1.00000000 -0.00000358 -0.00000000
vn -1.00000000 -0.00000358 -0.00000000
vn -1.00000000 -0.00000358 -0.00000000
vn -1.00000000 -0.00000015 -0.00000057
vn -1.00000000 -0.00000037 -0.00000141
vn -1.00000000 0.00000000 0.00001784
vn -1.00000000 0.00000000 -0.00000397
vn -1.00000000 0.00000000 -0.00000010
vn -1.00000000 0.00000000 0.00000385
vn -1.00000000 0.00000000 0.00000397
vn -1.00000000 0.00000000 0.00000397
vn -1.00000000 0.00000000 0.00000397
vn -1.00000000 -0.00000056 -0.00000000
vn -1.00000000 -0.00000101 -0.00000070
vn -1.00000000 -0.00000710 -0.00001356
vn -1.00000000 0.00000404 -0.00000516
vn -1.00000000 0.00000000 0.00003080
vn -1.00000000 0.00000000 0.00003080
vn -1.00000000 0.00000000 0.00003080
vn -1.00000000 0.00000000 -0.00000000
vn -1.00000000 0.00000000 -0.00000000
vn -1.00000000 0.00000000 -0.00000000
vn -1.00000000 0.00000000 -0.00000000
vn -1.00000000 0.00000000 0.00003080
vn -1.00000000 0.00000000 0.00003080
vn -1.00000000 0.00000000 -0.00000400
vn -1.00000000 0.00000000 -0.00000400
vn -1.00000000 0.00000000 -0.00000400
vn -1.00000000 0.00000000 0.00001220
vn -1.00000000 0.00000000 0.00001220
vn -1.00000000 0.00000000 0.00001220
vn -1.00000000 0.00000000 -0.00000763
vn -1.00000000 0.00000000 -0.00000763
vn -1.00000000 0.00000000 -0.00000763
vn -1.00000000 0.00000000 -0.00000000
vn -1.00000000 0.00000000 -0.00000000
vn -1.00000000 0.00000000 -0.00000000
vn -1.00000000 0.00000000 -0.00000000
vn -1.00000000 0.00000000 -0.00000915
vn -1.00000000 0.00000000 -0.00000915
vn -1.00000000 0.00000000 -0.00000915
vn -1.00000000 0.00000000 -0.00000000
vn -1.00000000 0.00000000 -0.00000000
vn -1.00000000 0.00000000 -0.00000000
vn -1.00000000 0.00000000 0.00002204
vn -1.00000000 0.00000000 0.00002204
vn -1.00000000 0.00000000 0.00002204
vn 0.00000000 -0.00000480 1.00000000
vn 0.00000000 0.43387350 0.90097380
vn 0.00000000 0.43388125 0.90097004
vn 0.00000000 0.00000379 1.00000000
vn -0.00000001 0.78179675 0.62353337
vn 0.00000000 0.78179681 0.62353343
vn 0.00000000 0.78186715 0.62344503
vn 0.00000000 0.97492701 0.22252488
vn 0.00000000 0.97492868 0.22251771
vn 0.00000001 0.78186655 0.62344587
vn 0.00000000 0.97492963 -0.22251327
vn 0.00000000 0.97492796 -0.22252099
vn -0.00000001 0.78186023 -0.62345380
vn 0.00000000 0.78186011 -0.62345386
vn 0.00000057 0.78180265 -0.62352598
vn 0.00000068 0.43388772 -0.90096694
vn 0.00000032 0.43388361 -0.90096897
vn 0.00000001 0.78180385 -0.62352461
vn 0.00000066 0.00000741 -1.00000000
vn 0.00000055 -0.00000120 -1.00000000
vn 0.00000040 -0.43388036 -0.90097052
vn 0.00000078 -0.43389070 -0.90096551
vn -0.00000001 -0.78180802 -0.62351936
vn 0.00000080 -0.78180802 -0.62351918
vn 0.00000000 -0.78185916 -0.62345505
vn 0.00000000 -0.97492713 -0.22252457
vn 0.00000000 -0.97492909 -0.22251613
vn 0.00000001 -0.78185922 -0.62345505
vn 0.00000000 -0.97492820 0.22251987
vn 0.00000000 -0.97492635 0.22252780
vn -0.00000001 -0.78186017 0.62345392
vn 0.00000000 -0.78186071 0.62345314
vn 0.00000000 -0.78180051 0.62352860
vn 0.00000000 -0.43388429 0.90096861
vn 0.00000000 -0.43387678 0.90097219
vn 0.00000001 -0.78180057 0.62352872
vn 0.00000000 -0.00000889 1.00000000
vn 0.00000000 0.43387538 0.90097290
vn 0.00000000 0.43388355 0.90096897
vn 0.00000000 0.00000205 1.00000000
vn -0.00000001 0.78180116 0.62352788
vn 0.00000000 0.78179860 0.62353104
vn 0.00000000 0.78186715 0.62344503
vn 0.00000000 0.97492701 0.22252488
vn 0.00000000 0.97492868 0.22251771
vn 0.00000001 0.78186655 0.62344587
vn 0.00000000 0.97493994 -0.22246844
vn 0.00000000 0.97493923 -0.22247174
vn 0.00000000 0.90098912 -0.43384165
vn 0.00000000 0.90098947 -0.43384114
vn -0.00000001 0.78185767 -0.62345701
vn 0.00000000 0.78185838 -0.62345606
vn 0.00000000 0.78180504 -0.62352300
vn 0.00000000 0.43388513 -0.90096831
vn 0.00000000 0.43388057 -0.90097040
vn 0.00000001 0.78180504 -0.62352300
vn 0.00000000 -0.00000077 -1.00000000
vn 0.00000000 -0.00000372 -1.00000000
vn 0.00000000 -0.43390420 -0.90095901
vn 0.00000000 -0.43388987 -0.90096593
vn 0.00000000 -0.62350625 -0.78181833
vn 0.00000000 -0.62349182 -0.78182983
vn -0.00000001 -0.78180063 -0.62352854
vn 0.00000000 -0.78179812 -0.62353158
vn 0.00000000 -0.78186077 -0.62345302
vn 0.00000000 -0.97492665 -0.22252625
vn 0.00000000 -0.97492921 -0.22251555
vn 0.00000001 -0.78186351 -0.62344962
vn 0.00000000 -0.97492939 0.22251448
vn 0.00000000 -0.97492778 0.22252162
vn -0.00000001 -0.78413022 0.62059641
vn 0.00000000 -0.78413153 0.62059456
vn 0.00000000 -0.78408754 0.62065017
vn 0.00000000 -0.62638348 0.77951503
vn 0.00000000 -0.62634367 0.77954715
vn 0.00000001 -0.78408504 0.62065357
vn 0.00000000 -0.43393114 0.90094608
vn 0.00000000 -0.43388438 0.90096855
vn 0.00000000 0.00000169 1.00000000
vn 0.00000000 0.21823016 0.97589731
vn 0.00000000 0.21822596 0.97589833
vn 0.00000000 0.00000013 1.00000000
vn 0.00000000 0.43050423 0.90258855
vn 0.00000000 0.43091330 0.90239334
vn 0.00000000 0.62399381 0.78142929
vn 0.00000000 0.62434757 0.78114671
vn -0.00000001 0.78179437 0.62353647
vn 0.00000000 0.78179425 0.62353647
vn 0.00000000 0.78186578 0.62344688
vn 0.00000000 0.97492665 0.22252622
vn 0.00000000 0.97492868 0.22251795
vn 0.00000001 0.78186649 0.62344599
vn -0.00000024 0.97492993 -0.22251211
vn 0.00000000 0.97492796 -0.22252099
vn -0.00000056 0.78186190 -0.62345177
vn -0.00000008 0.78186053 -0.62345338
vn 0.00000041 0.78180176 -0.62352705
vn 0.00000023 0.43388674 -0.90096736
vn 0.00000048 0.43388176 -0.90096992
vn 0.00000054 0.78180432 -0.62352389
vn 0.00000000 0.00000244 -1.00000000
vn 0.00000018 -0.00000315 -1.00000000
vn 0.00000000 -0.43388149 -0.90096992
vn 0.00000000 -0.43388706 -0.90096724
vn -0.00000001 -0.78180194 -0.62352693
vn 0.00000000 -0.78180194 -0.62352693
vn 0.00000000 -0.78186393 -0.62344915
vn 0.00053631 -0.90228212 -0.43114576
vn 0.00000000 -0.90097070 -0.43388009
vn 0.00000001 -0.78185946 -0.62345469
vn 0.00061765 -0.97576582 -0.21881650
vn 0.00007009 -0.97492772 -0.22252175
vn -1.00000000 0.00000000 -0.00003081
vn -1.00000000 0.00000000 -0.00003081
vn -1.00000000 0.00000000 -0.00003081
vn -1.00000000 0.00000000 0.00004269
vn -1.00000000 0.00000000 0.00004269
vn -1.00000000 0.00000000 0.00004269
vn -1.00000000 0.00000000 -0.00001076
vn -1.00000000 0.00000000 -0.00001076
vn -1.00000000 0.00000000 -0.00001076
vn -1.00000000 0.00000000 0.00011064
vn -1.00000000 0.00000000 0.00011064
vn -1.00000000 0.00000000 0.00011064
vn -1.00000000 0.00000000 -0.00000057
vn -1.00000000 0.00000000 -0.00000057
vn -1.00000000 0.00000000 -0.00000057
vn -1.00000000 0.00000000 -0.00000392
vn -1.00000000 0.00000000 -0.00000392
vn -1.00000000 0.00000000 -0.00000392
vn -1.00000000 0.00000000 -0.00000000
vn -1.00000000 0.00000000 -0.00000000
vn -1.00000000 0.00000000 -0.00000000
vn -1.00000000 0.00000000 -0.00003080
vn -1.00000000 0.00000000 -0.00003080
vn -1.00000000 0.00000000 -0.00003080
vn -1.00000000 0.00000000 -0.00000000
vn -1.00000000 0.00000000 -0.00000000
vn -1.00000000 0.00000000 -0.00002932
vn -1.00000000 0.00000000 -0.00002932
vn -1.00000000 0.00000000 -0.00002932
vn -1.00000000 0.00000000 0.00003133
vn -1.00000000 0.00000000 0.00003133
vn -1.00000000 0.00000000 0.00003133
vn -1.00000000 0.00000000 0.00000354
vn -1.00000000 0.00000000 0.00000354
vn -1.00000000 0.00000000 0.00000354
vn -1.00000000 0.00000000 -0.00000000
vn -1.00000000 0.00000000 -0.00000000
vn 0.00000000 -0.97492826 0.22251955
vn -0.00000001 -0.78186274 0.62345064
vn 0.00000000 -0.78186208 0.62345147
vn 0.00000000 -0.97492808 0.22252052
vn 0.00000000 -0.78180605 0.62352175
vn 0.00000000 -0.43388540 0.90096807
vn 0.00000000 -0.43387982 0.90097076
vn 0.00000001 -0.78180504 0.62352300
vn -0.00000048 -0.00000941 1.00000000
vn -0.00000092 0.43387705 0.90097213
vn -0.00000075 0.43389088 0.90096545
vn 0.00000000 0.00000686 1.00000000
vn -0.00000058 0.78180683 0.62352067
vn -0.00000117 0.78180838 0.62351882
vn -0.00000018 0.78185689 0.62345809
vn -0.00000003 0.97492611 0.22252856
vn -0.00000043 0.97492826 0.22251938
vn -0.00000098 0.78185821 0.62345636
vn 0.00000023 0.97492826 -0.22251980
vn 0.00000168 0.97492611 -0.22252895
vn -0.00000001 0.78185821 -0.62345636
vn 0.00000269 0.78185660 -0.62345833
vn 0.00000000 0.78181326 -0.62351274
vn 0.00000000 0.43207589 -0.90183729
vn 0.00000000 0.43206540 -0.90184230
vn 0.00000001 0.78181571 -0.62350959
vn 0.00000000 -0.00201135 -0.99999797
vn 0.00000000 -0.00202516 -0.99999797
vn 0.00000000 -0.43388546 -0.90096807
vn 0.00000000 -0.43389130 -0.90096527
vn -0.00000001 -0.78181243 -0.62351376
vn 0.00000000 -0.78180987 -0.62351692
vn 0.00000000 -0.78185475 -0.62346065
vn 0.00000000 -0.97492570 -0.22253051
vn 0.00000000 -0.97492760 -0.22252205
vn 0.00000001 -0.78185475 -0.62346065
vn 0.00000000 -0.97492802 0.22252053
vn 0.00000000 -0.97492582 0.22253016
vn -0.00000001 -0.78185648 0.62345850
vn 0.00000000 -0.78185517 0.62346023
vn 0.00000000 -0.78180707 0.62352037
vn 0.00000000 -0.43388969 0.90096611
vn 0.00000000 -0.43388128 0.90097016
vn 0.00000001 -0.78180873 0.62351841
vn -1.00000000 0.00000000 0.00002136
vn -1.00000000 0.00000000 0.00002136
vn -1.00000000 0.00000000 0.00002136
vn -1.00000000 0.00000000 -0.00001350
vn -1.00000000 0.00000000 -0.00001350
vn -1.00000000 0.00000000 -0.00001350
vn -1.00000000 0.00000000 -0.00000000
vn -1.00000000 0.00000000 -0.00000000
vn -1.00000000 0.00000110 -0.00000000
vn -1.00000000 0.00000110 -0.00000000
vn -1.00000000 0.00000110 -0.00000000
vn -1.00000000 -0.00000088 -0.00002096
vn -1.00000000 -0.00000088 -0.00002096
vn -1.00000000 -0.00000088 -0.00002096
vn -1.00000000 -0.00000162 0.00004119
vn -1.00000000 -0.00000162 0.00004119
vn -1.00000000 -0.00000162 0.00004119
vn -1.00000000 -0.00000096 -0.00001265
vn -1.00000000 -0.00000096 -0.00001265
vn -1.00000000 -0.00000096 -0.00001265
vn -1.00000000 0.00000072 0.00000589
vn -1.00000000 0.00000072 0.00000589
vn -1.00000000 0.00000072 0.00000589
vn -1.00000000 0.00000000 0.00000449
vn -1.00000000 0.00000000 0.00000449
vn -1.00000000 0.00000000 0.00000449
vn 0.16876642 -0.18113971 0.96886855
vn 0.16875048 0.18117639 0.96886456
vn -0.16874614 0.18111579 0.96887660
vn -0.16873579 -0.18115291 0.96887141
vn 0.16874222 -0.18113349 -0.96887398
vn -0.16872725 -0.18109925 -0.96888304
vn -0.16873477 0.18113577 -0.96887487
vn 0.16872944 0.18110245 -0.96888202
vn 0.01456849 -0.98658055 0.16262412
vn -0.01456518 -0.98658305 0.16260956
vn -0.10522517 -0.98886597 0.10522212
vn -0.16259576 -0.98658520 0.01457122
vn -0.16258013 -0.98658788 -0.01456483
vn -0.10520797 -0.98887128 -0.10519060
vn -0.01457551 -0.98658770 -0.16258019
vn 0.01457160 -0.98658633 -0.16258903
vn 0.10519155 -0.98887312 -0.10518961
vn 0.16257603 -0.98658848 -0.01456731
vn 0.10521194 -0.98886746 0.10522189
vn 0.16263242 -0.98657918 0.01457021
vn -0.96886790 -0.18115453 0.16875425
vn -0.96886665 0.18116757 0.16874789
vn -0.96887821 0.18113503 -0.16871595
vn -0.96887445 -0.18114997 -0.16872148
vn -0.01456376 0.98657984 0.16262910
vn 0.01456523 0.98658293 0.16260968
vn 0.10520081 0.98886895 0.10521894
vn 0.16259144 0.98658592 0.01457042
vn 0.16257913 0.98658788 -0.01456908
vn 0.10521913 0.98886812 -0.10520854
vn 0.01457206 0.98658216 -0.16261409
vn -0.01457596 0.98658228 -0.16261317
vn -0.10523330 0.98886627 -0.10521142
vn -0.16261017 0.98658288 -0.01456935
vn -0.10521042 0.98886734 0.10522440
vn -0.16260777 0.98658323 0.01456884
vn 0.96886766 0.18115127 0.16875957
vn 0.96886927 -0.18114370 0.16875802
vn 0.96887362 -0.18115431 -0.16872203
vn 0.96887374 0.18115304 -0.16872244
vn -0.12487082 0.35088956 0.92805380
vn 0.12486283 0.35107315 0.92798543
vn 0.12488346 -0.35093793 0.92803383
vn -0.12486339 -0.35096449 0.92802644
vn -0.12486362 -0.35088557 -0.92805624
vn 0.12489466 -0.35091636 -0.92804044
vn 0.12486394 0.35088712 -0.92805558
vn -0.12487912 0.35092255 -0.92804027
vn -0.26337269 -0.96297562 -0.05755657
vn -0.26339728 -0.96296829 0.05756596
vn 0.26341483 -0.96296376 0.05756308
vn 0.26335889 -0.96297920 -0.05756025
vn -0.92802906 0.35095769 -0.12486370
vn -0.92801338 0.35100022 0.12485993
vn 0.26342201 0.96296149 -0.05756810
vn 0.26341465 0.96296388 0.05756128
vn -0.05756220 0.96295357 0.26345226
vn 0.05755523 0.96295840 0.26343629
vn 0.05755221 -0.96296144 0.26342586
vn -0.05755649 -0.96295726 0.26344013
vn -0.05755907 -0.96297342 -0.26338017
vn 0.05756898 -0.96297276 -0.26338044
vn 0.05755763 0.96296090 -0.26342621
vn -0.05758237 0.96295881 -0.26342851
vn -0.92802274 -0.35096869 -0.12487896
vn -0.92802489 -0.35096896 0.12486293
vn 0.92802674 -0.35095817 0.12487882
vn 0.92801547 -0.35099322 -0.12486415
vn -0.26340503 0.96296602 -0.05756938
vn -0.26339644 0.96296889 0.05756223
vn 0.92802107 0.35097590 -0.12487112
vn 0.92802095 0.35097244 0.12488180
vn 0.31080085 0.18515611 0.93226606
vn 0.31078207 -0.18521895 0.93225992
vn -0.31077138 -0.18530971 0.93224537
vn -0.31076017 0.18530419 0.93225020
vn -0.31072980 0.18531574 -0.93225813
vn -0.31075108 -0.18530951 -0.93225217
vn 0.31072396 -0.18532324 -0.93225849
vn 0.31075943 0.18530788 -0.93224978
vn 0.87415767 -0.38850540 0.29139671
vn 0.93224907 -0.18528406 0.31077579
vn -0.16223919 -0.97332352 0.16223352
vn 0.16221935 0.97332871 0.16222242
vn -0.16222507 0.97332489 0.16223992
vn 0.29136384 -0.38856974 -0.87413996
vn -0.16219439 -0.97333717 -0.16219705
vn 0.16223131 0.97332770 -0.16221698
vn -0.29136738 0.38856345 -0.87414157
vn 0.16220222 -0.97333038 0.16222979
vn -0.93224776 -0.18529473 0.31077319
vn -0.87414742 -0.38853601 0.29138657
vn 0.93224984 0.18528034 0.31077555
vn 0.87416267 0.38849482 0.29139578
vn -0.29136470 0.38858905 0.87413108
vn 0.16219108 -0.97334027 -0.16218129
vn -0.29141557 -0.38862398 -0.87409872
vn 0.29142439 0.38861313 -0.87410051
vn -0.16223925 0.97332531 -0.16222297
vn -0.93224829 0.18527833 0.31078145
vn -0.93226033 0.18528807 -0.31073952
vn -0.93226498 -0.18528977 -0.31072444
vn 0.93226713 -0.18528397 -0.31072131
vn 0.93226522 0.18528950 -0.31072417
vn 0.29139090 -0.38836497 0.87422204
vn 0.87415266 -0.38855067 -0.29135132
vn -0.87413114 0.38857126 -0.29138836
vn -0.29139262 -0.38857117 0.87412971
vn 0.29143044 0.38834915 0.87421572
vn -0.87414479 0.38852578 0.29140812
vn -0.87415254 -0.38854331 -0.29136142
vn 0.87415433 0.38854516 -0.29135349
vn -1.00000000 0.00000000 -0.00000000
vn -1.00000000 0.00000000 -0.00000000
vn -1.00000000 0.00000000 -0.00000000
vn -1.00000000 0.00000000 -0.00000000
vn -0.99999994 -0.00000778 -0.00029201
vn -0.99999994 -0.00000778 -0.00029201
vn -1.00000000 -0.00001222 0.00004353
vn -1.00000000 -0.00001529 0.00003014
vn -1.00000000 -0.00000911 0.00003016
vn -1.00000000 -0.00001074 -0.00030540
vn -1.00000000 -0.00001531 0.00041163
vn -1.00000000 -0.00001531 0.00041163
vn -1.00000000 -0.00001531 0.00041163
vn -0.99999988 0.00000000 0.00047155
vn -0.99999988 0.00000000 0.00047155
vn -1.00000000 -0.00000548 0.00013602
vn -1.00000000 0.00000000 -0.00000017
vn -1.00000000 0.00000000 -0.00000017
vn -1.00000000 0.00000000 -0.00000017
vn -1.00000000 0.00000000 -0.00000000
vn -1.00000000 -0.00001795 -0.00033509
vn -1.00000000 -0.00000852 -0.00000000
vn -1.00000000 -0.00000852 -0.00000000
vn -1.00000000 -0.00000852 -0.00000000
vn -0.20231089 0.00000000 -0.97932130
vn -0.20231089 0.00000000 -0.97932130
vn -0.20231089 0.00000000 -0.97932130
vn -0.20231250 0.00000000 -0.97932106
vn -0.20231250 0.00000000 -0.97932106
vn -0.20231250 0.00000000 -0.97932106
vn -0.20230807 0.97932190 0.00000017
vn -0.20230807 0.97932190 0.00000017
vn -0.20230807 0.97932190 0.00000017
vn -0.20231301 0.97932088 0.00000013
vn -0.20231301 0.97932088 0.00000013
vn -0.20231301 0.97932088 0.00000013
vn -0.20230810 0.97932190 -0.00000000
vn -0.20230810 0.97932190 -0.00000000
vn -0.20230810 0.97932190 -0.00000000
vn -0.20231494 0.97932059 -0.00000000
vn -0.20231494 0.97932059 -0.00000000
vn -0.20231494 0.97932059 -0.00000000
vn -0.20231339 0.97932082 -0.00000057
vn -0.20231409 0.97932070 -0.00000071
vn -0.20232490 0.97923446 -0.01282477
vn -0.21456814 0.97640002 -0.02456619
vn -0.23322229 0.90602499 -0.35316572
vn -0.26019028 0.93857557 -0.22666490
vn -0.20783035 0.73515987 -0.64524919
vn -0.23378228 -0.85398585 -0.46481624
vn -0.25804469 -0.93962115 -0.22477765
vn -0.23812036 -0.96472919 -0.11223268
vn -0.21576031 -0.97638977 -0.01051218
vn -0.20225738 -0.97913820 -0.01949934
vn -0.20230430 -0.97932273 -0.00000000
vn -0.20230199 -0.97932321 -0.00000000
vn -0.20230810 -0.97932190 -0.00000000
vn -0.20230810 -0.97932190 -0.00000000
vn -0.20230810 -0.97932190 -0.00000000
vn -0.20230810 -0.97932190 -0.00000072
vn -0.20230810 -0.97932190 -0.00000072
vn -0.20230810 -0.97932190 -0.00000072
vn -0.20231405 -0.97932076 -0.00000015
vn -0.20231405 -0.97932076 -0.00000015
vn -0.20231405 -0.97932076 -0.00000015
vn -0.20230006 -0.97932357 -0.00000006
vn -0.20230006 -0.97932357 -0.00000006
vn -0.20230006 -0.97932357 -0.00000006
vn 0.16876392 -0.18113920 0.96886909
vn 0.16874775 0.18117647 0.96886492
vn -0.16874892 0.18118845 0.96886253
vn -0.16874087 -0.18119960 0.96886176
vn 0.16873907 -0.18113804 -0.96887362
vn -0.16872914 -0.18109886 -0.96888268
vn -0.16873683 0.18113525 -0.96887463
vn 0.16872802 0.18110403 -0.96888191
vn 0.01456657 -0.98658472 0.16259874
vn -0.01456542 -0.98658460 0.16259977
vn -0.10519619 -0.98887068 0.10520747
vn -0.16256696 -0.98658997 0.01456850
vn -0.16258255 -0.98658752 -0.01456498
vn -0.10519954 -0.98887199 -0.10519136
vn -0.01457058 -0.98658681 -0.16258569
vn 0.01457005 -0.98658615 -0.16258991
vn 0.10518716 -0.98887336 -0.10519118
vn 0.16258974 -0.98658621 -0.01456737
vn 0.10519393 -0.98887146 0.10520200
vn 0.16255811 -0.98659146 0.01456487
vn -0.96886933 -0.18114789 0.16875358
vn -0.96886897 0.18115287 0.16875002
vn -0.96887738 0.18113747 -0.16871853
vn -0.96887654 -0.18113987 -0.16872054
vn -0.01457016 0.98657918 0.16263238
vn 0.01456891 0.98658299 0.16260967
vn 0.10520902 0.98886812 0.10521886
vn 0.16260482 0.98658371 0.01457088
vn 0.16262847 0.98657990 -0.01456891
vn 0.10522098 0.98886770 -0.10521030
vn 0.01457365 0.98658121 -0.16261950
vn -0.01456878 0.98658228 -0.16261367
vn -0.10523027 0.98886633 -0.10521391
vn -0.16262342 0.98658073 -0.01456926
vn -0.10522147 0.98886639 0.10522274
vn -0.16259708 0.98658496 0.01456893
vn 0.96886665 0.18115531 0.16876101
vn 0.96886533 -0.18116464 0.16875787
vn 0.96887386 -0.18115072 -0.16872406
vn 0.96887296 0.18115865 -0.16872112
vn -0.12486780 0.35094839 0.92803192
vn 0.12486024 0.35107329 0.92798567
vn 0.12487984 -0.35095853 0.92802644
vn -0.12485784 -0.35107732 0.92798448
vn -0.12486669 -0.35088542 -0.92805594
vn 0.12488575 -0.35092810 -0.92803717
vn 0.12486187 0.35088834 -0.92805541
vn -0.12488897 0.35092190 -0.92803907
vn -0.26337665 -0.96297461 -0.05755696
vn -0.26337868 -0.96297413 0.05755473
vn 0.26336288 -0.96297890 0.05754630
vn 0.26338357 -0.96297246 -0.05756055
vn -0.92802614 0.35096470 -0.12486565
vn -0.92802376 0.35096845 0.12487272
vn 0.26342854 0.96295971 -0.05756813
vn 0.26342475 0.96296114 0.05756043
vn -0.05756986 0.96294773 0.26347193
vn 0.05756570 0.96295768 0.26343611
vn 0.05754856 -0.96296823 0.26340154
vn -0.05755447 -0.96296537 0.26341099
vn -0.05756079 -0.96297109 -0.26338869
vn 0.05756691 -0.96297199 -0.26338395
vn 0.05757333 0.96295822 -0.26343286
vn -0.05756638 0.96295899 -0.26343140
vn -0.92803085 -0.35094810 -0.12487683
vn -0.92802328 -0.35096988 0.12487204
vn 0.92801499 -0.35099259 0.12486930
vn 0.92801970 -0.35098156 -0.12486555
vn -0.26342461 0.96296078 -0.05756798
vn -0.26343068 0.96295935 0.05756256
vn 0.92801583 0.35099113 -0.12486742
vn 0.92802441 0.35096622 0.12487377
vn 0.31080109 0.18515611 0.93226600
vn 0.31077820 -0.18528658 0.93224776
vn -0.31079337 -0.18530934 0.93223816
vn -0.31077537 0.18527421 0.93225110
vn -0.31072456 0.18531609 -0.93225974
vn -0.31075048 -0.18530957 -0.93225235
vn 0.31072974 -0.18530920 -0.93225944
vn 0.31074798 0.18530740 -0.93225366
vn 0.87414616 -0.38852784 0.29140121
vn 0.93224818 -0.18528016 0.31078076
vn -0.16220579 -0.97333360 0.16220668
vn 0.16222562 0.97332764 0.16222265
vn -0.16224289 0.97332180 0.16224052
vn 0.29137471 -0.38855466 -0.87414306
vn -0.16220030 -0.97333586 -0.16219871
vn 0.16222689 0.97332793 -0.16221976
vn -0.29136831 0.38856336 -0.87414128
vn 0.16219051 -0.97333652 0.16220462
vn -0.93224633 -0.18529817 0.31077561
vn -0.87413430 -0.38855484 0.29140070
vn 0.93225318 0.18526734 0.31077328
vn 0.87418562 0.38845295 0.29138285
vn -0.29138139 0.38842219 0.87419969
vn 0.16219413 -0.97333944 -0.16218373
vn -0.29140991 -0.38862467 -0.87410027
vn 0.29140818 0.38861004 -0.87410736
vn -0.16224810 0.97332317 -0.16222656
vn -0.93224519 0.18529812 0.31077906
vn -0.93226308 0.18527749 -0.31073779
vn -0.93226546 -0.18528248 -0.31072754
vn 0.93226826 -0.18528242 -0.31071907
vn 0.93226510 0.18528484 -0.31072709
vn 0.29136151 -0.38854367 0.87415230
vn 0.87415779 -0.38854539 -0.29134277
vn -0.87414461 0.38854504 -0.29138258
vn -0.29140201 -0.38858688 0.87411970
vn 0.29142916 0.38834935 0.87421614
vn -0.87413824 0.38854170 0.29140675
vn -0.87415791 -0.38852766 -0.29136604
vn 0.87415564 0.38853961 -0.29135674
vn 0.35557473 -0.84945142 -0.38987046
vn 0.39537519 -0.54725033 -0.73769611
vn 0.69923782 -0.56645530 -0.43611345
vn -0.69912422 -0.56679446 -0.43585473
vn -0.39673686 -0.54614258 -0.73778605
vn -0.35634825 -0.84954387 -0.38896155
vn 0.35636941 -0.84951764 0.38899976
vn 0.69913357 -0.56676114 0.43588305
vn 0.39673895 -0.54610467 0.73781300
vn -0.39538658 -0.54725343 0.73768771
vn -0.69924664 -0.56645256 0.43610281
vn -0.35558480 -0.84945178 0.38986033
vn 0.35634071 0.84953845 -0.38898036
vn 0.69911563 0.56678903 -0.43587568
vn 0.39672166 0.54613310 -0.73780119
vn -0.35554940 0.84947824 -0.38983494
vn -0.39537770 0.54725426 -0.73769194
vn -0.69924057 0.56645405 -0.43611056
vn 0.35557991 0.84946322 0.38983998
vn 0.39540231 0.54723668 0.73769170
vn 0.69926292 0.56643176 0.43610382
vn -0.35637611 0.84953189 0.38896245
vn -0.69914597 0.56677425 0.43584621
vn -0.39675975 0.54613084 0.73778242
vn 0.51643151 -0.85284758 -0.07713232
vn 0.51654983 -0.85274470 0.07747805
vn 0.06597993 -0.83478141 0.54661375
vn -0.00088022 -0.84022301 0.54224026
vn -0.51643831 -0.85284358 0.07713206
vn -0.51654297 -0.85274887 -0.07747838
vn -0.06598879 -0.83478844 -0.54660189
vn 0.00090000 -0.84021598 -0.54225111
vn 0.06598099 0.83478600 -0.54660678
vn -0.00087985 0.84021020 -0.54226017
vn -0.51642448 0.85285199 -0.07713210
vn -0.51655602 0.85274100 0.07747784
vn -0.06598780 0.83479369 0.54659408
vn 0.00090062 0.84019667 0.54228121
vn 0.51642364 0.85285568 0.07709599
vn 0.51655018 0.85274446 -0.07747810
vn 0.06532715 -0.83392668 -0.54799521
vn 0.35550833 -0.84949815 -0.38982919
vn -0.12696254 -0.51937020 -0.84506512
vn -0.39668736 -0.54612470 -0.73782587
vn 0.51653528 -0.85275161 0.07749940
vn 0.35637137 -0.84955841 0.38890854
vn -0.82315564 -0.54828179 0.14765480
vn -0.69926661 -0.56647462 0.43604210
vn 0.51651353 0.85276347 -0.07751326
vn 0.35634086 0.84956634 -0.38891956
vn -0.06530649 0.83391929 -0.54800874
vn -0.35550258 0.84949088 -0.38985014
vn 0.06532299 0.83393359 0.54798520
vn 0.35550171 0.84949559 0.38984078
vn -0.51653874 0.85274804 0.07751430
vn -0.35638916 0.84954745 0.38891628
vn 0.35558978 -0.84948337 -0.38978723
vn 0.51643342 -0.85284406 -0.07716011
vn -0.69911945 -0.56683111 -0.43581486
vn -0.82267940 -0.54887962 -0.14808665
vn 0.35628918 -0.84956247 0.38897538
vn 0.06600195 -0.83479398 0.54659182
vn -0.39533103 -0.54727417 0.73770213
vn -0.12730929 -0.52080315 0.84413052
vn 0.35628796 0.84956455 -0.38897178
vn 0.06600468 0.83479011 -0.54659766
vn -0.35558176 0.84948725 -0.38978598
vn -0.51643640 0.85284293 -0.07715137
vn 0.35562563 0.84947497 0.38977265
vn 0.51644552 0.85283840 0.07714064
vn -0.35629082 0.84955764 0.38898417
vn -0.06598728 0.83477056 0.54662937
vn -0.49730822 -0.20332666 -0.84341145
vn -0.50035369 -0.00001100 -0.86582112
vn 0.49730656 0.20332614 -0.84341264
vn 0.50035065 0.00001074 -0.86582279
vn -0.81338137 -0.20847546 0.54309183
vn -0.83400041 -0.00001100 0.55176371
vn 0.49731171 -0.20332707 0.84340930
vn 0.50038964 -0.00001100 0.86580038
vn -0.81315619 -0.20883517 -0.54329085
vn -0.69911766 -0.56676584 -0.43590248
vn -0.49707529 -0.20301494 0.84362376
vn -0.39540160 -0.54720074 0.73771882
vn 0.69925910 -0.56642759 -0.43611526
vn 0.81336874 -0.20853518 -0.54308784
vn 0.39677170 -0.54609424 0.73780310
vn 0.49729192 -0.20336699 0.84341133
vn 0.39675805 0.54609609 -0.73780900
vn 0.49725050 0.20338136 -0.84343231
vn -0.69926739 0.56642669 -0.43610311
vn -0.81337291 0.20853966 -0.54307985
vn 0.69927013 0.56642520 0.43610069
vn 0.81338906 0.20853217 0.54305869
vn -0.39674830 0.54610205 0.73780984
vn -0.49726531 0.20337643 0.84342474
vn -0.00089037 -0.84019810 0.54227895
vn -0.00000809 -0.83992106 0.54270875
vn 0.00000213 -0.83991855 0.54271245
vn 0.00001187 -0.83991027 0.54272538
vn -0.00000995 -0.83991688 0.54271513
vn 0.00015261 -0.83993828 0.54268181
vn 0.00017032 -0.83994442 0.54267246
vn -0.06526665 -0.83393592 0.54798830
vn 0.00091449 -0.84020191 -0.54227281
vn -0.00001020 -0.83991885 -0.54271203
vn 0.00001236 -0.83991843 -0.54271263
vn 0.00000285 -0.83991909 -0.54271173
vn -0.00000863 -0.83991593 -0.54271644
vn -0.00016198 -0.83994341 -0.54267406
vn -0.00015081 -0.83996457 -0.54264128
vn 0.06529088 -0.83392441 -0.54800284
vn -0.00089049 0.84019518 -0.54228342
vn -0.00001627 0.83988333 -0.54276693
vn 0.00000244 0.83988738 -0.54276079
vn 0.00001187 0.83988774 -0.54276025
vn 0.00002321 0.83988583 -0.54276317
vn 0.00015311 0.83996576 -0.54263943
vn 0.00017059 0.83994210 -0.54267597
vn -0.06526592 0.83393097 -0.54799592
vn 0.00088149 0.84020948 0.54226136
vn -0.00001016 0.83989364 0.54275113
vn 0.00001204 0.83989942 0.54274213
vn 0.00000262 0.83989191 0.54275358
vn -0.00000868 0.83989412 0.54275036
vn -0.00016203 0.83998108 0.54261571
vn -0.00015048 0.83997327 0.54262769
vn 0.06528866 0.83392942 0.54799557
vn -0.50035375 0.00001094 -0.86582112
vn -0.50035369 -0.00001100 -0.86582112
vn -0.50035322 0.00001126 -0.86582136
vn -0.50035310 0.00001126 -0.86582154
vn -0.50035304 0.00001114 -0.86582148
vn -0.50035763 -0.00001100 -0.86581886
vn -0.50035262 0.00001074 -0.86582172
vn -0.49705282 0.20295329 -0.84365189
vn 0.50035810 -0.00000991 -0.86581862
vn 0.50034970 0.00001345 -0.86582345
vn 0.50035501 -0.00001058 -0.86582035
vn 0.50034952 0.00001100 -0.86582345
vn 0.50034654 -0.00001094 -0.86582518
vn 0.50033140 0.00001100 -0.86583400
vn 0.50030959 -0.00001095 -0.86584663
vn 0.49701855 -0.20295565 -0.84367144
vn -0.83400041 0.00001094 0.55176383
vn -0.83400041 -0.00001100 0.55176377
vn -0.83400017 0.00001111 0.55176419
vn -0.83400160 -0.00001090 0.55176210
vn -0.83400667 0.00001099 0.55175436
vn -0.83400977 -0.00001100 0.55174983
vn -0.83400685 0.00001094 0.55175406
vn -0.81316787 0.20879163 0.54329002
vn 0.50035548 0.00001094 0.86582005
vn 0.50035602 -0.00001100 0.86581987
vn 0.50035840 0.00001094 0.86581838
vn 0.50036788 0.00001099 0.86581290
vn 0.50034368 0.00001099 0.86582690
vn 0.50036865 -0.00001181 0.86581248
vn 0.50034624 0.00001111 0.86582541
vn 0.49706161 0.20295313 0.84364676
vn -0.50035375 -0.00001100 -0.86582112
vn -0.50035363 0.00001101 -0.86582124
vn -0.50035357 -0.00001091 -0.86582118
vn -0.50035369 0.00001094 -0.86582112
vn -0.50035381 0.00001117 -0.86582106
vn 0.50030434 -0.00001095 -0.86584967
vn 0.50035703 0.00001100 -0.86581916
vn 0.50033170 -0.00007681 -0.86583388
vn 0.50035262 0.00001114 -0.86582178
vn 0.50035536 -0.00001094 -0.86582017
vn 0.50034899 -0.00001089 -0.86582381
vn 0.50035375 0.00001124 -0.86582118
vn -0.83400100 0.00001094 0.55176294
vn -0.83400059 -0.00001100 0.55176371
vn -0.83400071 0.00001044 0.55176347
vn -0.83400697 -0.00001100 0.55175388
vn -0.83400714 0.00001094 0.55175382
vn -0.83400691 0.00001099 0.55175406
vn 0.50037205 -0.00001100 0.86581051
vn 0.50035721 0.00001044 0.86581916
vn 0.50036848 -0.00001100 0.86581254
vn 0.50035179 0.00001094 0.86582232
vn 0.50035328 0.00001099 0.86582136
f 1/1/1 2/2/2 3/3/3
f 3/3/3 4/4/4 1/1/1
f 5/5/5 6/6/6 7/7/7
f 7/7/7 8/8/8 5/5/5
f 9/9/9 10/10/10 11/11/11
f 11/11/11 12/12/12 9/9/9
f 13/13/13 14/14/14 15/15/15
f 16/16/16 17/17/17 18/18/18
f 19/19/19 20/20/20 21/21/21
f 21/21/21 22/22/22 19/19/19
f 23/23/23 24/24/24 25/25/25
f 25/25/25 26/26/26 23/23/23
f 27/27/27 1/1/1 4/4/4
f 4/4/4 28/28/28 27/27/27
f 29/29/29 30/30/30 31/31/31
f 31/31/31 32/32/32 29/29/29
f 33/33/33 3/3/3 2/2/2
f 2/2/2 34/34/34 33/33/33
f 35/35/35 5/5/5 8/8/8
f 8/8/8 36/36/36 35/35/35
f 37/37/37 38/38/38 39/39/39
f 39/39/39 40/40/40 37/37/37
f 41/41/41 7/7/7 6/6/6
f 6/6/6 42/42/42 41/41/41
f 43/43/43 44/44/44 45/45/45
f 45/45/45 46/46/46 43/43/43
f 47/47/47 48/48/48 49/49/49
f 49/49/49 50/50/50 47/47/47
f 51/51/51 52/52/52 53/53/53
f 53/53/53 54/54/54 51/51/51
f 55/55/55 56/56/56 57/57/57
f 57/57/57 58/58/58 55/55/55
f 59/59/59 60/60/60 61/61/61
f 61/61/61 62/62/62 59/59/59
f 63/63/63 64/64/64 65/65/65
f 65/65/65 66/66/66 63/63/63
f 67/67/67 68/68/68 69/69/69
f 69/69/69 70/70/70 67/67/67
f 71/71/71 72/72/72 73/73/73
f 73/73/73 74/74/74 71/71/71
f 75/75/75 76/76/76 77/77/77
f 77/77/77 78/78/78 75/75/75
f 79/79/79 80/80/80 81/81/81
f 81/81/81 82/82/82 79/79/79
f 83/83/83 84/84/84 85/85/85
f 85/85/85 86/86/86 83/83/83
f 87/87/87 9/9/9 12/12/12
f 12/12/12 88/88/88 87/87/87
f 89/89/89 90/90/90 91/91/91
f 91/91/91 92/92/92 89/89/89
f 93/93/93 26/26/26 25/25/25
f 25/25/25 94/94/94 93/93/93
f 95/95/95 56/56/56 55/55/55
f 55/55/55 96/96/96 95/95/95
f 97/97/97 98/98/98 99/99/99
f 99/99/99 100/100/100 97/97/97
f 101/101/101 102/102/102 103/103/103
f 103/103/103 104/104/104 101/101/101
f 105/105/105 106/106/106 107/107/107
f 107/107/107 108/108/108 105/105/105
f 109/109/109 40/40/40 39/39/39
f 39/39/39 110/110/110 109/109/109
f 111/111/111 46/46/46 45/45/45
f 45/45/45 112/112/112 111/111/111
f 113/113/113 114/114/114 115/115/115
f 115/115/115 116/116/116 113/113/113
f 117/117/117 50/50/50 49/49/49
f 49/49/49 118/118/118 117/117/117
f 119/119/119 30/30/30 29/29/29
f 29/29/29 120/120/120 119/119/119
f 121/121/121 122/122/122 123/123/123
f 123/123/123 124/124/124 121/121/121
f 125/125/125 126/126/126 127/127/127
f 127/127/127 128/128/128 125/125/125
f 129/129/129 130/130/130 131/131/131
f 131/131/131 132/132/132 129/129/129
f 133/133/133 70/70/70 69/69/69
f 69/69/69 134/134/134 133/133/133
f 135/135/135 78/78/78 77/77/77
f 77/77/77 136/136/136 135/135/135
f 137/137/137 138/138/138 139/139/139
f 139/139/139 140/140/140 137/137/137
f 10/10/10 141/141/141 142/142/142
f 142/142/142 11/11/11 10/10/10
f 22/22/22 143/143/143 144/144/144
f 144/144/144 19/19/19 22/22/22
f 145/145/145 146/146/146 147/147/147
f 147/147/147 148/148/148 145/145/145
f 20/20/20 149/149/149 150/150/150
f 150/150/150 21/21/21 20/20/20
f 151/151/151 93/93/93 94/94/94
f 94/94/94 152/152/152 151/151/151
f 153/153/153 154/154/154 155/155/155
f 155/155/155 156/156/156 153/153/153
f 23/23/23 97/97/97 100/100/100
f 100/100/100 24/24/24 23/23/23
f 57/57/57 157/157/157 158/158/158
f 158/158/158 58/58/58 57/57/57
f 43/43/43 105/105/105 108/108/108
f 108/108/108 44/44/44 43/43/43
f 159/159/159 109/109/109 110/110/110
f 110/110/110 160/160/160 159/159/159
f 161/161/161 111/111/111 112/112/112
f 112/112/112 162/162/162 161/161/161
f 37/37/37 113/113/113 116/116/116
f 116/116/116 38/38/38 37/37/37
f 163/163/163 164/164/164 165/165/165
f 165/165/165 166/166/166 163/163/163
f 167/167/167 119/119/119 120/120/120
f 120/120/120 168/168/168 167/167/167
f 47/47/47 169/169/169 170/170/170
f 170/170/170 48/48/48 47/47/47
f 31/31/31 125/125/125 128/128/128
f 128/128/128 32/32/32 31/31/31
f 75/75/75 171/171/171 172/172/172
f 172/172/172 76/76/76 75/75/75
f 173/173/173 174/174/174 175/175/175
f 175/175/175 176/176/176 173/173/173
f 177/177/177 178/178/178 179/179/179
f 179/179/179 180/180/180 177/177/177
f 67/67/67 181/181/181 182/182/182
f 182/182/182 68/68/68 67/67/67
f 183/183/183 184/184/184 185/185/185
f 185/185/185 186/186/186 183/183/183
f 187/187/187 188/188/188 189/189/189
f 189/189/189 190/190/190 187/187/187
f 191/191/191 192/192/192 193/193/193
f 193/193/193 194/194/194 191/191/191
f 195/195/195 196/196/196 197/197/197
f 197/197/197 198/198/198 195/195/195
f 199/199/199 200/200/200 201/201/201
f 201/201/201 202/202/202 199/199/199
f 203/203/203 204/204/204 205/205/205
f 205/205/205 206/206/206 203/203/203
f 207/207/207 208/208/208 209/209/209
f 209/209/209 210/210/210 207/207/207
f 211/211/211 212/212/212 62/62/62
f 62/62/62 213/213/213 211/211/211
f 214/214/214 215/215/215 216/216/216
f 216/216/216 217/217/217 214/214/214
f 218/218/218 219/219/219 130/130/130
f 220/220/220 218/218/218 130/130/130
f 220/220/220 130/130/130 221/221/221
f 222/222/222 223/223/223 224/224/224
f 224/224/224 225/225/225 222/222/222
f 198/198/198 197/197/197 192/192/192
f 192/192/192 191/191/191 198/198/198
f 226/226/226 227/227/227 228/228/228
f 228/228/228 229/229/229 226/226/226
f 206/206/206 205/205/205 188/188/188
f 188/188/188 187/187/187 206/206/206
f 230/230/230 231/231/231 232/232/232
f 232/232/232 233/233/233 230/230/230
f 234/234/234 235/235/235 236/236/236
f 236/236/236 237/237/237 234/234/234
f 190/190/190 189/189/189 200/200/200
f 200/200/200 199/199/199 190/190/190
f 238/238/238 239/239/239 240/240/240
f 240/240/240 241/241/241 238/238/238
f 194/194/194 193/193/193 208/208/208
f 208/208/208 207/207/207 194/194/194
f 242/242/242 243/243/243 244/244/244
f 244/244/244 245/245/245 242/242/242
f 246/246/246 247/247/247 248/248/248
f 248/248/248 249/249/249 246/246/246
f 250/250/250 251/251/251 252/252/252
f 252/252/252 253/253/253 250/250/250
f 254/254/254 255/255/255 256/256/256
f 256/256/256 257/257/257 254/254/254
f 258/258/258 259/259/259 260/260/260
f 260/260/260 261/261/261 258/258/258
f 262/262/262 263/263/263 264/264/264
f 264/264/264 265/265/265 262/262/262
f 266/266/266 267/267/267 268/268/268
f 268/268/268 269/269/269 266/266/266
f 270/270/270 271/271/271 272/272/272
f 272/272/272 273/273/273 270/270/270
f 274/274/274 254/254/254 257/257/257
f 257/257/257 275/275/275 274/274/274
f 263/263/263 276/276/276 277/277/277
f 277/277/277 264/264/264 263/263/263
f 278/278/278 246/246/246 249/249/249
f 249/249/249 279/279/279 278/278/278
f 271/271/271 280/280/280 281/281/281
f 281/281/281 272/272/272 271/271/271
f 282/282/282 258/258/258 261/261/261
f 261/261/261 283/283/283 282/282/282
f 247/247/247 284/284/284 285/285/285
f 285/285/285 248/248/248 247/247/247
f 286/286/286 266/266/266 269/269/269
f 269/269/269 287/287/287 286/286/286
f 255/255/255 288/288/288 289/289/289
f 289/289/289 256/256/256 255/255/255
f 290/290/290 291/291/291 292/292/292
f 292/292/292 293/293/293 290/290/290
f 294/294/294 295/295/295 296/296/296
f 296/296/296 297/297/297 294/294/294
f 295/295/295 298/298/298 299/299/299
f 299/299/299 296/296/296 295/295/295
f 298/298/298 300/300/300 301/301/301
f 301/301/301 299/299/299 298/298/298
f 300/300/300 302/302/302 303/303/303
f 303/303/303 301/301/301 300/300/300
f 302/302/302 304/304/304 305/305/305
f 305/305/305 303/303/303 302/302/302
f 304/304/304 306/306/306 307/307/307
f 307/307/307 305/305/305 304/304/304
f 306/306/306 308/308/308 309/309/309
f 309/309/309 307/307/307 306/306/306
f 310/310/310 311/311/311 312/312/312
f 312/312/312 313/313/313 310/310/310
f 314/314/314 315/315/315 316/316/316
f 316/316/316 317/317/317 314/314/314
f 315/315/315 318/318/318 319/319/319
f 319/319/319 316/316/316 315/315/315
f 318/318/318 320/320/320 321/321/321
f 321/321/321 319/319/319 318/318/318
f 320/320/320 322/322/322 323/323/323
f 323/323/323 321/321/321 320/320/320
f 322/322/322 324/324/324 325/325/325
f 325/325/325 323/323/323 322/322/322
f 324/324/324 326/326/326 327/327/327
f 327/327/327 325/325/325 324/324/324
f 326/326/326 328/328/328 329/329/329
f 329/329/329 327/327/327 326/326/326
f 330/330/330 331/331/331 332/332/332
f 332/332/332 333/333/333 330/330/330
f 334/334/334 335/335/335 336/336/336
f 336/336/336 337/337/337 334/334/334
f 338/338/338 339/339/339 335/335/335
f 335/335/335 334/334/334 338/338/338
f 340/340/340 341/341/341 342/342/342
f 342/342/342 343/343/343 340/340/340
f 344/344/344 345/345/345 341/341/341
f 341/341/341 340/340/340 344/344/344
f 346/346/346 347/347/347 345/345/345
f 345/345/345 344/344/344 346/346/346
f 348/348/348 349/349/349 350/350/350
f 350/350/350 351/351/351 348/348/348
f 352/352/352 353/353/353 349/349/349
f 349/349/349 348/348/348 352/352/352
f 354/354/354 355/355/355 356/356/356
f 356/356/356 357/357/357 354/354/354
f 358/358/358 359/359/359 360/360/360
f 360/360/360 361/361/361 358/358/358
f 362/362/362 363/363/363 359/359/359
f 359/359/359 358/358/358 362/362/362
f 364/364/364 365/365/365 366/366/366
f 366/366/366 367/367/367 364/364/364
f 368/368/368 369/369/369 365/365/365
f 365/365/365 364/364/364 368/368/368
f 370/370/370 371/371/371 369/369/369
f 369/369/369 368/368/368 370/370/370
f 372/372/372 373/373/373 374/374/374
f 374/374/374 375/375/375 372/372/372
f 376/376/376 377/377/377 373/373/373
f 373/373/373 372/372/372 376/376/376
f 378/378/378 379/379/379 380/380/380
f 380/380/380 381/381/381 378/378/378
f 296/296/296 382/382/382 383/383/383
f 383/383/383 297/297/297 296/296/296
f 299/299/299 384/384/384 382/382/382
f 382/382/382 296/296/296 299/299/299
f 301/301/301 385/385/385 384/384/384
f 384/384/384 299/299/299 301/301/301
f 303/303/303 386/386/386 385/385/385
f 385/385/385 301/301/301 303/303/303
f 305/305/305 387/387/387 386/386/386
f 386/386/386 303/303/303 305/305/305
f 307/307/307 388/388/388 387/387/387
f 387/387/387 305/305/305 307/307/307
f 309/309/309 389/389/389 388/388/388
f 388/388/388 307/307/307 309/309/309
f 390/390/390 391/391/391 392/392/392
f 392/392/392 393/393/393 390/390/390
f 316/316/316 394/394/394 395/395/395
f 395/395/395 317/317/317 316/316/316
f 319/319/319 396/396/396 394/394/394
f 394/394/394 316/316/316 319/319/319
f 321/321/321 397/397/397 396/396/396
f 396/396/396 319/319/319 321/321/321
f 323/323/323 398/398/398 397/397/397
f 397/397/397 321/321/321 323/323/323
f 325/325/325 399/399/399 398/398/398
f 398/398/398 323/323/323 325/325/325
f 327/327/327 400/400/400 399/399/399
f 399/399/399 325/325/325 327/327/327
f 329/329/329 401/401/401 400/400/400
f 400/400/400 327/327/327 329/329/329
f 402/402/402 291/291/291 290/290/290
f 402/402/402 290/290/290 403/403/403
f 402/402/402 403/403/403 404/404/404
f 402/402/402 404/404/404 405/405/405
f 402/402/402 405/405/405 406/406/406
f 407/407/407 402/402/402 406/406/406
f 408/408/408 302/302/302 300/300/300
f 300/300/300 409/409/409 408/408/408
f 410/410/410 311/311/311 310/310/310
f 410/410/410 310/310/310 411/411/411
f 410/410/410 411/411/411 412/412/412
f 410/410/410 412/412/412 413/413/413
f 410/410/410 413/413/413 414/414/414
f 415/415/415 410/410/410 414/414/414
f 416/416/416 322/322/322 320/320/320
f 320/320/320 417/417/417 416/416/416
f 418/418/418 326/326/326 324/324/324
f 324/324/324 419/419/419 418/418/418
f 420/420/420 298/298/298 295/295/295
f 295/295/295 421/421/421 420/420/420
f 422/422/422 306/306/306 304/304/304
f 304/304/304 423/423/423 422/422/422
f 424/424/424 318/318/318 315/315/315
f 315/315/315 425/425/425 424/424/424
f 419/419/419 324/324/324 322/322/322
f 322/322/322 416/416/416 419/419/419
f 421/421/421 295/295/295 294/294/294
f 294/294/294 426/426/426 421/421/421
f 423/423/423 304/304/304 302/302/302
f 302/302/302 408/408/408 423/423/423
f 425/425/425 315/315/315 314/314/314
f 314/314/314 427/427/427 425/425/425
f 428/428/428 328/328/328 326/326/326
f 326/326/326 418/418/418 428/428/428
f 409/409/409 300/300/300 298/298/298
f 298/298/298 420/420/420 409/409/409
f 429/429/429 308/308/308 306/306/306
f 306/306/306 422/422/422 429/429/429
f 417/417/417 320/320/320 318/318/318
f 318/318/318 424/424/424 417/417/417
f 430/430/430 431/431/431 432/432/432
f 433/433/433 434/434/434 435/435/435
f 436/436/436 437/437/437 438/438/438
f 438/438/438 439/439/439 436/436/436
f 440/440/440 441/441/441 442/442/442
f 442/442/442 443/443/443 440/440/440
f 444/444/444 445/445/445 446/446/446
f 446/446/446 447/447/447 444/444/444
f 448/448/448 449/449/449 450/450/450
f 450/450/450 451/451/451 448/448/448
f 452/452/452 453/453/453 454/454/454
f 454/454/454 455/455/455 452/452/452
f 456/456/456 457/457/457 458/458/458
f 458/458/458 459/459/459 456/456/456
f 460/460/460 461/461/461 462/462/462
f 462/462/462 463/463/463 460/460/460
f 464/464/464 465/465/465 445/445/445
f 445/445/445 444/444/444 464/464/464
f 455/455/455 454/454/454 466/466/466
f 466/466/466 467/467/467 455/455/455
f 468/468/468 469/469/469 437/437/437
f 437/437/437 436/436/436 468/468/468
f 463/463/463 462/462/462 470/470/470
f 470/470/470 471/471/471 463/463/463
f 472/472/472 473/473/473 449/449/449
f 449/449/449 448/448/448 472/472/472
f 439/439/439 438/438/438 474/474/474
f 474/474/474 475/475/475 439/439/439
f 476/476/476 477/477/477 457/457/457
f 457/457/457 456/456/456 476/476/476
f 447/447/447 446/446/446 478/478/478
f 478/478/478 479/479/479 447/447/447
f 126/126/126 125/125/125 31/31/31
f 31/31/31 30/30/30 119/119/119
f 126/126/126 31/31/31 119/119/119
f 119/119/119 167/167/167 480/480/480
f 126/126/126 119/119/119 480/480/480
f 481/481/481 126/126/126 480/480/480
f 481/481/481 480/480/480 2/2/2
f 2/2/2 1/1/1 481/481/481
f 152/152/152 94/94/94 25/25/25
f 25/25/25 24/24/24 100/100/100
f 152/152/152 25/25/25 100/100/100
f 100/100/100 99/99/99 482/482/482
f 152/152/152 100/100/100 482/482/482
f 483/483/483 152/152/152 482/482/482
f 483/483/483 482/482/482 4/4/4
f 4/4/4 3/3/3 483/483/483
f 160/160/160 110/110/110 39/39/39
f 39/39/39 38/38/38 116/116/116
f 160/160/160 39/39/39 116/116/116
f 116/116/116 115/115/115 484/484/484
f 160/160/160 116/116/116 484/484/484
f 485/485/485 160/160/160 484/484/484
f 485/485/485 484/484/484 6/6/6
f 6/6/6 5/5/5 485/485/485
f 162/162/162 112/112/112 45/45/45
f 45/45/45 44/44/44 108/108/108
f 162/162/162 45/45/45 108/108/108
f 108/108/108 107/107/107 486/486/486
f 162/162/162 108/108/108 486/486/486
f 487/487/487 162/162/162 486/486/486
f 487/487/487 486/486/486 8/8/8
f 8/8/8 7/7/7 487/487/487
f 90/90/90 488/488/488 489/489/489
f 489/489/489 91/91/91 90/90/90
f 490/490/490 491/491/491 492/492/492
f 493/493/493 494/494/494 495/495/495
f 148/148/148 496/496/496 497/497/497
f 497/497/497 145/145/145 148/148/148
f 496/496/496 498/498/498 499/499/499
f 499/499/499 497/497/497 496/496/496
f 500/500/500 127/127/127 126/126/126
f 126/126/126 481/481/481 500/500/500
f 27/27/27 500/500/500 481/481/481
f 481/481/481 1/1/1 27/27/27
f 99/99/99 98/98/98 501/501/501
f 501/501/501 482/482/482 99/99/99
f 482/482/482 501/501/501 28/28/28
f 28/28/28 4/4/4 482/482/482
f 502/502/502 151/151/151 152/152/152
f 152/152/152 483/483/483 502/502/502
f 33/33/33 502/502/502 483/483/483
f 483/483/483 3/3/3 33/33/33
f 167/167/167 168/168/168 503/503/503
f 503/503/503 480/480/480 167/167/167
f 480/480/480 503/503/503 34/34/34
f 34/34/34 2/2/2 480/480/480
f 504/504/504 159/159/159 160/160/160
f 160/160/160 485/485/485 504/504/504
f 35/35/35 504/504/504 485/485/485
f 485/485/485 5/5/5 35/35/35
f 107/107/107 106/106/106 505/505/505
f 505/505/505 486/486/486 107/107/107
f 486/486/486 505/505/505 36/36/36
f 36/36/36 8/8/8 486/486/486
f 506/506/506 161/161/161 162/162/162
f 162/162/162 487/487/487 506/506/506
f 41/41/41 506/506/506 487/487/487
f 487/487/487 7/7/7 41/41/41
f 115/115/115 114/114/114 507/507/507
f 507/507/507 484/484/484 115/115/115
f 484/484/484 507/507/507 42/42/42
f 42/42/42 6/6/6 484/484/484
f 508/508/508 103/103/103 102/102/102
f 102/102/102 509/509/509 508/508/508
f 51/51/51 508/508/508 509/509/509
f 509/509/509 52/52/52 51/51/51
f 123/123/123 122/122/122 510/510/510
f 510/510/510 511/511/511 123/123/123
f 511/511/511 510/510/510 54/54/54
f 54/54/54 53/53/53 511/511/511
f 512/512/512 163/163/163 166/166/166
f 166/166/166 513/513/513 512/512/512
f 59/59/59 512/512/512 513/513/513
f 513/513/513 60/60/60 59/59/59
f 153/153/153 156/156/156 213/213/213
f 213/213/213 514/514/514 153/153/153
f 514/514/514 213/213/213 62/62/62
f 62/62/62 61/61/61 514/514/514
f 515/515/515 173/173/173 176/176/176
f 176/176/176 516/516/516 515/515/515
f 63/63/63 515/515/515 516/516/516
f 516/516/516 64/64/64 63/63/63
f 131/131/131 130/130/130 219/219/219
f 219/219/219 517/517/517 131/131/131
f 517/517/517 219/219/219 66/66/66
f 66/66/66 65/65/65 517/517/517
f 518/518/518 177/177/177 180/180/180
f 180/180/180 519/519/519 518/518/518
f 71/71/71 518/518/518 519/519/519
f 519/519/519 72/72/72 71/71/71
f 139/139/139 138/138/138 520/520/520
f 520/520/520 521/521/521 139/139/139
f 521/521/521 520/520/520 74/74/74
f 74/74/74 73/73/73 521/521/521
f 218/218/218 522/522/522 66/66/66
f 66/66/66 219/219/219 218/218/218
f 59/59/59 62/62/62 212/212/212
f 212/212/212 523/523/523 59/59/59
f 59/59/59 523/523/523 524/524/524
f 524/524/524 512/512/512 59/59/59
f 66/66/66 522/522/522 525/525/525
f 525/525/525 63/63/63 66/66/66
f 63/63/63 525/525/525 526/526/526
f 526/526/526 515/515/515 63/63/63
f 211/211/211 213/213/213 156/156/156
f 527/527/527 211/211/211 156/156/156
f 527/527/527 156/156/156 528/528/528
f 67/67/67 70/70/70 529/529/529
f 529/529/529 530/530/530 67/67/67
f 530/530/530 529/529/529 531/531/531
f 531/531/531 532/532/532 530/530/530
f 55/55/55 58/58/58 533/533/533
f 533/533/533 534/534/534 55/55/55
f 534/534/534 533/533/533 535/535/535
f 535/535/535 536/536/536 534/534/534
f 71/71/71 74/74/74 537/537/537
f 537/537/537 538/538/538 71/71/71
f 539/539/539 540/540/540 541/541/541
f 541/541/541 542/542/542 539/539/539
f 51/51/51 54/54/54 543/543/543
f 543/543/543 544/544/544 51/51/51
f 544/544/544 543/543/543 545/545/545
f 545/545/545 546/546/546 544/544/544
f 75/75/75 78/78/78 547/547/547
f 547/547/547 548/548/548 75/75/75
f 548/548/548 547/547/547 549/549/549
f 549/549/549 550/550/550 548/548/548
f 47/47/47 50/50/50 551/551/551
f 551/551/551 552/552/552 47/47/47
f 552/552/552 551/551/551 553/553/553
f 553/553/553 554/554/554 552/552/552
f 174/174/174 173/173/173 216/216/216
f 216/216/216 555/555/555 174/174/174
f 555/555/555 216/216/216 215/215/215
f 215/215/215 556/556/556 555/555/555
f 156/156/156 155/155/155 557/557/557
f 557/557/557 528/528/528 156/156/156
f 528/528/528 557/557/557 558/558/558
f 558/558/558 559/559/559 528/528/528
f 164/164/164 163/163/163 225/225/225
f 225/225/225 560/560/560 164/164/164
f 560/560/560 225/225/225 224/224/224
f 224/224/224 561/561/561 560/560/560
f 130/130/130 129/129/129 562/562/562
f 562/562/562 221/221/221 130/130/130
f 221/221/221 562/562/562 563/563/563
f 563/563/563 564/564/564 221/221/221
f 181/181/181 67/67/67 530/530/530
f 530/530/530 565/565/565 181/181/181
f 565/565/565 530/530/530 532/532/532
f 532/532/532 566/566/566 565/565/565
f 58/58/58 158/158/158 567/567/567
f 567/567/567 533/533/533 58/58/58
f 533/533/533 567/567/567 568/568/568
f 568/568/568 535/535/535 533/533/533
f 178/178/178 177/177/177 569/569/569
f 569/569/569 570/570/570 178/178/178
f 570/570/570 569/569/569 571/571/571
f 571/571/571 572/572/572 570/570/570
f 122/122/122 121/121/121 573/573/573
f 573/573/573 574/574/574 122/122/122
f 574/574/574 573/573/573 575/575/575
f 575/575/575 576/576/576 574/574/574
f 70/70/70 133/133/133 577/577/577
f 577/577/577 529/529/529 70/70/70
f 529/529/529 577/577/577 578/578/578
f 578/578/578 531/531/531 529/529/529
f 96/96/96 55/55/55 534/534/534
f 534/534/534 579/579/579 96/96/96
f 579/579/579 534/534/534 536/536/536
f 536/536/536 580/580/580 579/579/579
f 50/50/50 117/117/117 581/581/581
f 581/581/581 551/551/551 50/50/50
f 551/551/551 581/581/581 582/582/582
f 582/582/582 553/553/553 551/551/551
f 171/171/171 75/75/75 548/548/548
f 548/548/548 583/583/583 171/171/171
f 583/583/583 548/548/548 550/550/550
f 550/550/550 584/584/584 583/583/583
f 138/138/138 137/137/137 585/585/585
f 585/585/585 586/586/586 138/138/138
f 586/586/586 585/585/585 587/587/587
f 587/587/587 588/588/588 586/586/586
f 104/104/104 103/103/103 589/589/589
f 589/589/589 590/590/590 104/104/104
f 590/590/590 589/589/589 591/591/591
f 591/591/591 592/592/592 590/590/590
f 78/78/78 135/135/135 593/593/593
f 593/593/593 547/547/547 78/78/78
f 547/547/547 593/593/593 594/594/594
f 594/594/594 549/549/549 547/547/547
f 169/169/169 47/47/47 552/552/552
f 552/552/552 595/595/595 169/169/169
f 595/595/595 552/552/552 554/554/554
f 554/554/554 596/596/596 595/595/595
f 177/177/177 518/518/518 597/597/597
f 597/597/597 569/569/569 177/177/177
f 569/569/569 597/597/597 598/598/598
f 598/598/598 571/571/571 569/569/569
f 510/510/510 122/122/122 574/574/574
f 574/574/574 599/599/599 510/510/510
f 599/599/599 574/574/574 576/576/576
f 576/576/576 600/600/600 599/599/599
f 518/518/518 71/71/71 538/538/538
f 538/538/538 597/597/597 518/518/518
f 601/601/601 602/602/602 603/603/603
f 603/603/603 604/604/604 601/601/601
f 54/54/54 510/510/510 599/599/599
f 599/599/599 543/543/543 54/54/54
f 543/543/543 599/599/599 605/605/605
f 605/605/605 545/545/545 543/543/543
f 103/103/103 508/508/508 606/606/606
f 606/606/606 589/589/589 103/103/103
f 589/589/589 606/606/606 607/607/607
f 607/607/607 591/591/591 589/589/589
f 520/520/520 138/138/138 586/586/586
f 586/586/586 608/608/608 520/520/520
f 608/608/608 586/586/586 588/588/588
f 588/588/588 609/609/609 608/608/608
f 508/508/508 51/51/51 544/544/544
f 544/544/544 606/606/606 508/508/508
f 606/606/606 544/544/544 546/546/546
f 546/546/546 607/607/607 606/606/606
f 74/74/74 520/520/520 608/608/608
f 608/608/608 537/537/537 74/74/74
f 610/610/610 611/611/611 612/612/612
f 612/612/612 613/613/613 610/610/610
f 173/173/173 515/515/515 526/526/526
f 173/173/173 526/526/526 217/217/217
f 216/216/216 173/173/173 217/217/217
f 80/80/80 614/614/614 615/615/615
f 615/615/615 81/81/81 80/80/80
f 559/559/559 616/616/616 527/527/527
f 527/527/527 528/528/528 559/559/559
f 222/222/222 225/225/225 163/163/163
f 163/163/163 512/512/512 524/524/524
f 222/222/222 163/163/163 524/524/524
f 84/84/84 617/617/617 618/618/618
f 618/618/618 85/85/85 84/84/84
f 564/564/564 619/619/619 220/220/220
f 220/220/220 221/221/221 564/564/564
f 620/620/620 621/621/621 622/622/622
f 622/622/622 623/623/623 620/620/620
f 331/331/331 244/244/244 243/243/243
f 243/243/243 332/332/332 331/331/331
f 624/624/624 625/625/625 247/247/247
f 247/247/247 246/246/246 624/624/624
f 341/341/341 345/345/345 249/249/249
f 249/249/249 248/248/248 341/341/341
f 626/626/626 627/627/627 628/628/628
f 628/628/628 629/629/629 626/626/626
f 355/355/355 252/252/252 251/251/251
f 251/251/251 356/356/356 355/355/355
f 630/630/630 631/631/631 255/255/255
f 255/255/255 254/254/254 630/630/630
f 365/365/365 369/369/369 257/257/257
f 257/257/257 256/256/256 365/365/365
f 632/632/632 633/633/633 259/259/259
f 259/259/259 258/258/258 632/632/632
f 374/374/374 373/373/373 261/261/261
f 261/261/261 260/260/260 374/374/374
f 634/634/634 635/635/635 263/263/263
f 263/263/263 262/262/262 634/634/634
f 335/335/335 339/339/339 265/265/265
f 265/265/265 264/264/264 335/335/335
f 636/636/636 637/637/637 267/267/267
f 267/267/267 266/266/266 636/636/636
f 350/350/350 349/349/349 269/269/269
f 269/269/269 268/268/268 350/350/350
f 638/638/638 639/639/639 271/271/271
f 271/271/271 270/270/270 638/638/638
f 359/359/359 363/363/363 273/273/273
f 273/273/273 272/272/272 359/359/359
f 640/640/640 630/630/630 254/254/254
f 254/254/254 274/274/274 640/640/640
f 369/369/369 371/371/371 275/275/275
f 275/275/275 257/257/257 369/369/369
f 635/635/635 641/641/641 276/276/276
f 276/276/276 263/263/263 635/635/635
f 336/336/336 335/335/335 264/264/264
f 264/264/264 277/277/277 336/336/336
f 642/642/642 624/624/624 246/246/246
f 246/246/246 278/278/278 642/642/642
f 345/345/345 347/347/347 279/279/279
f 279/279/279 249/249/249 345/345/345
f 639/639/639 643/643/643 280/280/280
f 280/280/280 271/271/271 639/639/639
f 360/360/360 359/359/359 272/272/272
f 272/272/272 281/281/281 360/360/360
f 644/644/644 632/632/632 258/258/258
f 258/258/258 282/282/282 644/644/644
f 373/373/373 377/377/377 283/283/283
f 283/283/283 261/261/261 373/373/373
f 625/625/625 645/645/645 284/284/284
f 284/284/284 247/247/247 625/625/625
f 342/342/342 341/341/341 248/248/248
f 248/248/248 285/285/285 342/342/342
f 646/646/646 636/636/636 266/266/266
f 266/266/266 286/286/286 646/646/646
f 349/349/349 353/353/353 287/287/287
f 287/287/287 269/269/269 349/349/349
f 631/631/631 647/647/647 288/288/288
f 288/288/288 255/255/255 631/631/631
f 366/366/366 365/365/365 256/256/256
f 256/256/256 289/289/289 366/366/366
f 648/648/648 649/649/649 650/650/650
f 650/650/650 651/651/651 648/648/648
f 652/652/652 653/653/653 654/654/654
f 654/654/654 655/655/655 652/652/652
f 656/656/656 657/657/657 658/658/658
f 658/658/658 659/659/659 656/656/656
f 660/660/660 661/661/661 657/657/657
f 657/657/657 656/656/656 660/660/660
f 662/662/662 663/663/663 664/664/664
f 664/664/664 665/665/665 662/662/662
f 666/666/666 667/667/667 663/663/663
f 663/663/663 662/662/662 666/666/666
f 668/668/668 669/669/669 667/667/667
f 667/667/667 666/666/666 668/668/668
f 670/670/670 671/671/671 672/672/672
f 672/672/672 673/673/673 670/670/670
f 674/674/674 675/675/675 671/671/671
f 671/671/671 670/670/670 674/674/674
f 676/676/676 677/677/677 678/678/678
f 678/678/678 679/679/679 676/676/676
f 680/680/680 681/681/681 682/682/682
f 682/682/682 683/683/683 680/680/680
f 684/684/684 685/685/685 681/681/681
f 681/681/681 680/680/680 684/684/684
f 686/686/686 687/687/687 688/688/688
f 688/688/688 689/689/689 686/686/686
f 690/690/690 691/691/691 687/687/687
f 687/687/687 686/686/686 690/690/690
f 692/692/692 693/693/693 691/691/691
f 691/691/691 690/690/690 692/692/692
f 694/694/694 695/695/695 696/696/696
f 696/696/696 697/697/697 694/694/694
f 698/698/698 699/699/699 695/695/695
f 695/695/695 694/694/694 698/698/698
f 649/649/649 700/700/700 701/701/701
f 701/701/701 650/650/650 649/649/649
f 702/702/702 703/703/703 704/704/704
f 704/704/704 705/705/705 702/702/702
f 706/706/706 707/707/707 703/703/703
f 703/703/703 702/702/702 706/706/706
f 708/708/708 709/709/709 707/707/707
f 707/707/707 706/706/706 708/708/708
f 710/710/710 711/711/711 709/709/709
f 709/709/709 708/708/708 710/710/710
f 712/712/712 713/713/713 711/711/711
f 711/711/711 710/710/710 712/712/712
f 714/714/714 715/715/715 713/713/713
f 713/713/713 712/712/712 714/714/714
f 716/716/716 717/717/717 715/715/715
f 715/715/715 714/714/714 716/716/716
f 651/651/651 718/718/718 719/719/719
f 719/719/719 648/648/648 651/651/651
f 720/720/720 721/721/721 722/722/722
f 722/722/722 723/723/723 720/720/720
f 724/724/724 725/725/725 721/721/721
f 721/721/721 720/720/720 724/724/724
f 726/726/726 727/727/727 725/725/725
f 725/725/725 724/724/724 726/726/726
f 728/728/728 729/729/729 727/727/727
f 727/727/727 726/726/726 728/728/728
f 730/730/730 731/731/731 729/729/729
f 729/729/729 728/728/728 730/730/730
f 732/732/732 733/733/733 731/731/731
f 731/731/731 730/730/730 732/732/732
f 734/734/734 735/735/735 733/733/733
f 733/733/733 732/732/732 734/734/734
f 532/532/532 531/531/531 736/736/736
f 736/736/736 737/737/737 532/532/532
f 737/737/737 736/736/736 10/10/10
f 10/10/10 9/9/9 737/737/737
f 536/536/536 535/535/535 738/738/738
f 738/738/738 739/739/739 536/536/536
f 739/739/739 738/738/738 12/12/12
f 12/12/12 11/11/11 739/739/739
f 542/542/542 541/541/541 740/740/740
f 740/740/740 741/741/741 542/542/542
f 741/741/741 740/740/740 14/14/14
f 14/14/14 13/13/13 741/741/741
f 546/546/546 545/545/545 742/742/742
f 742/742/742 743/743/743 546/546/546
f 743/743/743 742/742/742 493/493/493
f 744/744/744 745/745/745 746/746/746
f 550/550/550 549/549/549 747/747/747
f 747/747/747 748/748/748 550/550/550
f 748/748/748 747/747/747 20/20/20
f 20/20/20 19/19/19 748/748/748
f 554/554/554 553/553/553 749/749/749
f 749/749/749 750/750/750 554/554/554
f 750/750/750 749/749/749 22/22/22
f 22/22/22 21/21/21 750/750/750
f 556/556/556 215/215/215 751/751/751
f 751/751/751 752/752/752 556/556/556
f 752/752/752 751/751/751 80/80/80
f 80/80/80 79/79/79 752/752/752
f 559/559/559 558/558/558 753/753/753
f 753/753/753 754/754/754 559/559/559
f 754/754/754 753/753/753 82/82/82
f 82/82/82 81/81/81 754/754/754
f 561/561/561 224/224/224 755/755/755
f 755/755/755 756/756/756 561/561/561
f 756/756/756 755/755/755 84/84/84
f 84/84/84 83/83/83 756/756/756
f 564/564/564 563/563/563 757/757/757
f 757/757/757 758/758/758 564/564/564
f 758/758/758 757/757/757 86/86/86
f 86/86/86 85/85/85 758/758/758
f 566/566/566 532/532/532 737/737/737
f 737/737/737 759/759/759 566/566/566
f 759/759/759 737/737/737 9/9/9
f 9/9/9 87/87/87 759/759/759
f 535/535/535 568/568/568 760/760/760
f 760/760/760 738/738/738 535/535/535
f 738/738/738 760/760/760 88/88/88
f 88/88/88 12/12/12 738/738/738
f 572/572/572 571/571/571 761/761/761
f 761/761/761 762/762/762 572/572/572
f 762/762/762 761/761/761 90/90/90
f 90/90/90 89/89/89 762/762/762
f 576/576/576 575/575/575 763/763/763
f 763/763/763 764/764/764 576/576/576
f 764/764/764 763/763/763 92/92/92
f 92/92/92 91/91/91 764/764/764
f 531/531/531 578/578/578 765/765/765
f 765/765/765 736/736/736 531/531/531
f 736/736/736 765/765/765 141/141/141
f 141/141/141 10/10/10 736/736/736
f 580/580/580 536/536/536 739/739/739
f 739/739/739 766/766/766 580/580/580
f 766/766/766 739/739/739 11/11/11
f 11/11/11 142/142/142 766/766/766
f 553/553/553 582/582/582 767/767/767
f 767/767/767 749/749/749 553/553/553
f 749/749/749 767/767/767 143/143/143
f 143/143/143 22/22/22 749/749/749
f 584/584/584 550/550/550 748/748/748
f 748/748/748 768/768/768 584/584/584
f 768/768/768 748/748/748 19/19/19
f 19/19/19 144/144/144 768/768/768
f 588/588/588 587/587/587 769/769/769
f 769/769/769 770/770/770 588/588/588
f 770/770/770 769/769/769 146/146/146
f 146/146/146 145/145/145 770/770/770
f 592/592/592 591/591/591 771/771/771
f 771/771/771 772/772/772 592/592/592
f 772/772/772 771/771/771 148/148/148
f 148/148/148 147/147/147 772/772/772
f 549/549/549 594/594/594 773/773/773
f 773/773/773 747/747/747 549/549/549
f 747/747/747 773/773/773 149/149/149
f 149/149/149 20/20/20 747/747/747
f 596/596/596 554/554/554 750/750/750
f 750/750/750 774/774/774 596/596/596
f 774/774/774 750/750/750 21/21/21
f 21/21/21 150/150/150 774/774/774
f 229/229/229 228/228/228 775/775/775
f 775/775/775 776/776/776 229/229/229
f 777/777/777 778/778/778 779/779/779
f 780/780/780 781/781/781 782/782/782
f 235/235/235 234/234/234 783/783/783
f 783/783/783 784/784/784 235/235/235
f 785/785/785 786/786/786 787/787/787
f 788/788/788 789/789/789 790/790/790
f 233/233/233 232/232/232 791/791/791
f 791/791/791 792/792/792 233/233/233
f 793/793/793 794/794/794 795/795/795
f 796/796/796 797/797/797 792/792/792
f 239/239/239 238/238/238 798/798/798
f 798/798/798 799/799/799 239/239/239
f 800/800/800 801/801/801 802/802/802
f 802/802/802 803/803/803 800/800/800
f 282/282/282 283/283/283 804/804/804
f 804/804/804 805/805/805 282/282/282
f 806/806/806 807/807/807 808/808/808
f 808/808/808 809/809/809 806/806/806
f 277/277/277 276/276/276 810/810/810
f 810/810/810 811/811/811 277/277/277
f 812/812/812 813/813/813 814/814/814
f 814/814/814 815/815/815 812/812/812
f 286/286/286 287/287/287 816/816/816
f 816/816/816 817/817/817 286/286/286
f 817/817/817 816/816/816 818/818/818
f 818/818/818 819/819/819 817/817/817
f 281/281/281 280/280/280 820/820/820
f 820/820/820 821/821/821 281/281/281
f 822/822/822 823/823/823 824/824/824
f 825/825/825 826/826/826 827/827/827
f 828/828/828 294/294/294 297/297/297
f 297/297/297 829/829/829 828/828/828
f 291/291/291 828/828/828 829/829/829
f 829/829/829 292/292/292 291/291/291
f 329/329/329 328/328/328 830/830/830
f 830/830/830 831/831/831 329/329/329
f 831/831/831 830/830/830 406/406/406
f 406/406/406 832/832/832 831/831/831
f 833/833/833 314/314/314 317/317/317
f 317/317/317 834/834/834 833/833/833
f 311/311/311 833/833/833 834/834/834
f 834/834/834 312/312/312 311/311/311
f 309/309/309 308/308/308 835/835/835
f 835/835/835 836/836/836 309/309/309
f 836/836/836 835/835/835 414/414/414
f 414/414/414 837/837/837 836/836/836
f 838/838/838 337/337/337 336/336/336
f 336/336/336 839/839/839 838/838/838
f 840/840/840 838/838/838 839/839/839
f 839/839/839 841/841/841 840/840/840
f 377/377/377 376/376/376 842/842/842
f 842/842/842 843/843/843 377/377/377
f 843/843/843 842/842/842 844/844/844
f 844/844/844 845/845/845 843/843/843
f 846/846/846 361/361/361 360/360/360
f 360/360/360 847/847/847 846/846/846
f 848/848/848 846/846/846 847/847/847
f 847/847/847 849/849/849 848/848/848
f 353/353/353 352/352/352 850/850/850
f 850/850/850 851/851/851 353/353/353
f 851/851/851 850/850/850 852/852/852
f 852/852/852 853/853/853 851/851/851
f 829/829/829 297/297/297 383/383/383
f 383/383/383 854/854/854 829/829/829
f 292/292/292 829/829/829 854/854/854
f 854/854/854 855/855/855 292/292/292
f 401/401/401 329/329/329 831/831/831
f 831/831/831 856/856/856 401/401/401
f 856/856/856 831/831/831 832/832/832
f 832/832/832 857/857/857 856/856/856
f 834/834/834 317/317/317 395/395/395
f 395/395/395 858/858/858 834/834/834
f 312/312/312 834/834/834 858/858/858
f 858/858/858 859/859/859 312/312/312
f 389/389/389 309/309/309 836/836/836
f 836/836/836 860/860/860 389/389/389
f 860/860/860 836/836/836 837/837/837
f 837/837/837 861/861/861 860/860/860
f 862/862/862 426/426/426 294/294/294
f 294/294/294 828/828/828 862/862/862
f 402/402/402 862/862/862 828/828/828
f 828/828/828 291/291/291 402/402/402
f 328/328/328 428/428/428 863/863/863
f 863/863/863 830/830/830 328/328/328
f 830/830/830 863/863/863 407/407/407
f 407/407/407 406/406/406 830/830/830
f 864/864/864 427/427/427 314/314/314
f 314/314/314 833/833/833 864/864/864
f 410/410/410 864/864/864 833/833/833
f 833/833/833 311/311/311 410/410/410
f 308/308/308 429/429/429 865/865/865
f 865/865/865 835/835/835 308/308/308
f 835/835/835 865/865/865 415/415/415
f 415/415/415 414/414/414 835/835/835
f 866/866/866 467/467/467 466/466/466
f 466/466/466 867/867/867 866/866/866
f 868/868/868 869/869/869 870/870/870
f 871/871/871 872/872/872 873/873/873
f 473/473/473 472/472/472 874/874/874
f 874/874/874 875/875/875 473/473/473
f 876/876/876 877/877/877 878/878/878
f 879/879/879 880/880/880 881/881/881
f 882/882/882 471/471/471 470/470/470
f 470/470/470 883/883/883 882/882/882
f 440/440/440 882/882/882 883/883/883
f 883/883/883 441/441/441 440/440/440
f 477/477/477 476/476/476 884/884/884
f 884/884/884 885/885/885 477/477/477
f 885/885/885 884/884/884 443/443/443
f 443/443/443 442/442/442 885/885/885
f 571/571/571 598/598/598 886/886/886
f 886/886/886 761/761/761 571/571/571
f 761/761/761 886/886/886 488/488/488
f 488/488/488 90/90/90 761/761/761
f 600/600/600 576/576/576 764/764/764
f 764/764/764 887/887/887 600/600/600
f 887/887/887 764/764/764 91/91/91
f 91/91/91 489/489/489 887/887/887
f 604/604/604 603/603/603 888/888/888
f 888/888/888 889/889/889 604/604/604
f 889/889/889 888/888/888 890/890/890
f 890/890/890 891/891/891 889/889/889
f 545/545/545 605/605/605 892/892/892
f 892/892/892 742/742/742 545/545/545
f 742/742/742 892/892/892 494/494/494
f 893/893/893 894/894/894 895/895/895
f 591/591/591 607/607/607 896/896/896
f 896/896/896 771/771/771 591/591/591
f 771/771/771 896/896/896 496/496/496
f 496/496/496 148/148/148 771/771/771
f 609/609/609 588/588/588 770/770/770
f 770/770/770 897/897/897 609/609/609
f 897/897/897 770/770/770 145/145/145
f 145/145/145 497/497/497 897/897/897
f 607/607/607 546/546/546 743/743/743
f 743/743/743 896/896/896 607/607/607
f 896/896/896 743/743/743 498/498/498
f 498/498/498 496/496/496 896/896/896
f 613/613/613 612/612/612 897/897/897
f 897/897/897 898/898/898 613/613/613
f 898/898/898 897/897/897 497/497/497
f 497/497/497 499/499/499 898/898/898
f 215/215/215 214/214/214 899/899/899
f 899/899/899 751/751/751 215/215/215
f 751/751/751 899/899/899 614/614/614
f 614/614/614 80/80/80 751/751/751
f 616/616/616 559/559/559 754/754/754
f 754/754/754 900/900/900 616/616/616
f 900/900/900 754/754/754 81/81/81
f 81/81/81 615/615/615 900/900/900
f 224/224/224 223/223/223 901/901/901
f 901/901/901 755/755/755 224/224/224
f 755/755/755 901/901/901 617/617/617
f 617/617/617 84/84/84 755/755/755
f 619/619/619 564/564/564 758/758/758
f 758/758/758 902/902/902 619/619/619
f 902/902/902 758/758/758 85/85/85
f 85/85/85 618/618/618 902/902/902
f 644/644/644 282/282/282 805/805/805
f 805/805/805 903/903/903 644/644/644
f 903/903/903 805/805/805 904/904/904
f 904/904/904 905/905/905 903/903/903
f 276/276/276 641/641/641 906/906/906
f 906/906/906 810/810/810 276/276/276
f 810/810/810 906/906/906 907/907/907
f 907/907/907 908/908/908 810/810/810
f 336/336/336 277/277/277 811/811/811
f 811/811/811 839/839/839 336/336/336
f 839/839/839 811/811/811 909/909/909
f 909/909/909 841/841/841 839/839/839
f 283/283/283 377/377/377 843/843/843
f 843/843/843 804/804/804 283/283/283
f 804/804/804 843/843/843 845/845/845
f 845/845/845 910/910/910 804/804/804
f 646/646/646 286/286/286 817/817/817
f 817/817/817 911/911/911 646/646/646
f 911/911/911 817/817/817 819/819/819
f 819/819/819 912/912/912 911/911/911
f 280/280/280 643/643/643 913/913/913
f 913/913/913 820/820/820 280/280/280
f 820/820/820 913/913/913 914/914/914
f 914/914/914 915/915/915 820/820/820
f 360/360/360 281/281/281 821/821/821
f 821/821/821 847/847/847 360/360/360
f 847/847/847 821/821/821 916/916/916
f 916/916/916 849/849/849 847/847/847
f 287/287/287 353/353/353 851/851/851
f 851/851/851 816/816/816 287/287/287
f 816/816/816 851/851/851 853/853/853
f 853/853/853 818/818/818 816/816/816
f 716/716/716 714/714/714 712/712/712
f 712/712/712 710/710/710 708/708/708
f 708/708/708 706/706/706 702/702/702
f 702/702/702 705/705/705 917/917/917
f 708/708/708 702/702/702 917/917/917
f 712/712/712 708/708/708 917/917/917
f 716/716/716 712/712/712 917/917/917
f 918/918/918 716/716/716 917/917/917
f 918/918/918 917/917/917 919/919/919
f 919/919/919 920/920/920 918/918/918
f 734/734/734 732/732/732 730/730/730
f 730/730/730 728/728/728 726/726/726
f 726/726/726 724/724/724 720/720/720
f 720/720/720 723/723/723 921/921/921
f 726/726/726 720/720/720 921/921/921
f 730/730/730 726/726/726 921/921/921
f 734/734/734 730/730/730 921/921/921
f 922/922/922 734/734/734 921/921/921
f 922/922/922 921/921/921 923/923/923
f 923/923/923 924/924/924 922/922/922
f 659/659/659 658/658/658 925/925/925
f 925/925/925 926/926/926 659/659/659
f 926/926/926 925/925/925 927/927/927
f 927/927/927 928/928/928 926/926/926
f 699/699/699 698/698/698 929/929/929
f 929/929/929 930/930/930 699/699/699
f 930/930/930 929/929/929 931/931/931
f 931/931/931 932/932/932 930/930/930
f 683/683/683 682/682/682 933/933/933
f 933/933/933 934/934/934 683/683/683
f 934/934/934 933/933/933 935/935/935
f 935/935/935 936/936/936 934/934/934
f 675/675/675 674/674/674 937/937/937
f 937/937/937 938/938/938 675/675/675
f 938/938/938 937/937/937 939/939/939
f 939/939/939 940/940/940 938/938/938
f 705/705/705 704/704/704 941/941/941
f 941/941/941 917/917/917 705/705/705
f 917/917/917 941/941/941 942/942/942
f 942/942/942 919/919/919 917/917/917
f 943/943/943 735/735/735 734/734/734
f 734/734/734 922/922/922 943/943/943
f 943/943/943 922/922/922 924/924/924
f 924/924/924 944/944/944 943/943/943
f 723/723/723 722/722/722 945/945/945
f 945/945/945 921/921/921 723/723/723
f 921/921/921 945/945/945 946/946/946
f 946/946/946 923/923/923 921/921/921
f 947/947/947 717/717/717 716/716/716
f 716/716/716 918/918/918 947/947/947
f 947/947/947 918/918/918 920/920/920
f 920/920/920 948/948/948 947/947/947
f 904/904/904 805/805/805 949/949/949
f 949/949/949 950/950/950 904/904/904
f 805/805/805 804/804/804 951/951/951
f 951/951/951 949/949/949 805/805/805
f 804/804/804 910/910/910 952/952/952
f 952/952/952 951/951/951 804/804/804
f 910/910/910 904/904/904 950/950/950
f 950/950/950 952/952/952 910/910/910
f 810/810/810 908/908/908 953/953/953
f 953/953/953 954/954/954 810/810/810
f 908/908/908 909/909/909 955/955/955
f 955/955/955 953/953/953 908/908/908
f 909/909/909 811/811/811 956/956/956
f 956/956/956 955/955/955 909/909/909
f 811/811/811 810/810/810 954/954/954
f 954/954/954 956/956/956 811/811/811
f 957/957/957 958/958/958 959/959/959
f 959/959/959 960/960/960 957/957/957
f 961/961/961 962/962/962 963/963/963
f 963/963/963 964/964/964 961/961/961
f 965/965/965 966/966/966 967/967/967
f 967/967/967 968/968/968 965/965/965
f 969/969/969 970/970/970 971/971/971
f 971/971/971 972/972/972 969/969/969
f 973/973/973 974/974/974 975/975/975
f 975/975/975 976/976/976 973/973/973
f 977/977/977 978/978/978 979/979/979
f 979/979/979 980/980/980 977/977/977
f 981/981/981 982/982/982 983/983/983
f 983/983/983 984/984/984 981/981/981
f 985/985/985 986/986/986 987/987/987
f 987/987/987 988/988/988 985/985/985
f 989/989/989 958/958/958 957/957/957
f 957/957/957 990/990/990 989/989/989
f 991/991/991 962/962/962 961/961/961
f 961/961/961 992/992/992 991/991/991
f 993/993/993 966/966/966 965/965/965
f 965/965/965 994/994/994 993/993/993
f 995/995/995 970/970/970 969/969/969
f 969/969/969 996/996/996 995/995/995
f 997/997/997 974/974/974 973/973/973
f 973/973/973 998/998/998 997/997/997
f 999/999/999 978/978/978 977/977/977
f 977/977/977 1000/1000/1000 999/999/999
f 1001/1001/1001 982/982/982 981/981/981
f 981/981/981 1002/1002/1002 1001/1001/1001
f 1003/1003/1003 986/986/986 985/985/985
f 985/985/985 1004/1004/1004 1003/1003/1003
f 1005/1005/1005 1006/1006/1006 1007/1007/1007
f 1007/1007/1007 1008/1008/1008 1005/1005/1005
f 1009/1009/1009 1010/1010/1010 1006/1006/1006
f 1006/1006/1006 1005/1005/1005 1009/1009/1009
f 1011/1011/1011 1012/1012/1012 1010/1010/1010
f 1010/1010/1010 1009/1009/1009 1011/1011/1011
f 1008/1008/1008 1007/1007/1007 1012/1012/1012
f 1012/1012/1012 1011/1011/1011 1008/1008/1008
f 953/953/953 1013/1013/1013 1014/1014/1014
f 1014/1014/1014 954/954/954 953/953/953
f 955/955/955 1015/1015/1015 1013/1013/1013
f 1013/1013/1013 953/953/953 955/955/955
f 956/956/956 1016/1016/1016 1015/1015/1015
f 1015/1015/1015 955/955/955 956/956/956
f 954/954/954 1014/1014/1014 1016/1016/1016
f 1016/1016/1016 956/956/956 954/954/954
f 1017/1017/1017 1018/1018/1018 1019/1019/1019
f 1019/1019/1019 1020/1020/1020 1017/1017/1017
f 1021/1021/1021 1022/1022/1022 1023/1023/1023
f 1023/1023/1023 1024/1024/1024 1021/1021/1021
f 1025/1025/1025 1026/1026/1026 1027/1027/1027
f 1027/1027/1027 1028/1028/1028 1025/1025/1025
f 1029/1029/1029 1030/1030/1030 1031/1031/1031
f 1031/1031/1031 1032/1032/1032 1029/1029/1029
f 1033/1033/1033 1034/1034/1034 1035/1035/1035
f 1035/1035/1035 1036/1036/1036 1033/1033/1033
f 1037/1037/1037 1038/1038/1038 1039/1039/1039
f 1039/1039/1039 1040/1040/1040 1037/1037/1037
f 1041/1041/1041 1042/1042/1042 1043/1043/1043
f 1043/1043/1043 1044/1044/1044 1041/1041/1041
f 1045/1045/1045 1046/1046/1046 1047/1047/1047
f 1047/1047/1047 1048/1048/1048 1045/1045/1045
f 1036/1036/1036 1035/1035/1035 1049/1049/1049
f 1049/1049/1049 1050/1050/1050 1036/1036/1036
f 1051/1051/1051 1052/1052/1052 1034/1034/1034
f 1034/1034/1034 1033/1033/1033 1051/1051/1051
f 1040/1040/1040 1039/1039/1039 1053/1053/1053
f 1053/1053/1053 1054/1054/1054 1040/1040/1040
f 1055/1055/1055 1056/1056/1056 1038/1038/1038
f 1038/1038/1038 1037/1037/1037 1055/1055/1055
f 1044/1044/1044 1043/1043/1043 1057/1057/1057
f 1057/1057/1057 1058/1058/1058 1044/1044/1044
f 1059/1059/1059 1060/1060/1060 1042/1042/1042
f 1042/1042/1042 1041/1041/1041 1059/1059/1059
f 1048/1048/1048 1047/1047/1047 1061/1061/1061
f 1061/1061/1061 1062/1062/1062 1048/1048/1048
f 1063/1063/1063 1064/1064/1064 1046/1046/1046
f 1046/1046/1046 1045/1045/1045 1063/1063/1063
f 1065/1065/1065 1066/1066/1066 1067/1067/1067
f 1068/1068/1068 1069/1069/1069 1070/1070/1070
f 1071/1071/1071 1072/1072/1072 1073/1073/1073
f 1074/1074/1074 1075/1075/1075 1076/1076/1076
f 1077/1077/1077 1078/1078/1078 1079/1079/1079
f 1080/1080/1080 1081/1081/1081 1082/1082/1082
f 1083/1083/1083 1084/1084/1084 1085/1085/1085
f 1085/1085/1085 1086/1086/1086 1083/1083/1083
f 1087/1087/1087 1088/1088/1088 1089/1089/1089
f 1090/1090/1090 1091/1091/1091 1092/1092/1092
f 1093/1093/1093 1094/1094/1094 1095/1095/1095
f 1096/1096/1096 1097/1097/1097 1098/1098/1098
f 1099/1099/1099 1100/1100/1100 1101/1101/1101
f 1102/1102/1102 1103/1103/1103 1104/1104/1104
f 1105/1105/1105 1106/1106/1106 1107/1107/1107
f 1107/1107/1107 1108/1108/1108 1105/1105/1105
f 1109/1109/1109 1110/1110/1110 1050/1050/1050
f 1050/1050/1050 1049/1049/1049 1109/1109/1109
f 1060/1060/1060 1059/1059/1059 1054/1054/1054
f 1054/1054/1054 1053/1053/1053 1060/1060/1060
f 1111/1111/1111 1112/1112/1112 1058/1058/1058
f 1058/1058/1058 1057/1057/1057 1111/1111/1111
f 1052/1052/1052 1051/1051/1051 1062/1062/1062
f 1062/1062/1062 1061/1061/1061 1052/1052/1052
f 1113/1113/1113 1114/1114/1114 1115/1115/1115
f 1115/1115/1115 1116/1116/1116 1113/1113/1113
f 1117/1117/1117 1118/1118/1118 1119/1119/1119
f 1119/1119/1119 1120/1120/1120 1117/1117/1117
f 1121/1121/1121 1122/1122/1122 1123/1123/1123
f 1123/1123/1123 1124/1124/1124 1121/1121/1121
f 1125/1125/1125 1126/1126/1126 1127/1127/1127
f 1127/1127/1127 1128/1128/1128 1125/1125/1125
f 1116/1116/1116 1115/1115/1115 1020/1020/1020
f 1020/1020/1020 1019/1019/1019 1116/1116/1116
f 1030/1030/1030 1029/1029/1029 1129/1129/1129
f 1129/1129/1129 1130/1130/1130 1030/1030/1030
f 1131/1131/1131 1132/1132/1132 1024/1024/1024
f 1024/1024/1024 1023/1023/1023 1131/1131/1131
f 1084/1084/1084 1083/1083/1083 1118/1118/1118
f 1118/1118/1118 1117/1117/1117 1084/1084/1084
f 1133/1133/1133 1134/1134/1134 1028/1028/1028
f 1028/1028/1028 1027/1027/1027 1133/1133/1133
f 1022/1022/1022 1021/1021/1021 1122/1122/1122
f 1122/1122/1122 1121/1121/1121 1022/1022/1022
f 1128/1128/1128 1127/1127/1127 1032/1032/1032
f 1032/1032/1032 1031/1031/1031 1128/1128/1128
f 1106/1106/1106 1105/1105/1105 1135/1135/1135
f 1135/1135/1135 1136/1136/1136 1106/1106/1106
f 1137/1137/1137 1138/1138/1138 1139/1139/1139
f 1139/1139/1139 1140/1140/1140 1137/1137/1137
f 1141/1141/1141 1142/1142/1142 1143/1143/1143
f 1144/1144/1144 1145/1145/1145 1146/1146/1146
f 1147/1147/1147 1148/1148/1148 1149/1149/1149
f 1150/1150/1150 1151/1151/1151 1152/1152/1152
f 1056/1056/1056 1055/1055/1055 1153/1153/1153
f 1153/1153/1153 1154/1154/1154 1056/1056/1056
f 1155/1155/1155 1156/1156/1156 1157/1157/1157
f 1157/1157/1157 1158/1158/1158 1155/1155/1155
f 1159/1159/1159 1160/1160/1160 1161/1161/1161
f 1162/1162/1162 1163/1163/1163 1164/1164/1164
f 1165/1165/1165 1166/1166/1166 1167/1167/1167
f 1168/1168/1168 1169/1169/1169 1170/1170/1170
f 1064/1064/1064 1063/1063/1063 1171/1171/1171
f 1171/1171/1171 1172/1172/1172 1064/1064/1064
f 1173/1173/1173 1174/1174/1174 1175/1175/1175
f 1176/1176/1176 1177/1177/1177 1178/1178/1178
f 1179/1179/1179 1180/1180/1180 1181/1181/1181
f 1181/1181/1181 1182/1182/1182 1179/1179/1179
f 1183/1183/1183 1184/1184/1184 1185/1185/1185
f 1185/1185/1185 1186/1186/1186 1183/1183/1183
f 1187/1187/1187 1188/1188/1188 1189/1189/1189
f 1189/1189/1189 1190/1190/1190 1187/1187/1187
f 819/819/819 818/818/818 1191/1191/1191
f 1191/1191/1191 1192/1192/1192 819/819/819
f 1193/1193/1193 1194/1194/1194 1195/1195/1195
f 1195/1195/1195 1196/1196/1196 1193/1193/1193
f 916/916/916 915/915/915 1197/1197/1197
f 1197/1197/1197 1198/1198/1198 916/916/916
f 1199/1199/1199 840/840/840 841/841/841
f 841/841/841 1200/1200/1200 1199/1199/1199
f 1201/1201/1201 1202/1202/1202 1203/1203/1203
f 1204/1204/1204 1205/1205/1205 1206/1206/1206
f 845/845/845 844/844/844 1207/1207/1207
f 1207/1207/1207 1208/1208/1208 845/845/845
f 1209/1209/1209 1210/1210/1210 1211/1211/1211
f 1211/1211/1211 1212/1212/1212 1209/1209/1209
f 1213/1213/1213 848/848/848 849/849/849
f 849/849/849 1214/1214/1214 1213/1213/1213
f 853/853/853 852/852/852 1215/1215/1215
f 1215/1215/1215 1216/1216/1216 853/853/853
f 1217/1217/1217 1218/1218/1218 1219/1219/1219
f 1220/1220/1220 1221/1221/1221 1222/1222/1222
f 293/293/293 292/292/292 855/855/855
f 855/855/855 1223/1223/1223 293/293/293
f 1224/1224/1224 1225/1225/1225 1226/1226/1226
f 1227/1227/1227 1228/1228/1228 1229/1229/1229
f 857/857/857 832/832/832 1230/1230/1230
f 1230/1230/1230 1231/1231/1231 857/857/857
f 1232/1232/1232 1233/1233/1233 1234/1234/1234
f 1235/1235/1235 1236/1236/1236 1237/1237/1237
f 313/313/313 312/312/312 859/859/859
f 859/859/859 1238/1238/1238 313/313/313
f 861/861/861 837/837/837 1239/1239/1239
f 1239/1239/1239 1240/1240/1240 861/861/861
f 1241/1241/1241 1242/1242/1242 1243/1243/1243
f 1244/1244/1244 1245/1245/1245 1246/1246/1246
f 905/905/905 904/904/904 1247/1247/1247
f 1247/1247/1247 1248/1248/1248 905/905/905
f 1249/1249/1249 1250/1250/1250 1251/1251/1251
f 1252/1252/1252 1253/1253/1253 1254/1254/1254
f 908/908/908 907/907/907 1255/1255/1255
f 1255/1255/1255 1256/1256/1256 908/908/908
f 1257/1257/1257 1258/1258/1258 1259/1259/1259
f 1260/1260/1260 1261/1261/1261 1262/1262/1262
f 841/841/841 909/909/909 1186/1186/1186
f 1186/1186/1186 1200/1200/1200 841/841/841
f 1263/1263/1263 1187/1187/1187 1190/1190/1190
f 1190/1190/1190 1264/1264/1264 1263/1263/1263
f 910/910/910 845/845/845 1208/1208/1208
f 1208/1208/1208 1176/1176/1176 910/910/910
f 1265/1265/1265 1266/1266/1266 1267/1267/1267
f 1268/1268/1268 1181/1181/1181 1180/1180/1180
f 912/912/912 819/819/819 1192/1192/1192
f 1192/1192/1192 1269/1269/1269 912/912/912
f 1270/1270/1270 1193/1193/1193 1196/1196/1196
f 1196/1196/1196 1271/1271/1271 1270/1270/1270
f 915/915/915 914/914/914 1272/1272/1272
f 1272/1272/1272 1197/1197/1197 915/915/915
f 849/849/849 916/916/916 1198/1198/1198
f 1198/1198/1198 1214/1214/1214 849/849/849
f 818/818/818 853/853/853 1216/1216/1216
f 1216/1216/1216 1191/1191/1191 818/818/818
f 1273/1273/1273 1274/1274/1274 1275/1275/1275
f 1276/1276/1276 1195/1195/1195 1194/1194/1194
f 920/920/920 919/919/919 1277/1277/1277
f 1277/1277/1277 1278/1278/1278 920/920/920
f 1278/1278/1278 1277/1277/1277 649/649/649
f 649/649/649 648/648/648 1278/1278/1278
f 924/924/924 923/923/923 1279/1279/1279
f 1279/1279/1279 1280/1280/1280 924/924/924
f 1280/1280/1280 1279/1279/1279 651/651/651
f 651/651/651 650/650/650 1280/1280/1280
f 928/928/928 927/927/927 1281/1281/1281
f 1281/1281/1281 1282/1282/1282 928/928/928
f 1282/1282/1282 1281/1281/1281 653/653/653
f 653/653/653 652/652/652 1282/1282/1282
f 932/932/932 931/931/931 1283/1283/1283
f 1283/1283/1283 1284/1284/1284 932/932/932
f 1284/1284/1284 1283/1283/1283 655/655/655
f 655/655/655 654/654/654 1284/1284/1284
f 936/936/936 935/935/935 1285/1285/1285
f 1285/1285/1285 1286/1286/1286 936/936/936
f 1286/1286/1286 1285/1285/1285 677/677/677
f 677/677/677 676/676/676 1286/1286/1286
f 940/940/940 939/939/939 1287/1287/1287
f 1287/1287/1287 1288/1288/1288 940/940/940
f 1288/1288/1288 1287/1287/1287 679/679/679
f 679/679/679 678/678/678 1288/1288/1288
f 919/919/919 942/942/942 1289/1289/1289
f 1289/1289/1289 1277/1277/1277 919/919/919
f 1277/1277/1277 1289/1289/1289 700/700/700
f 700/700/700 649/649/649 1277/1277/1277
f 944/944/944 924/924/924 1280/1280/1280
f 1280/1280/1280 1290/1290/1290 944/944/944
f 1290/1290/1290 1280/1280/1280 650/650/650
f 650/650/650 701/701/701 1290/1290/1290
f 923/923/923 946/946/946 1291/1291/1291
f 1291/1291/1291 1279/1279/1279 923/923/923
f 1279/1279/1279 1291/1291/1291 718/718/718
f 718/718/718 651/651/651 1279/1279/1279
f 948/948/948 920/920/920 1278/1278/1278
f 1278/1278/1278 1292/1292/1292 948/948/948
f 1292/1292/1292 1278/1278/1278 648/648/648
f 648/648/648 719/719/719 1292/1292/1292
f 1293/1293/1293 1294/1294/1294 1295/1295/1295
f 1296/1296/1296 1297/1297/1297 1298/1298/1298
f 1299/1299/1299 1300/1300/1300 1301/1301/1301
f 1302/1302/1302 1303/1303/1303 1304/1304/1304
f 1305/1305/1305 1306/1306/1306 1307/1307/1307
f 1308/1308/1308 1309/1309/1309 1310/1310/1310
f 1311/1311/1311 1312/1312/1312 1313/1313/1313
f 1313/1313/1313 1314/1314/1314 1311/1311/1311
f 1312/1312/1312 1315/1315/1315 1316/1316/1316
f 1316/1316/1316 1313/1313/1313 1312/1312/1312
f 1315/1315/1315 1317/1317/1317 1316/1316/1316
f 1318/1318/1318 1319/1319/1319 1320/1320/1320
f 1319/1319/1319 1321/1321/1321 1322/1322/1322
f 1322/1322/1322 1320/1320/1320 1319/1319/1319
f 1321/1321/1321 1323/1323/1323 1324/1324/1324
f 1324/1324/1324 1322/1322/1322 1321/1321/1321
f 1325/1325/1325 1326/1326/1326 1327/1327/1327
f 1328/1328/1328 1329/1329/1329 1330/1330/1330
f 1331/1331/1331 1332/1332/1332 1333/1333/1333
f 1334/1334/1334 1335/1335/1335 1336/1336/1336
f 1230/1230/1230 405/405/405 404/404/404
f 404/404/404 381/381/381 1230/1230/1230
f 832/832/832 406/406/406 405/405/405
f 405/405/405 1230/1230/1230 832/832/832
f 1337/1337/1337 1338/1338/1338 1339/1339/1339
f 1340/1340/1340 1341/1341/1341 1342/1342/1342
f 1343/1343/1343 1344/1344/1344 1345/1345/1345
f 1346/1346/1346 1347/1347/1347 1348/1348/1348
f 1349/1349/1349 1350/1350/1350 1351/1351/1351
f 1352/1352/1352 1353/1353/1353 1354/1354/1354
f 1355/1355/1355 1356/1356/1356 1357/1357/1357
f 1357/1357/1357 1358/1358/1358 1355/1355/1355
f 1356/1356/1356 1359/1359/1359 1360/1360/1360
f 1360/1360/1360 1357/1357/1357 1356/1356/1356
f 1359/1359/1359 1361/1361/1361 1360/1360/1360
f 1362/1362/1362 1363/1363/1363 1364/1364/1364
f 1363/1363/1363 1365/1365/1365 1366/1366/1366
f 1366/1366/1366 1364/1364/1364 1363/1363/1363
f 1365/1365/1365 1367/1367/1367 1368/1368/1368
f 1368/1368/1368 1366/1366/1366 1365/1365/1365
f 1369/1369/1369 1370/1370/1370 1371/1371/1371
f 1372/1372/1372 1373/1373/1373 1374/1374/1374
f 1375/1375/1375 1376/1376/1376 1377/1377/1377
f 1378/1378/1378 1379/1379/1379 1380/1380/1380
f 381/381/381 404/404/404 403/403/403
f 403/403/403 378/378/378 381/381/381
f 378/378/378 403/403/403 290/290/290
f 290/290/290 293/293/293 378/378/378
f 1381/1381/1381 1382/1382/1382 1383/1383/1383
f 1384/1384/1384 1385/1385/1385 1386/1386/1386
f 1387/1387/1387 1388/1388/1388 1389/1389/1389
f 1390/1390/1390 1391/1391/1391 1392/1392/1392
f 1393/1393/1393 1394/1394/1394 1395/1395/1395
f 1396/1396/1396 1397/1397/1397 1398/1398/1398
f 1399/1399/1399 1400/1400/1400 1401/1401/1401
f 1401/1401/1401 1402/1402/1402 1399/1399/1399
f 1400/1400/1400 1403/1403/1403 1404/1404/1404
f 1404/1404/1404 1401/1401/1401 1400/1400/1400
f 1403/1403/1403 1405/1405/1405 1404/1404/1404
f 1406/1406/1406 1407/1407/1407 1408/1408/1408
f 1407/1407/1407 1409/1409/1409 1410/1410/1410
f 1410/1410/1410 1408/1408/1408 1407/1407/1407
f 1409/1409/1409 1411/1411/1411 1412/1412/1412
f 1412/1412/1412 1410/1410/1410 1409/1409/1409
f 1413/1413/1413 1414/1414/1414 1415/1415/1415
f 1416/1416/1416 1417/1417/1417 1418/1418/1418
f 1419/1419/1419 1420/1420/1420 1421/1421/1421
f 1422/1422/1422 1423/1423/1423 1424/1424/1424
f 390/390/390 411/411/411 310/310/310
f 310/310/310 313/313/313 390/390/390
f 393/393/393 412/412/412 411/411/411
f 411/411/411 390/390/390 393/393/393
f 1239/1239/1239 413/413/413 412/412/412
f 412/412/412 393/393/393 1239/1239/1239
f 837/837/837 414/414/414 413/413/413
f 413/413/413 1239/1239/1239 837/837/837
f 1425/1425/1425 1426/1426/1426 1427/1427/1427
f 1428/1428/1428 1429/1429/1429 1430/1430/1430
f 1431/1431/1431 1432/1432/1432 1433/1433/1433
f 1434/1434/1434 1435/1435/1435 1436/1436/1436
f 1428/1428/1428 1430/1430/1430 1437/1437/1437
f 1438/1438/1438 1428/1428/1428 1437/1437/1437
f 1439/1439/1439 1440/1440/1440 1441/1441/1441
f 1442/1442/1442 1443/1443/1443 1444/1444/1444
f 1445/1445/1445 1446/1446/1446 1447/1447/1447
f 1448/1448/1448 1449/1449/1449 1450/1450/1450
f 1451/1451/1451 1452/1452/1452 1453/1453/1453
f 1448/1448/1448 1454/1454/1454 1455/1455/1455
f 1456/1456/1456 1457/1457/1457 1458/1458/1458
f 1459/1459/1459 1460/1460/1460 1461/1461/1461
f 1462/1462/1462 1456/1456/1456 1463/1463/1463
f 1464/1464/1464 1462/1462/1462 1463/1463/1463
f 1465/1465/1465 1466/1466/1466 1467/1467/1467
f 1468/1468/1468 1469/1469/1469 1470/1470/1470
f 1471/1471/1471 1464/1464/1464 1472/1472/1472
f 1473/1473/1473 1471/1471/1471 1472/1472/1472
f 1473/1473/1473 1472/1472/1472 1474/1474/1474
f 1475/1475/1475 1476/1476/1476 1477/1477/1477
f 1478/1478/1478 1479/1479/1479 1480/1480/1480
f 1481/1481/1481 1478/1478/1478 1480/1480/1480
f 1482/1482/1482 1483/1483/1483 1484/1484/1484
f 1485/1485/1485 1481/1481/1481 1486/1486/1486
f 1473/1473/1473 1485/1485/1485 1486/1486/1486
f 1487/1487/1487 1488/1488/1488 1489/1489/1489
f 1490/1490/1490 1491/1491/1491 1492/1492/1492
f 1493/1493/1493 1494/1494/1494 1495/1495/1495
f 1496/1496/1496 1497/1497/1497 1498/1498/1498
f 1499/1499/1499 1500/1500/1500 1501/1501/1501
f 1502/1502/1502 1503/1503/1503 1504/1504/1504
f 1505/1505/1505 1506/1506/1506 1507/1507/1507
f 1508/1508/1508 1509/1509/1509 1510/1510/1510
f 1511/1511/1511 1512/1512/1512 1513/1513/1513
f 1514/1514/1514 1515/1515/1515 1507/1507/1507
f 1516/1516/1516 1514/1514/1514 1507/1507/1507
f 1517/1517/1517 1518/1518/1518 1519/1519/1519
f 1520/1520/1520 1521/1521/1521 1522/1522/1522
f 1523/1523/1523 1524/1524/1524 1525/1525/1525
f 1526/1526/1526 1527/1527/1527 1528/1528/1528
f 1529/1529/1529 1530/1530/1530 1531/1531/1531
f 1532/1532/1532 1533/1533/1533 1534/1534/1534
f 1535/1535/1535 1536/1536/1536 1537/1537/1537
f 1538/1538/1538 1539/1539/1539 1540/1540/1540
f 1541/1541/1541 1542/1542/1542 1543/1543/1543
f 1544/1544/1544 1545/1545/1545 1546/1546/1546
f 1547/1547/1547 1548/1548/1548 1549/1549/1549
f 1550/1550/1550 1547/1547/1547 1549/1549/1549
f 1551/1551/1551 1552/1552/1552 1553/1553/1553
f 1554/1554/1554 1555/1555/1555 1556/1556/1556
f 1557/1557/1557 1558/1558/1558 1559/1559/1559
f 1560/1560/1560 1561/1561/1561 1562/1562/1562
f 1563/1563/1563 1564/1564/1564 1565/1565/1565
f 1565/1565/1565 1566/1566/1566 1567/1567/1567
f 1568/1568/1568 1569/1569/1569 1570/1570/1570
f 1571/1571/1571 1572/1572/1572 1573/1573/1573
f 1574/1574/1574 1575/1575/1575 1576/1576/1576
f 1577/1577/1577 1578/1578/1578 1579/1579/1579
f 1580/1580/1580 1581/1581/1581 1582/1582/1582
f 1583/1583/1583 1584/1584/1584 1585/1585/1585
f 1586/1586/1586 1587/1587/1587 1588/1588/1588
f 1589/1589/1589 1590/1590/1590 1591/1591/1591
f 1592/1592/1592 1593/1593/1593 1594/1594/1594
f 1595/1595/1595 1596/1596/1596 1597/1597/1597
f 1598/1598/1598 1599/1599/1599 1600/1600/1600
f 1601/1601/1601 1602/1602/1602 802/802/802
f 1601/1601/1601 802/802/802 797/797/797
f 1603/1603/1603 1604/1604/1604 1605/1605/1605
f 1550/1550/1550 1589/1589/1589 797/797/797
f 1606/1606/1606 1550/1550/1550 797/797/797
f 1607/1607/1607 1606/1606/1606 797/797/797
f 1608/1608/1608 1607/1607/1607 797/797/797
f 1609/1609/1609 1608/1608/1608 797/797/797
f 1610/1610/1610 1609/1609/1609 797/797/797
f 1611/1611/1611 1610/1610/1610 797/797/797
f 1612/1612/1612 1613/1613/1613 1614/1614/1614
f 1615/1615/1615 1616/1616/1616 1617/1617/1617
f 1618/1618/1618 1619/1619/1619 1620/1620/1620
f 1621/1621/1621 1622/1622/1622 440/440/440
f 1623/1623/1623 1621/1621/1621 440/440/440
f 1624/1624/1624 1623/1623/1623 440/440/440
f 1625/1625/1625 1624/1624/1624 440/440/440
f 1492/1492/1492 1625/1625/1625 440/440/440
f 1492/1492/1492 440/440/440 443/443/443
f 1490/1490/1490 1492/1492/1492 443/443/443
f 1626/1626/1626 1490/1490/1490 443/443/443
f 1627/1627/1627 1628/1628/1628 1629/1629/1629
f 443/443/443 1630/1630/1630 1631/1631/1631
f 443/443/443 1631/1631/1631 1632/1632/1632
f 443/443/443 1632/1632/1632 1633/1633/1633
f 1626/1626/1626 443/443/443 1633/1633/1633
f 1634/1634/1634 1635/1635/1635 1636/1636/1636
f 1637/1637/1637 1638/1638/1638 1639/1639/1639
f 1640/1640/1640 1637/1637/1637 1639/1639/1639
f 1636/1636/1636 1641/1641/1641 1642/1642/1642
f 1643/1643/1643 1644/1644/1644 1645/1645/1645
f 1646/1646/1646 1647/1647/1647 1648/1648/1648
f 1649/1649/1649 1650/1650/1650 1651/1651/1651
f 1652/1652/1652 1653/1653/1653 1654/1654/1654
f 1655/1655/1655 1652/1652/1652 1654/1654/1654
f 1656/1656/1656 1657/1657/1657 1658/1658/1658
f 1659/1659/1659 1660/1660/1660 1661/1661/1661
f 1662/1662/1662 1663/1663/1663 1664/1664/1664
f 1665/1665/1665 1666/1666/1666 1667/1667/1667
f 1667/1667/1667 1668/1668/1668 1665/1665/1665
f 1666/1666/1666 1669/1669/1669 1670/1670/1670
f 1670/1670/1670 1667/1667/1667 1666/1666/1666
f 1671/1671/1671 1672/1672/1672 1673/1673/1673
f 1673/1673/1673 1674/1674/1674 1671/1671/1671
f 1672/1672/1672 1675/1675/1675 1676/1676/1676
f 1676/1676/1676 1673/1673/1673 1672/1672/1672
f 1675/1675/1675 1677/1677/1677 1678/1678/1678
f 1678/1678/1678 1676/1676/1676 1675/1675/1675
f 1679/1679/1679 1680/1680/1680 1681/1681/1681
f 1681/1681/1681 1682/1682/1682 1679/1679/1679
f 1680/1680/1680 1683/1683/1683 1684/1684/1684
f 1684/1684/1684 1681/1681/1681 1680/1680/1680
f 1683/1683/1683 1685/1685/1685 1686/1686/1686
f 1686/1686/1686 1684/1684/1684 1683/1683/1683
f 1685/1685/1685 1687/1687/1687 1688/1688/1688
f 1688/1688/1688 1686/1686/1686 1685/1685/1685
f 1689/1689/1689 1690/1690/1690 1691/1691/1691
f 1691/1691/1691 1692/1692/1692 1689/1689/1689
f 1690/1690/1690 1693/1693/1693 1694/1694/1694
f 1694/1694/1694 1691/1691/1691 1690/1690/1690
f 1693/1693/1693 1695/1695/1695 1696/1696/1696
f 1696/1696/1696 1694/1694/1694 1693/1693/1693
f 1697/1697/1697 1698/1698/1698 1699/1699/1699
f 1699/1699/1699 1700/1700/1700 1697/1697/1697
f 1698/1698/1698 1665/1665/1665 1668/1668/1668
f 1668/1668/1668 1699/1699/1699 1698/1698/1698
f 1701/1701/1701 1702/1702/1702 1703/1703/1703
f 1703/1703/1703 1704/1704/1704 1701/1701/1701
f 1702/1702/1702 1705/1705/1705 1706/1706/1706
f 1706/1706/1706 1703/1703/1703 1702/1702/1702
f 1707/1707/1707 1708/1708/1708 1709/1709/1709
f 1709/1709/1709 1710/1710/1710 1707/1707/1707
f 1708/1708/1708 1711/1711/1711 1712/1712/1712
f 1712/1712/1712 1709/1709/1709 1708/1708/1708
f 1711/1711/1711 1713/1713/1713 1714/1714/1714
f 1714/1714/1714 1712/1712/1712 1711/1711/1711
f 1713/1713/1713 1715/1715/1715 1716/1716/1716
f 1716/1716/1716 1714/1714/1714 1713/1713/1713
f 1717/1717/1717 1718/1718/1718 1719/1719/1719
f 1719/1719/1719 1720/1720/1720 1717/1717/1717
f 1718/1718/1718 1721/1721/1721 1722/1722/1722
f 1722/1722/1722 1719/1719/1719 1718/1718/1718
f 1721/1721/1721 1723/1723/1723 1724/1724/1724
f 1724/1724/1724 1722/1722/1722 1721/1721/1721
f 1723/1723/1723 1725/1725/1725 1726/1726/1726
f 1726/1726/1726 1724/1724/1724 1723/1723/1723
f 1725/1725/1725 1727/1727/1727 1728/1728/1728
f 1728/1728/1728 1726/1726/1726 1725/1725/1725
f 1729/1729/1729 1730/1730/1730 1731/1731/1731
f 1731/1731/1731 1732/1732/1732 1729/1729/1729
f 1730/1730/1730 1733/1733/1733 1734/1734/1734
f 1734/1734/1734 1731/1731/1731 1730/1730/1730
f 1733/1733/1733 1735/1735/1735 1736/1736/1736
f 1736/1736/1736 1734/1734/1734 1733/1733/1733
f 1737/1737/1737 1738/1738/1738 1739/1739/1739
f 1739/1739/1739 1740/1740/1740 1737/1737/1737
f 1738/1738/1738 1741/1741/1741 1742/1742/1742
f 1742/1742/1742 1739/1739/1739 1738/1738/1738
f 1741/1741/1741 1701/1701/1701 1704/1704/1704
f 1704/1704/1704 1742/1742/1742 1741/1741/1741
f 1743/1743/1743 1744/1744/1744 1745/1745/1745
f 1745/1745/1745 1746/1746/1746 1743/1743/1743
f 1744/1744/1744 1747/1747/1747 1748/1748/1748
f 1748/1748/1748 1745/1745/1745 1744/1744/1744
f 1747/1747/1747 1749/1749/1749 1750/1750/1750
f 1750/1750/1750 1748/1748/1748 1747/1747/1747
f 1749/1749/1749 1751/1751/1751 1752/1752/1752
f 1752/1752/1752 1750/1750/1750 1749/1749/1749
f 1753/1753/1753 1754/1754/1754 1755/1755/1755
f 1755/1755/1755 1756/1756/1756 1753/1753/1753
f 1754/1754/1754 1757/1757/1757 1758/1758/1758
f 1758/1758/1758 1755/1755/1755 1754/1754/1754
f 1757/1757/1757 1759/1759/1759 1760/1760/1760
f 1760/1760/1760 1758/1758/1758 1757/1757/1757
f 1761/1761/1761 1762/1762/1762 1763/1763/1763
f 1763/1763/1763 1764/1764/1764 1761/1761/1761
f 1762/1762/1762 1765/1765/1765 1766/1766/1766
f 1766/1766/1766 1763/1763/1763 1762/1762/1762
f 1765/1765/1765 1767/1767/1767 1768/1768/1768
f 1768/1768/1768 1766/1766/1766 1765/1765/1765
f 1767/1767/1767 1769/1769/1769 1770/1770/1770
f 1770/1770/1770 1768/1768/1768 1767/1767/1767
f 1771/1771/1771 1772/1772/1772 1773/1773/1773
f 1773/1773/1773 1774/1774/1774 1771/1771/1771
f 1772/1772/1772 1775/1775/1775 1776/1776/1776
f 1776/1776/1776 1773/1773/1773 1772/1772/1772
f 1777/1777/1777 1778/1778/1778 1779/1779/1779
f 1780/1780/1780 1781/1781/1781 1782/1782/1782
f 1783/1783/1783 1784/1784/1784 1785/1785/1785
f 1786/1786/1786 1787/1787/1787 1788/1788/1788
f 1789/1789/1789 1790/1790/1790 1791/1791/1791
f 1792/1792/1792 1793/1793/1793 1794/1794/1794
f 1795/1795/1795 1796/1796/1796 1797/1797/1797
f 1798/1798/1798 1799/1799/1799 1800/1800/1800
f 1795/1795/1795 1797/1797/1797 1801/1801/1801
f 1802/1802/1802 1795/1795/1795 1801/1801/1801
f 1803/1803/1803 1804/1804/1804 1805/1805/1805
f 1806/1806/1806 1807/1807/1807 1808/1808/1808
f 1809/1809/1809 1810/1810/1810 1811/1811/1811
f 1812/1812/1812 1802/1802/1802 1813/1813/1813
f 1814/1814/1814 1815/1815/1815 1816/1816/1816
f 1816/1816/1816 1817/1817/1817 1814/1814/1814
f 1818/1818/1818 1819/1819/1819 1820/1820/1820
f 1820/1820/1820 1821/1821/1821 1818/1818/1818
f 1819/1819/1819 1743/1743/1743 1746/1746/1746
f 1746/1746/1746 1820/1820/1820 1819/1819/1819
f 1822/1822/1822 1823/1823/1823 1824/1824/1824
f 1824/1824/1824 1825/1825/1825 1822/1822/1822
f 1823/1823/1823 1826/1826/1826 1827/1827/1827
f 1827/1827/1827 1824/1824/1824 1823/1823/1823
f 1828/1828/1828 1829/1829/1829 1830/1830/1830
f 1830/1830/1830 1831/1831/1831 1828/1828/1828
f 1829/1829/1829 1832/1832/1832 1833/1833/1833
f 1833/1833/1833 1830/1830/1830 1829/1829/1829
f 1832/1832/1832 1834/1834/1834 1835/1835/1835
f 1835/1835/1835 1833/1833/1833 1832/1832/1832
f 1836/1836/1836 1837/1837/1837 1838/1838/1838
f 1838/1838/1838 1839/1839/1839 1836/1836/1836
f 1837/1837/1837 1840/1840/1840 1841/1841/1841
f 1841/1841/1841 1838/1838/1838 1837/1837/1837
f 1840/1840/1840 1842/1842/1842 1843/1843/1843
f 1843/1843/1843 1841/1841/1841 1840/1840/1840
f 1842/1842/1842 1844/1844/1844 1845/1845/1845
f 1845/1845/1845 1843/1843/1843 1842/1842/1842
f 1846/1846/1846 1847/1847/1847 1848/1848/1848
f 1848/1848/1848 1849/1849/1849 1846/1846/1846
f 1847/1847/1847 1850/1850/1850 1851/1851/1851
f 1851/1851/1851 1848/1848/1848 1847/1847/1847
f 1850/1850/1850 1852/1852/1852 1853/1853/1853
f 1853/1853/1853 1851/1851/1851 1850/1850/1850
f 1854/1854/1854 1855/1855/1855 1856/1856/1856
f 1856/1856/1856 1857/1857/1857 1854/1854/1854
f 1855/1855/1855 1822/1822/1822 1825/1825/1825
f 1825/1825/1825 1856/1856/1856 1855/1855/1855
f 1814/1814/1814 1817/1817/1817 1776/1776/1776
f 1776/1776/1776 1775/1775/1775 1814/1814/1814
f 1858/1858/1858 1859/1859/1859 1860/1860/1860
f 1861/1861/1861 1862/1862/1862 1863/1863/1863
f 1864/1864/1864 1505/1505/1505 1865/1865/1865
f 1866/1866/1866 1867/1867/1867 1868/1868/1868
f 1869/1869/1869 1870/1870/1870 1871/1871/1871
f 1872/1872/1872 1873/1873/1873 1874/1874/1874
f 1875/1875/1875 1876/1876/1876 1877/1877/1877
f 1878/1878/1878 1879/1879/1879 1880/1880/1880
f 1881/1881/1881 1882/1882/1882 1883/1883/1883
f 1884/1884/1884 1885/1885/1885 1886/1886/1886
f 1886/1886/1886 1887/1887/1887 1884/1884/1884
f 1888/1888/1888 1889/1889/1889 1890/1890/1890
f 1890/1890/1890 1891/1891/1891 1888/1888/1888
f 1892/1892/1892 1893/1893/1893 1894/1894/1894
f 1892/1892/1892 1894/1894/1894 1895/1895/1895
f 1895/1895/1895 1896/1896/1896 1897/1897/1897
f 1895/1895/1895 1897/1897/1897 1898/1898/1898
f 1892/1892/1892 1895/1895/1895 1898/1898/1898
f 1898/1898/1898 1899/1899/1899 1900/1900/1900
f 1898/1898/1898 1900/1900/1900 1901/1901/1901
f 1892/1892/1892 1898/1898/1898 1901/1901/1901
f 1902/1902/1902 1892/1892/1892 1901/1901/1901
f 1903/1903/1903 1902/1902/1902 1901/1901/1901
f 1904/1904/1904 1905/1905/1905 1906/1906/1906
f 1906/1906/1906 1907/1907/1907 1904/1904/1904
f 1908/1908/1908 1909/1909/1909 1910/1910/1910
f 1908/1908/1908 1910/1910/1910 1911/1911/1911
f 1911/1911/1911 1912/1912/1912 1913/1913/1913
f 1911/1911/1911 1913/1913/1913 1914/1914/1914
f 1908/1908/1908 1911/1911/1911 1914/1914/1914
f 1914/1914/1914 1915/1915/1915 1916/1916/1916
f 1914/1914/1914 1916/1916/1916 1917/1917/1917
f 1908/1908/1908 1914/1914/1914 1917/1917/1917
f 1918/1918/1918 1908/1908/1908 1917/1917/1917
f 1919/1919/1919 1918/1918/1918 1917/1917/1917
f 1920/1920/1920 1921/1921/1921 1922/1922/1922
f 1922/1922/1922 1923/1923/1923 1920/1920/1920
f 1924/1924/1924 1886/1886/1886 1885/1885/1885
f 1885/1885/1885 1925/1925/1925 1924/1924/1924
f 1926/1926/1926 1884/1884/1884 1887/1887/1887
f 1887/1887/1887 1927/1927/1927 1926/1926/1926
f 1928/1928/1928 1889/1889/1889 1888/1888/1888
f 1888/1888/1888 1929/1929/1929 1928/1928/1928
f 1930/1930/1930 1891/1891/1891 1890/1890/1890
f 1890/1890/1890 1931/1931/1931 1930/1930/1930
f 1932/1932/1932 1896/1896/1896 1895/1895/1895
f 1895/1895/1895 1933/1933/1933 1932/1932/1932
f 1934/1934/1934 1903/1903/1903 1901/1901/1901
f 1901/1901/1901 1935/1935/1935 1934/1934/1934
f 1936/1936/1936 1906/1906/1906 1905/1905/1905
f 1905/1905/1905 1937/1937/1937 1936/1936/1936
f 1938/1938/1938 1912/1912/1912 1911/1911/1911
f 1911/1911/1911 1939/1939/1939 1938/1938/1938
f 1908/1908/1908 1940/1940/1940 1941/1941/1941
f 1941/1941/1941 1909/1909/1909 1908/1908/1908
f 1892/1892/1892 1942/1942/1942 1943/1943/1943
f 1943/1943/1943 1893/1893/1893 1892/1892/1892
f 1898/1898/1898 1944/1944/1944 1945/1945/1945
f 1945/1945/1945 1899/1899/1899 1898/1898/1898
f 1914/1914/1914 1946/1946/1946 1947/1947/1947
f 1947/1947/1947 1915/1915/1915 1914/1914/1914
f 1907/1907/1907 1948/1948/1948 1949/1949/1949
f 1949/1949/1949 1904/1904/1904 1907/1907/1907
f 1921/1921/1921 1950/1950/1950 1951/1951/1951
f 1951/1951/1951 1922/1922/1922 1921/1921/1921
f 1917/1917/1917 1952/1952/1952 1953/1953/1953
f 1953/1953/1953 1919/1919/1919 1917/1917/1917
f 1923/1923/1923 1954/1954/1954 1955/1955/1955
f 1955/1955/1955 1920/1920/1920 1923/1923/1923
f 1956/1956/1956 1885/1885/1885 1884/1884/1884
f 1884/1884/1884 1957/1957/1957 1956/1956/1956
f 1958/1958/1958 1887/1887/1887 1886/1886/1886
f 1886/1886/1886 1959/1959/1959 1958/1958/1958
f 1960/1960/1960 1890/1890/1890 1889/1889/1889
f 1889/1889/1889 1961/1961/1961 1960/1960/1960
f 1962/1962/1962 1888/1888/1888 1891/1891/1891
f 1891/1891/1891 1963/1963/1963 1962/1962/1962
f 1964/1964/1964 1950/1950/1950 1921/1921/1921
f 1921/1921/1921 1965/1965/1965 1964/1964/1964
f 1966/1966/1966 1933/1933/1933 1895/1895/1895
f 1895/1895/1895 1894/1894/1894 1966/1966/1966
f 1967/1967/1967 1939/1939/1939 1911/1911/1911
f 1911/1911/1911 1910/1910/1910 1967/1967/1967
f 1968/1968/1968 1940/1940/1940 1908/1908/1908
f 1908/1908/1908 1918/1918/1918 1968/1968/1968
f 1969/1969/1969 1929/1929/1929 1888/1888/1888
f 1888/1888/1888 1962/1962/1962 1969/1969/1969
f 1970/1970/1970 1944/1944/1944 1898/1898/1898
f 1898/1898/1898 1897/1897/1897 1970/1970/1970
f 1971/1971/1971 1946/1946/1946 1914/1914/1914
f 1914/1914/1914 1913/1913/1913 1971/1971/1971
f 1972/1972/1972 1931/1931/1931 1890/1890/1890
f 1890/1890/1890 1960/1960/1960 1972/1972/1972
f 1902/1902/1902 1903/1903/1903 1934/1934/1934
f 1934/1934/1934 1973/1973/1973 1902/1902/1902
f 1974/1974/1974 1904/1904/1904 1949/1949/1949
f 1949/1949/1949 1975/1975/1975 1974/1974/1974
f 1976/1976/1976 1920/1920/1920 1955/1955/1955
f 1955/1955/1955 1977/1977/1977 1976/1976/1976
f 1959/1959/1959 1886/1886/1886 1924/1924/1924
f 1924/1924/1924 1978/1978/1978 1959/1959/1959
f 1900/1900/1900 1899/1899/1899 1945/1945/1945
f 1945/1945/1945 1979/1979/1979 1900/1900/1900
f 1961/1961/1961 1889/1889/1889 1928/1928/1928
f 1928/1928/1928 1980/1980/1980 1961/1961/1961
f 1963/1963/1963 1891/1891/1891 1930/1930/1930
f 1930/1930/1930 1981/1981/1981 1963/1963/1963
f 1916/1916/1916 1915/1915/1915 1947/1947/1947
f 1947/1947/1947 1982/1982/1982 1916/1916/1916
f 1920/1920/1920 1976/1976/1976 1965/1965/1965
f 1965/1965/1965 1921/1921/1921 1920/1920/1920
f 1904/1904/1904 1974/1974/1974 1983/1983/1983
f 1983/1983/1983 1905/1905/1905 1904/1904/1904
f 1906/1906/1906 1984/1984/1984 1985/1985/1985
f 1985/1985/1985 1907/1907/1907 1906/1906/1906
f 1922/1922/1922 1986/1986/1986 1987/1987/1987
f 1987/1987/1987 1923/1923/1923 1922/1922/1922
f 1926/1926/1926 1988/1988/1988 1957/1957/1957
f 1957/1957/1957 1884/1884/1884 1926/1926/1926
f 1943/1943/1943 1966/1966/1966 1894/1894/1894
f 1894/1894/1894 1893/1893/1893 1943/1943/1943
f 1941/1941/1941 1967/1967/1967 1910/1910/1910
f 1910/1910/1910 1909/1909/1909 1941/1941/1941
f 1953/1953/1953 1968/1968/1968 1918/1918/1918
f 1918/1918/1918 1919/1919/1919 1953/1953/1953
f 1951/1951/1951 1989/1989/1989 1986/1986/1986
f 1986/1986/1986 1922/1922/1922 1951/1951/1951
f 1932/1932/1932 1970/1970/1970 1897/1897/1897
f 1897/1897/1897 1896/1896/1896 1932/1932/1932
f 1938/1938/1938 1971/1971/1971 1913/1913/1913
f 1913/1913/1913 1912/1912/1912 1938/1938/1938
f 1936/1936/1936 1990/1990/1990 1984/1984/1984
f 1984/1984/1984 1906/1906/1906 1936/1936/1936
f 1892/1892/1892 1902/1902/1902 1973/1973/1973
f 1973/1973/1973 1942/1942/1942 1892/1892/1892
f 1887/1887/1887 1958/1958/1958 1991/1991/1991
f 1991/1991/1991 1927/1927/1927 1887/1887/1887
f 1885/1885/1885 1956/1956/1956 1992/1992/1992
f 1992/1992/1992 1925/1925/1925 1885/1885/1885
f 1905/1905/1905 1983/1983/1983 1993/1993/1993
f 1993/1993/1993 1937/1937/1937 1905/1905/1905
f 1901/1901/1901 1900/1900/1900 1979/1979/1979
f 1979/1979/1979 1935/1935/1935 1901/1901/1901
f 1907/1907/1907 1985/1985/1985 1994/1994/1994
f 1994/1994/1994 1948/1948/1948 1907/1907/1907
f 1923/1923/1923 1987/1987/1987 1995/1995/1995
f 1995/1995/1995 1954/1954/1954 1923/1923/1923
f 1917/1917/1917 1916/1916/1916 1982/1982/1982
f 1982/1982/1982 1952/1952/1952 1917/1917/1917
f 1996/1996/1996 1997/1997/1997 1998/1998/1998
f 1998/1998/1998 1999/1999/1999 1996/1996/1996
f 2000/2000/2000 2001/2001/2001 2002/2002/2002
f 2003/2003/2003 2004/2004/2004 2005/2005/2005
f 2006/2006/2006 2007/2007/2007 2008/2008/2008
f 2009/2009/2009 2010/2010/2010 2011/2011/2011
f 2012/2012/2012 2013/2013/2013 2014/2014/2014
f 1997/1997/1997 1996/1996/1996 2015/2015/2015
f 1999/1999/1999 1998/1998/1998 2016/2016/2016
f 2017/2017/2017 2018/2018/2018 2019/2019/2019
f 2020/2020/2020 2021/2021/2021 2022/2022/2022
f 2023/2023/2023 2024/2024/2024 2025/2025/2025
f 2026/2026/2026 2027/2027/2027 2028/2028/2028
f 2029/2029/2029 2030/2030/2030 2031/2031/2031
f 2032/2032/2032 2033/2033/2033 2034/2034/2034
f 2035/2035/2035 2036/2036/2036 2037/2037/2037
f 2038/2038/2038 2039/2039/2039 2040/2040/2040
f 2040/2040/2040 2041/2041/2041 2038/2038/2038
f 2041/2041/2041 2040/2040/2040 2042/2042/2042
f 2042/2042/2042 2043/2043/2043 2041/2041/2041
f 2043/2043/2043 2042/2042/2042 2044/2044/2044
f 2045/2045/2045 2046/2046/2046 2047/2047/2047
f 2047/2047/2047 2046/2046/2046 2048/2048/2048
f 2048/2048/2048 2049/2049/2049 2047/2047/2047
f 2049/2049/2049 2048/2048/2048 2050/2050/2050
f 2050/2050/2050 2051/2051/2051 2049/2049/2049
f 2052/2052/2052 2053/2053/2053 2054/2054/2054
f 2055/2055/2055 2056/2056/2056 2057/2057/2057
f 2058/2058/2058 2059/2059/2059 2060/2060/2060
f 2061/2061/2061 2062/2062/2062 2063/2063/2063
f 2064/2064/2064 2065/2065/2065 2066/2066/2066
f 2066/2066/2066 2067/2067/2067 2064/2064/2064
f 2068/2068/2068 2069/2069/2069 2070/2070/2070
f 2070/2070/2070 2071/2071/2071 2068/2068/2068
f 2072/2072/2072 2073/2073/2073 2074/2074/2074
f 2072/2072/2072 2074/2074/2074 2075/2075/2075
f 2075/2075/2075 2076/2076/2076 2077/2077/2077
f 2075/2075/2075 2077/2077/2077 2078/2078/2078
f 2072/2072/2072 2075/2075/2075 2078/2078/2078
f 2078/2078/2078 2079/2079/2079 2080/2080/2080
f 2078/2078/2078 2080/2080/2080 2081/2081/2081
f 2072/2072/2072 2078/2078/2078 2081/2081/2081
f 2082/2082/2082 2072/2072/2072 2081/2081/2081
f 2083/2083/2083 2082/2082/2082 2081/2081/2081
f 2084/2084/2084 2085/2085/2085 2086/2086/2086
f 2086/2086/2086 2087/2087/2087 2084/2084/2084
f 2088/2088/2088 2089/2089/2089 2090/2090/2090
f 2088/2088/2088 2090/2090/2090 2091/2091/2091
f 2091/2091/2091 2092/2092/2092 2093/2093/2093
f 2091/2091/2091 2093/2093/2093 2094/2094/2094
f 2088/2088/2088 2091/2091/2091 2094/2094/2094
f 2094/2094/2094 2095/2095/2095 2096/2096/2096
f 2094/2094/2094 2096/2096/2096 2097/2097/2097
f 2088/2088/2088 2094/2094/2094 2097/2097/2097
f 2098/2098/2098 2088/2088/2088 2097/2097/2097
f 2099/2099/2099 2098/2098/2098 2097/2097/2097
f 2100/2100/2100 2101/2101/2101 2102/2102/2102
f 2102/2102/2102 2103/2103/2103 2100/2100/2100
f 2104/2104/2104 2066/2066/2066 2065/2065/2065
f 2065/2065/2065 2105/2105/2105 2104/2104/2104
f 2106/2106/2106 2064/2064/2064 2067/2067/2067
f 2067/2067/2067 2107/2107/2107 2106/2106/2106
f 2108/2108/2108 2069/2069/2069 2068/2068/2068
f 2068/2068/2068 2109/2109/2109 2108/2108/2108
f 2110/2110/2110 2071/2071/2071 2070/2070/2070
f 2070/2070/2070 2111/2111/2111 2110/2110/2110
f 2112/2112/2112 2076/2076/2076 2075/2075/2075
f 2075/2075/2075 2113/2113/2113 2112/2112/2112
f 2114/2114/2114 2083/2083/2083 2081/2081/2081
f 2081/2081/2081 2115/2115/2115 2114/2114/2114
f 2116/2116/2116 2086/2086/2086 2085/2085/2085
f 2085/2085/2085 2117/2117/2117 2116/2116/2116
f 2118/2118/2118 2092/2092/2092 2091/2091/2091
f 2091/2091/2091 2119/2119/2119 2118/2118/2118
f 2088/2088/2088 2120/2120/2120 2121/2121/2121
f 2121/2121/2121 2089/2089/2089 2088/2088/2088
f 2072/2072/2072 2122/2122/2122 2123/2123/2123
f 2123/2123/2123 2073/2073/2073 2072/2072/2072
f 2078/2078/2078 2124/2124/2124 2125/2125/2125
f 2125/2125/2125 2079/2079/2079 2078/2078/2078
f 2094/2094/2094 2126/2126/2126 2127/2127/2127
f 2127/2127/2127 2095/2095/2095 2094/2094/2094
f 2087/2087/2087 2128/2128/2128 2129/2129/2129
f 2129/2129/2129 2084/2084/2084 2087/2087/2087
f 2101/2101/2101 2130/2130/2130 2131/2131/2131
f 2131/2131/2131 2102/2102/2102 2101/2101/2101
f 2097/2097/2097 2132/2132/2132 2133/2133/2133
f 2133/2133/2133 2099/2099/2099 2097/2097/2097
f 2103/2103/2103 2134/2134/2134 2135/2135/2135
f 2135/2135/2135 2100/2100/2100 2103/2103/2103
f 2136/2136/2136 2065/2065/2065 2064/2064/2064
f 2064/2064/2064 2137/2137/2137 2136/2136/2136
f 2138/2138/2138 2067/2067/2067 2066/2066/2066
f 2066/2066/2066 2139/2139/2139 2138/2138/2138
f 2140/2140/2140 2070/2070/2070 2069/2069/2069
f 2069/2069/2069 2141/2141/2141 2140/2140/2140
f 2142/2142/2142 2068/2068/2068 2071/2071/2071
f 2071/2071/2071 2143/2143/2143 2142/2142/2142
f 2144/2144/2144 2130/2130/2130 2101/2101/2101
f 2101/2101/2101 2145/2145/2145 2144/2144/2144
f 2146/2146/2146 2113/2113/2113 2075/2075/2075
f 2075/2075/2075 2074/2074/2074 2146/2146/2146
f 2147/2147/2147 2119/2119/2119 2091/2091/2091
f 2091/2091/2091 2090/2090/2090 2147/2147/2147
f 2148/2148/2148 2120/2120/2120 2088/2088/2088
f 2088/2088/2088 2098/2098/2098 2148/2148/2148
f 2149/2149/2149 2109/2109/2109 2068/2068/2068
f 2068/2068/2068 2142/2142/2142 2149/2149/2149
f 2150/2150/2150 2124/2124/2124 2078/2078/2078
f 2078/2078/2078 2077/2077/2077 2150/2150/2150
f 2151/2151/2151 2126/2126/2126 2094/2094/2094
f 2094/2094/2094 2093/2093/2093 2151/2151/2151
f 2152/2152/2152 2111/2111/2111 2070/2070/2070
f 2070/2070/2070 2140/2140/2140 2152/2152/2152
f 2082/2082/2082 2083/2083/2083 2114/2114/2114
f 2114/2114/2114 2153/2153/2153 2082/2082/2082
f 2154/2154/2154 2084/2084/2084 2129/2129/2129
f 2129/2129/2129 2155/2155/2155 2154/2154/2154
f 2156/2156/2156 2100/2100/2100 2135/2135/2135
f 2135/2135/2135 2157/2157/2157 2156/2156/2156
f 2139/2139/2139 2066/2066/2066 2104/2104/2104
f 2104/2104/2104 2158/2158/2158 2139/2139/2139
f 2080/2080/2080 2079/2079/2079 2125/2125/2125
f 2125/2125/2125 2159/2159/2159 2080/2080/2080
f 2141/2141/2141 2069/2069/2069 2108/2108/2108
f 2108/2108/2108 2160/2160/2160 2141/2141/2141
f 2143/2143/2143 2071/2071/2071 2110/2110/2110
f 2110/2110/2110 2161/2161/2161 2143/2143/2143
f 2096/2096/2096 2095/2095/2095 2127/2127/2127
f 2127/2127/2127 2162/2162/2162 2096/2096/2096
f 2100/2100/2100 2156/2156/2156 2145/2145/2145
f 2145/2145/2145 2101/2101/2101 2100/2100/2100
f 2084/2084/2084 2154/2154/2154 2163/2163/2163
f 2163/2163/2163 2085/2085/2085 2084/2084/2084
f 2086/2086/2086 2164/2164/2164 2165/2165/2165
f 2165/2165/2165 2087/2087/2087 2086/2086/2086
f 2102/2102/2102 2166/2166/2166 2167/2167/2167
f 2167/2167/2167 2103/2103/2103 2102/2102/2102
f 2106/2106/2106 2168/2168/2168 2137/2137/2137
f 2137/2137/2137 2064/2064/2064 2106/2106/2106
f 2123/2123/2123 2146/2146/2146 2074/2074/2074
f 2074/2074/2074 2073/2073/2073 2123/2123/2123
f 2121/2121/2121 2147/2147/2147 2090/2090/2090
f 2090/2090/2090 2089/2089/2089 2121/2121/2121
f 2133/2133/2133 2148/2148/2148 2098/2098/2098
f 2098/2098/2098 2099/2099/2099 2133/2133/2133
f 2131/2131/2131 2169/2169/2169 2166/2166/2166
f 2166/2166/2166 2102/2102/2102 2131/2131/2131
f 2112/2112/2112 2150/2150/2150 2077/2077/2077
f 2077/2077/2077 2076/2076/2076 2112/2112/2112
f 2118/2118/2118 2151/2151/2151 2093/2093/2093
f 2093/2093/2093 2092/2092/2092 2118/2118/2118
f 2116/2116/2116 2170/2170/2170 2164/2164/2164
f 2164/2164/2164 2086/2086/2086 2116/2116/2116
f 2072/2072/2072 2082/2082/2082 2153/2153/2153
f 2153/2153/2153 2122/2122/2122 2072/2072/2072
f 2067/2067/2067 2138/2138/2138 2171/2171/2171
f 2171/2171/2171 2107/2107/2107 2067/2067/2067
f 2065/2065/2065 2136/2136/2136 2172/2172/2172
f 2172/2172/2172 2105/2105/2105 2065/2065/2065
f 2085/2085/2085 2163/2163/2163 2173/2173/2173
f 2173/2173/2173 2117/2117/2117 2085/2085/2085
f 2081/2081/2081 2080/2080/2080 2159/2159/2159
f 2159/2159/2159 2115/2115/2115 2081/2081/2081
f 2087/2087/2087 2165/2165/2165 2174/2174/2174
f 2174/2174/2174 2128/2128/2128 2087/2087/2087
f 2103/2103/2103 2167/2167/2167 2175/2175/2175
f 2175/2175/2175 2134/2134/2134 2103/2103/2103
f 2097/2097/2097 2096/2096/2096 2162/2162/2162
f 2162/2162/2162 2132/2132/2132 2097/2097/2097
f 2176/2176/2176 2177/2177/2177 2178/2178/2178
f 2179/2179/2179 2180/2180/2180 2181/2181/2181
f 2182/2182/2182 2183/2183/2183 2184/2184/2184
f 2185/2185/2185 2186/2186/2186 2187/2187/2187
f 2188/2188/2188 2189/2189/2189 2190/2190/2190
f 2191/2191/2191 2192/2192/2192 2193/2193/2193
f 2194/2194/2194 2195/2195/2195 2196/2196/2196
f 2197/2197/2197 2198/2198/2198 2199/2199/2199
f 2200/2200/2200 49/49/49 48/48/48
f 48/48/48 2201/2201/2201 2200/2200/2200
f 2202/2202/2202 123/123/123 511/511/511
f 511/511/511 2203/2203/2203 2202/2202/2202
f 2204/2204/2204 57/57/57 56/56/56
f 56/56/56 2205/2205/2205 2204/2204/2204
f 2206/2206/2206 153/153/153 514/514/514
f 514/514/514 2207/2207/2207 2206/2206/2206
f 2208/2208/2208 131/131/131 517/517/517
f 517/517/517 2209/2209/2209 2208/2208/2208
f 2210/2210/2210 69/69/69 68/68/68
f 68/68/68 2211/2211/2211 2210/2210/2210
f 2212/2212/2212 139/139/139 521/521/521
f 521/521/521 2213/2213/2213 2212/2212/2212
f 2214/2214/2214 77/77/77 76/76/76
f 76/76/76 2215/2215/2215 2214/2214/2214
f 2216/2216/2216 166/166/166 165/165/165
f 165/165/165 2217/2217/2217 2216/2216/2216
f 2218/2218/2218 168/168/168 120/120/120
f 120/120/120 2219/2219/2219 2218/2218/2218
f 2220/2220/2220 48/48/48 170/170/170
f 170/170/170 2221/2221/2221 2220/2220/2220
f 2222/2222/2222 32/32/32 128/128/128
f 128/128/128 2223/2223/2223 2222/2222/2222
f 2224/2224/2224 76/76/76 172/172/172
f 172/172/172 2225/2225/2225 2224/2224/2224
f 2226/2226/2226 176/176/176 175/175/175
f 175/175/175 2227/2227/2227 2226/2226/2226
f 2228/2228/2228 180/180/180 179/179/179
f 179/179/179 2229/2229/2229 2228/2228/2228
f 2230/2230/2230 68/68/68 182/182/182
f 182/182/182 2231/2231/2231 2230/2230/2230
f 2232/2232/2232 118/118/118 49/49/49
f 49/49/49 2233/2233/2233 2232/2232/2232
f 2234/2234/2234 120/120/120 29/29/29
f 29/29/29 2235/2235/2235 2234/2234/2234
f 2236/2236/2236 124/124/124 123/123/123
f 123/123/123 2237/2237/2237 2236/2236/2236
f 2238/2238/2238 128/128/128 127/127/127
f 127/127/127 2239/2239/2239 2238/2238/2238
f 2240/2240/2240 132/132/132 131/131/131
f 131/131/131 2241/2241/2241 2240/2240/2240
f 2242/2242/2242 134/134/134 69/69/69
f 69/69/69 2243/2243/2243 2242/2242/2242
f 2244/2244/2244 136/136/136 77/77/77
f 77/77/77 2245/2245/2245 2244/2244/2244
f 2246/2246/2246 140/140/140 139/139/139
f 139/139/139 2247/2247/2247 2246/2246/2246
f 2248/2248/2248 96/96/96 579/579/579
f 579/579/579 2249/2249/2249 2248/2248/2248
f 2250/2250/2250 171/171/171 583/583/583
f 583/583/583 2251/2251/2251 2250/2250/2250
f 2252/2252/2252 104/104/104 590/590/590
f 590/590/590 2253/2253/2253 2252/2252/2252
f 2254/2254/2254 169/169/169 595/595/595
f 595/595/595 2255/2255/2255 2254/2254/2254
f 2256/2256/2256 155/155/155 154/154/154
f 154/154/154 2257/2257/2257 2256/2256/2256
f 2258/2258/2258 158/158/158 157/157/157
f 157/157/157 2259/2259/2259 2258/2258/2258
f 2260/2260/2260 165/165/165 164/164/164
f 164/164/164 2261/2261/2261 2260/2260/2260
f 2262/2262/2262 170/170/170 169/169/169
f 169/169/169 2263/2263/2263 2262/2262/2262
f 2264/2264/2264 172/172/172 171/171/171
f 171/171/171 2265/2265/2265 2264/2264/2264
f 2266/2266/2266 175/175/175 174/174/174
f 174/174/174 2267/2267/2267 2266/2266/2266
f 2268/2268/2268 179/179/179 178/178/178
f 178/178/178 2269/2269/2269 2268/2268/2268
f 2270/2270/2270 182/182/182 181/181/181
f 181/181/181 2271/2271/2271 2270/2270/2270
f 2272/2272/2272 511/511/511 53/53/53
f 53/53/53 2273/2273/2273 2272/2272/2272
f 2274/2274/2274 53/53/53 52/52/52
f 52/52/52 2275/2275/2275 2274/2274/2274
f 2276/2276/2276 52/52/52 509/509/509
f 509/509/509 2277/2277/2277 2276/2276/2276
f 2278/2278/2278 509/509/509 102/102/102
f 102/102/102 2279/2279/2279 2278/2278/2278
f 2280/2280/2280 514/514/514 61/61/61
f 61/61/61 2281/2281/2281 2280/2280/2280
f 2282/2282/2282 61/61/61 60/60/60
f 60/60/60 2283/2283/2283 2282/2282/2282
f 2284/2284/2284 60/60/60 513/513/513
f 513/513/513 2285/2285/2285 2284/2284/2284
f 2286/2286/2286 513/513/513 166/166/166
f 166/166/166 2287/2287/2287 2286/2286/2286
f 2288/2288/2288 517/517/517 65/65/65
f 65/65/65 2289/2289/2289 2288/2288/2288
f 2290/2290/2290 65/65/65 64/64/64
f 64/64/64 2291/2291/2291 2290/2290/2290
f 2292/2292/2292 64/64/64 516/516/516
f 516/516/516 2293/2293/2293 2292/2292/2292
f 2294/2294/2294 516/516/516 176/176/176
f 176/176/176 2295/2295/2295 2294/2294/2294
f 2296/2296/2296 521/521/521 73/73/73
f 73/73/73 2297/2297/2297 2296/2296/2296
f 2298/2298/2298 73/73/73 72/72/72
f 72/72/72 2299/2299/2299 2298/2298/2298
f 2300/2300/2300 72/72/72 519/519/519
f 519/519/519 2301/2301/2301 2300/2300/2300
f 2302/2302/2302 519/519/519 180/180/180
f 180/180/180 2303/2303/2303 2302/2302/2302
f 2304/2304/2304 579/579/579 580/580/580
f 580/580/580 2305/2305/2305 2304/2304/2304
f 2306/2306/2306 580/580/580 766/766/766
f 766/766/766 2307/2307/2307 2306/2306/2306
f 2308/2308/2308 578/578/578 577/577/577
f 577/577/577 2309/2309/2309 2308/2308/2308
f 2310/2310/2310 577/577/577 133/133/133
f 133/133/133 2311/2311/2311 2310/2310/2310
f 2312/2312/2312 583/583/583 584/584/584
f 584/584/584 2313/2313/2313 2312/2312/2312
f 2314/2314/2314 584/584/584 768/768/768
f 768/768/768 2315/2315/2315 2314/2314/2314
f 2316/2316/2316 582/582/582 581/581/581
f 581/581/581 2317/2317/2317 2316/2316/2316
f 2318/2318/2318 581/581/581 117/117/117
f 117/117/117 2319/2319/2319 2318/2318/2318
f 2320/2320/2320 590/590/590 592/592/592
f 592/592/592 2321/2321/2321 2320/2320/2320
f 2322/2322/2322 592/592/592 772/772/772
f 772/772/772 2323/2323/2323 2322/2322/2322
f 2324/2324/2324 587/587/587 585/585/585
f 585/585/585 2325/2325/2325 2324/2324/2324
f 2326/2326/2326 585/585/585 137/137/137
f 137/137/137 2327/2327/2327 2326/2326/2326
f 2328/2328/2328 595/595/595 596/596/596
f 596/596/596 2329/2329/2329 2328/2328/2328
f 2330/2330/2330 596/596/596 774/774/774
f 774/774/774 2331/2331/2331 2330/2330/2330
f 2332/2332/2332 594/594/594 593/593/593
f 593/593/593 2333/2333/2333 2332/2332/2332
f 2334/2334/2334 593/593/593 135/135/135
f 135/135/135 2335/2335/2335 2334/2334/2334
f 2307/2307/2307 766/766/766 142/142/142
f 142/142/142 2336/2336/2336 2307/2307/2307
f 2337/2337/2337 142/142/142 141/141/141
f 141/141/141 2338/2338/2338 2337/2337/2337
f 2339/2339/2339 141/141/141 765/765/765
f 765/765/765 2340/2340/2340 2339/2339/2339
f 2340/2340/2340 765/765/765 578/578/578
f 578/578/578 2308/2308/2308 2340/2340/2340
f 2341/2341/2341 768/768/768 144/144/144
f 144/144/144 2342/2342/2342 2341/2341/2341
f 2343/2343/2343 144/144/144 143/143/143
f 143/143/143 2344/2344/2344 2343/2343/2343
f 2345/2345/2345 143/143/143 767/767/767
f 767/767/767 2346/2346/2346 2345/2345/2345
f 2346/2346/2346 767/767/767 582/582/582
f 582/582/582 2347/2347/2347 2346/2346/2346
f 2348/2348/2348 772/772/772 147/147/147
f 147/147/147 2349/2349/2349 2348/2348/2348
f 2350/2350/2350 147/147/147 146/146/146
f 146/146/146 2351/2351/2351 2350/2350/2350
f 2352/2352/2352 146/146/146 769/769/769
f 769/769/769 2353/2353/2353 2352/2352/2352
f 2353/2353/2353 769/769/769 587/587/587
f 587/587/587 2324/2324/2324 2353/2353/2353
f 2331/2331/2331 774/774/774 150/150/150
f 150/150/150 2354/2354/2354 2331/2331/2331
f 2355/2355/2355 150/150/150 149/149/149
f 149/149/149 2356/2356/2356 2355/2355/2355
f 2357/2357/2357 149/149/149 773/773/773
f 773/773/773 2358/2358/2358 2357/2357/2357
f 2358/2358/2358 773/773/773 594/594/594
f 594/594/594 2332/2332/2332 2358/2358/2358
