# Simple Safe by avhatar, CC BY 4.0. Animated in Blender; see safe_credits.txt.
mtllib safe.mtl
g Safe_Door
usemtl safe
v 0.05009943 1.01887906 0.32919508
v 0.04867846 1.01872110 0.32919428
v 0.04867834 1.20307434 0.32919431
v 0.08704478 1.17006564 0.32921609
v 0.05009943 1.01887906 0.32919508
v 0.08704478 1.17006564 0.32921609
v 0.08704478 1.01723647 0.32921609
v 0.05451703 1.21762049 0.32919422
v 0.09191167 1.18119597 0.32921612
v 0.06088459 1.22399807 0.32919422
v 0.09617442 1.18548810 0.32921612
v 0.07541126 1.22984076 0.32919431
v 0.10720855 1.19040203 0.32921612
v 0.89308971 1.19040203 0.32921633
v 0.92488700 1.22984076 0.32919455
v 0.93941373 1.22399807 0.32919446
v 0.90412384 1.18548810 0.32921633
v 0.94578129 1.21762049 0.32919446
v 0.90838665 1.18119597 0.32921633
v 0.95161992 1.20307434 0.32919455
v 0.91325349 1.17006564 0.32921630
v 0.95161992 1.01313281 0.32919452
v 0.91325349 1.01400280 0.32921630
v 0.94578141 0.19582105 0.32919428
v 0.90838677 0.23224561 0.32921615
v 0.91325361 0.24337611 0.32921615
v 0.95162004 0.21036731 0.32919437
v 0.93941385 0.18944350 0.32919428
v 0.90412396 0.22795351 0.32921615
v 0.92488712 0.18360087 0.32919437
v 0.89308983 0.22303955 0.32921615
v 0.10720867 0.22303946 0.32921603
v 0.07541138 0.18360077 0.32919422
v 0.06088471 0.18944341 0.32919413
v 0.09617460 0.22795342 0.32921603
v 0.05451715 0.19582096 0.32919413
v 0.09191179 0.23224552 0.32921603
v 0.04867846 0.21036719 0.32919422
v 0.08704484 0.24337602 0.32921603
v 0.08704478 1.17006564 0.32921609
v 0.09191167 1.18119597 0.32921612
v 0.09617442 1.18548810 0.32921612
v 0.09617442 1.18548810 0.32921612
v 0.10720855 1.19040203 0.32921612
v 0.89308971 1.19040203 0.32921633
v 0.89308971 1.19040203 0.32921633
v 0.90412384 1.18548810 0.32921633
v 0.90838665 1.18119597 0.32921633
v 0.90838665 1.18119597 0.32921633
v 0.91325349 1.17006564 0.32921630
v 0.91325349 1.01400280 0.32921630
v 0.89308971 1.19040203 0.32921633
v 0.90838665 1.18119597 0.32921633
v 0.91325349 1.01400280 0.32921630
v 0.09617442 1.18548810 0.32921612
v 0.89308971 1.19040203 0.32921633
v 0.91325349 1.01400280 0.32921630
v 0.08704478 1.17006564 0.32921609
v 0.09617442 1.18548810 0.32921612
v 0.91325349 1.01400280 0.32921630
v 0.08704478 1.01723647 0.32921609
v 0.08704478 1.17006564 0.32921609
v 0.91325349 1.01400280 0.32921630
v 0.07028586 1.23619771 0.33735669
v 0.07028586 1.23619771 0.41443112
v 0.93001229 1.23619771 0.41443127
v 0.93001240 1.23619771 0.33735684
v 0.93001252 0.17724383 0.33735675
v 0.93001240 0.17724381 0.41443118
v 0.07028598 0.17724371 0.41443095
v 0.07028598 0.17724371 0.33735651
v 0.04866761 0.19012319 0.33735651
v 0.05536777 0.18342304 0.33735651
v 0.05536777 0.18342304 0.41443095
v 0.04866761 0.19012319 0.41443095
v 0.05536765 1.23001850 0.33735669
v 0.04866749 1.22331834 0.33735669
v 0.04866749 1.22331834 0.41443112
v 0.05536765 1.23001850 0.41443112
v 0.95163077 1.22331834 0.33735684
v 0.94493061 1.23001850 0.33735684
v 0.94493049 1.23001850 0.41443127
v 0.95163065 1.22331834 0.41443127
v 0.94493073 0.18342315 0.33735675
v 0.95163089 0.19012330 0.33735675
v 0.95163077 0.19012330 0.41443118
v 0.94493061 0.18342313 0.41443118
v 0.04248816 1.20840001 0.33735669
v 0.04248816 1.20840001 0.41443112
v 0.94493061 1.23001850 0.33735684
v 0.94493049 1.23001850 0.41443127
v 0.95163089 0.19012330 0.33735675
v 0.95781022 0.20504156 0.33735675
v 0.95781010 0.20504156 0.41443118
v 0.95163077 0.19012330 0.41443118
v 0.04248828 0.20504144 0.33735651
v 0.04866761 0.19012319 0.33735651
v 0.04866761 0.19012319 0.41443095
v 0.04248828 0.20504144 0.41443095
v 0.05536765 1.23001850 0.33735669
v 0.05536765 1.23001850 0.41443112
v 0.95781010 1.20840001 0.33735684
v 0.95780998 1.20840001 0.41443127
v 0.04248822 1.01869941 0.33735666
v 0.04248816 1.01369977 0.41443107
v 0.07270765 1.23319399 0.33062831
v 0.92759067 1.23319399 0.33062848
v 0.92759079 0.18024752 0.33062840
v 0.07270777 0.18024743 0.33062816
v 0.05143148 0.19281536 0.33062816
v 0.05797452 0.18626766 0.33062813
v 0.05797440 1.22717392 0.33062831
v 0.05143136 1.22062612 0.33062831
v 0.94886678 1.22062612 0.33062848
v 0.94232386 1.22717392 0.33062848
v 0.94232398 0.18626776 0.33062837
v 0.94886690 0.19281547 0.33062837
v 0.04541302 1.20588362 0.33062834
v 0.95488530 0.20755796 0.33062840
v 0.04541308 0.20755786 0.33062816
v 0.95488518 1.20588362 0.33062848
v 0.04577023 1.01825142 0.33047143
v 0.95450956 1.01319349 0.33046350
v 0.92911118 1.23507988 0.33304995
v 0.07118714 1.23507988 0.33304980
v 0.07118726 0.17836151 0.33304963
v 0.92911130 0.17836159 0.33304986
v 0.04969615 0.19112504 0.33304963
v 0.05633789 0.18448162 0.33304963
v 0.05536777 0.18342304 0.33735651
v 0.05633777 1.22895992 0.33304980
v 0.04969603 1.22231638 0.33304980
v 0.95060223 1.22231638 0.33304995
v 0.94396049 1.22895992 0.33304995
v 0.94493073 0.18342315 0.33735675
v 0.94396061 0.18448174 0.33304986
v 0.95060235 0.19112515 0.33304986
v 0.05633789 0.18448162 0.33304963
v 0.04357660 1.20746362 0.33304980
v 0.94396049 1.22895992 0.33304995
v 0.95672184 0.20597802 0.33304986
v 0.04357672 0.20597790 0.33304963
v 0.05633777 1.22895992 0.33304980
v 0.95672172 1.20746362 0.33304995
v 0.94396061 0.18448174 0.33304986
v 0.04356968 1.01819062 0.33307749
v 0.95781022 1.01309609 0.33735654
v 0.95673174 1.01318967 0.33308944
v 0.92972642 1.23476064 0.41874254
v 0.07057172 1.23476064 0.41874239
v 0.07057190 0.17868081 0.41874221
v 0.92972654 0.17868091 0.41874245
v 0.04988593 0.19093724 0.41874221
v 0.05618185 0.18464136 0.41874221
v 0.05618173 1.22880030 0.41874239
v 0.04988581 1.22250426 0.41874239
v 0.95041233 1.22250426 0.41874254
v 0.94411641 1.22880030 0.41874254
v 0.94411653 0.18464145 0.41874245
v 0.95041245 0.19093736 0.41874245
v 0.04392523 1.20811415 0.41874239
v 0.94411641 1.22880030 0.41874254
v 0.95041245 0.19093736 0.41874245
v 0.95637304 0.20532742 0.41874245
v 0.04392534 0.20532730 0.41874221
v 0.04988593 0.19093724 0.41874221
v 0.05618173 1.22880030 0.41874239
v 0.95637292 1.20811415 0.41874254
v 0.04392564 1.01337075 0.41874349
v 0.95781022 0.38774222 0.41443121
v 0.95637387 0.38790634 0.41874009
v 0.92838806 1.22803199 0.42259705
v 0.92925113 1.23237109 0.42115065
v 0.07104707 1.23237109 0.42115051
v 0.17632025 1.22803271 0.42259619
v 0.12995726 1.22803235 0.42259645
v 0.07191014 1.22803199 0.42259690
v 0.07191026 0.18540958 0.42259672
v 0.07104719 0.18107033 0.42115033
v 0.92925125 0.18107045 0.42115057
v 0.12995738 0.18540969 0.42259628
v 0.17632037 0.18540975 0.42259610
v 0.92838818 0.18540968 0.42259696
v 0.05559033 0.19474879 0.42259672
v 0.05191165 0.19229078 0.42115033
v 0.05753541 0.18666710 0.42115033
v 0.05999339 0.19034575 0.42259672
v 0.05999327 1.22309589 0.42259690
v 0.05753529 1.22677445 0.42115051
v 0.05191153 1.22115076 0.42115051
v 0.05559021 1.21869278 0.42259690
v 0.94470793 1.21869278 0.42259705
v 0.94838661 1.22115076 0.42115065
v 0.94276279 1.22677445 0.42115065
v 0.94030482 1.22309589 0.42259705
v 0.94030493 0.19034584 0.42259696
v 0.94276291 0.18666720 0.42115057
v 0.94838673 0.19229089 0.42115057
v 0.94470805 0.19474888 0.42259696
v 0.04631484 1.20763886 0.42115051
v 0.05065399 1.20677578 0.42259690
v 0.95398349 0.20580274 0.42115057
v 0.94964427 0.20666584 0.42259696
v 0.05065411 0.20666574 0.42259672
v 0.04631495 0.20580262 0.42115033
v 0.94964415 1.20677578 0.42259705
v 0.95398337 1.20763886 0.42115065
v 0.04634589 1.01318991 0.42116076
v 0.05065387 1.01308894 0.42259660
v 0.95395309 0.38790765 0.42116067
v 0.94964439 0.38774669 0.42259681
v 0.95781022 1.01309597 0.41443124
v 0.95781034 0.93711782 0.41443115
v 0.95781034 0.93711787 0.33735654
v 0.95781022 0.38774222 0.33735660
v 0.95781034 0.46388888 0.33735651
v 0.95781034 0.46388888 0.41443112
v 0.13452059 0.38780299 0.42259574
v 0.12993509 0.38774672 0.42259601
v 0.12995738 0.18540969 0.42259628
v 0.13452059 0.38780299 0.42259574
v 0.12995738 0.18540969 0.42259628
v 0.17632037 0.18540975 0.42259610
v 0.13452059 0.38780299 0.42259574
v 0.17632037 0.18540975 0.42259610
v 0.17633480 0.38774672 0.42259595
v 0.05065387 0.93711466 0.42259660
v 0.05065393 0.46388921 0.42259648
v 0.12993509 0.46388948 0.42259592
v 0.12539840 0.93711501 0.42259595
v 0.05065387 0.93711466 0.42259660
v 0.12993509 0.46388948 0.42259592
v 0.12880081 0.93598086 0.42259595
v 0.12539840 0.93711501 0.42259595
v 0.12993509 0.46388948 0.42259592
v 0.12993503 0.93257844 0.42259595
v 0.12880081 0.93598086 0.42259595
v 0.12993509 0.46388948 0.42259592
v 0.92838818 0.18540968 0.42259696
v 0.94030493 0.19034584 0.42259696
v 0.94470805 0.19474888 0.42259696
v 0.94470805 0.19474888 0.42259696
v 0.94964427 0.20666584 0.42259696
v 0.94964439 0.38774669 0.42259681
v 0.92838818 0.18540968 0.42259696
v 0.94470805 0.19474888 0.42259696
v 0.94964439 0.38774669 0.42259681
v 0.92838818 0.18540968 0.42259696
v 0.94964439 0.38774669 0.42259681
v 0.17633480 0.38774672 0.42259595
v 0.17632037 0.18540975 0.42259610
v 0.92838818 0.18540968 0.42259696
v 0.17633480 0.38774672 0.42259595
v 0.05065399 0.38774657 0.42259657
v 0.05065411 0.20666574 0.42259672
v 0.05559033 0.19474879 0.42259672
v 0.05559033 0.19474879 0.42259672
v 0.05999339 0.19034575 0.42259672
v 0.07191026 0.18540958 0.42259672
v 0.05065399 0.38774657 0.42259657
v 0.05559033 0.19474879 0.42259672
v 0.07191026 0.18540958 0.42259672
v 0.05065399 0.38774657 0.42259657
v 0.07191026 0.18540958 0.42259672
v 0.12995738 0.18540969 0.42259628
v 0.12993509 0.38774672 0.42259601
v 0.05065399 0.38774657 0.42259657
v 0.12995738 0.18540969 0.42259628
v 0.94964439 0.46388933 0.42259672
v 0.17633480 0.46388957 0.42259586
v 0.17633468 0.45945066 0.42259568
v 0.94964439 0.38774669 0.42259681
v 0.94964439 0.46388933 0.42259672
v 0.17633468 0.45945066 0.42259568
v 0.17633480 0.38774672 0.42259595
v 0.94964439 0.38774669 0.42259681
v 0.17633468 0.45945066 0.42259568
v 0.05065393 0.46388921 0.42259648
v 0.05065399 0.38774657 0.42259657
v 0.12993509 0.38774672 0.42259601
v 0.05065393 0.46388921 0.42259648
v 0.12993509 0.38774672 0.42259601
v 0.12993491 0.45942837 0.42259565
v 0.12993509 0.46388948 0.42259592
v 0.05065393 0.46388921 0.42259648
v 0.12993491 0.45942837 0.42259565
v 0.11696869 1.00855303 0.44951171
v 0.11696869 0.94165182 0.44951171
v 0.09232694 0.94165182 0.47840023
v 0.09232694 1.00855303 0.47840023
v 0.01512390 0.94165212 0.50602782
v 0.01512384 1.00855327 0.50602782
v 0.04045731 1.00855315 0.50365514
v 0.04045737 0.94165200 0.50365514
v -0.04088429 0.94165218 0.49685201
v -0.04088429 1.00855327 0.49685201
v -0.00998056 1.00855327 0.50424850
v -0.00998050 0.94165218 0.50424850
v -0.06033862 0.94165254 0.48294657
v -0.06033865 1.00855398 0.48294657
v -0.09119141 0.94165254 0.43925655
v -0.09119141 1.00855374 0.43925655
v -0.07712293 1.00855398 0.46443027
v -0.07712293 0.94165266 0.46443027
v -0.09789455 0.94165266 0.41128322
v -0.09789458 1.00855398 0.41128322
v -0.10026020 0.94165272 0.38081336
v -0.10026020 1.00855422 0.38081336
v -0.10036868 0.94165349 0.35582346
v -0.10036868 1.00855517 0.35582346
v 0.06402481 0.94165194 0.49578860
v 0.06402481 1.00855303 0.49578860
v 0.12993491 1.00855303 0.42259568
v 0.12993503 0.94165158 0.42259595
v 0.11502314 0.95927286 0.50493604
v 0.14644080 0.95927286 0.46826279
v 0.14644080 0.99093187 0.46826279
v 0.11502302 0.99093187 0.50493604
v 0.04764807 0.99093205 0.53782463
v 0.01550639 0.99093211 0.54094374
v 0.01550639 0.95927310 0.54094374
v 0.04764801 0.95927304 0.53782463
v -0.01508588 0.99093223 0.53879547
v -0.05160239 0.99093235 0.52744442
v -0.05160221 0.95927334 0.52744454
v -0.01508582 0.95927322 0.53879547
v -0.08149853 0.99093306 0.50784159
v -0.08149835 0.95927370 0.50784171
v -0.10330439 0.99093306 0.48039216
v -0.11586258 0.99093288 0.45038453
v -0.11586258 0.95927370 0.45038453
v -0.10330439 0.95927376 0.48039207
v -0.12200695 0.99093306 0.41535559
v -0.12200695 0.95927376 0.41535577
v -0.12243468 0.99093360 0.37880051
v -0.12243477 0.95927405 0.37880105
v -0.12188897 0.99093378 0.37452084
v -0.12188897 0.95927411 0.37452084
v 0.07877290 0.95927292 0.52743912
v 0.07877290 0.99093193 0.52743912
v 0.16328359 0.99093175 0.44177231
v 0.16328365 0.95927274 0.44177231
v 0.11623210 1.01308942 0.50633931
v 0.14777428 1.01308942 0.46958816
v 0.12076938 1.01308942 0.45198870
v 0.09527636 1.01308942 0.48184723
v 0.14777428 0.93711531 0.46958816
v 0.11623222 0.93711531 0.50633931
v 0.09527636 0.93711531 0.48184723
v 0.12076938 0.93711531 0.45198870
v 0.04804236 0.93711549 0.53963447
v 0.01553988 0.93711561 0.54279584
v 0.01517522 0.93711561 0.51056421
v 0.04139316 0.93711549 0.50809413
v 0.01553988 1.01308978 0.54279584
v 0.04804230 1.01308966 0.53963447
v 0.04139310 1.01308966 0.50809413
v 0.01517516 1.01308978 0.51056421
v -0.01557869 0.93711567 0.54059017
v -0.05253348 0.93711585 0.52905601
v -0.04268226 0.93711567 0.50101715
v -0.01067120 0.93711567 0.50873220
v -0.05253348 1.01308990 0.52905601
v -0.01557869 1.01308990 0.54059017
v -0.01067126 1.01308990 0.50873220
v -0.04268226 1.01308990 0.50101715
v -0.08267617 0.93711632 0.50927591
v -0.06346840 0.93711621 0.48623076
v -0.08267623 1.01309037 0.50927591
v -0.06346840 1.01309025 0.48623076
v -0.10471159 0.93711638 0.48168522
v -0.11797822 0.93711632 0.45007160
v -0.09520611 0.93711621 0.44136921
v -0.08121374 0.93711632 0.46639127
v -0.11797822 1.01309037 0.45007160
v -0.10471162 1.01309037 0.48168522
v -0.08121377 1.01309037 0.46639127
v -0.09520611 1.01309025 0.44136921
v -0.12390137 0.93711638 0.41515628
v -0.10236123 0.93711632 0.41207653
v -0.12390140 1.01309037 0.41515628
v -0.10236126 1.01309037 0.41207653
v -0.12433800 0.93711656 0.37918520
v -0.10473600 0.93711632 0.38007274
v -0.12433800 1.01309061 0.37918520
v -0.10473600 1.01309037 0.38007274
v -0.12152404 0.93711704 0.35613984
v -0.10490406 0.93711698 0.35593057
v -0.10036868 1.00855517 0.35582346
v -0.10036868 0.94165349 0.35582346
v -0.10150245 0.93825102 0.35585031
v -0.10490406 0.93711698 0.35593057
v -0.12152404 0.93711704 0.35613984
v -0.12492561 0.93825114 0.35622030
v -0.12605950 0.94165355 0.35624725
v -0.12605950 1.00855541 0.35624725
v -0.12492564 1.01195705 0.35622030
v -0.12152407 1.01309121 0.35613984
v -0.10150248 1.01195693 0.35585031
v -0.10490409 1.01309109 0.35593057
v -0.12152407 1.01309121 0.35613984
v -0.10490409 1.01309109 0.35593057
v 0.07957160 1.01308966 0.52911043
v 0.06594288 1.01308966 0.49989969
v 0.07957160 0.93711543 0.52911043
v 0.06594294 0.93711543 0.49989969
v 0.16509789 0.93711525 0.44229388
v 0.13389289 0.93711501 0.42481318
v 0.16509789 1.01308942 0.44229388
v 0.13447154 1.01308942 0.42259577
v 0.16471714 0.95927274 0.43730491
v 0.16471714 0.99093175 0.43730482
v 0.17520052 1.01308930 0.42259589
v 0.17633456 1.01308930 0.42259589
v 0.17632025 1.22803271 0.42259619
v 0.17179817 1.01308930 0.42259589
v 0.17520052 1.01308930 0.42259589
v 0.17632025 1.22803271 0.42259619
v 0.13447154 1.01308942 0.42259577
v 0.17179817 1.01308930 0.42259589
v 0.17632025 1.22803271 0.42259619
v 0.13447154 1.01308942 0.42259577
v 0.17632025 1.22803271 0.42259619
v 0.12995726 1.22803235 0.42259645
v 0.13099676 1.01308942 0.42259568
v 0.13447154 1.01308942 0.42259577
v 0.12995726 1.22803235 0.42259645
v 0.12986654 1.01308942 0.42259577
v 0.13099676 1.01308942 0.42259568
v 0.12995726 1.22803235 0.42259645
v 0.13205862 0.93711501 0.42315030
v 0.13447160 0.93711501 0.42259595
v 0.17520058 1.01195514 0.42259589
v 0.17633462 1.01195514 0.42259589
v 0.17633456 1.01308930 0.42259589
v 0.17633456 1.01308930 0.42259589
v 0.17520052 1.01308930 0.42259589
v 0.17520058 1.01195514 0.42259589
v 0.17520058 0.93824941 0.42259589
v 0.17520058 0.93711525 0.42259589
v 0.17633474 0.93711531 0.42259589
v 0.17633474 0.93824941 0.42259589
v 0.12880081 0.93598086 0.42259595
v 0.13106912 0.93598086 0.42259595
v 0.13205862 0.93711501 0.42315030
v 0.13092446 0.93824911 0.42315030
v 0.12880081 0.93824911 0.42259595
v 0.12986654 1.01308942 0.42259577
v 0.12995726 1.22803235 0.42259645
v 0.07191014 1.22803199 0.42259690
v 0.07191014 1.22803199 0.42259690
v 0.05999327 1.22309589 0.42259690
v 0.05559021 1.21869278 0.42259690
v 0.05559021 1.21869278 0.42259690
v 0.05065399 1.20677578 0.42259690
v 0.05065387 1.01308894 0.42259660
v 0.07191014 1.22803199 0.42259690
v 0.05559021 1.21869278 0.42259690
v 0.05065387 1.01308894 0.42259660
v 0.12986654 1.01308942 0.42259577
v 0.07191014 1.22803199 0.42259690
v 0.05065387 1.01308894 0.42259660
v 0.11791885 1.01195526 0.45013097
v 0.09306431 1.01195526 0.47926193
v 0.09306431 0.93824941 0.47926193
v 0.11791885 0.93824941 0.45013097
v 0.01513678 0.93824965 0.50716197
v 0.04069132 0.93824959 0.50476480
v 0.04069126 1.01195550 0.50476480
v 0.01513672 1.01195562 0.50716197
v -0.04133376 0.93824977 0.49789330
v -0.01015317 0.93824977 0.50536948
v -0.01015323 1.01195574 0.50536948
v -0.04133376 1.01195574 0.49789330
v -0.06112102 0.93825012 0.48376748
v -0.06112105 1.01195598 0.48376748
v -0.09219509 0.93825012 0.43978468
v -0.07814565 0.93825024 0.46492061
v -0.07814565 1.01195621 0.46492061
v -0.09219509 1.01195598 0.43978468
v -0.09901121 0.93825024 0.41148165
v -0.09901124 1.01195621 0.41148165
v -0.10137916 0.93825030 0.38062820
v -0.10137916 1.01195621 0.38062820
v -0.10150245 0.93825102 0.35585031
v -0.10150248 1.01195693 0.35585031
v 0.06450438 1.01195538 0.49681631
v 0.06450438 0.93824947 0.49681631
v 0.13092446 0.93824911 0.42315030
v 0.13092434 1.01195526 0.42259568
v 0.11844420 1.01195526 0.50892460
v 0.11918151 1.00855303 0.50978631
v 0.15157497 1.00855303 0.47206521
v 0.15062481 1.01195526 0.47144592
v 0.15062481 0.93824941 0.47144592
v 0.15157497 0.94165182 0.47206521
v 0.11918157 0.94165182 0.50978631
v 0.11844426 0.93824941 0.50892460
v 0.04874426 0.93824959 0.54296374
v 0.04897821 0.94165200 0.54407346
v 0.01559120 0.94165212 0.54733211
v 0.01557839 0.93824965 0.54619801
v 0.01557839 1.01195562 0.54619801
v 0.01559120 1.00855327 0.54733211
v 0.04897815 1.00855315 0.54407346
v 0.04874420 1.01195550 0.54296374
v -0.01609677 0.93824977 0.54395294
v -0.01626939 0.94165218 0.54507387
v -0.05433148 0.94165230 0.53322113
v -0.05388197 0.93824983 0.53217983
v -0.05388200 1.01195574 0.53217983
v -0.05433151 1.00855350 0.53322113
v -0.01626939 1.00855327 0.54507387
v -0.01609677 1.01195574 0.54395294
v -0.08580580 0.94165266 0.51256013
v -0.08502346 0.93825024 0.51173902
v -0.08502349 1.01195621 0.51173902
v -0.08580586 1.00855422 0.51256013
v -0.10777968 0.93825030 0.48315606
v -0.10880241 0.94165272 0.48364639
v -0.12199271 0.94165266 0.45218426
v -0.12098911 0.93825024 0.45165613
v -0.12098911 1.01195621 0.45165613
v -0.12199271 1.00855398 0.45218426
v -0.10880241 1.00855422 0.48364639
v -0.10777971 1.01195621 0.48315606
v -0.12836817 0.94165272 0.41594923
v -0.12725157 0.93825030 0.41575116
v -0.12725160 1.01195621 0.41575116
v -0.12836820 1.00855422 0.41594923
v -0.12881371 0.94165301 0.37844458
v -0.12769479 0.93825060 0.37862974
v -0.12769479 1.01195645 0.37862974
v -0.12881371 1.00855470 0.37844458
v -0.12605950 0.94165355 0.35624725
v -0.12492561 0.93825114 0.35622030
v -0.12492564 1.01195705 0.35622030
v -0.12605950 1.00855541 0.35624725
v 0.08101016 1.01195538 0.53219384
v 0.08148968 1.00855303 0.53322160
v 0.08148968 0.94165194 0.53322160
v 0.08101016 0.93824947 0.53219384
v 0.16806626 0.93824929 0.44395664
v 0.16905576 0.94165176 0.44451100
v 0.16905576 1.00855291 0.44451100
v 0.16806626 1.01195526 0.44395664
v 0.17633474 1.00855279 0.42259589
v 0.17520058 1.01195514 0.42259589
v 0.17520058 0.93824941 0.42259589
v 0.17633474 0.94165182 0.42259589
v 0.17179817 1.01308930 0.42259589
v 0.17520058 1.01195514 0.42259589
v 0.17520052 1.01308930 0.42259589
v 0.17520058 1.01195514 0.42259589
v 0.17633474 1.00855279 0.42259589
v 0.17633462 1.01195514 0.42259589
v 0.17633474 0.94165182 0.42259589
v 0.17179817 0.93711531 0.42259589
v 0.12539840 0.93711501 0.42259595
v 0.12993503 0.93257844 0.42259595
v 0.13447160 0.93711501 0.42259595
v 0.13205862 0.93711501 0.42315030
v 0.13389289 0.93711501 0.42481318
v 0.13092446 0.93824911 0.42315030
v 0.12993503 0.94165158 0.42259595
v 0.12986654 1.01308942 0.42259577
v 0.05065387 1.01308894 0.42259660
v 0.05065387 0.93711466 0.42259660
v 0.12979788 1.01195526 0.42259568
v 0.12986654 1.01308942 0.42259577
v 0.05065387 0.93711466 0.42259660
v 0.05065387 0.93711466 0.42259660
v 0.12539840 0.93711501 0.42259595
v 0.12880081 0.93824911 0.42259595
v 0.12979788 1.01195526 0.42259568
v 0.05065387 0.93711466 0.42259660
v 0.12880081 0.93824911 0.42259595
v 0.12993491 1.00855303 0.42259568
v 0.12979788 1.01195526 0.42259568
v 0.12880081 0.93824911 0.42259595
v 0.12993491 1.00855303 0.42259568
v 0.12880081 0.93824911 0.42259595
v 0.12993503 0.94165158 0.42259595
v 0.11791885 1.01195526 0.45013097
v 0.09306431 1.01195526 0.47926193
v 0.09306431 0.93824941 0.47926193
v 0.11791885 0.93824941 0.45013097
v 0.01513678 0.93824965 0.50716197
v 0.04069132 0.93824959 0.50476480
v 0.04069126 1.01195550 0.50476480
v 0.01513672 1.01195562 0.50716197
v -0.04133376 0.93824977 0.49789330
v -0.01015317 0.93824977 0.50536948
v -0.01015323 1.01195574 0.50536948
v -0.04133376 1.01195574 0.49789330
v -0.06112102 0.93825012 0.48376748
v -0.06112105 1.01195598 0.48376748
v -0.09219509 0.93825012 0.43978468
v -0.07814565 0.93825024 0.46492061
v -0.07814565 1.01195621 0.46492061
v -0.09219509 1.01195598 0.43978468
v -0.09901121 0.93825024 0.41148165
v -0.09901124 1.01195621 0.41148165
v -0.10137916 0.93825030 0.38062820
v -0.10137916 1.01195621 0.38062820
v -0.10150245 0.93825102 0.35585031
v -0.10150248 1.01195693 0.35585031
v 0.06450438 1.01195538 0.49681631
v 0.06450438 0.93824947 0.49681631
v 0.13092446 0.93824911 0.42315030
v 0.13092434 1.01195526 0.42259568
v 0.11844420 1.01195526 0.50892460
v 0.15062481 1.01195526 0.47144592
v 0.15062481 0.93824941 0.47144592
v 0.11844426 0.93824941 0.50892460
v 0.04874426 0.93824959 0.54296374
v 0.01557839 0.93824965 0.54619801
v 0.01557839 1.01195562 0.54619801
v 0.04874420 1.01195550 0.54296374
v -0.01609677 0.93824977 0.54395294
v -0.05388197 0.93824983 0.53217983
v -0.05388200 1.01195574 0.53217983
v -0.01609677 1.01195574 0.54395294
v -0.08502346 0.93825024 0.51173902
v -0.08502349 1.01195621 0.51173902
v -0.10777968 0.93825030 0.48315606
v -0.12098911 0.93825024 0.45165613
v -0.12098911 1.01195621 0.45165613
v -0.10777971 1.01195621 0.48315606
v -0.12725157 0.93825030 0.41575116
v -0.12725160 1.01195621 0.41575116
v -0.12769479 0.93825060 0.37862974
v -0.12769479 1.01195645 0.37862974
v -0.12492561 0.93825114 0.35622030
v -0.12492564 1.01195705 0.35622030
v 0.08101016 1.01195538 0.53219384
v 0.08101016 0.93824947 0.53219384
v 0.16806626 0.93824929 0.44395664
v 0.16806626 1.01195526 0.44395664
v 0.17520058 1.01195514 0.42259589
v 0.17179817 1.01308930 0.42259589
v 0.17179817 0.93711531 0.42259589
v 0.17520058 0.93824941 0.42259589
v 0.17193002 0.46388960 0.42259568
v 0.17633480 0.46388957 0.42259586
v 0.17633474 0.93711531 0.42259589
v 0.13431472 0.46388969 0.42259565
v 0.17193002 0.46388960 0.42259568
v 0.17633474 0.93711531 0.42259589
v 0.17179817 0.93711531 0.42259589
v 0.13447160 0.93711501 0.42259595
v 0.13106912 0.93598086 0.42259595
v 0.13106912 0.93598086 0.42259595
v 0.17633474 0.93711531 0.42259589
v 0.17520058 0.93711525 0.42259589
v 0.13106912 0.93598086 0.42259595
v 0.13431472 0.46388969 0.42259565
v 0.17633474 0.93711531 0.42259589
v 0.13106912 0.93598086 0.42259595
v 0.13431472 0.46388969 0.42259565
v 0.13106912 0.93598086 0.42259595
v 0.12993503 0.93257844 0.42259595
v 0.12993509 0.46388948 0.42259592
v 0.13431472 0.46388969 0.42259565
v 0.12993503 0.93257844 0.42259595
v 0.17633474 0.93711531 0.42259589
v 0.17633480 0.46388957 0.42259586
v 0.94964439 0.46388933 0.42259672
v 0.94964439 0.46388933 0.42259672
v 0.94964439 0.93711478 0.42259675
v 0.17633474 0.93711531 0.42259589
v 0.17633462 1.01195514 0.42259589
v 0.17633474 1.00855279 0.42259589
v 0.17633474 0.94165182 0.42259589
v 0.17633474 0.93824941 0.42259589
v 0.17633474 0.93824941 0.42259589
v 0.94964439 1.01308906 0.42259675
v 0.17633462 1.01195514 0.42259589
v 0.17633456 1.01308930 0.42259589
v 0.94964439 1.01308906 0.42259675
v 0.94964415 1.20677578 0.42259705
v 0.94470793 1.21869278 0.42259705
v 0.94470793 1.21869278 0.42259705
v 0.94030482 1.22309589 0.42259705
v 0.92838806 1.22803199 0.42259705
v 0.94964439 1.01308906 0.42259675
v 0.94470793 1.21869278 0.42259705
v 0.92838806 1.22803199 0.42259705
v 0.94964439 1.01308906 0.42259675
v 0.92838806 1.22803199 0.42259705
v 0.17632025 1.22803271 0.42259619
v 0.17633456 1.01308930 0.42259589
v 0.94964439 1.01308906 0.42259675
v 0.17632025 1.22803271 0.42259619
v 0.12993491 1.00855303 0.42259568
v 0.13092434 1.01195526 0.42259568
v 0.12979788 1.01195526 0.42259568
v 0.12986654 1.01308942 0.42259577
v 0.12979788 1.01195526 0.42259568
v 0.13092434 1.01195526 0.42259568
v 0.13092434 1.01195526 0.42259568
v 0.13099676 1.01308942 0.42259568
v 0.12986654 1.01308942 0.42259577
v 0.13099676 1.01308942 0.42259568
v 0.13092434 1.01195526 0.42259568
v 0.13447154 1.01308942 0.42259577
v 0.17633480 0.46388957 0.42259586
v 0.17193002 0.46388960 0.42259568
v 0.17520058 0.46275547 0.42259559
v 0.12993491 0.45942837 0.42259565
v 0.13092434 0.46275562 0.42259556
v 0.12993509 0.46388948 0.42259592
v 0.12993497 0.39245179 0.42259565
v 0.12993509 0.38774672 0.42259601
v 0.13092434 0.38904947 0.42259547
v 0.17520046 0.38904968 0.42259559
v 0.17179805 0.38783124 0.42259550
v 0.17633480 0.38774672 0.42259595
v 0.17633480 0.38774672 0.42259595
v 0.17633462 0.39245212 0.42259559
v 0.17520046 0.38904968 0.42259559
v 0.17229313 0.99573100 0.43476418
v 0.17229313 0.95447361 0.43476418
v 0.16905576 0.99573106 0.44451100
v 0.15157497 0.99573117 0.47206521
v 0.11918151 0.99573117 0.50978631
v 0.08148962 0.99573123 0.53322160
v 0.04897809 0.99573135 0.54407346
v 0.01559114 0.99573141 0.54733211
v -0.01626945 0.99573153 0.54507387
v -0.05433163 0.99573165 0.53322101
v -0.08580595 0.99573237 0.51256001
v -0.10880241 0.99573237 0.48364639
v -0.12199271 0.99573219 0.45218426
v -0.12836820 0.99573237 0.41594914
v -0.12881365 0.99573290 0.37844431
v -0.12763831 0.99573320 0.36897144
v -0.12763831 0.95447510 0.36897144
v -0.12881371 0.95447481 0.37844476
v -0.12836817 0.95447457 0.41594931
v -0.12199271 0.95447445 0.45218426
v -0.10880241 0.95447457 0.48364639
v -0.08580577 0.95447445 0.51256025
v -0.05433145 0.95447409 0.53322113
v -0.01626933 0.95447403 0.54507387
v 0.01559126 0.95447391 0.54733211
v 0.04897827 0.95447379 0.54407346
v 0.08148974 0.95447373 0.53322160
v 0.11918157 0.95447361 0.50978631
v 0.15157497 0.95447361 0.47206521
v 0.16905576 0.95447356 0.44451100
v 0.17229313 0.95447361 0.43476418
v 0.17229313 0.99573100 0.43476418
v 0.16471714 0.99093175 0.43730482
v 0.16471714 0.99093175 0.43730482
v 0.16471714 0.95927274 0.43730491
v 0.17229313 0.95447361 0.43476418
v 0.17229313 0.99573100 0.43476418
v 0.16905576 0.99573106 0.44451100
v 0.16328359 0.99093175 0.44177231
v 0.16471714 0.99093175 0.43730482
v 0.15157497 0.99573117 0.47206521
v 0.14644080 0.99093187 0.46826279
v 0.11918151 0.99573117 0.50978631
v 0.11502302 0.99093187 0.50493604
v 0.08148962 0.99573123 0.53322160
v 0.07877290 0.99093193 0.52743912
v 0.04897809 0.99573135 0.54407346
v 0.04764807 0.99093205 0.53782463
v 0.01559114 0.99573141 0.54733211
v 0.01550639 0.99093211 0.54094374
v -0.01626945 0.99573153 0.54507387
v -0.01508588 0.99093223 0.53879547
v -0.05433163 0.99573165 0.53322101
v -0.05160239 0.99093235 0.52744442
v -0.08580595 0.99573237 0.51256001
v -0.08149853 0.99093306 0.50784159
v -0.10880241 0.99573237 0.48364639
v -0.10330439 0.99093306 0.48039216
v -0.12199271 0.99573219 0.45218426
v -0.11586258 0.99093288 0.45038453
v -0.12836820 0.99573237 0.41594914
v -0.12200695 0.99093306 0.41535559
v -0.12881365 0.99573290 0.37844431
v -0.12243468 0.99093360 0.37880051
v -0.12763831 0.99573320 0.36897144
v -0.12188897 0.99093378 0.37452084
v -0.12763831 0.99573320 0.36897144
v -0.12763831 0.95447510 0.36897144
v -0.12188897 0.95927411 0.37452084
v -0.12188897 0.95927411 0.37452084
v -0.12188897 0.99093378 0.37452084
v -0.12763831 0.99573320 0.36897144
v -0.12763831 0.95447510 0.36897144
v -0.12881371 0.95447481 0.37844476
v -0.12243477 0.95927405 0.37880105
v -0.12188897 0.95927411 0.37452084
v -0.12836817 0.95447457 0.41594931
v -0.12200695 0.95927376 0.41535577
v -0.12199271 0.95447445 0.45218426
v -0.11586258 0.95927370 0.45038453
v -0.10880241 0.95447457 0.48364639
v -0.10330439 0.95927376 0.48039207
v -0.08580577 0.95447445 0.51256025
v -0.08149835 0.95927370 0.50784171
v -0.05433145 0.95447409 0.53322113
v -0.05160221 0.95927334 0.52744454
v -0.01626933 0.95447403 0.54507387
v -0.01508582 0.95927322 0.53879547
v 0.01559126 0.95447391 0.54733211
v 0.01550639 0.95927310 0.54094374
v 0.04897827 0.95447379 0.54407346
v 0.04764801 0.95927304 0.53782463
v 0.08148974 0.95447373 0.53322160
v 0.07877290 0.95927292 0.52743912
v 0.11918157 0.95447361 0.50978631
v 0.11502314 0.95927286 0.50493604
v 0.15157497 0.95447361 0.47206521
v 0.14644080 0.95927286 0.46826279
v 0.16905576 0.95447356 0.44451100
v 0.16328365 0.95927274 0.44177231
v 0.17229313 0.95447361 0.43476418
v 0.16471714 0.95927274 0.43730491
v 0.95972675 0.53548205 0.39638269
v 0.95972675 0.52600253 0.39854631
v 0.95972675 0.51652288 0.39638260
v 0.95972675 0.53548205 0.39638269
v 0.95972675 0.51652288 0.39638260
v 0.95972675 0.50892085 0.39032009
v 0.95972675 0.54308432 0.39032000
v 0.95972675 0.53548205 0.39638269
v 0.95972675 0.50892085 0.39032009
v 0.95972675 0.54308432 0.39032000
v 0.95972675 0.50892085 0.39032009
v 0.95972675 0.50470197 0.38155970
v 0.95972675 0.54730308 0.38155970
v 0.95972675 0.54308432 0.39032000
v 0.95972675 0.50470197 0.38155970
v 0.95972675 0.50470197 0.37183627
v 0.95972675 0.50470197 0.37183627
v 0.95972675 0.50892079 0.36307579
v 0.95972675 0.51652288 0.35701329
v 0.95972675 0.51652288 0.35701329
v 0.95972675 0.52600253 0.35484970
v 0.95972675 0.53548217 0.35701320
v 0.95972675 0.54308414 0.36307579
v 0.95972675 0.54730308 0.37183627
v 0.95972675 0.65516549 0.39638269
v 0.95972675 0.64568585 0.39854631
v 0.95972675 0.63620615 0.39638260
v 0.95972675 0.66232985 0.39158201
v 0.95972675 0.66232985 0.39158201
v 0.95972675 0.63620615 0.39638260
v 0.95972675 0.62860411 0.39032009
v 0.95972675 0.66337353 0.39080331
v 0.95972675 0.62860411 0.39032009
v 0.95972675 0.66337353 0.39080331
v 0.95972675 0.62860411 0.39032009
v 0.95972675 0.62445283 0.38169989
v 0.95972675 0.66698647 0.38155970
v 0.95972675 0.66337353 0.39080331
v 0.95972675 0.62445283 0.38169989
v 0.95972675 0.66698647 0.38155970
v 0.95972675 0.62445283 0.38169989
v 0.95972675 0.62439173 0.37182286
v 0.95972675 0.66698641 0.37183627
v 0.95972675 0.66698647 0.38155970
v 0.95972675 0.62439173 0.37182286
v 0.95972675 0.66276759 0.36307570
v 0.95972675 0.62860411 0.36307570
v 0.95972675 0.66276759 0.36307570
v 0.95972675 0.62860411 0.36307570
v 0.95972675 0.63620609 0.35701320
v 0.95972675 0.65516549 0.35701329
v 0.95972675 0.63620609 0.35701320
v 0.95972675 0.65516549 0.35701329
v 0.95972675 0.63620609 0.35701320
v 0.95972675 0.64568585 0.35484961
v 0.95972675 0.75592107 0.35700619
v 0.95972675 0.76536912 0.35484973
v 0.95972675 0.77484876 0.35701331
v 0.95972675 0.77484876 0.39638272
v 0.95972675 0.76536918 0.39854634
v 0.95972675 0.75799507 0.39686337
v 0.95972675 0.77484876 0.39638272
v 0.95972675 0.75799507 0.39686337
v 0.95972675 0.75588953 0.39638272
v 0.95972675 0.77484876 0.39638272
v 0.95972675 0.75588953 0.39638272
v 0.95972675 0.74828738 0.39032021
v 0.95972675 0.78229034 0.39044806
v 0.95972675 0.77484876 0.39638272
v 0.95972675 0.74828738 0.39032021
v 0.95972675 0.78229034 0.39044806
v 0.95972675 0.74828738 0.39032021
v 0.95972675 0.74406856 0.38155973
v 0.95972675 0.78342378 0.38829795
v 0.95972675 0.74406856 0.38155973
v 0.95972675 0.78666967 0.38139045
v 0.95972675 0.78666967 0.38139045
v 0.95972675 0.74406856 0.38155973
v 0.95972675 0.74406862 0.37183622
v 0.95972675 0.78666967 0.37183630
v 0.95972675 0.74406862 0.37183622
v 0.95972675 0.78245091 0.36307573
v 0.95972675 0.77484876 0.35701331
v 0.95972675 0.74406862 0.37183622
v 0.95972675 0.74828607 0.36307856
v 0.95972675 0.74828607 0.36307856
v 0.95781034 0.75385994 0.40059718
v 0.95781034 0.75698030 0.40130949
v 0.95781034 0.66472828 0.39458951
v 0.95781034 0.74463016 0.39323679
v 0.95781034 0.75385994 0.40059718
v 0.95781034 0.66472828 0.39458951
v 0.95781034 0.74463016 0.39323679
v 0.95781034 0.66472828 0.39458951
v 0.95781034 0.66642481 0.39323658
v 0.95972687 0.88536853 0.39847419
v 0.95972687 0.87542266 0.39626291
v 0.95972675 0.86797053 0.39032003
v 0.95972675 0.89453179 0.39638272
v 0.95972687 0.88536853 0.39847419
v 0.95972675 0.86797053 0.39032003
v 0.95972675 0.89453179 0.39638272
v 0.95972675 0.86797053 0.39032003
v 0.95972675 0.86375177 0.38155973
v 0.95972675 0.86375177 0.37183639
v 0.95972675 0.90211666 0.39033401
v 0.95972675 0.89453179 0.39638272
v 0.95972675 0.86375177 0.37183639
v 0.95972675 0.90211666 0.39033401
v 0.95972675 0.86797053 0.36307591
v 0.95972675 0.86797053 0.36307591
v 0.95972675 0.87557268 0.35701331
v 0.95972675 0.88505232 0.35484973
v 0.95972675 0.88505232 0.35484973
v 0.95972675 0.89453197 0.35701331
v 0.95972675 0.90213418 0.36307573
v 0.95972675 0.90635294 0.37183630
v 0.95972675 0.90635294 0.38132626
v 0.95972675 0.86797053 0.36307591
v 0.95972675 0.88505232 0.35484973
v 0.95972675 0.90635294 0.38132626
v 0.95972675 0.90211666 0.39033401
v 0.95972675 0.86797053 0.36307591
v 0.95972675 0.90635294 0.38132626
v 0.95781034 0.51449323 0.35279876
v 0.95781034 0.52600253 0.35017192
v 0.95501667 0.52600253 0.35240063
v 0.95501667 0.51546025 0.35480669
v 0.95781034 0.53751171 0.35279855
v 0.95501667 0.53654480 0.35480657
v 0.95781034 0.54674149 0.36015925
v 0.95501667 0.54499900 0.36154881
v 0.95781034 0.55186355 0.37079534
v 0.95501667 0.54969078 0.37129134
v 0.95781034 0.55186355 0.38260058
v 0.95501667 0.54969078 0.38210467
v 0.95781034 0.54674160 0.39323658
v 0.95501667 0.54499912 0.39184698
v 0.95781034 0.53751165 0.40059716
v 0.95501667 0.53654468 0.39858922
v 0.95781034 0.52600253 0.40322399
v 0.95501667 0.52600253 0.40099525
v 0.95781034 0.51449329 0.40059707
v 0.95501667 0.51546025 0.39858913
v 0.95781034 0.50526357 0.39323667
v 0.95501667 0.50700605 0.39184707
v 0.95781034 0.50014150 0.38260058
v 0.95501667 0.50231427 0.38210467
v 0.95781034 0.50014150 0.37079534
v 0.95501667 0.50231427 0.37129134
v 0.95781034 0.50526357 0.36015925
v 0.95501667 0.50700599 0.36154881
v 0.95781034 0.63417661 0.35279867
v 0.95781034 0.64568591 0.35017183
v 0.95501667 0.64568591 0.35240054
v 0.95501667 0.63514352 0.35480657
v 0.95781034 0.65719515 0.35279876
v 0.95501667 0.65622813 0.35480669
v 0.95781034 0.66642487 0.36015916
v 0.95501667 0.66468239 0.36154872
v 0.95781034 0.67154688 0.37079534
v 0.95501667 0.66937411 0.37129134
v 0.95781034 0.67154688 0.38260058
v 0.95501667 0.66937417 0.38210467
v 0.95781034 0.66642481 0.39323658
v 0.95501667 0.66468233 0.39184698
v 0.95781034 0.66642481 0.39323658
v 0.95781034 0.66472828 0.39458951
v 0.95501667 0.66337353 0.39289078
v 0.95501667 0.66468233 0.39184698
v 0.95781034 0.66472828 0.39458951
v 0.95781034 0.65719503 0.40059716
v 0.95501667 0.65622807 0.39858922
v 0.95501667 0.66337353 0.39289078
v 0.95781034 0.64568585 0.40322399
v 0.95501667 0.64568585 0.40099525
v 0.95781034 0.63417655 0.40059707
v 0.95501667 0.63514358 0.39858913
v 0.95781034 0.62494689 0.39323667
v 0.95501667 0.62668931 0.39184707
v 0.95781034 0.61989880 0.38275415
v 0.95501667 0.62206852 0.38225186
v 0.95781034 0.61982483 0.37079534
v 0.95501667 0.62200063 0.37128493
v 0.95781034 0.62494689 0.36015916
v 0.95501667 0.62668931 0.36154872
v 0.95781034 0.75389457 0.35279092
v 0.95781034 0.76536918 0.35017195
v 0.95501667 0.76536918 0.35240066
v 0.95501667 0.75486004 0.35479921
v 0.95781034 0.77687836 0.35279870
v 0.95501667 0.77591133 0.35480672
v 0.95781034 0.78610820 0.36015919
v 0.95501667 0.78436565 0.36154875
v 0.95781034 0.79123014 0.37079537
v 0.95501667 0.78905737 0.37129137
v 0.95781034 0.79123014 0.38240856
v 0.95501667 0.78905737 0.38192353
v 0.95781034 0.78750682 0.39033207
v 0.95501667 0.78556156 0.38936299
v 0.95781034 0.78587973 0.39341867
v 0.95501667 0.78416961 0.39200336
v 0.95781034 0.77687836 0.40059718
v 0.95501667 0.77591139 0.39858925
v 0.95781034 0.76536918 0.40322402
v 0.95501667 0.76536918 0.40099528
v 0.95781034 0.75698030 0.40130949
v 0.95501667 0.75746381 0.39919117
v 0.95781034 0.75385994 0.40059718
v 0.95501667 0.75482690 0.39858925
v 0.95781034 0.74463016 0.39323679
v 0.95501667 0.74637264 0.39184722
v 0.95781034 0.73950809 0.38260061
v 0.95501667 0.74168086 0.38210469
v 0.95781034 0.73950815 0.37079528
v 0.95501667 0.74168092 0.37129128
v 0.95781034 0.74463028 0.36015919
v 0.95501667 0.74637204 0.36155012
v 0.95781034 0.87354302 0.35279879
v 0.95781034 0.88505238 0.35017186
v 0.95501667 0.88505238 0.35240057
v 0.95501667 0.87450999 0.35480672
v 0.95781034 0.89656162 0.35279879
v 0.95501667 0.89559454 0.35480672
v 0.95781034 0.90579128 0.36015919
v 0.95501667 0.90404886 0.36154875
v 0.95781034 0.91091335 0.37079537
v 0.95501667 0.90874052 0.37129137
v 0.95781034 0.91091335 0.38234502
v 0.95501667 0.90874052 0.38185969
v 0.95781034 0.90579116 0.39323670
v 0.95501667 0.90404046 0.39185369
v 0.95781034 0.89656156 0.40059718
v 0.95501667 0.89559448 0.39858925
v 0.95781034 0.88538170 0.40314886
v 0.95501667 0.88537550 0.40092161
v 0.95781034 0.87340361 0.40048578
v 0.95501667 0.87436557 0.39847392
v 0.95781034 0.86431342 0.39323661
v 0.95501667 0.86605579 0.39184701
v 0.95781034 0.85919130 0.38260061
v 0.95501667 0.86136413 0.38210469
v 0.95781034 0.85919130 0.37079546
v 0.95501667 0.86136413 0.37129146
v 0.95781034 0.86431330 0.36015937
v 0.95501667 0.86605573 0.36154893
v 0.95501667 0.51546025 0.35480669
v 0.95501667 0.52600253 0.35240063
v 0.95733899 0.52600253 0.35240063
v 0.95733899 0.51546025 0.35480669
v 0.95501667 0.53654480 0.35480657
v 0.95733899 0.53654480 0.35480657
v 0.95501667 0.54499900 0.36154881
v 0.95733899 0.54499900 0.36154881
v 0.95501667 0.54499900 0.36154881
v 0.95501667 0.54969078 0.37129134
v 0.95733899 0.54969078 0.37129134
v 0.95733899 0.54499900 0.36154881
v 0.95501667 0.54969078 0.38210467
v 0.95733899 0.54969078 0.38210467
v 0.95501667 0.54499912 0.39184698
v 0.95733899 0.54499912 0.39184698
v 0.95501667 0.54499912 0.39184698
v 0.95501667 0.53654468 0.39858922
v 0.95733899 0.53654468 0.39858922
v 0.95733899 0.54499912 0.39184698
v 0.95501667 0.52600253 0.40099525
v 0.95733899 0.52600253 0.40099525
v 0.95501667 0.51546025 0.39858913
v 0.95733899 0.51546025 0.39858913
v 0.95501667 0.50700605 0.39184707
v 0.95733899 0.50700605 0.39184707
v 0.95501667 0.50700605 0.39184707
v 0.95501667 0.50231427 0.38210467
v 0.95733899 0.50231427 0.38210467
v 0.95733899 0.50700605 0.39184707
v 0.95501667 0.50231427 0.37129134
v 0.95733899 0.50231427 0.37129134
v 0.95501667 0.50700599 0.36154881
v 0.95733899 0.50700599 0.36154881
v 0.95501667 0.50700599 0.36154881
v 0.95733899 0.50700599 0.36154881
v 0.95501667 0.63514352 0.35480657
v 0.95501667 0.64568591 0.35240054
v 0.95733899 0.64568591 0.35240054
v 0.95733899 0.63514352 0.35480657
v 0.95501667 0.65622813 0.35480669
v 0.95733899 0.65622813 0.35480669
v 0.95501667 0.66468239 0.36154872
v 0.95733899 0.66468239 0.36154872
v 0.95501667 0.66468239 0.36154872
v 0.95501667 0.66937411 0.37129134
v 0.95733899 0.66937411 0.37129134
v 0.95733899 0.66468239 0.36154872
v 0.95501667 0.66937417 0.38210467
v 0.95733899 0.66937417 0.38210467
v 0.95501667 0.66468233 0.39184698
v 0.95733899 0.66468233 0.39184698
v 0.95501667 0.66468233 0.39184698
v 0.95501667 0.66337353 0.39289078
v 0.95733899 0.66337353 0.39289078
v 0.95733899 0.66468233 0.39184698
v 0.95501667 0.65622807 0.39858922
v 0.95733899 0.65622807 0.39858922
v 0.95501667 0.64568585 0.40099525
v 0.95733899 0.64568585 0.40099525
v 0.95501667 0.63514358 0.39858913
v 0.95733899 0.63514358 0.39858913
v 0.95501667 0.62668931 0.39184707
v 0.95733899 0.62668931 0.39184707
v 0.95501667 0.62668931 0.39184707
v 0.95501667 0.62206852 0.38225186
v 0.95733899 0.62206852 0.38225186
v 0.95733899 0.62668931 0.39184707
v 0.95501667 0.62200063 0.37128493
v 0.95733899 0.62200063 0.37128493
v 0.95501667 0.62668931 0.36154872
v 0.95733899 0.62668931 0.36154872
v 0.95501667 0.62668931 0.36154872
v 0.95733899 0.62668931 0.36154872
v 0.95501667 0.75486004 0.35479921
v 0.95501667 0.76536918 0.35240066
v 0.95733899 0.76536918 0.35240066
v 0.95733899 0.75486004 0.35479921
v 0.95501667 0.77591133 0.35480672
v 0.95733899 0.77591133 0.35480672
v 0.95501667 0.78436565 0.36154875
v 0.95733899 0.78436565 0.36154875
v 0.95501667 0.78436565 0.36154875
v 0.95501667 0.78905737 0.37129137
v 0.95733899 0.78905737 0.37129137
v 0.95733899 0.78436565 0.36154875
v 0.95501667 0.78905737 0.38192353
v 0.95733899 0.78905737 0.38192353
v 0.95501667 0.78556156 0.38936299
v 0.95733899 0.78556156 0.38936299
v 0.95501667 0.78416961 0.39200336
v 0.95733899 0.78416961 0.39200336
v 0.95501667 0.78416961 0.39200336
v 0.95501667 0.77591139 0.39858925
v 0.95733899 0.77591139 0.39858925
v 0.95733899 0.78416961 0.39200336
v 0.95501667 0.76536918 0.40099528
v 0.95733899 0.76536918 0.40099528
v 0.95501667 0.75746381 0.39919117
v 0.95733899 0.75746381 0.39919117
v 0.95501667 0.75482690 0.39858925
v 0.95733899 0.75482690 0.39858925
v 0.95501667 0.74637264 0.39184722
v 0.95733899 0.74637264 0.39184722
v 0.95501667 0.74637264 0.39184722
v 0.95501667 0.74168086 0.38210469
v 0.95733899 0.74168086 0.38210469
v 0.95733899 0.74637264 0.39184722
v 0.95501667 0.74168092 0.37129128
v 0.95733899 0.74168092 0.37129128
v 0.95501667 0.74637204 0.36155012
v 0.95733899 0.74637204 0.36155012
v 0.95501667 0.74637204 0.36155012
v 0.95733899 0.74637204 0.36155012
v 0.95501667 0.87450999 0.35480672
v 0.95501667 0.88505238 0.35240057
v 0.95733899 0.88505238 0.35240057
v 0.95733899 0.87450999 0.35480672
v 0.95501667 0.89559454 0.35480672
v 0.95733899 0.89559454 0.35480672
v 0.95501667 0.90404886 0.36154875
v 0.95733899 0.90404886 0.36154875
v 0.95501667 0.90404886 0.36154875
v 0.95501667 0.90874052 0.37129137
v 0.95733899 0.90874052 0.37129137
v 0.95733899 0.90404886 0.36154875
v 0.95501667 0.90874052 0.38185969
v 0.95733899 0.90874052 0.38185969
v 0.95501667 0.90404046 0.39185369
v 0.95733899 0.90404046 0.39185369
v 0.95501667 0.90404046 0.39185369
v 0.95501667 0.89559448 0.39858925
v 0.95733899 0.89559448 0.39858925
v 0.95733899 0.90404046 0.39185369
v 0.95501667 0.88537550 0.40092161
v 0.95733911 0.88537550 0.40092161
v 0.95501667 0.87436557 0.39847392
v 0.95733911 0.87436557 0.39847392
v 0.95501667 0.86605579 0.39184701
v 0.95733899 0.86605579 0.39184701
v 0.95501667 0.86605579 0.39184701
v 0.95501667 0.86136413 0.38210469
v 0.95733899 0.86136413 0.38210469
v 0.95733899 0.86605579 0.39184701
v 0.95501667 0.86136413 0.37129146
v 0.95733899 0.86136413 0.37129146
v 0.95501667 0.86605573 0.36154893
v 0.95733899 0.86605573 0.36154893
v 0.95501667 0.86605573 0.36154893
v 0.95733899 0.86605573 0.36154893
v 0.95972675 0.51652288 0.35701329
v 0.95733899 0.51546025 0.35480669
v 0.95733899 0.52600253 0.35240063
v 0.95972675 0.52600253 0.35484970
v 0.95733899 0.53654480 0.35480657
v 0.95972675 0.53548217 0.35701320
v 0.95733899 0.54499900 0.36154881
v 0.95972675 0.54308414 0.36307579
v 0.95733899 0.54969078 0.37129134
v 0.95972675 0.54730308 0.37183627
v 0.95972675 0.54730308 0.37183627
v 0.95733899 0.54969078 0.37129134
v 0.95733899 0.54969078 0.38210467
v 0.95972675 0.54730308 0.38155970
v 0.95972675 0.54730308 0.38155970
v 0.95733899 0.54969078 0.38210467
v 0.95733899 0.54499912 0.39184698
v 0.95972675 0.54308432 0.39032000
v 0.95733899 0.53654468 0.39858922
v 0.95972675 0.53548205 0.39638269
v 0.95733899 0.52600253 0.40099525
v 0.95972675 0.52600253 0.39854631
v 0.95733899 0.51546025 0.39858913
v 0.95972675 0.51652288 0.39638260
v 0.95733899 0.50700605 0.39184707
v 0.95972675 0.50892085 0.39032009
v 0.95733899 0.50231427 0.38210467
v 0.95972675 0.50470197 0.38155970
v 0.95972675 0.50470197 0.38155970
v 0.95733899 0.50231427 0.38210467
v 0.95733899 0.50231427 0.37129134
v 0.95972675 0.50470197 0.37183627
v 0.95972675 0.50470197 0.37183627
v 0.95733899 0.50231427 0.37129134
v 0.95733899 0.50700599 0.36154881
v 0.95972675 0.50892079 0.36307579
v 0.95972675 0.63620609 0.35701320
v 0.95733899 0.63514352 0.35480657
v 0.95733899 0.64568591 0.35240054
v 0.95972675 0.64568585 0.35484961
v 0.95733899 0.65622813 0.35480669
v 0.95972675 0.65516549 0.35701329
v 0.95733899 0.66468239 0.36154872
v 0.95972675 0.66276759 0.36307570
v 0.95733899 0.66937411 0.37129134
v 0.95972675 0.66698641 0.37183627
v 0.95972675 0.66698641 0.37183627
v 0.95733899 0.66937411 0.37129134
v 0.95733899 0.66937417 0.38210467
v 0.95972675 0.66698647 0.38155970
v 0.95733899 0.66468233 0.39184698
v 0.95972675 0.66337353 0.39080331
v 0.95972675 0.66337353 0.39080331
v 0.95733899 0.66468233 0.39184698
v 0.95733899 0.66337353 0.39289078
v 0.95972675 0.66232985 0.39158201
v 0.95972675 0.66232985 0.39158201
v 0.95733899 0.66337353 0.39289078
v 0.95733899 0.65622807 0.39858922
v 0.95972675 0.65516549 0.39638269
v 0.95733899 0.64568585 0.40099525
v 0.95972675 0.64568585 0.39854631
v 0.95733899 0.63514358 0.39858913
v 0.95972675 0.63620615 0.39638260
v 0.95733899 0.62668931 0.39184707
v 0.95972675 0.62860411 0.39032009
v 0.95733899 0.62206852 0.38225186
v 0.95972675 0.62445283 0.38169989
v 0.95733899 0.62200063 0.37128493
v 0.95972675 0.62439173 0.37182286
v 0.95733899 0.62668931 0.36154872
v 0.95972675 0.62860411 0.36307570
v 0.95972675 0.75592107 0.35700619
v 0.95733899 0.75486004 0.35479921
v 0.95733899 0.76536918 0.35240066
v 0.95972675 0.76536912 0.35484973
v 0.95733899 0.77591133 0.35480672
v 0.95972675 0.77484876 0.35701331
v 0.95733899 0.78436565 0.36154875
v 0.95972675 0.78245091 0.36307573
v 0.95733899 0.78905737 0.37129137
v 0.95972675 0.78666967 0.37183630
v 0.95972675 0.78666967 0.37183630
v 0.95733899 0.78905737 0.37129137
v 0.95733899 0.78905737 0.38192353
v 0.95972675 0.78666967 0.38139045
v 0.95972675 0.78666967 0.38139045
v 0.95733899 0.78905737 0.38192353
v 0.95733899 0.78556156 0.38936299
v 0.95972675 0.78342378 0.38829795
v 0.95733899 0.78416961 0.39200336
v 0.95972675 0.78229034 0.39044806
v 0.95733899 0.77591139 0.39858925
v 0.95972675 0.77484876 0.39638272
v 0.95733899 0.76536918 0.40099528
v 0.95972675 0.76536918 0.39854634
v 0.95733899 0.75746381 0.39919117
v 0.95972675 0.75799507 0.39686337
v 0.95733899 0.75482690 0.39858925
v 0.95972675 0.75588953 0.39638272
v 0.95733899 0.74637264 0.39184722
v 0.95972675 0.74828738 0.39032021
v 0.95733899 0.74168086 0.38210469
v 0.95972675 0.74406856 0.38155973
v 0.95733899 0.74168092 0.37129128
v 0.95972675 0.74406862 0.37183622
v 0.95733899 0.74637204 0.36155012
v 0.95972675 0.74828607 0.36307856
v 0.95972675 0.87557268 0.35701331
v 0.95733899 0.87450999 0.35480672
v 0.95733899 0.88505238 0.35240057
v 0.95972675 0.88505232 0.35484973
v 0.95733899 0.89559454 0.35480672
v 0.95972675 0.89453197 0.35701331
v 0.95733899 0.90404886 0.36154875
v 0.95972675 0.90213418 0.36307573
v 0.95733899 0.90874052 0.37129137
v 0.95972675 0.90635294 0.37183630
v 0.95972675 0.90635294 0.37183630
v 0.95733899 0.90874052 0.37129137
v 0.95733899 0.90874052 0.38185969
v 0.95972675 0.90635294 0.38132626
v 0.95972675 0.90635294 0.38132626
v 0.95733899 0.90874052 0.38185969
v 0.95733899 0.90404046 0.39185369
v 0.95972675 0.90211666 0.39033401
v 0.95733899 0.89559448 0.39858925
v 0.95972675 0.89453179 0.39638272
v 0.95733911 0.88537550 0.40092161
v 0.95972687 0.88536853 0.39847419
v 0.95733911 0.87436557 0.39847392
v 0.95972687 0.87542266 0.39626291
v 0.95733899 0.86605579 0.39184701
v 0.95972675 0.86797053 0.39032003
v 0.95733899 0.86136413 0.38210469
v 0.95972675 0.86375177 0.38155973
v 0.95972675 0.86375177 0.38155973
v 0.95733899 0.86136413 0.38210469
v 0.95733899 0.86136413 0.37129146
v 0.95972675 0.86375177 0.37183639
v 0.95972675 0.86375177 0.37183639
v 0.95733899 0.86136413 0.37129146
v 0.95733899 0.86605573 0.36154893
v 0.95972675 0.86797053 0.36307591
v 0.95781034 0.50526357 0.39323667
v 0.95781034 0.51449329 0.40059707
v 0.11696851 0.45935330 0.44951132
v 0.11696851 0.39245215 0.44951132
v 0.09232670 0.39245215 0.47839984
v 0.09232670 0.45935330 0.47839984
v 0.01512367 0.39245242 0.50602758
v 0.01512367 0.45935357 0.50602758
v 0.04045713 0.45935348 0.50365472
v 0.04045713 0.39245233 0.50365472
v -0.04088455 0.39245251 0.49685171
v -0.04088455 0.45935366 0.49685171
v -0.00998074 0.45935366 0.50424814
v -0.00998074 0.39245251 0.50424814
v -0.06033888 0.39245287 0.48294628
v -0.06033891 0.45935428 0.48294628
v -0.09119171 0.39245287 0.43925622
v -0.09119171 0.45935410 0.43925622
v -0.07712322 0.45935428 0.46442986
v -0.07712322 0.39245296 0.46442986
v -0.09789488 0.39245296 0.41128293
v -0.09789488 0.45935428 0.41128293
v -0.10026047 0.39245304 0.38081297
v -0.10026047 0.45935446 0.38081297
v -0.10036895 0.39245379 0.35582316
v -0.10036898 0.45935556 0.35582316
v 0.06402457 0.39245224 0.49578831
v 0.06402457 0.45935339 0.49578831
v 0.12993491 0.45942837 0.42259565
v 0.12993479 0.39245188 0.42259556
v 0.11502290 0.41007313 0.50493562
v 0.14644057 0.41007316 0.46826249
v 0.14644057 0.44173217 0.46826249
v 0.11502290 0.44173214 0.50493562
v 0.04764783 0.44173232 0.53782427
v 0.01550621 0.44173241 0.54094338
v 0.01550621 0.41007340 0.54094338
v 0.04764771 0.41007331 0.53782433
v -0.01508617 0.44173250 0.53879511
v -0.05160263 0.44173259 0.52744406
v -0.05160245 0.41007358 0.52744418
v -0.01508605 0.41007349 0.53879511
v -0.08149883 0.44173330 0.50784123
v -0.08149865 0.41007394 0.50784141
v -0.10330468 0.44173330 0.48039177
v -0.11586291 0.44173312 0.45038423
v -0.11586291 0.41007394 0.45038423
v -0.10330465 0.41007403 0.48039177
v -0.12200722 0.44173330 0.41535521
v -0.12200722 0.41007403 0.41535538
v -0.12243497 0.44173387 0.37880012
v -0.12243506 0.41007429 0.37880066
v -0.12188926 0.44173405 0.37452045
v -0.12188926 0.41007441 0.37452045
v 0.07877266 0.41007322 0.52743888
v 0.07877266 0.44173223 0.52743888
v 0.16328335 0.44173205 0.44177201
v 0.16328341 0.41007307 0.44177201
v 0.11623198 0.46388981 0.50633895
v 0.14777404 0.46388984 0.46958777
v 0.12076914 0.46388984 0.45198840
v 0.09527612 0.46388981 0.48184693
v 0.14777404 0.38791564 0.46958777
v 0.11623198 0.38791561 0.50633895
v 0.09527612 0.38791561 0.48184693
v 0.12076914 0.38791564 0.45198840
v 0.04804212 0.38791582 0.53963417
v 0.01553965 0.38791591 0.54279554
v 0.01517504 0.38791591 0.51056385
v 0.04139286 0.38791582 0.50809371
v 0.01553965 0.46389008 0.54279554
v 0.04804206 0.46388999 0.53963417
v 0.04139280 0.46388999 0.50809371
v 0.01517498 0.46389008 0.51056385
v -0.01557899 0.38791600 0.54058987
v -0.05253369 0.38791618 0.52905566
v -0.04268253 0.38791600 0.50101674
v -0.01067138 0.38791600 0.50873184
v -0.05253369 0.46389025 0.52905566
v -0.01557899 0.46389017 0.54058987
v -0.01067144 0.46389017 0.50873184
v -0.04268253 0.46389017 0.50101674
v -0.08267647 0.38791662 0.50927556
v -0.06346864 0.38791654 0.48623037
v -0.08267653 0.46389061 0.50927556
v -0.06346866 0.46389052 0.48623037
v -0.10471189 0.38791671 0.48168480
v -0.11797854 0.38791662 0.45007122
v -0.09520641 0.38791654 0.44136882
v -0.08121404 0.38791662 0.46639085
v -0.11797854 0.46389061 0.45007122
v -0.10471192 0.46389070 0.48168480
v -0.08121404 0.46389061 0.46639085
v -0.09520641 0.46389052 0.44136882
v -0.12390167 0.38791671 0.41515598
v -0.10236153 0.38791662 0.41207623
v -0.12390170 0.46389070 0.41515598
v -0.10236156 0.46389061 0.41207623
v -0.12433833 0.38791689 0.37918481
v -0.10473630 0.38791662 0.38007236
v -0.12433833 0.46389100 0.37918481
v -0.10473630 0.46389070 0.38007236
v -0.12152436 0.38791737 0.35613945
v -0.10490441 0.38791728 0.35593027
v -0.10036898 0.45935556 0.35582316
v -0.10036895 0.39245379 0.35582316
v -0.10150278 0.38905132 0.35585001
v -0.10490441 0.38791728 0.35593027
v -0.12152436 0.38791737 0.35613945
v -0.12492591 0.38905141 0.35621989
v -0.12605977 0.39245388 0.35624692
v -0.12605980 0.45935574 0.35624692
v -0.12492594 0.46275735 0.35621989
v -0.12152439 0.46389154 0.35613945
v -0.10150281 0.46275726 0.35585001
v -0.10490444 0.46389145 0.35593027
v -0.12152439 0.46389154 0.35613945
v -0.10490444 0.46389145 0.35593027
v 0.07957137 0.46388990 0.52911007
v 0.06594270 0.46388990 0.49989939
v 0.07957137 0.38791570 0.52911007
v 0.06594270 0.38791570 0.49989939
v 0.16509759 0.38791555 0.44229358
v 0.13389266 0.38791537 0.42481276
v 0.16509759 0.46388975 0.44229358
v 0.13431472 0.46388969 0.42259565
v 0.16471690 0.41007307 0.43730462
v 0.16471690 0.44173205 0.43730444
v 0.11791861 0.46275562 0.45013067
v 0.09306407 0.46275562 0.47926164
v 0.09306407 0.38904965 0.47926164
v 0.11791861 0.38904965 0.45013067
v 0.01513654 0.38904995 0.50716150
v 0.04069102 0.38904986 0.50476444
v 0.04069102 0.46275580 0.50476444
v 0.01513648 0.46275589 0.50716150
v -0.04133403 0.38905004 0.49789301
v -0.01015341 0.38905004 0.50536931
v -0.01015341 0.46275601 0.50536931
v -0.04133403 0.46275601 0.49789301
v -0.06112128 0.38905039 0.48376706
v -0.06112131 0.46275637 0.48376706
v -0.09219539 0.38905039 0.43978438
v -0.07814595 0.38905048 0.46492028
v -0.07814595 0.46275645 0.46492028
v -0.09219539 0.46275637 0.43978438
v -0.09901151 0.38905048 0.41148135
v -0.09901154 0.46275645 0.41148135
v -0.10137948 0.38905057 0.38062790
v -0.10137948 0.46275654 0.38062790
v -0.10150278 0.38905132 0.35585001
v -0.10150281 0.46275726 0.35585001
v 0.06450415 0.46275571 0.49681601
v 0.06450415 0.38904974 0.49681601
v 0.13092434 0.38904947 0.42259547
v 0.13092417 0.46275565 0.42259547
v 0.11844391 0.46275565 0.50892425
v 0.11918128 0.45935333 0.50978601
v 0.15157479 0.45935333 0.47206488
v 0.15062457 0.46275565 0.47144553
v 0.15062457 0.38904968 0.47144553
v 0.15157479 0.39245218 0.47206488
v 0.11918133 0.39245218 0.50978601
v 0.11844397 0.38904968 0.50892425
v 0.04874408 0.38904986 0.54296339
v 0.04897797 0.39245233 0.54407316
v 0.01559091 0.39245242 0.54733181
v 0.01557815 0.38904995 0.54619765
v 0.01557815 0.46275589 0.54619765
v 0.01559091 0.45935357 0.54733181
v 0.04897791 0.45935348 0.54407316
v 0.04874396 0.46275580 0.54296339
v -0.01609701 0.38905004 0.54395258
v -0.01626962 0.39245251 0.54507357
v -0.05433175 0.39245260 0.53322077
v -0.05388218 0.38905013 0.53217947
v -0.05388218 0.46275610 0.53217947
v -0.05433175 0.45935374 0.53322077
v -0.01626962 0.45935366 0.54507357
v -0.01609701 0.46275601 0.54395258
v -0.08580613 0.39245296 0.51255977
v -0.08502376 0.38905048 0.51173866
v -0.08502382 0.46275645 0.51173866
v -0.08580616 0.45935446 0.51255977
v -0.10778001 0.38905057 0.48315576
v -0.10880274 0.39245304 0.48364601
v -0.12199301 0.39245296 0.45218396
v -0.12098941 0.38905048 0.45165572
v -0.12098941 0.46275645 0.45165572
v -0.12199301 0.45935428 0.45218396
v -0.10880277 0.45935446 0.48364601
v -0.10778004 0.46275654 0.48315576
v -0.12836841 0.39245304 0.41594890
v -0.12725186 0.38905057 0.41575086
v -0.12725189 0.46275654 0.41575086
v -0.12836844 0.45935446 0.41594890
v -0.12881401 0.39245331 0.37844428
v -0.12769505 0.38905084 0.37862936
v -0.12769505 0.46275681 0.37862936
v -0.12881401 0.45935503 0.37844428
v -0.12605977 0.39245388 0.35624692
v -0.12492591 0.38905141 0.35621989
v -0.12492594 0.46275735 0.35621989
v -0.12605980 0.45935574 0.35624692
v 0.08100992 0.46275571 0.53219354
v 0.08148944 0.45935339 0.53322124
v 0.08148944 0.39245224 0.53322124
v 0.08100992 0.38904974 0.53219354
v 0.16806602 0.38904959 0.44395635
v 0.16905552 0.39245209 0.44451070
v 0.16905552 0.45935324 0.44451070
v 0.16806602 0.46275556 0.44395635
v 0.17633468 0.45945066 0.42259568
v 0.17520034 0.46275547 0.42259559
v 0.17520046 0.38904968 0.42259559
v 0.17633462 0.39245212 0.42259559
v 0.11791861 0.46275562 0.45013067
v 0.09306407 0.46275562 0.47926164
v 0.09306407 0.38904965 0.47926164
v 0.11791861 0.38904965 0.45013067
v 0.01513654 0.38904995 0.50716150
v 0.04069102 0.38904986 0.50476444
v 0.04069102 0.46275580 0.50476444
v 0.01513648 0.46275589 0.50716150
v -0.04133403 0.38905004 0.49789301
v -0.01015341 0.38905004 0.50536931
v -0.01015341 0.46275601 0.50536931
v -0.04133403 0.46275601 0.49789301
v -0.06112128 0.38905039 0.48376706
v -0.06112131 0.46275637 0.48376706
v -0.09219539 0.38905039 0.43978438
v -0.07814595 0.38905048 0.46492028
v -0.07814595 0.46275645 0.46492028
v -0.09219539 0.46275637 0.43978438
v -0.09901151 0.38905048 0.41148135
v -0.09901154 0.46275645 0.41148135
v -0.10137948 0.38905057 0.38062790
v -0.10137948 0.46275654 0.38062790
v -0.10150278 0.38905132 0.35585001
v -0.10150281 0.46275726 0.35585001
v 0.06450415 0.46275571 0.49681601
v 0.06450415 0.38904974 0.49681601
v 0.13092434 0.38904947 0.42259547
v 0.13092417 0.46275565 0.42259547
v 0.11844391 0.46275565 0.50892425
v 0.15062457 0.46275565 0.47144553
v 0.15062457 0.38904968 0.47144553
v 0.11844397 0.38904968 0.50892425
v 0.04874408 0.38904986 0.54296339
v 0.01557815 0.38904995 0.54619765
v 0.01557815 0.46275589 0.54619765
v 0.04874396 0.46275580 0.54296339
v -0.01609701 0.38905004 0.54395258
v -0.05388218 0.38905013 0.53217947
v -0.05388218 0.46275610 0.53217947
v -0.01609701 0.46275601 0.54395258
v -0.08502376 0.38905048 0.51173866
v -0.08502382 0.46275645 0.51173866
v -0.10778001 0.38905057 0.48315576
v -0.12098941 0.38905048 0.45165572
v -0.12098941 0.46275645 0.45165572
v -0.10778004 0.46275654 0.48315576
v -0.12725186 0.38905057 0.41575086
v -0.12725189 0.46275654 0.41575086
v -0.12769505 0.38905084 0.37862936
v -0.12769505 0.46275681 0.37862936
v -0.12492591 0.38905141 0.35621989
v -0.12492594 0.46275735 0.35621989
v 0.08100992 0.46275571 0.53219354
v 0.08100992 0.38904974 0.53219354
v 0.16806602 0.38904959 0.44395635
v 0.16806602 0.46275556 0.44395635
v 0.17520034 0.46275547 0.42259559
v 0.17193002 0.46388960 0.42259568
v 0.17179805 0.38783124 0.42259550
v 0.17520046 0.38904968 0.42259559
v 0.13452059 0.38780299 0.42259574
v 0.17229289 0.44653133 0.43476397
v 0.17229289 0.40527397 0.43476397
v 0.16905552 0.44653141 0.44451070
v 0.15157479 0.44653150 0.47206488
v 0.11918133 0.44653150 0.50978601
v 0.08148938 0.44653156 0.53322124
v 0.04897785 0.44653165 0.54407316
v 0.01559091 0.44653174 0.54733181
v -0.01626968 0.44653183 0.54507357
v -0.05433190 0.44653192 0.53322065
v -0.08580625 0.44653267 0.51255965
v -0.10880277 0.44653267 0.48364601
v -0.12199301 0.44653249 0.45218396
v -0.12836844 0.44653267 0.41594872
v -0.12881398 0.44653320 0.37844390
v -0.12763861 0.44653350 0.36897111
v -0.12763861 0.40527540 0.36897111
v -0.12881401 0.40527514 0.37844446
v -0.12836841 0.40527487 0.41594890
v -0.12199301 0.40527478 0.45218396
v -0.10880274 0.40527487 0.48364601
v -0.08580607 0.40527478 0.51255977
v -0.05433169 0.40527439 0.53322077
v -0.01626956 0.40527430 0.54507357
v 0.01559097 0.40527421 0.54733181
v 0.04897797 0.40527412 0.54407316
v 0.08148944 0.40527403 0.53322124
v 0.11918133 0.40527397 0.50978601
v 0.15157479 0.40527397 0.47206488
v 0.16905552 0.40527388 0.44451070
v 0.17229289 0.40527397 0.43476397
v 0.17229289 0.44653133 0.43476397
v 0.16471690 0.44173205 0.43730444
v 0.16471690 0.44173205 0.43730444
v 0.16471690 0.41007307 0.43730462
v 0.17229289 0.40527397 0.43476397
v 0.17229289 0.44653133 0.43476397
v 0.16905552 0.44653141 0.44451070
v 0.16328335 0.44173205 0.44177201
v 0.16471690 0.44173205 0.43730444
v 0.15157479 0.44653150 0.47206488
v 0.14644057 0.44173217 0.46826249
v 0.11918133 0.44653150 0.50978601
v 0.11502290 0.44173214 0.50493562
v 0.08148938 0.44653156 0.53322124
v 0.07877266 0.44173223 0.52743888
v 0.04897785 0.44653165 0.54407316
v 0.04764783 0.44173232 0.53782427
v 0.01559091 0.44653174 0.54733181
v 0.01550621 0.44173241 0.54094338
v -0.01626968 0.44653183 0.54507357
v -0.01508617 0.44173250 0.53879511
v -0.05433190 0.44653192 0.53322065
v -0.05160263 0.44173259 0.52744406
v -0.08580625 0.44653267 0.51255965
v -0.08149883 0.44173330 0.50784123
v -0.10880277 0.44653267 0.48364601
v -0.10330468 0.44173330 0.48039177
v -0.12199301 0.44653249 0.45218396
v -0.11586291 0.44173312 0.45038423
v -0.12836844 0.44653267 0.41594872
v -0.12200722 0.44173330 0.41535521
v -0.12881398 0.44653320 0.37844390
v -0.12243497 0.44173387 0.37880012
v -0.12763861 0.44653350 0.36897111
v -0.12188926 0.44173405 0.37452045
v -0.12763861 0.44653350 0.36897111
v -0.12763861 0.40527540 0.36897111
v -0.12188926 0.41007441 0.37452045
v -0.12188926 0.41007441 0.37452045
v -0.12188926 0.44173405 0.37452045
v -0.12763861 0.44653350 0.36897111
v -0.12763861 0.40527540 0.36897111
v -0.12881401 0.40527514 0.37844446
v -0.12243506 0.41007429 0.37880066
v -0.12188926 0.41007441 0.37452045
v -0.12836841 0.40527487 0.41594890
v -0.12200722 0.41007403 0.41535538
v -0.12199301 0.40527478 0.45218396
v -0.11586291 0.41007394 0.45038423
v -0.10880274 0.40527487 0.48364601
v -0.10330465 0.41007403 0.48039177
v -0.08580607 0.40527478 0.51255977
v -0.08149865 0.41007394 0.50784141
v -0.05433169 0.40527439 0.53322077
v -0.05160245 0.41007358 0.52744418
v -0.01626956 0.40527430 0.54507357
v -0.01508605 0.41007349 0.53879511
v 0.01559097 0.40527421 0.54733181
v 0.01550621 0.41007340 0.54094338
v 0.04897797 0.40527412 0.54407316
v 0.04764771 0.41007331 0.53782433
v 0.08148944 0.40527403 0.53322124
v 0.07877266 0.41007322 0.52743888
v 0.11918133 0.40527397 0.50978601
v 0.11502290 0.41007313 0.50493562
v 0.15157479 0.40527397 0.47206488
v 0.14644057 0.41007316 0.46826249
v 0.16905552 0.40527388 0.44451070
v 0.16328341 0.41007307 0.44177201
v 0.17229289 0.40527397 0.43476397
v 0.16471690 0.41007307 0.43730462
v 0.13092434 0.46275562 0.42259556
v 0.13431472 0.46388969 0.42259565
v 0.12993509 0.46388948 0.42259592
v 0.17520058 0.46275547 0.42259559
v 0.17633468 0.45945066 0.42259568
v 0.17633480 0.46388957 0.42259586
v 0.12993509 0.38774672 0.42259601
v 0.13452059 0.38780299 0.42259574
v 0.13092434 0.38904947 0.42259547
v 0.95781034 0.67154688 0.37079534
v 0.95781034 0.73950815 0.37079528
v 0.95781034 0.73950809 0.38260061
v 0.95781034 0.73950809 0.38260061
v 0.95781034 0.67154688 0.38260058
v 0.95781034 0.67154688 0.37079534
v 0.95781034 0.85919130 0.38260061
v 0.95781034 0.79123014 0.38240856
v 0.95781034 0.79123014 0.37079537
v 0.95781034 0.85919130 0.37079546
v 0.95781034 0.73950815 0.37079528
v 0.95781034 0.67154688 0.37079534
v 0.95781034 0.66642487 0.36015916
v 0.95781034 0.66642487 0.36015916
v 0.95781034 0.74463028 0.36015919
v 0.95781034 0.73950815 0.37079528
v 0.95781034 0.61989880 0.38275415
v 0.95781034 0.55186355 0.38260058
v 0.95781034 0.55186355 0.37079534
v 0.95781034 0.55186355 0.37079534
v 0.95781034 0.61982483 0.37079534
v 0.95781034 0.61989880 0.38275415
v 0.95781034 0.63417655 0.40059707
v 0.95781034 0.64568585 0.40322399
v 0.95781034 0.53751165 0.40059716
v 0.95781034 0.62494689 0.39323667
v 0.95781034 0.63417655 0.40059707
v 0.95781034 0.53751165 0.40059716
v 0.95781034 0.62494689 0.39323667
v 0.95781034 0.53751165 0.40059716
v 0.95781034 0.54674160 0.39323658
v 0.95781034 0.61982483 0.37079534
v 0.95781034 0.55186355 0.37079534
v 0.95781034 0.54674149 0.36015925
v 0.95781034 0.54674149 0.36015925
v 0.95781034 0.62494689 0.36015916
v 0.95781034 0.61982483 0.37079534
v 0.95781034 0.55186355 0.38260058
v 0.95781034 0.61989880 0.38275415
v 0.95781034 0.62494689 0.39323667
v 0.95781034 0.62494689 0.39323667
v 0.95781034 0.54674160 0.39323658
v 0.95781034 0.55186355 0.38260058
v 0.95781034 0.78610820 0.36015919
v 0.95781034 0.86431330 0.36015937
v 0.95781034 0.85919130 0.37079546
v 0.95781034 0.85919130 0.37079546
v 0.95781034 0.79123014 0.37079537
v 0.95781034 0.78610820 0.36015919
v 0.95781034 0.62494689 0.36015916
v 0.95781034 0.54674149 0.36015925
v 0.95781034 0.53751171 0.35279855
v 0.95781034 0.53751171 0.35279855
v 0.95781034 0.63417661 0.35279867
v 0.95781034 0.62494689 0.36015916
v 0.95781022 0.76607490 0.41443115
v 0.95781034 0.76536918 0.40322402
v 0.95781034 0.77687836 0.40059718
v 0.95781034 0.88555115 0.41443115
v 0.95781034 0.88538170 0.40314886
v 0.95781034 0.87340361 0.40048578
v 0.95781034 0.88538170 0.40314886
v 0.95781034 0.77687836 0.40059718
v 0.95781034 0.74463028 0.36015919
v 0.95781034 0.66642487 0.36015916
v 0.95781034 0.65719515 0.35279876
v 0.95781034 0.65719515 0.35279876
v 0.95781034 0.75389457 0.35279092
v 0.95781034 0.74463028 0.36015919
v 0.95781034 0.50526357 0.36015925
v 0.95781034 0.50014150 0.37079534
v 0.95781034 0.50014150 0.38260058
v 0.95781034 0.67154688 0.38260058
v 0.95781034 0.73950809 0.38260061
v 0.95781034 0.74463016 0.39323679
v 0.95781034 0.74463016 0.39323679
v 0.95781034 0.66642481 0.39323658
v 0.95781034 0.67154688 0.38260058
v 0.95781034 0.86431330 0.36015937
v 0.95781034 0.78610820 0.36015919
v 0.95781034 0.77687836 0.35279870
v 0.95781034 0.77687836 0.35279870
v 0.95781034 0.87354302 0.35279879
v 0.95781034 0.86431330 0.36015937
v 0.95781034 0.89656162 0.35279879
v 0.95781034 0.88505238 0.35017186
v 0.95781034 0.88496035 0.33735654
v 0.95781034 0.85919130 0.38260061
v 0.95781034 0.86431342 0.39323661
v 0.95781034 0.78750682 0.39033207
v 0.95781034 0.78750682 0.39033207
v 0.95781034 0.89656156 0.40059718
v 0.95781034 0.78587973 0.39341867
v 0.95781034 0.78750682 0.39033207
v 0.95781034 0.86431342 0.39323661
v 0.95781034 0.87340361 0.40048578
v 0.95781034 0.87340361 0.40048578
v 0.95781034 0.78587973 0.39341867
v 0.95781034 0.78750682 0.39033207
v 0.95781034 0.87354302 0.35279879
v 0.95781034 0.77687836 0.35279870
v 0.95781034 0.76536918 0.35017195
v 0.95781034 0.87354302 0.35279879
v 0.95781034 0.76536918 0.35017195
v 0.95781034 0.76468784 0.33735654
v 0.95781034 0.91091335 0.38234502
v 0.95781034 0.91091335 0.37079537
v 0.95781034 0.90579128 0.36015919
v 0.95781034 0.90579116 0.39323670
v 0.95781034 0.51449323 0.35279876
v 0.95781034 0.52600253 0.40322399
v 0.95781022 0.52585816 0.41443112
v 0.95781034 0.75698030 0.40130949
v 0.95781034 0.66472828 0.39458951
v 0.95781034 0.65719503 0.40059716
v 0.95781034 0.75389457 0.35279092
v 0.95781034 0.65719515 0.35279876
v 0.95781034 0.64568591 0.35017183
v 0.95781034 0.75389457 0.35279092
v 0.95781034 0.64568591 0.35017183
v 0.95781022 0.64546007 0.33735651
v 0.95781034 0.63417661 0.35279867
v 0.95781034 0.53751171 0.35279855
v 0.95781034 0.52600253 0.35017192
v 0.95781034 0.63417661 0.35279867
v 0.95781034 0.52600253 0.35017192
v 0.95781022 0.52645576 0.33735651
v 0.95781022 0.64555621 0.41443112
v 0.95781034 0.64568585 0.40322399
v 0.95781034 0.53751165 0.40059716
v 0.95637387 0.46404561 0.41873997
v 0.95395309 0.46404573 0.42116070
v 0.94964439 0.46388933 0.42259672
v 0.95637423 1.01307869 0.41873893
v 0.95395201 1.01307666 0.42116106
v 0.94964439 1.01308906 0.42259675
v 0.95395201 0.93707782 0.42116103
v 0.94964439 0.93711478 0.42259675
v 0.95637423 0.93707871 0.41873899
v 0.95673150 0.93729025 0.33308843
v 0.95450920 0.93736970 0.33046338
v 0.95161992 0.93737721 0.32919452
v 0.91325349 0.93673265 0.32921630
v 0.91325349 0.93673265 0.32921630
v 0.08704478 0.94929981 0.32921609
v 0.08704478 1.01723647 0.32921609
v 0.91325349 1.01400280 0.32921630
v 0.08704478 1.01723647 0.32921609
v 0.08704478 0.94929981 0.32921609
v 0.04867846 0.94994473 0.32919428
v 0.04578787 0.94982845 0.33046368
v 0.04356855 0.94993371 0.33308187
v 0.04248822 0.95034015 0.33735666
v 0.04248816 0.94717705 0.41443107
v 0.04415077 0.94062084 0.41941887
v 0.04626399 0.93855703 0.42113349
v 0.05065387 0.93711466 0.42259660
v 0.95673114 0.46363840 0.33308685
v 0.95452327 0.46328837 0.33046940
v 0.95161992 0.46288559 0.32919440
v 0.91325361 0.46341181 0.32921618
v 0.91325361 0.46341181 0.32921618
v 0.08704484 0.45685926 0.32921606
v 0.08704478 0.94929981 0.32921609
v 0.08704478 0.94929981 0.32921609
v 0.91325349 0.93673265 0.32921630
v 0.91325361 0.46341181 0.32921618
v 0.08704484 0.45685926 0.32921606
v 0.04867846 0.45393434 0.32919425
v 0.04577672 0.45431334 0.33046854
v 0.04357481 0.45418376 0.33305708
v 0.04248828 0.45334241 0.33735654
v 0.04248822 0.45598149 0.41443104
v 0.04395437 0.45750514 0.41882947
v 0.04588252 0.45938113 0.42100620
v 0.05065393 0.46388921 0.42259648
v 0.95673102 0.38801029 0.33308637
v 0.95451826 0.38793415 0.33046716
v 0.95162004 0.38761434 0.32919440
v 0.91325372 0.38823301 0.32921618
v 0.91325361 0.24337611 0.32921615
v 0.90838677 0.23224561 0.32921615
v 0.90412396 0.22795351 0.32921615
v 0.90412396 0.22795351 0.32921615
v 0.89308983 0.22303955 0.32921615
v 0.10720867 0.22303946 0.32921603
v 0.10720867 0.22303946 0.32921603
v 0.09617460 0.22795342 0.32921603
v 0.09191179 0.23224552 0.32921603
v 0.09191179 0.23224552 0.32921603
v 0.08704484 0.24337602 0.32921603
v 0.08704484 0.38679752 0.32921606
v 0.10720867 0.22303946 0.32921603
v 0.09191179 0.23224552 0.32921603
v 0.08704484 0.38679752 0.32921606
v 0.90412396 0.22795351 0.32921615
v 0.10720867 0.22303946 0.32921603
v 0.08704484 0.38679752 0.32921606
v 0.91325361 0.24337611 0.32921615
v 0.90412396 0.22795351 0.32921615
v 0.08704484 0.38679752 0.32921606
v 0.91325372 0.38823301 0.32921618
v 0.91325361 0.24337611 0.32921615
v 0.08704484 0.38679752 0.32921606
v 0.04867846 0.38745120 0.32919425
v 0.08704484 0.38679752 0.32921606
v 0.04572338 0.38654160 0.33049196
v 0.04262590 0.38660902 0.33681217
v 0.04356903 0.38621643 0.33308002
v 0.04248834 0.38659400 0.33735654
v 0.04248822 0.38642809 0.41443098
v 0.04392415 0.38645691 0.41873869
v 0.04631180 0.38684082 0.42114931
v 0.05065399 0.38774657 0.42259657
v 0.91325372 0.38823301 0.32921618
v 0.08704484 0.38679752 0.32921606
v 0.08704484 0.45685926 0.32921606
v 0.08704484 0.45685926 0.32921606
v 0.91325361 0.46341181 0.32921618
v 0.91325372 0.38823301 0.32921618
v 0.05797452 0.18626766 0.33062813
v 0.05143148 0.19281536 0.33062816
v 0.05143136 1.22062612 0.33062831
v 0.05797440 1.22717392 0.33062831
v 0.94232386 1.22717392 0.33062848
v 0.94886678 1.22062612 0.33062848
v 0.94886690 0.19281547 0.33062837
v 0.94232398 0.18626776 0.33062837
v 0.07270777 0.18024743 0.33062816
v 0.05797452 0.18626766 0.33062813
v 0.04541302 1.20588362 0.33062834
v 0.05143136 1.22062612 0.33062831
v 0.92759067 1.23319399 0.33062848
v 0.94232386 1.22717392 0.33062848
v 0.95488530 0.20755796 0.33062840
v 0.94886690 0.19281547 0.33062837
v 0.05143148 0.19281536 0.33062816
v 0.04541308 0.20755786 0.33062816
v 0.05797440 1.22717392 0.33062831
v 0.07270765 1.23319399 0.33062831
v 0.94886678 1.22062612 0.33062848
v 0.95488518 1.20588362 0.33062848
v 0.94232398 0.18626776 0.33062837
v 0.92759079 0.18024752 0.33062840
v 0.04541308 0.20755786 0.33062816
v 0.04572338 0.38654160 0.33049196
v 0.05618185 0.18464136 0.41874221
v 0.04988593 0.19093724 0.41874221
v 0.04988581 1.22250426 0.41874239
v 0.05618173 1.22880030 0.41874239
v 0.94411641 1.22880030 0.41874254
v 0.95041233 1.22250426 0.41874254
v 0.95041245 0.19093736 0.41874245
v 0.94411653 0.18464145 0.41874245
v 0.07057190 0.17868081 0.41874221
v 0.05618185 0.18464136 0.41874221
v 0.04392523 1.20811415 0.41874239
v 0.04988581 1.22250426 0.41874239
v 0.92972642 1.23476064 0.41874254
v 0.94411641 1.22880030 0.41874254
v 0.95637304 0.20532742 0.41874245
v 0.95041245 0.19093736 0.41874245
v 0.04988593 0.19093724 0.41874221
v 0.04392534 0.20532730 0.41874221
v 0.05618173 1.22880030 0.41874239
v 0.07057172 1.23476064 0.41874239
v 0.95041233 1.22250426 0.41874254
v 0.95637292 1.20811415 0.41874254
v 0.94411653 0.18464145 0.41874245
v 0.92972654 0.17868091 0.41874245
v 0.04392534 0.20532730 0.41874221
v 0.04392415 0.38645691 0.41873869
v 0.95488518 1.20588362 0.33062848
v 0.95450956 1.01319349 0.33046350
v 0.95637292 1.20811415 0.41874254
v 0.95637423 1.01307869 0.41873893
v 0.07270765 1.23319399 0.33062831
v 0.92759067 1.23319399 0.33062848
v 0.92759079 0.18024752 0.33062840
v 0.07270777 0.18024743 0.33062816
v 0.07057172 1.23476064 0.41874239
v 0.92972642 1.23476064 0.41874254
v 0.92972654 0.17868091 0.41874245
v 0.07057190 0.17868081 0.41874221
v 0.95637387 0.38790634 0.41874009
v 0.95637304 0.20532742 0.41874245
v 0.95637387 0.46404561 0.41873997
v 0.95637387 0.38790634 0.41874009
v 0.95637423 0.93707871 0.41873899
v 0.95637387 0.46404561 0.41873997
v 0.95637423 1.01307869 0.41873893
v 0.95637423 0.93707871 0.41873899
v 0.95450956 1.01319349 0.33046350
v 0.95450920 0.93736970 0.33046338
v 0.04577023 1.01825142 0.33047143
v 0.04541302 1.20588362 0.33062834
v 0.04392564 1.01337075 0.41874349
v 0.04392523 1.20811415 0.41874239
v 0.95450920 0.93736970 0.33046338
v 0.95452327 0.46328837 0.33046940
v 0.04578787 0.94982845 0.33046368
v 0.04577023 1.01825142 0.33047143
v 0.04415077 0.94062084 0.41941887
v 0.04392564 1.01337075 0.41874349
v 0.95451826 0.38793415 0.33046716
v 0.95488530 0.20755796 0.33062840
v 0.04572338 0.38654160 0.33049196
v 0.04577672 0.45431334 0.33046854
v 0.04392415 0.38645691 0.41873869
v 0.04395437 0.45750514 0.41882947
v 0.95452327 0.46328837 0.33046940
v 0.95451826 0.38793415 0.33046716
v 0.04577672 0.45431334 0.33046854
v 0.04578787 0.94982845 0.33046368
v 0.04395437 0.45750514 0.41882947
v 0.04415077 0.94062084 0.41941887
vt 0.62981308 0.50001347
vt 0.62983519 0.49981403
vt 0.60396630 0.49981403
vt 0.60859793 0.50519764
vt 0.62981308 0.50001347
vt 0.60859793 0.50519764
vt 0.63004339 0.50519764
vt 0.60192513 0.50063336
vt 0.60703611 0.50588059
vt 0.60103011 0.50152683
vt 0.60643405 0.50647879
vt 0.60021025 0.50356519
vt 0.60574442 0.50802708
vt 0.60574442 0.61830407
vt 0.60021025 0.62276590
vt 0.60103011 0.62480432
vt 0.60643405 0.61985242
vt 0.60192513 0.62569785
vt 0.60703611 0.62045062
vt 0.60396630 0.62651718
vt 0.60859793 0.62113351
vt 0.63061941 0.62651718
vt 0.63049716 0.62113351
vt 0.74530673 0.62569785
vt 0.74019551 0.62045062
vt 0.73863375 0.62113351
vt 0.74326539 0.62651718
vt 0.74620152 0.62480432
vt 0.74079788 0.61985242
vt 0.74702144 0.62276590
vt 0.74148726 0.61830407
vt 0.74148726 0.50802708
vt 0.74702144 0.50356519
vt 0.74620152 0.50152683
vt 0.74079788 0.50647879
vt 0.74530673 0.50063336
vt 0.74019551 0.50588059
vt 0.74326539 0.49981403
vt 0.73863375 0.50519764
vt 0.60859793 0.50519764
vt 0.60703611 0.50588059
vt 0.60643405 0.50647879
vt 0.60643405 0.50647879
vt 0.60574442 0.50802708
vt 0.60574442 0.61830407
vt 0.60574442 0.61830407
vt 0.60643405 0.61985242
vt 0.60703611 0.62045062
vt 0.60703611 0.62045062
vt 0.60859793 0.62113351
vt 0.63049716 0.62113351
vt 0.60574442 0.61830407
vt 0.60703611 0.62045062
vt 0.63049716 0.62113351
vt 0.60643405 0.50647879
vt 0.60574442 0.61830407
vt 0.63049716 0.62113351
vt 0.60859793 0.50519764
vt 0.60643405 0.50647879
vt 0.63049716 0.62113351
vt 0.63004339 0.50519764
vt 0.60859793 0.50519764
vt 0.63049716 0.62113351
vt 0.72408104 0.47306496
vt 0.72408104 0.46224964
vt 0.60344195 0.46224964
vt 0.60344195 0.47306496
vt 0.60344195 0.47901821
vt 0.60344195 0.48983353
vt 0.72408104 0.48983353
vt 0.72408104 0.47901821
vt 0.72711468 0.47901821
vt 0.72617447 0.47901821
vt 0.72617447 0.48983353
vt 0.72711468 0.48983353
vt 0.59743214 0.43314207
vt 0.59837234 0.43314207
vt 0.59837234 0.42232668
vt 0.59743214 0.42232668
vt 0.59749794 0.44038844
vt 0.59655797 0.44038844
vt 0.59655797 0.45120370
vt 0.59749794 0.45120370
vt 0.60134858 0.47901821
vt 0.60040832 0.47901821
vt 0.60040832 0.48983353
vt 0.60134858 0.48983353
vt 0.60046571 0.43314207
vt 0.60046571 0.42232668
vt 0.60134858 0.47306496
vt 0.60134858 0.46224964
vt 0.74247873 0.44038844
vt 0.74038529 0.44038844
vt 0.74038529 0.45120370
vt 0.74247873 0.45120370
vt 0.74125969 0.43314207
vt 0.74335313 0.43314207
vt 0.74335313 0.42232668
vt 0.74125969 0.42232668
vt 0.72617447 0.47306496
vt 0.72617447 0.46224964
vt 0.59959137 0.44038844
vt 0.59959137 0.45120370
vt 0.62708503 0.43314207
vt 0.62778658 0.42232668
vt 0.59973973 0.50318587
vt 0.59973979 0.62314534
vt 0.74749190 0.62314534
vt 0.74749190 0.50318587
vt 0.74572855 0.50020033
vt 0.74664724 0.50111842
vt 0.60058445 0.50111842
vt 0.60150337 0.50020027
vt 0.60150337 0.62613082
vt 0.60058445 0.62521273
vt 0.74664724 0.62521273
vt 0.74572855 0.62613082
vt 0.60357207 0.49935585
vt 0.74365962 0.62697536
vt 0.74365962 0.49935585
vt 0.60357207 0.62697536
vt 0.62990111 0.49940592
vt 0.63061088 0.62692261
vt 0.60356832 0.47366935
vt 0.72395450 0.47366935
vt 0.72395450 0.47841388
vt 0.60356832 0.47841388
vt 0.74321258 0.43374640
vt 0.74414450 0.43374640
vt 0.74429309 0.43314207
vt 0.59758067 0.43374640
vt 0.59851289 0.43374640
vt 0.59763867 0.43978411
vt 0.59670639 0.43978411
vt 0.74341893 0.44038844
vt 0.74327034 0.43978411
vt 0.74233818 0.43978411
vt 0.72603840 0.47841388
vt 0.60059702 0.43374640
vt 0.60148472 0.47366935
vt 0.74025381 0.43978411
vt 0.74112821 0.43374640
vt 0.72603840 0.47366935
vt 0.59972286 0.43978411
vt 0.60148472 0.47841388
vt 0.62715632 0.43374252
vt 0.62699711 0.44038844
vt 0.62698388 0.43978971
vt 0.60348201 0.46164465
vt 0.72404099 0.46164465
vt 0.72404099 0.49043852
vt 0.60348201 0.49043852
vt 0.72694373 0.49043852
vt 0.72606015 0.49043852
vt 0.59760308 0.42172170
vt 0.59848648 0.42172170
vt 0.59761226 0.45180869
vt 0.59672892 0.45180869
vt 0.60146290 0.49043852
vt 0.60057932 0.49043852
vt 0.60050577 0.42172170
vt 0.60146290 0.46164465
vt 0.74236459 0.45180869
vt 0.74034524 0.45180869
vt 0.74121964 0.42172170
vt 0.74323881 0.42172170
vt 0.72606015 0.46164465
vt 0.59963155 0.45180869
vt 0.62783277 0.42172158
vt 0.71474850 0.45120370
vt 0.71472538 0.45180839
vt 0.60078269 0.29221749
vt 0.60017371 0.29209638
vt 0.60017371 0.41252196
vt 0.60078245 0.39774966
vt 0.60078245 0.40425551
vt 0.60078269 0.41240084
vt 0.74708629 0.41240084
vt 0.74769491 0.41252196
vt 0.74769491 0.29209638
vt 0.74708629 0.40425551
vt 0.74708629 0.39774966
vt 0.74708629 0.29221749
vt 0.74577558 0.41469091
vt 0.74612045 0.41520709
vt 0.74690968 0.41441798
vt 0.74639356 0.41407311
vt 0.60147524 0.41407311
vt 0.60095912 0.41441798
vt 0.60174817 0.41520709
vt 0.60209310 0.41469091
vt 0.60209310 0.28992748
vt 0.60174817 0.28941125
vt 0.60095906 0.29020041
vt 0.60147524 0.29054534
vt 0.74639356 0.29054534
vt 0.74690974 0.29020041
vt 0.74612045 0.28941125
vt 0.74577558 0.28992748
vt 0.60364419 0.41599244
vt 0.60376525 0.41538346
vt 0.74422461 0.28862590
vt 0.74410355 0.28923476
vt 0.74410355 0.41538346
vt 0.74422461 0.41599244
vt 0.60376525 0.28923476
vt 0.60364419 0.28862590
vt 0.63092983 0.41598809
vt 0.63094401 0.41538346
vt 0.71867114 0.28863013
vt 0.71869373 0.28923476
vt 0.62699711 0.45120370
vt 0.63765860 0.45120370
vt 0.63765860 0.44038844
vt 0.71474850 0.44038844
vt 0.70406318 0.44038844
vt 0.70406318 0.45120370
vt 0.71869373 0.40361166
vt 0.71869373 0.40425861
vt 0.74708629 0.40425551
vt 0.71869373 0.40361166
vt 0.74708629 0.40425551
vt 0.74708629 0.39774966
vt 0.71869373 0.40361166
vt 0.74708629 0.39774966
vt 0.71869373 0.39774764
vt 0.64160496 0.41538346
vt 0.70800936 0.41538346
vt 0.70800936 0.40425861
vt 0.64160496 0.40489519
vt 0.64160496 0.41538346
vt 0.70800936 0.40425861
vt 0.64176393 0.40441775
vt 0.64160496 0.40489519
vt 0.70800936 0.40425861
vt 0.64224136 0.40425861
vt 0.64176393 0.40441775
vt 0.70800936 0.40425861
vt 0.74708629 0.29221749
vt 0.74639356 0.29054534
vt 0.74577558 0.28992748
vt 0.74577558 0.28992748
vt 0.74410355 0.28923476
vt 0.71869373 0.28923476
vt 0.74708629 0.29221749
vt 0.74577558 0.28992748
vt 0.71869373 0.28923476
vt 0.74708629 0.29221749
vt 0.71869373 0.28923476
vt 0.71869373 0.39774764
vt 0.74708629 0.39774966
vt 0.74708629 0.29221749
vt 0.71869373 0.39774764
vt 0.71869373 0.41538346
vt 0.74410355 0.41538346
vt 0.74577558 0.41469091
vt 0.74577558 0.41469091
vt 0.74639356 0.41407311
vt 0.74708629 0.41240084
vt 0.71869373 0.41538346
vt 0.74577558 0.41469091
vt 0.74708629 0.41240084
vt 0.71869373 0.41538346
vt 0.74708629 0.41240084
vt 0.74708629 0.40425551
vt 0.71869373 0.40425861
vt 0.71869373 0.41538346
vt 0.74708629 0.40425551
vt 0.70800936 0.28923476
vt 0.70800936 0.39774764
vt 0.70860469 0.39774764
vt 0.71869373 0.28923476
vt 0.70800936 0.28923476
vt 0.70860469 0.39774764
vt 0.71869373 0.39774764
vt 0.71869373 0.28923476
vt 0.70860469 0.39774764
vt 0.70800936 0.41538346
vt 0.71869373 0.41538346
vt 0.71869373 0.40425861
vt 0.70800936 0.41538346
vt 0.71869373 0.40425861
vt 0.70861411 0.40425861
vt 0.70800936 0.40425861
vt 0.70800936 0.41538346
vt 0.70861411 0.40425861
vt 0.69844198 0.11815333
vt 0.69843709 0.13696086
vt 0.70655847 0.13696313
vt 0.70656323 0.11815548
vt 0.72826231 0.13696873
vt 0.72826731 0.11816108
vt 0.72114539 0.11815917
vt 0.72114027 0.13696694
vt 0.74400771 0.13697278
vt 0.74401259 0.11816502
vt 0.73532498 0.11816311
vt 0.73531985 0.13697064
vt 0.74928308 0.13697398
vt 0.74938488 0.11816645
vt 0.76175928 0.13697743
vt 0.76176417 0.11816990
vt 0.75478387 0.11816788
vt 0.75487578 0.13697553
vt 0.76962316 0.13697958
vt 0.76962829 0.11817181
vt 0.77818906 0.13698184
vt 0.77819395 0.11817396
vt 0.78521430 0.13698328
vt 0.78521943 0.11817551
vt 0.71451485 0.13696527
vt 0.71451974 0.11815751
vt 0.69087541 0.11815143
vt 0.69087052 0.13695896
vt 0.70500267 0.14270115
vt 0.69620299 0.14269900
vt 0.69620299 0.15027463
vt 0.70500302 0.15027666
vt 0.72131670 0.15023696
vt 0.72900784 0.15023696
vt 0.72900784 0.14266133
vt 0.72131670 0.14266133
vt 0.73632812 0.15023696
vt 0.74506605 0.15023708
vt 0.74506605 0.14266145
vt 0.73632812 0.14266133
vt 0.75221992 0.15024471
vt 0.75221992 0.14266896
vt 0.75878835 0.15025210
vt 0.76596868 0.15025198
vt 0.76596868 0.14267647
vt 0.75878835 0.14267647
vt 0.77435088 0.15025210
vt 0.77435088 0.14267647
vt 0.78309774 0.15025222
vt 0.78309774 0.14267659
vt 0.78412211 0.15025222
vt 0.78412211 0.14267659
vt 0.71386909 0.14266133
vt 0.71386909 0.15023696
vt 0.68986428 0.15027463
vt 0.68986428 0.14269900
vt 0.67281246 0.20791531
vt 0.67775178 0.19743180
vt 0.67040330 0.19508898
vt 0.66642094 0.20359778
vt 0.60934854 0.15524578
vt 0.61483270 0.16545486
vt 0.62098819 0.16080725
vt 0.61656392 0.15251970
vt 0.62905943 0.17673862
vt 0.63649321 0.17914701
vt 0.63823366 0.17163277
vt 0.63223326 0.16970897
vt 0.65190232 0.22272754
vt 0.65919900 0.21993172
vt 0.65565979 0.21307862
vt 0.64976877 0.21531534
vt 0.64387918 0.18022966
vt 0.65310824 0.17943203
vt 0.65224600 0.17237318
vt 0.64436853 0.17253220
vt 0.63532501 0.22388637
vt 0.64458340 0.22419739
vt 0.64368987 0.21653616
vt 0.63581479 0.21679175
vt 0.66116893 0.17635751
vt 0.65786332 0.16998494
vt 0.62711406 0.22124004
vt 0.63007963 0.21470249
vt 0.66773576 0.17104101
vt 0.67246020 0.16433394
vt 0.66758502 0.16113055
vt 0.66302973 0.16625977
vt 0.61520606 0.20982707
vt 0.62027645 0.21627629
vt 0.62472457 0.21125424
vt 0.61990571 0.20637167
vt 0.67563772 0.15647805
vt 0.67076159 0.15465200
vt 0.61161965 0.20214927
vt 0.61639273 0.20006931
vt 0.67758727 0.14809370
vt 0.67296052 0.14729428
vt 0.60923165 0.19387913
vt 0.61381006 0.19283748
vt 0.67811334 0.14256310
vt 0.67423987 0.14166069
vt 0.70651662 0.17927909
vt 0.69050789 0.17927909
vt 0.68969381 0.17955029
vt 0.68942237 0.18036425
vt 0.68942237 0.18434119
vt 0.68969381 0.18515515
vt 0.69050789 0.18542659
vt 0.70651662 0.18542659
vt 0.70733070 0.18515515
vt 0.70760202 0.18434119
vt 0.70733070 0.17955029
vt 0.70760202 0.18036425
vt 0.60841560 0.18838394
vt 0.61223614 0.18727899
vt 0.66580325 0.21549928
vt 0.66080189 0.20962727
vt 0.62223101 0.17265975
vt 0.62691665 0.16653299
vt 0.60670167 0.14797699
vt 0.61489320 0.14549494
vt 0.68001270 0.19003391
vt 0.67169523 0.18743730
vt 0.68879521 0.14269900
vt 0.68879521 0.15027463
vt 0.63094401 0.39790678
vt 0.63094401 0.39774776
vt 0.60078245 0.39774966
vt 0.63094401 0.39838421
vt 0.63094401 0.39790678
vt 0.60078245 0.39774966
vt 0.63094401 0.40362203
vt 0.63094401 0.39838421
vt 0.60078245 0.39774966
vt 0.63094401 0.40362203
vt 0.60078245 0.39774966
vt 0.60078245 0.40425551
vt 0.63094401 0.40410960
vt 0.63094401 0.40362203
vt 0.60078245 0.40425551
vt 0.63094401 0.40426826
vt 0.63094401 0.40410960
vt 0.60078245 0.40425551
vt 0.61542141 0.14518762
vt 0.61487186 0.14494765
vt 0.63110316 0.39790678
vt 0.63110316 0.39774776
vt 0.63094401 0.39774776
vt 0.63094401 0.39774776
vt 0.63094401 0.39790678
vt 0.63110316 0.39790678
vt 0.64144576 0.39790678
vt 0.64160496 0.39790678
vt 0.64160472 0.39774776
vt 0.64144576 0.39774776
vt 0.64176393 0.40441775
vt 0.64176393 0.40409946
vt 0.64160496 0.40396059
vt 0.64144576 0.40411985
vt 0.64144576 0.40441775
vt 0.63094401 0.40426826
vt 0.60078245 0.40425551
vt 0.60078269 0.41240084
vt 0.60078269 0.41240084
vt 0.60147524 0.41407311
vt 0.60209310 0.41469091
vt 0.60209310 0.41469091
vt 0.60376525 0.41538346
vt 0.63094401 0.41538346
vt 0.60078269 0.41240084
vt 0.60209310 0.41469091
vt 0.63094401 0.41538346
vt 0.63094401 0.40426826
vt 0.60078269 0.41240084
vt 0.63094401 0.41538346
vt 0.69861650 0.11719680
vt 0.70658123 0.11719906
vt 0.70657599 0.13791955
vt 0.69861114 0.13791740
vt 0.72825861 0.13792515
vt 0.72107410 0.13792348
vt 0.72107995 0.11720264
vt 0.72826397 0.11720467
vt 0.74413359 0.13792932
vt 0.73536825 0.13792694
vt 0.73537350 0.11720634
vt 0.74413919 0.11720872
vt 0.74938297 0.13788116
vt 0.74948573 0.11736548
vt 0.76161051 0.13793397
vt 0.75484538 0.13788116
vt 0.75475132 0.11736524
vt 0.76161587 0.11721313
vt 0.76956701 0.13793588
vt 0.76957262 0.11721528
vt 0.77824080 0.13793802
vt 0.77824640 0.11721778
vt 0.78520656 0.13794005
vt 0.78521216 0.11721921
vt 0.71438539 0.11720097
vt 0.71437979 0.13792157
vt 0.69102609 0.13791573
vt 0.69087565 0.11719489
vt 0.70447838 0.17195368
vt 0.70449328 0.17113948
vt 0.69545484 0.17113173
vt 0.69530678 0.17194593
vt 0.69530678 0.15430915
vt 0.69545484 0.15512335
vt 0.70448065 0.15512502
vt 0.70446575 0.15431094
vt 0.72133470 0.15431273
vt 0.72127879 0.15512693
vt 0.72926784 0.15512693
vt 0.72927082 0.15431273
vt 0.72929657 0.17196131
vt 0.72929335 0.17114711
vt 0.72130430 0.17114711
vt 0.72136021 0.17196119
vt 0.73685026 0.15431273
vt 0.73689163 0.15512693
vt 0.74599946 0.15512693
vt 0.74589181 0.15431285
vt 0.74591732 0.17196131
vt 0.74602509 0.17114711
vt 0.73691714 0.17114711
vt 0.73687577 0.17196131
vt 0.75353575 0.15513682
vt 0.75354028 0.15432274
vt 0.75355291 0.17196524
vt 0.75354838 0.17115128
vt 0.76057649 0.15433240
vt 0.76045930 0.15514660
vt 0.76798773 0.15514660
vt 0.76811385 0.15433240
vt 0.76811385 0.17196929
vt 0.76798773 0.17115510
vt 0.76045930 0.17115521
vt 0.76057649 0.17196929
vt 0.77665818 0.15514660
vt 0.77670574 0.15433240
vt 0.77670574 0.17196929
vt 0.77665818 0.17115521
vt 0.78563261 0.15514660
vt 0.78558838 0.15433252
vt 0.78558838 0.17196941
vt 0.78563261 0.17115533
vt 0.79094410 0.15514684
vt 0.79095042 0.15433264
vt 0.79095042 0.17196941
vt 0.79094410 0.17115557
vt 0.71363962 0.17196119
vt 0.71352482 0.17114711
vt 0.71349907 0.15512693
vt 0.71361387 0.15431273
vt 0.68872881 0.15430915
vt 0.68886149 0.15512335
vt 0.68886149 0.17113173
vt 0.68872881 0.17194593
vt 0.68361759 0.17113173
vt 0.68361759 0.17194593
vt 0.68361759 0.15430915
vt 0.68361759 0.15512335
vt 0.63094401 0.39838421
vt 0.63110316 0.39790678
vt 0.63094401 0.39790678
vt 0.63110316 0.39790678
vt 0.63158059 0.39774764
vt 0.63110316 0.39774776
vt 0.64096832 0.39774764
vt 0.64160472 0.39838421
vt 0.64160496 0.40489519
vt 0.64224136 0.40425861
vt 0.64160496 0.40362203
vt 0.61542141 0.14518762
vt 0.61489320 0.14549494
vt 0.61570752 0.14532101
vt 0.64096832 0.40425861
vt 0.63094401 0.40426826
vt 0.63094401 0.41538346
vt 0.64160496 0.41538346
vt 0.63110316 0.40427780
vt 0.63094401 0.40426826
vt 0.64160496 0.41538346
vt 0.64160496 0.41538346
vt 0.64160496 0.40489519
vt 0.64144576 0.40441775
vt 0.63110316 0.40427780
vt 0.64160496 0.41538346
vt 0.64144576 0.40441775
vt 0.63158059 0.40425861
vt 0.63110316 0.40427780
vt 0.64144576 0.40441775
vt 0.63158059 0.40425861
vt 0.64144576 0.40441775
vt 0.64096832 0.40425861
vt 0.66962767 0.19484162
vt 0.66574615 0.20314205
vt 0.62163818 0.16031671
vt 0.61732543 0.15223181
vt 0.63841748 0.17083955
vt 0.63256824 0.16896689
vt 0.65528619 0.21235526
vt 0.64954340 0.21453309
vt 0.65209138 0.17157364
vt 0.64442003 0.17171955
vt 0.64359558 0.21572757
vt 0.63592732 0.21598554
vt 0.65744138 0.16928875
vt 0.63046467 0.21398497
vt 0.66696274 0.16060543
vt 0.66238821 0.16575849
vt 0.62533879 0.21071982
vt 0.62049961 0.20581472
vt 0.67000926 0.15434086
vt 0.61712760 0.19971895
vt 0.67214739 0.14725161
vt 0.61461973 0.19275224
vt 0.67344880 0.14146721
vt 0.61301565 0.18704426
vt 0.66027391 0.20900750
vt 0.62741107 0.16588616
vt 0.61570752 0.14532101
vt 0.67087680 0.18766272
vt 0.67348695 0.20837104
vt 0.67852747 0.19767904
vt 0.60858703 0.15553355
vt 0.61418295 0.16594553
vt 0.62872446 0.17748082
vt 0.63630950 0.17993999
vt 0.65212739 0.22350991
vt 0.65957266 0.22065508
vt 0.64382744 0.18104219
vt 0.65326303 0.18023145
vt 0.63521266 0.22469270
vt 0.64467776 0.22500610
vt 0.66159093 0.17705369
vt 0.62672925 0.22195745
vt 0.66837746 0.17154229
vt 0.67308247 0.16485882
vt 0.61461222 0.21038401
vt 0.61966217 0.21681070
vt 0.67639005 0.15678906
vt 0.61088455 0.20249951
vt 0.67840040 0.14813626
vt 0.60842192 0.19396448
vt 0.67890406 0.14275658
vt 0.60763609 0.18861878
vt 0.66633123 0.21611905
vt 0.62173665 0.17330647
vt 0.60592258 0.14821327
vt 0.68080318 0.19022882
vt 0.68109071 0.18484747
vt 0.68030584 0.18506384
vt 0.60614747 0.14302933
vt 0.60535234 0.14285457
vt 0.70800936 0.39832866
vt 0.70800936 0.39774764
vt 0.64160472 0.39774776
vt 0.70800936 0.40368450
vt 0.70800936 0.39832866
vt 0.64160472 0.39774776
vt 0.64160472 0.39838421
vt 0.64160496 0.40362203
vt 0.64176393 0.40409946
vt 0.64176393 0.40409946
vt 0.64160472 0.39774776
vt 0.64160496 0.39790678
vt 0.64176393 0.40409946
vt 0.70800936 0.40368450
vt 0.64160472 0.39774776
vt 0.64176393 0.40409946
vt 0.70800936 0.40368450
vt 0.64176393 0.40409946
vt 0.64224136 0.40425861
vt 0.70800936 0.40425861
vt 0.70800936 0.40368450
vt 0.64224136 0.40425861
vt 0.64160472 0.39774776
vt 0.70800936 0.39774764
vt 0.70800936 0.28923476
vt 0.70800936 0.28923476
vt 0.64160496 0.28923476
vt 0.64160472 0.39774776
vt 0.63110316 0.39774776
vt 0.63158059 0.39774764
vt 0.64096832 0.39774764
vt 0.64144576 0.39774776
vt 0.64144576 0.39774776
vt 0.63094401 0.28923476
vt 0.63110316 0.39774776
vt 0.63094401 0.39774776
vt 0.63094401 0.28923476
vt 0.60376525 0.28923476
vt 0.60209310 0.28992748
vt 0.60209310 0.28992748
vt 0.60147524 0.29054534
vt 0.60078269 0.29221749
vt 0.63094401 0.28923476
vt 0.60209310 0.28992748
vt 0.60078269 0.29221749
vt 0.63094401 0.28923476
vt 0.60078269 0.29221749
vt 0.60078245 0.39774966
vt 0.63094401 0.39774776
vt 0.63094401 0.28923476
vt 0.60078245 0.39774966
vt 0.63158059 0.40425861
vt 0.63110316 0.40411985
vt 0.63110316 0.40427780
vt 0.63094401 0.40426826
vt 0.63110316 0.40427780
vt 0.63110316 0.40411985
vt 0.63110316 0.40411985
vt 0.63094401 0.40410960
vt 0.63094401 0.40426826
vt 0.63094401 0.40410960
vt 0.63110316 0.40411985
vt 0.63094401 0.40362203
vt 0.70800936 0.39774764
vt 0.70800936 0.39838421
vt 0.70816839 0.39790678
vt 0.70864570 0.40425861
vt 0.70816839 0.40411985
vt 0.70800936 0.40425861
vt 0.71803343 0.40425861
vt 0.71869373 0.40425861
vt 0.71851087 0.40411985
vt 0.71851087 0.39790678
vt 0.71869373 0.39838421
vt 0.71869373 0.39774764
vt 0.71869373 0.39774764
vt 0.71803343 0.39774776
vt 0.71851087 0.39790678
vt 0.68652916 0.16806364
vt 0.68652916 0.15819132
vt 0.68886149 0.16806376
vt 0.69545484 0.16806376
vt 0.70449328 0.16807139
vt 0.71352482 0.16807890
vt 0.72130430 0.16807890
vt 0.72929335 0.16807890
vt 0.73691714 0.16807890
vt 0.74602509 0.16807902
vt 0.75354862 0.16808319
vt 0.76045930 0.16808724
vt 0.76798773 0.16808712
vt 0.77665818 0.16808724
vt 0.78563261 0.16808724
vt 0.78789937 0.16808736
vt 0.78789937 0.15821481
vt 0.78563261 0.15821481
vt 0.77665818 0.15821469
vt 0.76798773 0.15821469
vt 0.76045930 0.15821469
vt 0.75353575 0.15820491
vt 0.74599946 0.15819514
vt 0.73689163 0.15819514
vt 0.72926784 0.15819502
vt 0.72127879 0.15819502
vt 0.71349907 0.15819502
vt 0.70448065 0.15819311
vt 0.69545484 0.15819132
vt 0.68886149 0.15819132
vt 0.71051502 0.21030903
vt 0.72038722 0.21030903
vt 0.71923888 0.20839691
vt 0.71923888 0.20839691
vt 0.71166337 0.20839691
vt 0.71051502 0.21030903
vt 0.68110490 0.13711596
vt 0.68088174 0.13466871
vt 0.67938745 0.13499224
vt 0.67947817 0.13611138
vt 0.67831016 0.12729597
vt 0.67690659 0.12790215
vt 0.67281806 0.11674178
vt 0.67158467 0.11764526
vt 0.66531277 0.10922742
vt 0.66436470 0.11042678
vt 0.65832907 0.10492742
vt 0.65767860 0.10631096
vt 0.65072727 0.10234892
vt 0.65035945 0.10383284
vt 0.64318085 0.10113907
vt 0.64311445 0.10266626
vt 0.63366652 0.10182667
vt 0.63398755 0.10332143
vt 0.62520707 0.10492563
vt 0.62595356 0.10625970
vt 0.61827350 0.11040938
vt 0.61937702 0.11146724
vt 0.61348581 0.11702132
vt 0.61481595 0.11777461
vt 0.61002576 0.12511659
vt 0.61147553 0.12560153
vt 0.60787821 0.13383102
vt 0.60938406 0.13409555
vt 0.60763609 0.13610220
vt 0.60927784 0.13512254
vt 0.73361194 0.20816088
vt 0.72373950 0.20816088
vt 0.72488785 0.21007299
vt 0.72488785 0.21007299
vt 0.73246336 0.21007299
vt 0.73361194 0.20816088
vt 0.75821376 0.22500610
vt 0.75805652 0.22272730
vt 0.75654185 0.22293544
vt 0.75660968 0.22396564
vt 0.75623608 0.21393883
vt 0.75476909 0.21436930
vt 0.75308084 0.20571995
vt 0.75172353 0.20642316
vt 0.74854362 0.19893384
vt 0.74740112 0.19994974
vt 0.74181950 0.19319475
vt 0.74102366 0.19450009
vt 0.73348188 0.18978202
vt 0.73310518 0.19126356
vt 0.72399986 0.18873942
vt 0.72400916 0.19026816
vt 0.71641338 0.18966663
vt 0.71672547 0.19116318
vt 0.70872056 0.19195926
vt 0.70931911 0.19336629
vt 0.70158112 0.19599557
vt 0.70248365 0.19722939
vt 0.69380069 0.20322418
vt 0.69499898 0.20417309
vt 0.68791795 0.21356583
vt 0.68929756 0.21422398
vt 0.68507266 0.22083724
vt 0.68655372 0.22121644
vt 0.68475807 0.22327459
vt 0.68642128 0.22233129
vt 0.74631524 0.10520947
vt 0.75143039 0.10637701
vt 0.75654531 0.10520947
vt 0.74631524 0.10520947
vt 0.75654531 0.10520947
vt 0.76064718 0.10193837
vt 0.74221361 0.10193837
vt 0.74631524 0.10520947
vt 0.76064718 0.10193837
vt 0.74221361 0.10193837
vt 0.76064718 0.10193837
vt 0.76292348 0.09721160
vt 0.73993707 0.09721160
vt 0.74221361 0.10193837
vt 0.76292348 0.09721160
vt 0.76292348 0.09196508
vt 0.76292348 0.09196508
vt 0.76064718 0.08723831
vt 0.75654531 0.08396709
vt 0.75654531 0.08396709
vt 0.75143039 0.08279979
vt 0.74631524 0.08396709
vt 0.74221361 0.08723831
vt 0.73993707 0.09196508
vt 0.64371705 0.06352222
vt 0.64883149 0.06468952
vt 0.65394586 0.06352222
vt 0.63985163 0.06093216
vt 0.63985163 0.06093216
vt 0.65394586 0.06352222
vt 0.65804732 0.06025124
vt 0.63928866 0.06051207
vt 0.65804732 0.06025124
vt 0.63928866 0.06051207
vt 0.65804732 0.06025124
vt 0.66028702 0.05560064
vt 0.63733912 0.05552495
vt 0.63928866 0.06051207
vt 0.66028702 0.05560064
vt 0.63733912 0.05552495
vt 0.66028702 0.05560064
vt 0.66032016 0.05027187
vt 0.63733965 0.05027890
vt 0.63733912 0.05552495
vt 0.66032016 0.05027187
vt 0.63961560 0.04555249
vt 0.65804732 0.04555249
vt 0.63961560 0.04555249
vt 0.65804732 0.04555249
vt 0.65394586 0.04228163
vt 0.64371705 0.04228163
vt 0.65394586 0.04228163
vt 0.64371705 0.04228163
vt 0.65394586 0.04228163
vt 0.64883149 0.04111433
vt 0.65294850 0.07512760
vt 0.64783871 0.07396150
vt 0.64271241 0.07513154
vt 0.64271241 0.09642208
vt 0.64783871 0.09759223
vt 0.65182668 0.09668207
vt 0.64271241 0.09642208
vt 0.65182668 0.09668207
vt 0.65296531 0.09642208
vt 0.64271241 0.09642208
vt 0.65296531 0.09642208
vt 0.65707648 0.09314370
vt 0.63868797 0.09321272
vt 0.64271241 0.09642208
vt 0.65707648 0.09314370
vt 0.63868797 0.09321272
vt 0.65707648 0.09314370
vt 0.65935802 0.08840609
vt 0.63807523 0.09204996
vt 0.65935802 0.08840609
vt 0.63631994 0.08831441
vt 0.63631994 0.08831441
vt 0.65935802 0.08840609
vt 0.65935802 0.08314764
vt 0.63631994 0.08314776
vt 0.65935802 0.08314764
vt 0.63860118 0.07841015
vt 0.64271241 0.07513154
vt 0.65935802 0.08314764
vt 0.65707719 0.07841158
vt 0.65707719 0.07841158
vt 0.66337371 0.44926256
vt 0.66293591 0.44936252
vt 0.67588079 0.44841951
vt 0.66466880 0.44822967
vt 0.66337371 0.44926256
vt 0.67588079 0.44841951
vt 0.66466880 0.44822967
vt 0.67588079 0.44841951
vt 0.67564285 0.44822967
vt 0.75126052 0.06925714
vt 0.75662744 0.06806386
vt 0.76064873 0.06485701
vt 0.74631619 0.06812847
vt 0.75126052 0.06925714
vt 0.76064873 0.06485701
vt 0.74631619 0.06812847
vt 0.76064873 0.06485701
vt 0.76292515 0.06013000
vt 0.76292515 0.05488324
vt 0.74222350 0.06486464
vt 0.74631619 0.06812847
vt 0.76292515 0.05488324
vt 0.74222350 0.06486464
vt 0.76064873 0.05015600
vt 0.76064873 0.05015600
vt 0.75654650 0.04688454
vt 0.75143158 0.04571700
vt 0.75143158 0.04571700
vt 0.74631619 0.04688454
vt 0.74221408 0.05015588
vt 0.73993754 0.05488312
vt 0.73993754 0.06000388
vt 0.76064873 0.05015600
vt 0.75143158 0.04571700
vt 0.73993754 0.06000388
vt 0.74222350 0.06486464
vt 0.76064873 0.05015600
vt 0.73993754 0.06000388
vt 0.69105804 0.03700650
vt 0.68339586 0.03525758
vt 0.68339586 0.03674138
vt 0.69041431 0.03834319
vt 0.67573333 0.03700638
vt 0.67637694 0.03834319
vt 0.66958821 0.04190671
vt 0.67074847 0.04283190
vt 0.66617858 0.04898787
vt 0.66762489 0.04931808
vt 0.66617858 0.05684745
vt 0.66762489 0.05651712
vt 0.66958821 0.06392837
vt 0.67074847 0.06300330
vt 0.67573333 0.06882882
vt 0.67637694 0.06749201
vt 0.68339586 0.07057762
vt 0.68339586 0.06909394
vt 0.69105804 0.06882882
vt 0.69041431 0.06749201
vt 0.69720304 0.06392860
vt 0.69604278 0.06300342
vt 0.70061314 0.05684745
vt 0.69916642 0.05651712
vt 0.70061314 0.04898787
vt 0.69916642 0.04931808
vt 0.69720304 0.04190671
vt 0.69604278 0.04283190
vt 0.72729337 0.07412720
vt 0.71963096 0.07237852
vt 0.71963096 0.07386220
vt 0.72664964 0.07546401
vt 0.71196842 0.07412720
vt 0.71261251 0.07546413
vt 0.70582390 0.07902753
vt 0.70698357 0.07995272
vt 0.70241368 0.08610868
vt 0.70386052 0.08643889
vt 0.70241368 0.09396815
vt 0.70386052 0.09363794
vt 0.70582390 0.10104918
vt 0.70698404 0.10012400
vt 0.67927039 0.62738585
vt 0.67950833 0.62738585
vt 0.67969835 0.62699383
vt 0.67951488 0.62699383
vt 0.70695317 0.10194993
vt 0.71196842 0.10594952
vt 0.71261251 0.10461271
vt 0.70785499 0.10081899
vt 0.71963096 0.10769844
vt 0.71963096 0.10621464
vt 0.72729337 0.10594940
vt 0.72664964 0.10461271
vt 0.73343813 0.10104930
vt 0.73227823 0.10012412
vt 0.73679900 0.09407043
vt 0.73535454 0.09373605
vt 0.73684812 0.08610868
vt 0.73539960 0.08643460
vt 0.73343813 0.07902753
vt 0.73227823 0.07995272
vt 0.69103491 0.07412195
vt 0.68339586 0.07237852
vt 0.68339586 0.07386220
vt 0.69039249 0.07545912
vt 0.67573333 0.07412720
vt 0.67637694 0.07546401
vt 0.66958821 0.07902741
vt 0.67074847 0.07995260
vt 0.66617858 0.08610868
vt 0.66762489 0.08643889
vt 0.66617858 0.09384024
vt 0.66762489 0.09351742
vt 0.66865724 0.09911549
vt 0.66995239 0.09847009
vt 0.66974044 0.10117042
vt 0.67087924 0.10022807
vt 0.67573333 0.10594952
vt 0.67637694 0.10461271
vt 0.68339586 0.10769844
vt 0.68339586 0.10621464
vt 0.68898058 0.10642385
vt 0.68865883 0.10501337
vt 0.69105804 0.10594952
vt 0.69041431 0.10461271
vt 0.69720304 0.10104930
vt 0.69604278 0.10012412
vt 0.70061314 0.09396815
vt 0.69916642 0.09363794
vt 0.70061266 0.08610857
vt 0.69916642 0.08643878
vt 0.69720304 0.07902741
vt 0.69604301 0.07995355
vt 0.72729337 0.03705633
vt 0.71963120 0.03530741
vt 0.71963120 0.03679132
vt 0.72664964 0.03839314
vt 0.71196890 0.03705633
vt 0.71261251 0.03839314
vt 0.70582390 0.04195678
vt 0.70698404 0.04288173
vt 0.70241368 0.04903793
vt 0.70386052 0.04936814
vt 0.70241368 0.05672717
vt 0.70386052 0.05640399
vt 0.70582390 0.06397867
vt 0.70698941 0.06305766
vt 0.71196890 0.06887889
vt 0.71261251 0.06754220
vt 0.71941149 0.07057762
vt 0.71941590 0.06909478
vt 0.72738647 0.06880474
vt 0.72674620 0.06746531
vt 0.73343837 0.06397843
vt 0.73227823 0.06305337
vt 0.73684812 0.05689752
vt 0.73540175 0.05656707
vt 0.73684812 0.04903793
vt 0.73540175 0.04936814
vt 0.73343837 0.04195690
vt 0.73227823 0.04288185
vt 0.62326801 0.06473267
vt 0.61740005 0.06473267
vt 0.61740005 0.06602538
vt 0.62326801 0.06602538
vt 0.61153239 0.06473267
vt 0.61153239 0.06602538
vt 0.60682690 0.06473267
vt 0.60682690 0.06602538
vt 0.75566721 0.07252574
vt 0.75019526 0.07252574
vt 0.75019526 0.07383013
vt 0.75566721 0.07383013
vt 0.74412119 0.07252574
vt 0.74412119 0.07383013
vt 0.73864901 0.07252574
vt 0.73864901 0.07383013
vt 0.60682690 0.07221210
vt 0.61153293 0.07221210
vt 0.61153293 0.07091951
vt 0.60682690 0.07091951
vt 0.61740059 0.07221210
vt 0.61740059 0.07091951
vt 0.62326801 0.07221210
vt 0.62326801 0.07091951
vt 0.62797356 0.07221210
vt 0.62797356 0.07091951
vt 0.62384558 0.08599651
vt 0.61837316 0.08599651
vt 0.61837316 0.08730114
vt 0.62384558 0.08730114
vt 0.61229932 0.08599651
vt 0.61229932 0.08730114
vt 0.60682690 0.08599651
vt 0.60682690 0.08730114
vt 0.62797356 0.06473267
vt 0.62797356 0.06602538
vt 0.62326825 0.06782603
vt 0.61740059 0.06782603
vt 0.61740059 0.06911874
vt 0.62326825 0.06911874
vt 0.61153239 0.06782603
vt 0.61153239 0.06911874
vt 0.60682690 0.06782603
vt 0.60682690 0.06911874
vt 0.75605249 0.07697201
vt 0.75045633 0.07697201
vt 0.75045633 0.07830608
vt 0.75605249 0.07830608
vt 0.74424493 0.07697201
vt 0.74424493 0.07830608
vt 0.73864901 0.07697201
vt 0.73864901 0.07830608
vt 0.63502872 0.07083631
vt 0.63576108 0.07083631
vt 0.63576108 0.06953681
vt 0.63502872 0.06953681
vt 0.63975978 0.07083631
vt 0.63975978 0.06953681
vt 0.64565879 0.07083631
vt 0.64565879 0.06953681
vt 0.65155858 0.07083631
vt 0.65155858 0.06953681
vt 0.65628934 0.07083631
vt 0.65628934 0.06953681
vt 0.62317687 0.04934549
vt 0.61799908 0.04934549
vt 0.61799908 0.05059886
vt 0.62317687 0.05059886
vt 0.61208081 0.04934549
vt 0.61208081 0.05059886
vt 0.60682690 0.04934549
vt 0.60682690 0.05059886
vt 0.62797356 0.06782603
vt 0.62797356 0.06911874
vt 0.62324905 0.06163931
vt 0.61739981 0.06163931
vt 0.61739981 0.06293201
vt 0.62324905 0.06293201
vt 0.61153239 0.06163931
vt 0.61153239 0.06293201
vt 0.60682690 0.06163931
vt 0.60682690 0.06293201
vt 0.65315461 0.03534722
vt 0.64768314 0.03534722
vt 0.64768314 0.03665137
vt 0.65315461 0.03665137
vt 0.64171219 0.03534722
vt 0.64171219 0.03665137
vt 0.63753390 0.03534722
vt 0.63753390 0.03665137
vt 0.63605106 0.03534722
vt 0.63605106 0.03665137
vt 0.60682690 0.05674601
vt 0.61142230 0.05674601
vt 0.61142230 0.05545378
vt 0.60682690 0.05545378
vt 0.61728752 0.05674601
vt 0.61728752 0.05545378
vt 0.62168634 0.05674601
vt 0.62168634 0.05545378
vt 0.62315357 0.05674601
vt 0.62315357 0.05545378
vt 0.62785780 0.05674601
vt 0.62785780 0.05545378
vt 0.62318027 0.05239952
vt 0.61792171 0.05239952
vt 0.61792171 0.05365312
vt 0.62318027 0.05365312
vt 0.61208516 0.05239952
vt 0.61208516 0.05365312
vt 0.60682690 0.05239952
vt 0.60682690 0.05365312
vt 0.62797308 0.06163931
vt 0.62797308 0.06293201
vt 0.62326801 0.07401288
vt 0.61740005 0.07401288
vt 0.61740005 0.07530534
vt 0.62326801 0.07530534
vt 0.61153239 0.07401288
vt 0.61153239 0.07530534
vt 0.60682690 0.07401288
vt 0.60682690 0.07530534
vt 0.62383413 0.07710624
vt 0.61836660 0.07710624
vt 0.61836660 0.07840955
vt 0.62383413 0.07840955
vt 0.61243570 0.07710624
vt 0.61243570 0.07840955
vt 0.60682690 0.07710624
vt 0.60682690 0.07840955
vt 0.60682690 0.05983877
vt 0.61152512 0.05983877
vt 0.61152512 0.05854678
vt 0.60682690 0.05854678
vt 0.61720979 0.05983877
vt 0.61720979 0.05854678
vt 0.62333393 0.05983877
vt 0.62333393 0.05854678
vt 0.62795627 0.05983877
vt 0.62795627 0.05854678
vt 0.62384510 0.08155036
vt 0.61837316 0.08155036
vt 0.61837316 0.08285475
vt 0.62384510 0.08285475
vt 0.61229932 0.08155036
vt 0.61229932 0.08285475
vt 0.60682690 0.08155036
vt 0.60682690 0.08285475
vt 0.62797356 0.07401288
vt 0.62797356 0.07530534
vt 0.75654531 0.08396709
vt 0.75711846 0.08277643
vt 0.75143039 0.08147836
vt 0.75143039 0.08279979
vt 0.74574232 0.08277643
vt 0.74631524 0.08396709
vt 0.74118042 0.08641434
vt 0.74221361 0.08723831
vt 0.73864901 0.09167111
vt 0.73993707 0.09196508
vt 0.74988902 0.07517135
vt 0.75019526 0.07383013
vt 0.74412119 0.07383013
vt 0.74442732 0.07517135
vt 0.73993707 0.09721160
vt 0.73864901 0.09750557
vt 0.74118042 0.10276234
vt 0.74221361 0.10193837
vt 0.74574232 0.10640013
vt 0.74631524 0.10520947
vt 0.75143039 0.10769844
vt 0.75143039 0.10637701
vt 0.75711846 0.10640013
vt 0.75654531 0.10520947
vt 0.76168036 0.10276234
vt 0.76064718 0.10193837
vt 0.76421177 0.09750557
vt 0.76292348 0.09721160
vt 0.61806685 0.08864236
vt 0.61837316 0.08730114
vt 0.61229932 0.08730114
vt 0.61260557 0.08864236
vt 0.76292348 0.09196508
vt 0.76421177 0.09167111
vt 0.76168036 0.08641434
vt 0.76064718 0.08723831
vt 0.65394586 0.04228163
vt 0.65451932 0.04109120
vt 0.64883149 0.03979290
vt 0.64883149 0.04111433
vt 0.64314365 0.04109120
vt 0.64371705 0.04228163
vt 0.63858247 0.04472864
vt 0.63961560 0.04555249
vt 0.63605106 0.04998505
vt 0.63733965 0.05027890
vt 0.75014329 0.07967770
vt 0.75045633 0.07830608
vt 0.74424493 0.07830608
vt 0.74455833 0.07967770
vt 0.73864901 0.07830608
vt 0.73924851 0.07967770
vt 0.63576108 0.06820059
vt 0.63502872 0.06953681
vt 0.63576108 0.06953681
vt 0.63634497 0.06820059
vt 0.63985163 0.06093216
vt 0.63928866 0.06163824
vt 0.64314365 0.06471276
vt 0.64371705 0.06352222
vt 0.64883149 0.06601083
vt 0.64883149 0.06468952
vt 0.65451932 0.06471276
vt 0.65394586 0.06352222
vt 0.65908039 0.06107533
vt 0.65804732 0.06025124
vt 0.66157317 0.05589843
vt 0.66028702 0.05560064
vt 0.66160989 0.04998147
vt 0.66032016 0.05027187
vt 0.65908039 0.04472864
vt 0.65804732 0.04555249
vt 0.65294850 0.07512760
vt 0.65352213 0.07393432
vt 0.64783871 0.07263696
vt 0.64783871 0.07396150
vt 0.64213777 0.07393813
vt 0.64271241 0.07513154
vt 0.63756597 0.07758415
vt 0.63860118 0.07841015
vt 0.63502872 0.08285284
vt 0.63631994 0.08314776
vt 0.64737713 0.03799236
vt 0.64768314 0.03665137
vt 0.64171219 0.03665137
vt 0.64201140 0.03799236
vt 0.63631994 0.08831441
vt 0.63502872 0.08860266
vt 0.63691914 0.09262586
vt 0.63807523 0.09204996
vt 0.63767195 0.09405375
vt 0.63868797 0.09321272
vt 0.64213777 0.09761548
vt 0.64271241 0.09642208
vt 0.64783871 0.09891653
vt 0.64783871 0.09759223
vt 0.65211380 0.09794092
vt 0.65182668 0.09668207
vt 0.65353990 0.09761548
vt 0.65296531 0.09642208
vt 0.65811223 0.09396935
vt 0.65707648 0.09314370
vt 0.66064924 0.08870065
vt 0.65935802 0.08840609
vt 0.66064924 0.08285284
vt 0.65935802 0.08314764
vt 0.65811223 0.07758498
vt 0.65707719 0.07841158
vt 0.75654650 0.04688454
vt 0.75711989 0.04569399
vt 0.75143158 0.04439569
vt 0.75143158 0.04571700
vt 0.74574280 0.04569399
vt 0.74631619 0.04688454
vt 0.74118066 0.04933190
vt 0.74221408 0.05015588
vt 0.73864901 0.05458903
vt 0.73993754 0.05488312
vt 0.61806077 0.07974946
vt 0.61836660 0.07840955
vt 0.61243570 0.07840955
vt 0.61273491 0.07974946
vt 0.73993754 0.06000388
vt 0.73864901 0.06029189
vt 0.74118531 0.06568456
vt 0.74222350 0.06486464
vt 0.74574280 0.06931913
vt 0.74631619 0.06812847
vt 0.75125706 0.07057762
vt 0.75126052 0.06925714
vt 0.75719798 0.06925690
vt 0.75662744 0.06806386
vt 0.76168180 0.06568086
vt 0.76064873 0.06485701
vt 0.76421368 0.06042409
vt 0.76292515 0.06013000
vt 0.61806685 0.08419585
vt 0.61837316 0.08285475
vt 0.61229932 0.08285475
vt 0.61260557 0.08419585
vt 0.76292515 0.05488324
vt 0.76421368 0.05458903
vt 0.76168180 0.04933202
vt 0.76064873 0.05015600
vt 0.69825757 0.44822967
vt 0.69696236 0.44926250
vt 0.69844198 0.11815333
vt 0.69843709 0.13696086
vt 0.70655847 0.13696313
vt 0.70656323 0.11815548
vt 0.72826231 0.13696873
vt 0.72826731 0.11816108
vt 0.72114539 0.11815917
vt 0.72114027 0.13696694
vt 0.74400771 0.13697278
vt 0.74401259 0.11816502
vt 0.73532498 0.11816311
vt 0.73531985 0.13697064
vt 0.74928308 0.13697398
vt 0.74938488 0.11816645
vt 0.76175928 0.13697743
vt 0.76176417 0.11816990
vt 0.75478387 0.11816788
vt 0.75487578 0.13697553
vt 0.76962316 0.13697958
vt 0.76962829 0.11817181
vt 0.77818906 0.13698184
vt 0.77819395 0.11817396
vt 0.78521430 0.13698328
vt 0.78521943 0.11817551
vt 0.71451485 0.13696527
vt 0.71451974 0.11815751
vt 0.69087541 0.11815143
vt 0.69087052 0.13695896
vt 0.70500267 0.14270115
vt 0.69620299 0.14269900
vt 0.69620299 0.15027463
vt 0.70500302 0.15027666
vt 0.72131670 0.15023696
vt 0.72900784 0.15023696
vt 0.72900784 0.14266133
vt 0.72131670 0.14266133
vt 0.73632812 0.15023696
vt 0.74506605 0.15023708
vt 0.74506605 0.14266145
vt 0.73632812 0.14266133
vt 0.75221992 0.15024471
vt 0.75221992 0.14266896
vt 0.75878835 0.15025210
vt 0.76596868 0.15025198
vt 0.76596868 0.14267647
vt 0.75878835 0.14267647
vt 0.77435088 0.15025210
vt 0.77435088 0.14267647
vt 0.78309774 0.15025222
vt 0.78309774 0.14267659
vt 0.78412211 0.15025222
vt 0.78412211 0.14267659
vt 0.71386909 0.14266133
vt 0.71386909 0.15023696
vt 0.68986428 0.15027463
vt 0.68986428 0.14269900
vt 0.67281246 0.20791531
vt 0.67775178 0.19743180
vt 0.67040330 0.19508898
vt 0.66642094 0.20359778
vt 0.60934854 0.15524578
vt 0.61483270 0.16545486
vt 0.62098819 0.16080725
vt 0.61656392 0.15251970
vt 0.62905943 0.17673862
vt 0.63649321 0.17914701
vt 0.63823366 0.17163277
vt 0.63223326 0.16970897
vt 0.65190232 0.22272754
vt 0.65919900 0.21993172
vt 0.65565979 0.21307862
vt 0.64976877 0.21531534
vt 0.64387918 0.18022966
vt 0.65310824 0.17943203
vt 0.65224600 0.17237318
vt 0.64436853 0.17253220
vt 0.63532501 0.22388637
vt 0.64458340 0.22419739
vt 0.64368987 0.21653616
vt 0.63581479 0.21679175
vt 0.66116893 0.17635751
vt 0.65786332 0.16998494
vt 0.62711406 0.22124004
vt 0.63007963 0.21470249
vt 0.66773576 0.17104101
vt 0.67246020 0.16433394
vt 0.66758502 0.16113055
vt 0.66302973 0.16625977
vt 0.61520606 0.20982707
vt 0.62027645 0.21627629
vt 0.62472457 0.21125424
vt 0.61990571 0.20637167
vt 0.67563772 0.15647805
vt 0.67076159 0.15465200
vt 0.61161965 0.20214927
vt 0.61639273 0.20006931
vt 0.67758727 0.14809370
vt 0.67296052 0.14729428
vt 0.60923165 0.19387913
vt 0.61381006 0.19283748
vt 0.67811334 0.14256310
vt 0.67423987 0.14166069
vt 0.70651662 0.17927909
vt 0.69050789 0.17927909
vt 0.68969381 0.17955029
vt 0.68942237 0.18036425
vt 0.68942237 0.18434119
vt 0.68969381 0.18515515
vt 0.69050789 0.18542659
vt 0.70651662 0.18542659
vt 0.70733070 0.18515515
vt 0.70760202 0.18434119
vt 0.70733070 0.17955029
vt 0.70760202 0.18036425
vt 0.60841560 0.18838394
vt 0.61223614 0.18727899
vt 0.66580325 0.21549928
vt 0.66080189 0.20962727
vt 0.62223101 0.17265975
vt 0.62691665 0.16653299
vt 0.60670167 0.14797699
vt 0.61489320 0.14549494
vt 0.68001270 0.19003391
vt 0.67169523 0.18743730
vt 0.68879521 0.14269900
vt 0.68879521 0.15027463
vt 0.69861650 0.11719680
vt 0.70658123 0.11719906
vt 0.70657599 0.13791955
vt 0.69861114 0.13791740
vt 0.72825861 0.13792515
vt 0.72107410 0.13792348
vt 0.72107995 0.11720264
vt 0.72826397 0.11720467
vt 0.74413359 0.13792932
vt 0.73536825 0.13792694
vt 0.73537350 0.11720634
vt 0.74413919 0.11720872
vt 0.74938297 0.13788116
vt 0.74948573 0.11736548
vt 0.76161051 0.13793397
vt 0.75484538 0.13788116
vt 0.75475132 0.11736524
vt 0.76161587 0.11721313
vt 0.76956701 0.13793588
vt 0.76957262 0.11721528
vt 0.77824080 0.13793802
vt 0.77824640 0.11721778
vt 0.78520656 0.13794005
vt 0.78521216 0.11721921
vt 0.71438539 0.11720097
vt 0.71437979 0.13792157
vt 0.69102609 0.13791573
vt 0.69087565 0.11719489
vt 0.70447838 0.17195368
vt 0.70449328 0.17113948
vt 0.69545484 0.17113173
vt 0.69530678 0.17194593
vt 0.69530678 0.15430915
vt 0.69545484 0.15512335
vt 0.70448065 0.15512502
vt 0.70446575 0.15431094
vt 0.72133470 0.15431273
vt 0.72127879 0.15512693
vt 0.72926784 0.15512693
vt 0.72927082 0.15431273
vt 0.72929657 0.17196131
vt 0.72929335 0.17114711
vt 0.72130430 0.17114711
vt 0.72136021 0.17196119
vt 0.73685026 0.15431273
vt 0.73689163 0.15512693
vt 0.74599946 0.15512693
vt 0.74589181 0.15431285
vt 0.74591732 0.17196131
vt 0.74602509 0.17114711
vt 0.73691714 0.17114711
vt 0.73687577 0.17196131
vt 0.75353575 0.15513682
vt 0.75354028 0.15432274
vt 0.75355291 0.17196524
vt 0.75354838 0.17115128
vt 0.76057649 0.15433240
vt 0.76045930 0.15514660
vt 0.76798773 0.15514660
vt 0.76811385 0.15433240
vt 0.76811385 0.17196929
vt 0.76798773 0.17115510
vt 0.76045930 0.17115521
vt 0.76057649 0.17196929
vt 0.77665818 0.15514660
vt 0.77670574 0.15433240
vt 0.77670574 0.17196929
vt 0.77665818 0.17115521
vt 0.78563261 0.15514660
vt 0.78558838 0.15433252
vt 0.78558838 0.17196941
vt 0.78563261 0.17115533
vt 0.79094410 0.15514684
vt 0.79095042 0.15433264
vt 0.79095042 0.17196941
vt 0.79094410 0.17115557
vt 0.71363962 0.17196119
vt 0.71352482 0.17114711
vt 0.71349907 0.15512693
vt 0.71361387 0.15431273
vt 0.68872881 0.15430915
vt 0.68886149 0.15512335
vt 0.68886149 0.17113173
vt 0.68872881 0.17194593
vt 0.68361759 0.17113173
vt 0.68361759 0.17194593
vt 0.68361759 0.15430915
vt 0.68361759 0.15512335
vt 0.66962767 0.19484162
vt 0.66574615 0.20314205
vt 0.62163818 0.16031671
vt 0.61732543 0.15223181
vt 0.63841748 0.17083955
vt 0.63256824 0.16896689
vt 0.65528619 0.21235526
vt 0.64954340 0.21453309
vt 0.65209138 0.17157364
vt 0.64442003 0.17171955
vt 0.64359558 0.21572757
vt 0.63592732 0.21598554
vt 0.65744138 0.16928875
vt 0.63046467 0.21398497
vt 0.66696274 0.16060543
vt 0.66238821 0.16575849
vt 0.62533879 0.21071982
vt 0.62049961 0.20581472
vt 0.67000926 0.15434086
vt 0.61712760 0.19971895
vt 0.67214739 0.14725161
vt 0.61461973 0.19275224
vt 0.67344880 0.14146721
vt 0.61301565 0.18704426
vt 0.66027391 0.20900750
vt 0.62741107 0.16588616
vt 0.61570776 0.14532113
vt 0.67087680 0.18766272
vt 0.67348695 0.20837104
vt 0.67852747 0.19767904
vt 0.60858703 0.15553355
vt 0.61418295 0.16594553
vt 0.62872446 0.17748082
vt 0.63630950 0.17993999
vt 0.65212739 0.22350991
vt 0.65957266 0.22065508
vt 0.64382744 0.18104219
vt 0.65326303 0.18023145
vt 0.63521266 0.22469270
vt 0.64467776 0.22500610
vt 0.66159093 0.17705369
vt 0.62672925 0.22195745
vt 0.66837746 0.17154229
vt 0.67308247 0.16485882
vt 0.61461222 0.21038401
vt 0.61966217 0.21681070
vt 0.67639005 0.15678906
vt 0.61088455 0.20249951
vt 0.67840040 0.14813626
vt 0.60842192 0.19396448
vt 0.67890406 0.14275658
vt 0.60763609 0.18861878
vt 0.66633123 0.21611905
vt 0.62173665 0.17330647
vt 0.60592258 0.14821327
vt 0.68080318 0.19022882
vt 0.68109071 0.18484747
vt 0.68030584 0.18506384
vt 0.60614747 0.14302933
vt 0.60535234 0.14285457
vt 0.61487210 0.14494789
vt 0.68652916 0.16806364
vt 0.68652916 0.15819132
vt 0.68886149 0.16806376
vt 0.69545484 0.16806376
vt 0.70449328 0.16807139
vt 0.71352482 0.16807890
vt 0.72130430 0.16807890
vt 0.72929335 0.16807890
vt 0.73691714 0.16807890
vt 0.74602509 0.16807902
vt 0.75354862 0.16808319
vt 0.76045930 0.16808724
vt 0.76798773 0.16808712
vt 0.77665818 0.16808724
vt 0.78563261 0.16808724
vt 0.78789937 0.16808736
vt 0.78789937 0.15821481
vt 0.78563261 0.15821481
vt 0.77665818 0.15821469
vt 0.76798773 0.15821469
vt 0.76045930 0.15821469
vt 0.75353575 0.15820491
vt 0.74599946 0.15819514
vt 0.73689163 0.15819514
vt 0.72926784 0.15819502
vt 0.72127879 0.15819502
vt 0.71349907 0.15819502
vt 0.70448065 0.15819311
vt 0.69545484 0.15819132
vt 0.68886149 0.15819132
vt 0.71051502 0.21030903
vt 0.72038722 0.21030903
vt 0.71923888 0.20839691
vt 0.71923888 0.20839691
vt 0.71166337 0.20839691
vt 0.71051502 0.21030903
vt 0.68110490 0.13711596
vt 0.68088174 0.13466871
vt 0.67938745 0.13499224
vt 0.67947817 0.13611138
vt 0.67831016 0.12729597
vt 0.67690659 0.12790215
vt 0.67281806 0.11674178
vt 0.67158467 0.11764526
vt 0.66531277 0.10922742
vt 0.66436470 0.11042678
vt 0.65832907 0.10492742
vt 0.65767860 0.10631096
vt 0.65072727 0.10234892
vt 0.65035945 0.10383284
vt 0.64318085 0.10113907
vt 0.64311445 0.10266626
vt 0.63366652 0.10182667
vt 0.63398755 0.10332143
vt 0.62520707 0.10492563
vt 0.62595356 0.10625970
vt 0.61827350 0.11040938
vt 0.61937702 0.11146724
vt 0.61348581 0.11702132
vt 0.61481595 0.11777461
vt 0.61002576 0.12511659
vt 0.61147553 0.12560153
vt 0.60787821 0.13383102
vt 0.60938406 0.13409555
vt 0.60763609 0.13610220
vt 0.60927784 0.13512254
vt 0.73361194 0.20816088
vt 0.72373950 0.20816088
vt 0.72488785 0.21007299
vt 0.72488785 0.21007299
vt 0.73246336 0.21007299
vt 0.73361194 0.20816088
vt 0.75821376 0.22500610
vt 0.75805652 0.22272730
vt 0.75654185 0.22293544
vt 0.75660968 0.22396564
vt 0.75623608 0.21393883
vt 0.75476909 0.21436930
vt 0.75308084 0.20571995
vt 0.75172353 0.20642316
vt 0.74854362 0.19893384
vt 0.74740112 0.19994974
vt 0.74181950 0.19319475
vt 0.74102366 0.19450009
vt 0.73348188 0.18978202
vt 0.73310518 0.19126356
vt 0.72399986 0.18873942
vt 0.72400916 0.19026816
vt 0.71641338 0.18966663
vt 0.71672547 0.19116318
vt 0.70872056 0.19195926
vt 0.70931911 0.19336629
vt 0.70158112 0.19599557
vt 0.70248365 0.19722939
vt 0.69380069 0.20322418
vt 0.69499898 0.20417309
vt 0.68791795 0.21356583
vt 0.68929756 0.21422398
vt 0.68507266 0.22083724
vt 0.68655372 0.22121644
vt 0.68475807 0.22327459
vt 0.68642128 0.22233129
vt 0.70816839 0.40411985
vt 0.70800936 0.40362203
vt 0.70800936 0.40425861
vt 0.70816839 0.39790678
vt 0.70864570 0.39774776
vt 0.70800936 0.39774764
vt 0.71869373 0.40425861
vt 0.71869373 0.40362203
vt 0.71851087 0.40411985
vt 0.67492414 0.44508064
vt 0.66538763 0.44508064
vt 0.66538763 0.44673717
vt 0.66538763 0.44673717
vt 0.67492414 0.44673717
vt 0.67492414 0.44508064
vt 0.64859349 0.44673717
vt 0.65812969 0.44671023
vt 0.65812969 0.44508064
vt 0.64859349 0.44508064
vt 0.66538763 0.44508064
vt 0.67492414 0.44508064
vt 0.67564285 0.44358814
vt 0.67564285 0.44358814
vt 0.66466880 0.44358814
vt 0.66538763 0.44508064
vt 0.68217146 0.44675875
vt 0.69171846 0.44673717
vt 0.69171846 0.44508064
vt 0.69171846 0.44508064
vt 0.68218195 0.44508064
vt 0.68217146 0.44675875
vt 0.68016803 0.44926250
vt 0.67855299 0.44963109
vt 0.69373238 0.44926256
vt 0.68146312 0.44822967
vt 0.68016803 0.44926250
vt 0.69373238 0.44926256
vt 0.68146312 0.44822967
vt 0.69373238 0.44926256
vt 0.69243717 0.44822967
vt 0.68218195 0.44508064
vt 0.69171846 0.44508064
vt 0.69243717 0.44358814
vt 0.69243717 0.44358814
vt 0.68146312 0.44358814
vt 0.68218195 0.44508064
vt 0.69171846 0.44673717
vt 0.68217146 0.44675875
vt 0.68146312 0.44822967
vt 0.68146312 0.44822967
vt 0.69243717 0.44822967
vt 0.69171846 0.44673717
vt 0.65884852 0.44358814
vt 0.64787471 0.44358814
vt 0.64859349 0.44508064
vt 0.64859349 0.44508064
vt 0.65812969 0.44508064
vt 0.65884852 0.44358814
vt 0.68146312 0.44358814
vt 0.69243717 0.44358814
vt 0.69373238 0.44255531
vt 0.69373238 0.44255531
vt 0.68016803 0.44255531
vt 0.68146312 0.44358814
vt 0.66165972 0.45120370
vt 0.66175866 0.44963109
vt 0.66014385 0.44926256
vt 0.64489454 0.45120370
vt 0.64491808 0.44962060
vt 0.64659905 0.44924688
vt 0.64491808 0.44962060
vt 0.66014385 0.44926256
vt 0.66466880 0.44358814
vt 0.67564285 0.44358814
vt 0.67693806 0.44255531
vt 0.67693806 0.44255531
vt 0.66336882 0.44255424
vt 0.66466880 0.44358814
vt 0.69825757 0.44358814
vt 0.69897604 0.44508064
vt 0.69897604 0.44673717
vt 0.67492414 0.44673717
vt 0.66538763 0.44673717
vt 0.66466880 0.44822967
vt 0.66466880 0.44822967
vt 0.67564285 0.44822967
vt 0.67492414 0.44673717
vt 0.64787471 0.44358814
vt 0.65884852 0.44358814
vt 0.66014385 0.44255531
vt 0.66014385 0.44255531
vt 0.64657956 0.44255531
vt 0.64787471 0.44358814
vt 0.64334953 0.44255531
vt 0.64496458 0.44218671
vt 0.64497745 0.44038844
vt 0.64859349 0.44673717
vt 0.64787471 0.44822967
vt 0.65865237 0.44782209
vt 0.65865237 0.44782209
vt 0.64334953 0.44926256
vt 0.65888059 0.44825524
vt 0.65865237 0.44782209
vt 0.64787471 0.44822967
vt 0.64659905 0.44924688
vt 0.64659905 0.44924688
vt 0.65888059 0.44825524
vt 0.65865237 0.44782209
vt 0.64657956 0.44255531
vt 0.66014385 0.44255531
vt 0.66175866 0.44218671
vt 0.64657956 0.44255531
vt 0.66175866 0.44218671
vt 0.66185439 0.44038844
vt 0.64133561 0.44670129
vt 0.64133561 0.44508064
vt 0.64205444 0.44358814
vt 0.64205444 0.44822967
vt 0.69696236 0.44255531
vt 0.69534743 0.44963109
vt 0.69536746 0.45120370
vt 0.66293591 0.44936252
vt 0.67588079 0.44841951
vt 0.67693806 0.44926256
vt 0.66336882 0.44255424
vt 0.67693806 0.44255531
vt 0.67855299 0.44218671
vt 0.66336882 0.44255424
vt 0.67855299 0.44218671
vt 0.67858469 0.44038844
vt 0.68016803 0.44255531
vt 0.69373238 0.44255531
vt 0.69534743 0.44218671
vt 0.68016803 0.44255531
vt 0.69534743 0.44218671
vt 0.69528365 0.44038844
vt 0.67857116 0.45120370
vt 0.67855299 0.44963109
vt 0.69373238 0.44926256
vt 0.70404124 0.45180839
vt 0.70798725 0.28863013
vt 0.70800936 0.28923476
vt 0.62699956 0.45180821
vt 0.63094580 0.28863031
vt 0.63094401 0.28923476
vt 0.64161015 0.28863031
vt 0.64160496 0.28923476
vt 0.63766402 0.45180821
vt 0.63763434 0.43978953
vt 0.64125061 0.62692261
vt 0.64124960 0.62651718
vt 0.64133996 0.62113351
vt 0.64133996 0.62113351
vt 0.63957644 0.50519764
vt 0.63004339 0.50519764
vt 0.63049716 0.62113351
vt 0.63004339 0.50519764
vt 0.63957644 0.50519764
vt 0.63948607 0.49981403
vt 0.63950241 0.49940842
vt 0.63673431 0.43374193
vt 0.63667738 0.43314207
vt 0.63712126 0.42232668
vt 0.63804126 0.42162681
vt 0.64140254 0.41599953
vt 0.64160496 0.41538346
vt 0.70409828 0.43978935
vt 0.70777494 0.62692457
vt 0.70783144 0.62651718
vt 0.70775771 0.62113351
vt 0.70775771 0.62113351
vt 0.70867717 0.50519764
vt 0.63957644 0.50519764
vt 0.63957644 0.50519764
vt 0.64133996 0.62113351
vt 0.70775771 0.62113351
vt 0.70867717 0.50519764
vt 0.70908749 0.49981403
vt 0.70903426 0.49940687
vt 0.70629930 0.43374538
vt 0.70641744 0.43314207
vt 0.70604712 0.42232668
vt 0.70583338 0.42170948
vt 0.70864177 0.41605312
vt 0.70800936 0.41538346
vt 0.71471065 0.43978924
vt 0.71834880 0.62692386
vt 0.71839368 0.62651718
vt 0.71830702 0.62113351
vt 0.73863375 0.62113351
vt 0.74019551 0.62045062
vt 0.74079788 0.61985242
vt 0.74079788 0.61985242
vt 0.74148726 0.61830407
vt 0.74148726 0.50802708
vt 0.74148726 0.50802708
vt 0.74079788 0.50647879
vt 0.74019551 0.50588059
vt 0.74019551 0.50588059
vt 0.73863375 0.50519764
vt 0.71850842 0.50519764
vt 0.74148726 0.50802708
vt 0.74019551 0.50588059
vt 0.71850842 0.50519764
vt 0.74079788 0.61985242
vt 0.74148726 0.50802708
vt 0.71850842 0.50519764
vt 0.73863375 0.62113351
vt 0.74079788 0.61985242
vt 0.71850842 0.50519764
vt 0.71830702 0.62113351
vt 0.73863375 0.62113351
vt 0.71850842 0.50519764
vt 0.71841657 0.49981403
vt 0.71850842 0.50519764
vt 0.71854419 0.49939936
vt 0.71578163 0.43321848
vt 0.71583664 0.43374217
vt 0.71578383 0.43314207
vt 0.71580702 0.42232668
vt 0.71580303 0.42172223
vt 0.71882075 0.41599286
vt 0.71869373 0.41538346
vt 0.71830702 0.62113351
vt 0.71850842 0.50519764
vt 0.70867717 0.50519764
vt 0.70867717 0.50519764
vt 0.70775771 0.62113351
vt 0.71830702 0.62113351
vt 0.74413407 0.43408602
vt 0.74321580 0.43408620
vt 0.59850973 0.43408626
vt 0.59759116 0.43408614
vt 0.59671682 0.43944454
vt 0.59763551 0.43944436
vt 0.74234140 0.43944430
vt 0.74325991 0.43944442
vt 0.72386593 0.47797871
vt 0.72593099 0.47798300
vt 0.60069513 0.43417948
vt 0.59862924 0.43417495
vt 0.60365689 0.47410446
vt 0.60159212 0.47410023
vt 0.74015570 0.43935108
vt 0.74222183 0.43935555
vt 0.74309623 0.43417495
vt 0.74103010 0.43417948
vt 0.72593099 0.47410023
vt 0.72386593 0.47410446
vt 0.59775501 0.43935555
vt 0.59982097 0.43935108
vt 0.60159212 0.47798300
vt 0.60365689 0.47797871
vt 0.74090660 0.43417287
vt 0.71579111 0.43421304
vt 0.74729329 0.41470736
vt 0.74640971 0.41559076
vt 0.60145891 0.41559070
vt 0.60057551 0.41470724
vt 0.60057551 0.28991109
vt 0.60145885 0.28902763
vt 0.74640971 0.28902757
vt 0.74729335 0.28991103
vt 0.74816006 0.41264242
vt 0.74732381 0.41466171
vt 0.60352379 0.41645753
vt 0.60150450 0.41562116
vt 0.59970856 0.29197598
vt 0.60054505 0.28995675
vt 0.74434507 0.28816080
vt 0.74636418 0.28899723
vt 0.74636412 0.41562116
vt 0.74434501 0.41645747
vt 0.60054499 0.41466165
vt 0.59970856 0.41264236
vt 0.60150445 0.28899717
vt 0.60352373 0.28816074
vt 0.74732375 0.28995669
vt 0.74816000 0.29197586
vt 0.74429131 0.41646826
vt 0.71887463 0.41646868
vt 0.59994453 0.43935770
vt 0.62698340 0.43931085
vt 0.60357749 0.28815007
vt 0.63094550 0.28814960
vt 0.72374117 0.47410005
vt 0.60378164 0.47410023
vt 0.60378164 0.47798318
vt 0.72374117 0.47798300
vt 0.59969789 0.41258866
vt 0.59969789 0.29202968
vt 0.74817073 0.29202968
vt 0.74817073 0.41258866
vt 0.71867132 0.28814977
vt 0.74429131 0.28815007
vt 0.70798731 0.28814977
vt 0.71867132 0.28814977
vt 0.64160997 0.28814965
vt 0.70798731 0.28814983
vt 0.63094550 0.28814965
vt 0.64160997 0.28814965
vt 0.62698340 0.43931091
vt 0.63762319 0.43931085
vt 0.62714779 0.43421733
vt 0.60081869 0.43417287
vt 0.63090450 0.41646808
vt 0.60357755 0.41646826
vt 0.63762319 0.43931085
vt 0.70414740 0.43931258
vt 0.63674909 0.43421954
vt 0.62714779 0.43421739
vt 0.64111292 0.41638416
vt 0.63090450 0.41646808
vt 0.71472138 0.43931198
vt 0.74003214 0.43935764
vt 0.71579081 0.43421298
vt 0.70628089 0.43421811
vt 0.71887463 0.41646868
vt 0.70890498 0.41645741
vt 0.70414740 0.43931258
vt 0.71472138 0.43931192
vt 0.70628113 0.43421817
vt 0.63674909 0.43421960
vt 0.70890498 0.41645741
vt 0.64111292 0.41638416
vn 0.00056780 -0.00013860 -0.99999988
vn -0.20514518 -0.00000551 -0.97873163
vn -0.20971955 0.02568444 -0.97742420
vn 0.00050876 -0.00006807 -0.99999988
vn 0.00056869 0.00000000 -0.99999988
vn 0.00056869 0.00000000 -0.99999988
vn 0.00056869 0.00000000 -0.99999988
vn -0.15602785 0.09683733 -0.98299438
vn 0.00007695 -0.00005297 -1.00000000
vn -0.09733623 0.15384898 -0.98328841
vn 0.00023416 -0.00035570 -0.99999988
vn -0.02571622 0.20528284 -0.97836477
vn 0.00006692 -0.00049856 -0.99999988
vn -0.00006544 -0.00049966 -0.99999988
vn 0.02606472 0.20531800 -0.97834826
vn 0.09703486 0.15447323 -0.98322034
vn -0.00023383 -0.00035464 -0.99999988
vn 0.15532529 0.09709848 -0.98307985
vn -0.00036155 -0.00023065 -0.99999994
vn 0.20967141 0.02531690 -0.97744411
vn -0.00051227 -0.00006327 -0.99999988
vn 0.20514797 0.00000001 -0.97873092
vn -0.00056783 0.00000000 -0.99999982
vn 0.15603162 -0.09684305 -0.98299319
vn -0.00035944 0.00023006 -0.99999988
vn -0.00051190 0.00006401 -0.99999988
vn 0.20972325 -0.02568316 -0.97742349
vn 0.09733954 -0.15385219 -0.98328769
vn -0.00023384 0.00035341 -0.99999988
vn 0.02571643 -0.20527546 -0.97836632
vn -0.00006656 0.00049713 -0.99999988
vn 0.00006582 0.00049875 -0.99999988
vn -0.02606454 -0.20531698 -0.97834843
vn -0.09703399 -0.15447384 -0.98322034
vn 0.00023416 0.00035272 -0.99999988
vn -0.15532108 -0.09709343 -0.98308098
vn 0.00036153 0.00023049 -0.99999988
vn -0.20966269 -0.02531535 -0.97744602
vn 0.00051287 0.00006457 -0.99999988
vn -0.00000482 -0.00000877 -1.00000000
vn -0.00000482 -0.00000877 -1.00000000
vn -0.00000482 -0.00000877 -1.00000000
vn 0.00000027 0.00000000 -1.00000000
vn 0.00000027 0.00000000 -1.00000000
vn 0.00000027 0.00000000 -1.00000000
vn 0.00000000 0.00001763 -1.00000000
vn 0.00000000 0.00001763 -1.00000000
vn 0.00000000 0.00001763 -1.00000000
vn -0.00000612 0.00000000 -1.00000000
vn -0.00000612 0.00000000 -1.00000000
vn -0.00000612 0.00000000 -1.00000000
vn 0.00000011 0.00000028 -1.00000000
vn 0.00000011 0.00000028 -1.00000000
vn 0.00000011 0.00000028 -1.00000000
vn 0.00000026 0.00000021 -1.00000000
vn 0.00000026 0.00000021 -1.00000000
vn 0.00000026 0.00000021 -1.00000000
vn 0.00000056 0.00000421 -1.00000000
vn 0.00000056 0.00000421 -1.00000000
vn 0.00000056 0.00000421 -1.00000000
vn 0.00033582 0.00000008 -0.99999994
vn 0.00033324 -0.00004157 -0.99999994
vn -0.00033531 0.00000131 -0.99999994
vn -0.20087478 0.96934170 -0.14151379
vn -0.19257699 0.96816486 0.15990868
vn 0.19256811 0.96816683 0.15990815
vn 0.20122385 0.96922338 -0.14182797
vn 0.20087749 -0.96934217 -0.14150603
vn 0.19257991 -0.96816355 0.15991378
vn -0.19257493 -0.96816498 0.15991065
vn -0.20122315 -0.96922374 -0.14182609
vn -0.81963468 -0.55154920 -0.15489529
vn -0.55071598 -0.82002085 -0.15581368
vn -0.54841793 -0.82077152 0.15991215
vn -0.82073224 -0.54847729 0.15991046
vn -0.55107474 0.81981212 -0.15564293
vn -0.81980044 0.55122292 -0.15517896
vn -0.82077193 0.54841733 0.15991205
vn -0.54844129 0.82075757 0.15990344
vn 0.81966436 0.55149919 -0.15491638
vn 0.55078173 0.81996942 -0.15585123
vn 0.54845273 0.82075036 0.15990138
vn 0.82076490 0.54842627 0.15991706
vn 0.55101234 -0.81986177 -0.15560257
vn 0.81978899 -0.55124533 -0.15515986
vn 0.82075036 -0.54844868 0.15991555
vn 0.54842722 -0.82076597 0.15990888
vn -0.96940911 0.20179288 -0.13973454
vn -0.96816486 0.19257639 0.15990973
vn 0.55068260 0.82003587 -0.15585260
vn 0.54839969 0.82078516 0.15990455
vn 0.81980461 -0.55121601 -0.15518194
vn 0.96941018 -0.20179379 -0.13972570
vn 0.96816593 -0.19257689 0.15990323
vn 0.82080501 -0.54836369 0.15992659
vn -0.96953541 -0.20142078 -0.13939439
vn -0.81966937 -0.55148935 -0.15492448
vn -0.82079905 -0.54837203 0.15992779
vn -0.96816427 -0.19257908 0.15991005
vn -0.55101925 0.81985563 -0.15561001
vn -0.54836786 0.82080686 0.15990241
vn 0.96953756 0.20142217 -0.13937736
vn 0.96816558 0.19258164 0.15989925
vn -0.99234992 -0.00000011 -0.12345718
vn -0.98708785 0.00000000 0.16017988
vn -0.10121590 0.58070886 -0.80779487
vn 0.10198418 0.58030033 -0.80799186
vn 0.10121692 -0.58070600 -0.80779684
vn -0.10198340 -0.58029807 -0.80799359
vn -0.46191692 -0.30178237 -0.83400255
vn -0.30091500 -0.46038306 -0.83516324
vn -0.30162430 0.45975739 -0.83525199
vn -0.46259564 0.30111620 -0.83386701
vn 0.46192056 0.30178794 -0.83399844
vn 0.30089027 0.46039462 -0.83516580
vn 0.30165434 -0.45974761 -0.83524656
vn 0.46260020 -0.30112833 -0.83386016
vn -0.58674377 0.10200366 -0.80332249
vn 0.58679456 -0.10195880 -0.80329108
vn -0.58692932 -0.10147765 -0.80325353
vn 0.58693272 0.10148571 -0.80325013
vn -0.59851450 -0.00004374 -0.80111200
vn 0.59797192 -0.00022993 -0.80151701
vn 0.17436653 0.86193377 -0.47609526
vn -0.17356166 0.86225492 -0.47580749
vn -0.17436717 -0.86192995 -0.47610176
vn 0.17356704 -0.86225319 -0.47580865
vn -0.71574533 -0.47885966 -0.50833267
vn -0.47767025 -0.71537095 -0.50997597
vn -0.55077559 -0.81996924 -0.15587392
vn -0.47835937 0.71490300 -0.50998634
vn -0.71618623 0.47819546 -0.50833690
vn 0.71573973 0.47885522 -0.50834471
vn 0.47763610 0.71540022 -0.50996697
vn 0.55103946 -0.81983298 -0.15565810
vn 0.47836438 -0.71489817 -0.50998849
vn 0.71618122 -0.47819895 -0.50834072
vn -0.47761029 -0.71541810 -0.50996608
vn -0.86462802 0.17504817 -0.47093159
vn 0.47760651 0.71541941 -0.50996780
vn 0.86462981 -0.17503303 -0.47093391
vn -0.86499596 -0.17434628 -0.47051612
vn -0.47829181 0.71497208 -0.50995290
vn 0.86499292 0.17434818 -0.47052115
vn 0.47829449 -0.71496028 -0.50996679
vn -0.88956738 -0.00004829 -0.45680407
vn 0.99234968 0.00000097 -0.12345900
vn 0.88939404 -0.00023556 -0.45714128
vn 0.16683273 0.83883816 0.51818681
vn -0.16685800 0.83882278 0.51820356
vn -0.16683930 -0.83883393 0.51819134
vn 0.16686958 -0.83884174 0.51816893
vn -0.71112442 -0.47519273 0.51816410
vn -0.47515273 -0.71114522 0.51817214
vn -0.47516298 0.71112818 0.51818621
vn -0.71114242 0.47515607 0.51817292
vn 0.71113443 0.47517464 0.51816696
vn 0.47520858 0.71114022 0.51812786
vn 0.47516650 -0.71111476 0.51820141
vn 0.71109992 -0.47519520 0.51819545
vn -0.83883882 0.16684286 0.51818240
vn 0.47515422 0.71113551 0.51818407
vn 0.71113259 -0.47513014 0.51821017
vn 0.83886904 -0.16684610 0.51813239
vn -0.83881879 -0.16686164 0.51820874
vn -0.71112478 -0.47514161 0.51821041
vn -0.47513014 0.71114355 0.51819515
vn 0.83880609 0.16684189 0.51823556
vn -0.85084891 0.00106703 0.52540952
vn 0.98708904 -0.00000099 0.16017248
vn 0.85068125 0.00001335 0.52568185
vn 0.06062286 0.30477911 0.95049173
vn 0.10555759 0.53066528 0.84098285
vn -0.10555285 0.53066915 0.84098089
vn -0.00000064 0.31613141 0.94871539
vn 0.00000225 0.31621087 0.94868898
vn -0.06062044 0.30477953 0.95049179
vn -0.06062366 -0.30476582 0.95049602
vn -0.10555564 -0.53067338 0.84097791
vn 0.10555619 -0.53065598 0.84098876
vn 0.00000789 -0.31478345 0.94916350
vn 0.00000411 -0.31538203 0.94896483
vn 0.06062286 -0.30475798 0.95049846
vn -0.25836790 -0.17263971 0.95049548
vn -0.44988197 -0.30060160 0.84097856
vn -0.30059671 -0.44987899 0.84098190
vn -0.17263786 -0.25836915 0.95049542
vn -0.17263666 0.25836858 0.95049584
vn -0.30059648 0.44987449 0.84098434
vn -0.44988289 0.30060348 0.84097737
vn -0.25837103 0.17264190 0.95049423
vn 0.25836423 0.17263375 0.95049751
vn 0.44988596 0.30059922 0.84097737
vn 0.30058903 0.44987905 0.84098464
vn 0.17264016 0.25837815 0.95049250
vn 0.17263718 -0.25837323 0.95049441
vn 0.30059677 -0.44988289 0.84097975
vn 0.44987780 -0.30059934 0.84098160
vn 0.25836930 -0.17263438 0.95049608
vn -0.53066766 0.10555506 0.84098160
vn -0.30477288 0.06062665 0.95049357
vn 0.53066790 -0.10555659 0.84098125
vn 0.30477875 -0.06062405 0.95049173
vn -0.30477369 -0.06062094 0.95049369
vn -0.53066272 -0.10555643 0.84098446
vn 0.30477116 0.06062427 0.95049417
vn 0.53067988 0.10553678 0.84097618
vn -0.52480203 0.00111964 0.85122359
vn -0.31619796 -0.00000040 0.94869322
vn 0.52569419 0.00002099 0.85067374
vn 0.31620514 0.00000084 0.94869089
vn 0.98708302 0.00000100 0.16021006
vn 0.98708594 0.00000068 0.16019206
vn 0.99234748 0.00000049 -0.12347665
vn 0.99234974 -0.00000046 -0.12345862
vn 0.99234766 -0.00000028 -0.12347502
vn 0.98708290 -0.00000017 0.16021027
vn 0.00005848 0.00000153 1.00000000
vn 0.00005848 0.00000153 1.00000000
vn 0.00005848 0.00000153 1.00000000
vn 0.00000386 0.00000278 1.00000000
vn 0.00000386 0.00000278 1.00000000
vn 0.00000386 0.00000278 1.00000000
vn -0.00000499 0.00000070 1.00000000
vn -0.00000499 0.00000070 1.00000000
vn -0.00000499 0.00000070 1.00000000
vn 0.00000714 -0.00000020 1.00000000
vn 0.00000714 -0.00000020 1.00000000
vn 0.00000714 -0.00000020 1.00000000
vn 0.00000877 0.00000021 1.00000000
vn 0.00000877 0.00000021 1.00000000
vn 0.00000877 0.00000021 1.00000000
vn -0.00000002 -0.00000015 1.00000000
vn -0.00000002 -0.00000015 1.00000000
vn -0.00000002 -0.00000015 1.00000000
vn -0.00000019 0.00000000 1.00000000
vn -0.00000019 0.00000000 1.00000000
vn -0.00000019 0.00000000 1.00000000
vn 0.00000000 0.00001515 1.00000000
vn 0.00000000 0.00001515 1.00000000
vn 0.00000000 0.00001515 1.00000000
vn -0.00000199 0.00000071 1.00000000
vn -0.00000199 0.00000071 1.00000000
vn -0.00000199 0.00000071 1.00000000
vn -0.00000045 0.00000075 1.00000000
vn -0.00000045 0.00000075 1.00000000
vn -0.00000045 0.00000075 1.00000000
vn -0.00000112 0.00000076 1.00000000
vn -0.00000112 0.00000076 1.00000000
vn -0.00000112 0.00000076 1.00000000
vn -0.00000115 0.00000039 1.00000000
vn -0.00000115 0.00000039 1.00000000
vn -0.00000115 0.00000039 1.00000000
vn 0.00000199 0.00000052 1.00000000
vn 0.00000199 0.00000052 1.00000000
vn 0.00000199 0.00000052 1.00000000
vn 0.00000000 0.00000000 1.00000000
vn 0.00000000 0.00000000 1.00000000
vn 0.00000000 0.00000000 1.00000000
vn 0.00000045 0.00000120 1.00000000
vn 0.00000045 0.00000120 1.00000000
vn 0.00000045 0.00000120 1.00000000
vn 0.00000770 0.00000159 1.00000000
vn 0.00000770 0.00000159 1.00000000
vn 0.00000770 0.00000159 1.00000000
vn 0.00000714 0.00000139 1.00000000
vn 0.00000714 0.00000139 1.00000000
vn 0.00000714 0.00000139 1.00000000
vn -0.00000112 -0.00002935 1.00000000
vn -0.00000112 -0.00002935 1.00000000
vn -0.00000112 -0.00002935 1.00000000
vn -0.00000136 0.00000101 1.00000000
vn -0.00000136 0.00000101 1.00000000
vn -0.00000136 0.00000101 1.00000000
vn -0.00000112 0.00000430 1.00000000
vn -0.00000112 0.00000430 1.00000000
vn -0.00000112 0.00000430 1.00000000
vn 0.00000714 0.00000123 1.00000000
vn 0.00000714 0.00000123 1.00000000
vn 0.00000714 0.00000123 1.00000000
vn 0.00001081 0.00000487 1.00000000
vn 0.00001081 0.00000487 1.00000000
vn 0.00001081 0.00000487 1.00000000
vn 0.00000714 -0.00008426 1.00000000
vn 0.00000714 -0.00008426 1.00000000
vn 0.00000714 -0.00008426 1.00000000
vn -0.82781470 0.16112475 -0.53736550
vn -0.82666576 -0.16227478 -0.53878629
vn -0.64148569 -0.16279186 -0.74966323
vn -0.64143157 0.16279474 -0.74970889
vn -0.01116412 -0.16153623 -0.98680371
vn -0.01119769 0.16151172 -0.98680723
vn -0.20355868 0.16204847 -0.96555907
vn -0.20358461 -0.16206357 -0.96555108
vn 0.40949076 -0.16342565 -0.89755744
vn 0.40970573 0.16339298 -0.89746529
vn 0.15024501 0.16153248 -0.97536343
vn 0.15034080 -0.16146918 -0.97535914
vn 0.65627700 -0.16157083 -0.73701787
vn 0.65586776 0.16176052 -0.73734057
vn 0.91968137 -0.16161232 -0.35786536
vn 0.91980314 0.16141902 -0.35763982
vn 0.80075288 0.15989599 -0.57725912
vn 0.80054140 -0.15959933 -0.57763457
vn 0.97492379 -0.16130733 -0.15330897
vn 0.97485632 0.16128005 -0.15376605
vn 0.98662603 -0.15769330 -0.04125627
vn 0.98662817 0.15777050 -0.04090727
vn 0.98713511 -0.15983123 -0.00429007
vn 0.98715770 0.15968375 -0.00455751
vn -0.41721746 -0.16204947 -0.89424247
vn -0.41726458 0.16202129 -0.89422566
vn -0.89296788 0.13252988 -0.43016776
vn -0.88943112 -0.15882802 -0.42858604
vn 0.65106964 0.00000159 0.75901800
vn 0.80367720 0.00000058 0.59506553
vn 0.80367529 0.00000037 0.59506810
vn 0.65106618 0.00000157 0.75902098
vn 0.20787081 0.00000020 0.97815633
vn 0.01331554 0.00000000 0.99991137
vn 0.01331588 0.00000019 0.99991137
vn 0.20787115 0.00000039 0.97815621
vn -0.18467596 0.00000091 0.98279947
vn -0.42673463 0.00000248 0.90437686
vn -0.42672554 -0.00000063 0.90438116
vn -0.18467553 -0.00000037 0.98279959
vn -0.67423272 0.00000124 0.73851895
vn -0.67423105 -0.00000060 0.73852050
vn -0.86086184 -0.00000131 0.50883877
vn -0.95966327 0.00000029 0.28115219
vn -0.95966160 -0.00000045 0.28115752
vn -0.86086255 -0.00000176 0.50883770
vn -0.99570924 0.00000133 0.09253713
vn -0.99570876 0.00000036 0.09254271
vn -0.99834359 0.00000156 -0.05753398
vn -0.99834371 0.00000121 -0.05753242
vn -0.99196827 0.00000000 -0.12648728
vn -0.99196726 0.00000065 -0.12649521
vn 0.42485660 0.00000039 0.90526068
vn 0.42485717 0.00000000 0.90526038
vn 0.90542215 0.00000101 0.42451245
vn 0.90542597 0.00000195 0.42450422
vn 0.11407166 0.98451984 0.13307324
vn 0.13443297 0.98585266 0.10011133
vn -0.12337967 0.98917907 -0.07938612
vn -0.09397101 0.98949593 -0.10985111
vn 0.13440873 -0.98585373 0.10013407
vn 0.11410072 -0.98452181 0.13303308
vn -0.09400886 -0.98949617 -0.10981628
vn -0.12341172 -0.98908645 -0.08048326
vn 0.03567880 -0.98521876 0.16754396
vn 0.00221981 -0.98570526 0.16846438
vn -0.00173648 -0.98838300 -0.15197411
vn -0.03073295 -0.98886853 -0.14558332
vn 0.00224843 0.98570108 0.16848883
vn 0.03566029 0.98521495 0.16757071
vn -0.03069818 0.98887044 -0.14557780
vn -0.00175586 0.98838359 -0.15196961
vn -0.03226797 -0.98514682 0.16865519
vn -0.07490531 -0.98474115 0.15707971
vn 0.05814336 -0.99000210 -0.12851159
vn 0.02324357 -0.98839253 -0.15013325
vn -0.07487018 0.98473287 0.15714896
vn -0.03231077 0.98514038 0.16868427
vn 0.02317893 0.98838234 -0.15021057
vn 0.05830665 0.99000275 -0.12843220
vn -0.11823387 -0.98440963 0.13022473
vn 0.09972636 -0.98881078 -0.11094066
vn -0.11809533 0.98441792 0.13028766
vn 0.09958163 0.98877710 -0.11137018
vn -0.14939718 -0.98464078 0.09034892
vn -0.16861823 -0.98457706 0.04664846
vn 0.13673332 -0.98907846 -0.05502577
vn 0.12353659 -0.98855728 -0.08656403
vn -0.16911329 0.98451006 0.04626681
vn -0.14939551 0.98465449 0.09020293
vn 0.12388671 0.98852378 -0.08644585
vn 0.13669400 0.98909515 -0.05482391
vn -0.16790043 -0.98569858 0.01441358
vn 0.15023966 -0.98836613 -0.02367254
vn -0.16807210 0.98566329 0.01482059
vn 0.15018809 0.98836493 -0.02404679
vn -0.16765183 -0.98580956 -0.00850845
vn 0.15956935 -0.98716849 -0.00600071
vn -0.16756816 0.98582488 -0.00838980
vn 0.15958226 0.98716849 -0.00565244
vn -0.14662680 -0.98902953 -0.01792603
vn 0.16146497 -0.98687810 -0.00085834
vn -0.01497366 0.00081632 -0.99988753
vn -0.02367699 0.00000000 -0.99971968
vn -0.02359943 -0.00000169 -0.99972153
vn -0.01856565 0.00056439 -0.99982756
vn -0.01258262 0.03315862 -0.99937087
vn -0.01408765 0.00675541 -0.99987793
vn -0.01498395 0.00083278 -0.99988747
vn -0.02375367 0.00000000 -0.99971789
vn -0.02366293 -0.00000169 -0.99972004
vn -0.01858428 0.00055762 -0.99982715
vn -0.01407827 0.00670499 -0.99987847
vn -0.01257906 0.03303393 -0.99937505
vn -0.14651373 0.98904389 -0.01805213
vn 0.16128904 0.98690659 -0.00109373
vn 0.07307204 0.98513669 0.15545493
vn -0.06293165 0.98887450 -0.13478404
vn 0.07301413 -0.98514563 0.15542519
vn -0.06291363 -0.98887396 -0.13479699
vn 0.15575974 -0.98504716 0.07362838
vn -0.07750049 -0.99628973 -0.03742236
vn 0.15626474 0.98498923 0.07333201
vn -0.11125756 0.99240488 -0.05248154
vn 0.95218176 0.00000149 0.30553207
vn 0.95217896 0.00000078 0.30554095
vn 0.00000000 -0.00000129 1.00000000
vn 0.00000000 -0.00000129 1.00000000
vn 0.00000000 -0.00000129 1.00000000
vn 0.00000000 -0.00000119 1.00000000
vn 0.00000000 -0.00000119 1.00000000
vn 0.00000000 -0.00000119 1.00000000
vn -0.00000319 -0.00000116 1.00000000
vn -0.00000319 -0.00000116 1.00000000
vn -0.00000319 -0.00000116 1.00000000
vn 0.00000579 -0.00000336 1.00000000
vn 0.00000579 -0.00000336 1.00000000
vn 0.00000579 -0.00000336 1.00000000
vn -0.00002573 -0.00000312 1.00000000
vn -0.00002573 -0.00000312 1.00000000
vn -0.00002573 -0.00000312 1.00000000
vn 0.00007911 -0.00000311 1.00000000
vn 0.00007911 -0.00000311 1.00000000
vn 0.00007911 -0.00000311 1.00000000
vn 0.00000000 -1.00000000 -0.00000000
vn 0.00000704 -1.00000000 0.00000069
vn 0.00000000 0.00002370 1.00000000
vn 0.00000000 0.00002370 1.00000000
vn 0.00000000 0.00002370 1.00000000
vn 0.00000000 -0.00002370 1.00000000
vn 0.00000000 -0.00002370 1.00000000
vn 0.00000000 -0.00002370 1.00000000
vn 0.00000000 0.00000000 1.00000000
vn 0.00000000 0.00000000 1.00000000
vn 0.00000000 0.00000000 1.00000000
vn 0.00000000 0.00000000 1.00000000
vn -0.06246544 -0.05460676 0.99655223
vn 0.02923658 -0.33335271 0.94234884
vn -0.17050250 -0.50350457 0.84700191
vn -0.26154426 -0.10742486 0.95919478
vn -0.17631869 0.02610811 0.98398691
vn 0.00000770 -0.00000328 1.00000000
vn 0.00000770 -0.00000328 1.00000000
vn 0.00000770 -0.00000328 1.00000000
vn 0.00000000 0.00000000 1.00000000
vn 0.00000000 0.00000000 1.00000000
vn 0.00000000 0.00000000 1.00000000
vn 0.00000371 -0.00000164 1.00000000
vn 0.00000371 -0.00000164 1.00000000
vn 0.00000371 -0.00000164 1.00000000
vn 0.00000084 -0.00000141 1.00000000
vn 0.00000084 -0.00000141 1.00000000
vn 0.00000084 -0.00000141 1.00000000
vn 0.00001053 -0.00000241 1.00000000
vn 0.00001053 -0.00000241 1.00000000
vn 0.00001053 -0.00000241 1.00000000
vn -0.79673028 0.31620333 -0.51501095
vn -0.61670834 0.31631526 -0.72084361
vn -0.61682117 -0.31626695 -0.72076821
vn -0.79473823 -0.31629920 -0.51802123
vn -0.01073937 -0.31620911 -0.94862872
vn -0.19576034 -0.31620464 -0.92827398
vn -0.19570938 0.31625146 -0.92826873
vn -0.01080150 0.31625310 -0.94861341
vn 0.39265624 -0.31630456 -0.86358124
vn 0.14462128 -0.31624830 -0.93758821
vn 0.14445062 0.31612644 -0.93765563
vn 0.39302975 0.31635472 -0.86339301
vn 0.63202500 -0.31588149 -0.70764631
vn 0.63136464 0.31558529 -0.70836759
vn 0.88296515 -0.31453803 -0.34848008
vn 0.77360803 -0.31253183 -0.55122995
vn 0.77415127 0.31210560 -0.55070859
vn 0.88302433 0.31487781 -0.34802303
vn 0.93725044 -0.31585008 -0.14764996
vn 0.93708432 0.31594256 -0.14850348
vn 0.94979435 -0.31058863 -0.03775533
vn 0.94982028 0.31058967 -0.03708848
vn 0.94881922 -0.31579202 -0.00418290
vn 0.94867164 0.31622759 -0.00471235
vn -0.40119803 0.31622028 -0.85967726
vn -0.40112346 -0.31615752 -0.85973519
vn -0.85474837 -0.31567904 -0.41200966
vn -0.87058234 0.25836715 -0.41872761
vn 0.61746043 0.31626040 0.72022355
vn 0.64270210 0.15781176 0.74968630
vn 0.79367167 0.15878358 0.58725893
vn 0.76203334 0.31571466 0.56535774
vn 0.76201153 -0.31568232 0.56540531
vn 0.79365826 -0.15877493 0.58727938
vn 0.64272523 -0.15779456 0.74967003
vn 0.61751407 -0.31624791 0.72018301
vn 0.19753975 -0.31625322 0.92788035
vn 0.20553908 -0.15840848 0.96574348
vn 0.01306275 -0.15883482 0.98721880
vn 0.01257603 -0.31622326 0.94860142
vn 0.01261493 0.31620875 0.94860578
vn 0.01308329 0.15885392 0.98721540
vn 0.20552959 0.15841442 0.96574450
vn 0.19751768 0.31622437 0.92789495
vn -0.17650560 -0.31610590 0.93216032
vn -0.18256330 -0.15827991 0.97037011
vn -0.42147598 -0.15788779 0.89298910
vn -0.40620607 -0.31604883 0.85738540
vn -0.40612864 0.31601787 0.85743350
vn -0.42143118 0.15790722 0.89300680
vn -0.18259412 0.15831149 0.97035915
vn -0.17657945 0.31607655 0.93215626
vn -0.66600043 -0.15766957 0.72909790
vn -0.63913572 -0.31602669 0.70116526
vn -0.63893294 0.31621158 0.70126671
vn -0.66592807 0.15760976 0.72917694
vn -0.81537712 -0.31506559 0.48568910
vn -0.85030520 -0.15757541 0.50214648
vn -0.94721681 -0.15569238 0.28025028
vn -0.91320819 -0.31075436 0.26359531
vn -0.91355473 0.31031817 0.26290777
vn -0.94728291 0.15587731 0.27992386
vn -0.85035765 0.15750444 0.50207990
vn -0.81542385 0.31525284 0.48548910
vn -0.98311543 -0.15817113 0.09201136
vn -0.94511986 -0.31516045 0.08615283
vn -0.94516742 0.31482556 0.08685285
vn -0.98304427 0.15841301 0.09235401
vn -0.98582047 -0.15827931 -0.05572931
vn -0.94790411 -0.31437215 -0.05145724
vn -0.94784802 0.31457382 -0.05125894
vn -0.98583633 0.15821618 -0.05562817
vn -0.97946054 -0.16105783 -0.12131525
vn -0.94251680 -0.31319940 -0.11648256
vn -0.94236618 0.31350973 -0.11686646
vn -0.97945625 0.16092676 -0.12152398
vn 0.40346774 0.31619263 0.85862446
vn 0.41983908 0.15833125 0.89368135
vn 0.41981483 -0.15831785 0.89369524
vn 0.40341187 -0.31622684 0.85863811
vn 0.85764104 -0.31559139 0.40602204
vn 0.89168596 -0.15770654 0.42429328
vn 0.89179242 0.15795660 0.42397651
vn 0.85809726 0.31509894 0.40544027
vn 0.93835211 0.14800955 0.31239164
vn 0.90437859 0.30144987 0.30203873
vn 0.90451342 -0.30250177 0.30057988
vn 0.93862998 -0.14758025 0.31175935
vn 0.00000000 -0.00002227 1.00000000
vn 0.00000000 -0.00002227 1.00000000
vn 0.00000000 -0.00002227 1.00000000
vn 0.00000000 0.00000071 1.00000000
vn 0.00000000 0.00000071 1.00000000
vn 0.00000000 0.00000071 1.00000000
vn 0.00000000 0.00000000 1.00000000
vn 0.00000000 0.00000000 1.00000000
vn 0.00000000 0.00000000 1.00000000
vn 0.00000000 -0.00000754 1.00000000
vn 0.18586974 -0.55764359 0.80900311
vn -0.17209494 -0.50005996 0.84871870
vn -0.55749834 -0.55763602 0.61501038
vn -0.26153660 -0.10750951 0.95918727
vn -0.25168243 0.08389932 0.96416646
vn 0.00001053 0.00000000 1.00000000
vn 0.00001053 0.00000000 1.00000000
vn 0.00001053 0.00000000 1.00000000
vn 0.00009145 -0.00008804 1.00000000
vn 0.00009145 -0.00008804 1.00000000
vn 0.00009145 -0.00008804 1.00000000
vn 0.00000877 -0.00002472 1.00000000
vn 0.00000877 -0.00002472 1.00000000
vn 0.00000877 -0.00002472 1.00000000
vn 0.00000834 0.00000259 1.00000000
vn 0.00000834 0.00000259 1.00000000
vn 0.00000834 0.00000259 1.00000000
vn 0.00006763 0.00000431 1.00000000
vn 0.00006763 0.00000431 1.00000000
vn 0.00006763 0.00000431 1.00000000
vn -0.00001203 0.00000384 1.00000000
vn -0.00001203 0.00000384 1.00000000
vn -0.00001203 0.00000384 1.00000000
vn -0.26647899 0.94852781 -0.17112593
vn -0.20553701 0.94869286 -0.24028407
vn -0.20560999 -0.94870895 -0.24015817
vn -0.26489666 -0.94867414 -0.17276329
vn -0.00360376 -0.94869274 -0.31617892
vn -0.06530802 -0.94870347 -0.30934873
vn -0.06524593 0.94868571 -0.30941617
vn -0.00366520 0.94867021 -0.31624585
vn 0.13164470 -0.94871640 -0.28741434
vn 0.04840882 -0.94865036 -0.31260079
vn 0.04821947 0.94868141 -0.31253561
vn 0.13213366 0.94869071 -0.28727448
vn 0.21075505 -0.94851005 -0.23645514
vn 0.20990311 0.94856536 -0.23699078
vn 0.29707119 -0.94810963 -0.11329931
vn 0.25858289 -0.94698203 -0.19068289
vn 0.25870290 0.94716042 -0.18963100
vn 0.29767430 0.94796169 -0.11295432
vn 0.31270641 -0.94860524 -0.04860810
vn 0.31270537 0.94855922 -0.04950675
vn 0.32204065 -0.94660890 -0.01488569
vn 0.32193038 0.94665748 -0.01415621
vn 0.31624457 -0.94867641 -0.00160086
vn 0.31663418 0.94854540 -0.00211710
vn -0.13383053 0.94865704 -0.28659940
vn -0.13372983 -0.94869119 -0.28653342
vn -0.28535831 -0.94846606 -0.13777778
vn -0.30146998 0.94278592 -0.14237453
vn 0.20574792 0.94869566 0.24009246
vn 0.25500736 0.94851780 0.18784358
vn 0.25495118 -0.94852674 0.18787467
vn 0.20580342 -0.94869429 0.24005009
vn 0.06578427 -0.94868934 0.30929106
vn 0.00411393 -0.94868004 0.31621078
vn 0.00415635 0.94868058 0.31620866
vn 0.06574427 0.94869161 0.30929258
vn -0.05797459 -0.94864267 0.31099212
vn -0.13450082 -0.94863492 0.28635880
vn -0.13443053 0.94863021 0.28640750
vn -0.05802066 0.94865346 0.31095058
vn -0.21355851 -0.94868731 0.23320633
vn -0.21356276 0.94860786 0.23352538
vn -0.27366519 -0.94843531 0.15993075
vn -0.30709803 -0.94701588 0.09408434
vn -0.30704188 0.94710028 0.09341531
vn -0.27393550 0.94836128 0.15990688
vn -0.31618989 -0.94822842 0.02977947
vn -0.31566504 0.94838172 0.03045606
vn -0.31719890 -0.94817001 -0.01893620
vn -0.31736392 0.94811881 -0.01873513
vn -0.31659278 -0.94777083 -0.03872300
vn -0.31695557 0.94763279 -0.03913260
vn 0.13443021 0.94867319 0.28626508
vn 0.13436142 -0.94868308 0.28626463
vn 0.28559497 -0.94834244 0.13813795
vn 0.28543076 0.94851172 0.13731298
vn 0.31323913 0.94370711 0.10629296
vn 0.19199200 0.97922230 0.06529002
vn 0.19143343 -0.97941530 0.06402316
vn 0.31451526 -0.94342488 0.10502239
vn -0.00004060 -0.00000004 1.00000000
vn -0.00004060 -0.00000004 1.00000000
vn -0.00004060 -0.00000004 1.00000000
vn -0.00000079 -0.00000042 1.00000000
vn -0.00000079 -0.00000042 1.00000000
vn -0.00000079 -0.00000042 1.00000000
vn 0.00000160 0.00000550 1.00000000
vn 0.00000160 0.00000550 1.00000000
vn 0.00000160 0.00000550 1.00000000
vn 0.00000000 0.00000000 1.00000000
vn 0.00000008 0.00172578 0.99999851
vn 0.00000004 0.00177372 0.99999845
vn 0.00000201 0.00172578 0.99999851
vn 0.00000133 -0.00000052 1.00000000
vn 0.00000133 -0.00000052 1.00000000
vn 0.00000133 -0.00000052 1.00000000
vn 0.00000186 -0.00000053 1.00000000
vn 0.00000186 -0.00000053 1.00000000
vn 0.00000186 -0.00000053 1.00000000
vn 0.00006124 0.00000000 1.00000000
vn 0.00006124 0.00000000 1.00000000
vn 0.00006124 0.00000000 1.00000000
vn -0.00000112 -0.00000016 1.00000000
vn -0.00000112 -0.00000016 1.00000000
vn -0.00000112 -0.00000016 1.00000000
vn -0.00000112 0.00000000 1.00000000
vn -0.00000112 0.00000000 1.00000000
vn -0.00000112 0.00000000 1.00000000
vn -0.00003504 1.00000000 -0.00000000
vn 1.00000000 0.00004797 -0.00000001
vn 0.00000000 0.00000000 -1.00000000
vn -0.00004777 -0.00000000 1.00000000
vn -0.00000112 0.00000000 1.00000000
vn -0.00000112 0.00000000 1.00000000
vn -0.00000112 0.00000000 1.00000000
vn -0.00000112 0.00000000 1.00000000
vn -0.00000371 -0.00000146 1.00000000
vn -0.00000371 -0.00000146 1.00000000
vn -0.00000371 -0.00000146 1.00000000
vn 0.00000000 0.00000000 1.00000000
vn 0.00000000 0.00000000 1.00000000
vn 0.00000000 0.00000000 1.00000000
vn -0.00000084 -0.00000113 1.00000000
vn -0.00000084 -0.00000113 1.00000000
vn -0.00000084 -0.00000113 1.00000000
vn -0.00000115 -0.00000184 1.00000000
vn -0.00000115 -0.00000184 1.00000000
vn -0.00000115 -0.00000184 1.00000000
vn -0.00000112 -0.00000108 1.00000000
vn -0.00000112 -0.00000108 1.00000000
vn -0.00000112 -0.00000108 1.00000000
vn 0.00000000 0.00000000 1.00000000
vn 0.00000000 0.00000000 1.00000000
vn 0.00000000 0.00000000 1.00000000
vn 0.00000000 -0.00009112 1.00000000
vn 0.00000000 -0.00009112 1.00000000
vn 0.00000000 -0.00009112 1.00000000
vn 0.00007910 0.00000000 1.00000000
vn 0.00007910 0.00000000 1.00000000
vn 0.00007910 0.00000000 1.00000000
vn -0.00002573 0.00000000 1.00000000
vn -0.00002573 0.00000000 1.00000000
vn -0.00002573 0.00000000 1.00000000
vn -0.00004060 -0.00023304 1.00000000
vn -0.00004060 -0.00023304 1.00000000
vn -0.00004060 -0.00023304 1.00000000
vn 0.00029258 -0.00003957 1.00000000
vn 0.00003916 -0.00025953 1.00000000
vn 0.00003924 -0.00025962 1.00000000
vn 0.00044215 0.00007503 0.99999994
vn 0.00017727 0.00028105 1.00000000
vn 0.00044215 0.00007503 0.99999994
vn -0.00009496 0.00020019 1.00000000
vn -0.00009496 0.00020019 1.00000000
vn -0.00009496 0.00020019 1.00000000
vn -0.00022798 0.00007634 1.00000000
vn -0.00022798 0.00007634 1.00000000
vn -0.00022798 0.00007634 1.00000000
vn 0.94902128 0.00000177 0.31521198
vn 0.94902128 -0.00000049 0.31521210
vn 0.90346575 0.00000057 0.42866048
vn 0.80361515 0.00000000 0.59514928
vn 0.65088302 0.00000000 0.75917804
vn 0.42522225 0.00000010 0.90508908
vn 0.20818797 -0.00000386 0.97808880
vn 0.01326418 0.00000337 0.99991202
vn -0.18525240 0.00000066 0.98269105
vn -0.42719847 0.00000044 0.90415794
vn -0.67421222 -0.00000135 0.73853767
vn -0.86055410 0.00000009 0.50935924
vn -0.95950061 0.00000000 0.28170660
vn -0.99567688 -0.00000042 0.09288470
vn -0.99844444 -0.00000315 -0.05575600
vn -0.99239004 -0.00000011 -0.12313394
vn -0.99238998 -0.00000238 -0.12313414
vn -0.99844450 -0.00000034 -0.05575456
vn -0.99567628 -0.00000056 0.09289131
vn -0.95949912 -0.00000011 0.28171152
vn -0.86055028 0.00000000 0.50936544
vn -0.67420495 -0.00000563 0.73854434
vn -0.42719388 0.00000238 0.90416014
vn -0.18524475 -0.00000038 0.98269242
vn 0.01326848 -0.00000095 0.99991196
vn 0.20819411 -0.00000090 0.97808754
vn 0.42522955 -0.00000040 0.90508556
vn 0.65088725 -0.00000004 0.75917453
vn 0.80361950 0.00000000 0.59514350
vn 0.90346777 0.00000000 0.42865601
vn 0.31795201 0.00000000 0.94810683
vn 0.31795201 0.00000000 0.94810683
vn 0.31795201 0.00000000 0.94810683
vn 0.31796342 0.00000368 0.94810301
vn 0.31796342 0.00000368 0.94810301
vn 0.31796342 0.00000368 0.94810301
vn 0.57155174 -0.79879117 0.18778026
vn 0.54238516 -0.79966182 0.25760314
vn 0.54185408 -0.80053627 0.25599974
vn 0.56910938 -0.80172461 0.18262564
vn 0.48299283 -0.79940194 0.35731569
vn 0.48297361 -0.79943115 0.35727608
vn 0.39071709 -0.79963326 0.45598987
vn 0.39065778 -0.79967660 0.45596483
vn 0.25537696 -0.79954815 0.54360414
vn 0.25539625 -0.79945898 0.54372609
vn 0.12489683 -0.79960281 0.58739793
vn 0.12486751 -0.79952657 0.58750778
vn 0.00812460 -0.79946804 0.60065377
vn 0.00814794 -0.79948181 0.60063511
vn -0.11115303 -0.79948968 0.59030622
vn -0.11105339 -0.79962122 0.59014666
vn -0.25651273 -0.79947793 0.54317242
vn -0.25639173 -0.79959548 0.54305655
vn -0.40497512 -0.79961133 0.44341511
vn -0.40501630 -0.79959697 0.44340330
vn -0.51684332 -0.79961693 0.30575439
vn -0.51704228 -0.79947942 0.30577758
vn -0.57625729 -0.79959232 0.16905510
vn -0.57644445 -0.79946101 0.16903779
vn -0.59799331 -0.79956073 0.05573729
vn -0.59810126 -0.79948169 0.05571235
vn -0.59936166 -0.79976475 -0.03379229
vn -0.59964705 -0.79951763 -0.03456937
vn -0.59603053 -0.79954654 -0.07397878
vn -0.59638155 -0.79918694 -0.07502969
vn -0.69448608 0.00000000 0.71950614
vn -0.69448608 0.00000000 0.71950614
vn -0.69448608 0.00000000 0.71950614
vn -0.69448280 0.00000000 0.71950930
vn -0.69448280 0.00000000 0.71950930
vn -0.69448280 0.00000000 0.71950930
vn -0.59627867 0.79930586 -0.07457869
vn -0.59971285 0.79951310 -0.03351632
vn -0.59921694 0.79986614 -0.03396007
vn -0.59476912 0.80031157 -0.07583617
vn -0.59809011 0.79949296 0.05567093
vn -0.59799004 0.79957151 0.05561932
vn -0.57641715 0.79947197 0.16907923
vn -0.57626837 0.79960352 0.16896433
vn -0.51700008 0.79948068 0.30584598
vn -0.51687974 0.79961854 0.30568865
vn -0.40478903 0.79960704 0.44359264
vn -0.40476912 0.79960728 0.44361040
vn -0.25642863 0.79960531 0.54302454
vn -0.25643849 0.79948723 0.54319376
vn -0.11108824 0.79962814 0.59013069
vn -0.11104601 0.79949540 0.59031850
vn 0.00783578 0.79948664 0.60063279
vn 0.00782640 0.79947877 0.60064340
vn 0.12502049 0.79953402 0.58746511
vn 0.12496868 0.79960608 0.58737808
vn 0.25527555 0.79946762 0.54377019
vn 0.25516921 0.79956466 0.54367733
vn 0.39102572 0.79968578 0.45563325
vn 0.39113879 0.79961962 0.45565230
vn 0.48264250 0.79942739 0.35773182
vn 0.48264322 0.79940879 0.35777247
vn 0.54215783 0.80026489 0.25620505
vn 0.54386580 0.79965776 0.25447527
vn 0.56997734 0.79955137 0.18932383
vn 0.57231975 0.79839212 0.18713665
vn 1.00000000 0.00000000 0.00004541
vn 1.00000000 0.00000000 0.00004541
vn 1.00000000 0.00000000 0.00004541
vn 1.00000000 0.00000000 -0.00000810
vn 1.00000000 0.00000000 -0.00000810
vn 1.00000000 0.00000000 -0.00000810
vn 1.00000000 0.00000000 0.00001799
vn 1.00000000 0.00000000 0.00001799
vn 1.00000000 0.00000000 0.00001799
vn 1.00000000 0.00000000 -0.00001867
vn 1.00000000 0.00000000 -0.00001867
vn 1.00000000 0.00000000 -0.00001867
vn 1.00000000 0.00000000 -0.00000000
vn 1.00000000 0.00000000 -0.00000000
vn 1.00000000 0.00000000 -0.00000000
vn 1.00000000 0.00000000 -0.00000000
vn 1.00000000 0.00000000 0.00002270
vn 1.00000000 0.00000000 0.00002270
vn 1.00000000 0.00000000 0.00002270
vn 1.00000000 0.00000000 -0.00000000
vn 1.00000000 0.00000000 -0.00000000
vn 1.00000000 0.00000000 -0.00000000
vn 1.00000000 0.00000000 -0.00000000
vn 1.00000000 0.00000000 -0.00000000
vn 1.00000000 0.00000000 -0.00000000
vn 1.00000000 0.00000000 -0.00000000
vn 1.00000000 0.00000000 -0.00000000
vn 1.00000000 0.00000000 -0.00000000
vn 1.00000000 0.00000000 0.00001434
vn 1.00000000 0.00000000 0.00001434
vn 1.00000000 0.00000000 0.00001434
vn 1.00000000 0.00000000 -0.00000000
vn 1.00000000 0.00000000 -0.00000000
vn 1.00000000 0.00000000 -0.00000938
vn 1.00000000 0.00000000 -0.00000938
vn 1.00000000 0.00000000 -0.00000938
vn 1.00000000 0.00000000 0.00001897
vn 1.00000000 0.00000000 0.00001897
vn 1.00000000 0.00000000 0.00001897
vn 1.00000000 0.00000000 -0.00000920
vn 1.00000000 0.00000000 -0.00000920
vn 1.00000000 0.00000000 -0.00000920
vn 1.00000000 0.00000000 -0.00000000
vn 1.00000000 0.00000000 -0.00000000
vn 1.00000000 0.00000000 -0.00000000
vn 1.00000000 0.00000000 -0.00000000
vn 1.00000000 0.00000000 -0.00000000
vn 1.00000000 0.00000000 -0.00000899
vn 1.00000000 0.00000000 -0.00000899
vn 1.00000000 0.00000000 -0.00000899
vn 1.00000000 0.00000000 -0.00000000
vn 1.00000000 0.00000000 -0.00000000
vn 1.00000000 0.00000000 -0.00004541
vn 1.00000000 0.00000000 -0.00004541
vn 1.00000000 0.00000000 -0.00004541
vn 1.00000000 0.00000000 -0.00000000
vn 1.00000000 0.00000000 -0.00000000
vn 1.00000000 0.00000000 -0.00000000
vn 1.00000000 0.00000000 -0.00005837
vn 1.00000000 0.00000000 -0.00005837
vn 1.00000000 0.00000000 -0.00005837
vn 1.00000000 0.00000000 -0.00005110
vn 1.00000000 0.00000000 -0.00005110
vn 1.00000000 0.00000000 -0.00005110
vn 1.00000000 0.00000000 0.00000810
vn 1.00000000 0.00000000 0.00000810
vn 1.00000000 0.00000000 0.00000810
vn 1.00000000 0.00000000 -0.00000000
vn 1.00000000 0.00000000 -0.00000000
vn 1.00000000 0.00000000 -0.00000000
vn 1.00000000 0.00000000 -0.00000940
vn 1.00000000 0.00000000 -0.00000940
vn 1.00000000 0.00000000 -0.00000940
vn 1.00000000 0.00000000 -0.00000000
vn 1.00000000 0.00000000 -0.00000000
vn 1.00000000 0.00000000 -0.00000000
vn 1.00000000 0.00000000 0.00000640
vn 1.00000000 0.00000000 0.00000640
vn 1.00000000 0.00000000 0.00000640
vn 1.00000000 0.00000000 -0.00000000
vn 1.00000000 0.00000000 -0.00000000
vn 1.00000000 0.00000000 -0.00000000
vn 1.00000000 0.00000000 0.00000450
vn 1.00000000 0.00000000 0.00000450
vn 1.00000000 0.00000000 0.00000450
vn 1.00000000 0.00000000 -0.00000000
vn 1.00000000 0.00000000 -0.00000000
vn 1.00000000 0.00000000 -0.00000000
vn 1.00000000 0.00000000 -0.00000000
vn 1.00000000 0.00000000 0.00002481
vn 1.00000000 0.00000000 0.00002481
vn 1.00000000 0.00000000 0.00002481
vn 1.00000000 0.00000000 -0.00010562
vn 1.00000000 0.00000000 -0.00010562
vn 1.00000000 0.00000000 -0.00010562
vn 1.00000000 0.00000618 -0.00002185
vn 1.00000000 0.00000618 -0.00002185
vn 1.00000000 0.00000618 -0.00002185
vn 1.00000000 0.00000650 -0.00003353
vn 1.00000000 0.00000650 -0.00003353
vn 1.00000000 0.00000650 -0.00003353
vn 1.00000000 0.00000000 -0.00000000
vn 1.00000000 0.00000000 -0.00000000
vn 1.00000000 0.00000000 -0.00000000
vn 1.00000000 0.00000000 -0.00000000
vn 1.00000000 0.00000000 -0.00001000
vn 1.00000000 0.00000000 -0.00001000
vn 1.00000000 0.00000000 -0.00001000
vn 1.00000000 0.00000000 -0.00000000
vn 1.00000000 0.00000000 -0.00000000
vn 1.00000000 0.00000000 0.00004540
vn 1.00000000 0.00000000 0.00004540
vn 1.00000000 0.00000000 0.00004540
vn 1.00000000 0.00000000 -0.00000000
vn 1.00000000 0.00000000 -0.00000000
vn 1.00000000 0.00000000 -0.00000000
vn 1.00000000 0.00000000 -0.00000000
vn 1.00000000 0.00000000 -0.00000000
vn 1.00000000 0.00000000 -0.00000594
vn 1.00000000 0.00000000 -0.00000594
vn 1.00000000 0.00000000 -0.00000594
vn 1.00000000 0.00000000 0.00001761
vn 1.00000000 0.00000000 0.00001761
vn 1.00000000 0.00000000 0.00001761
vn 0.62363225 0.33918440 0.70429873
vn 0.62361991 0.00001136 0.78172773
vn 0.62362015 0.00000832 0.78172755
vn 0.62363011 0.33917588 0.70430475
vn 0.62363255 -0.33916768 0.70430660
vn 0.62363356 -0.33917919 0.70430011
vn 0.62361807 -0.61117530 0.48740667
vn 0.62361437 -0.61118448 0.48739988
vn 0.62363482 -0.76211405 0.17395911
vn 0.62363172 -0.76211905 0.17394824
vn 0.62362480 -0.76212555 -0.17394479
vn 0.62362474 -0.76212323 -0.17395502
vn 0.62363660 -0.61117834 -0.48737916
vn 0.62363893 -0.61117452 -0.48738095
vn 0.62361079 -0.33917329 -0.70432317
vn 0.62361234 -0.33916816 -0.70432419
vn 0.62363225 -0.00000731 -0.78171796
vn 0.62363040 -0.00000088 -0.78171945
vn 0.62362498 0.33917606 -0.70430923
vn 0.62362021 0.33918440 -0.70430946
vn 0.62363833 0.61116660 -0.48739174
vn 0.62363291 0.61117470 -0.48738846
vn 0.62363321 0.76211560 -0.17395872
vn 0.62363493 0.76211548 -0.17395270
vn 0.62361497 0.76213247 0.17394966
vn 0.62361497 0.76213199 0.17395158
vn 0.62362558 0.61117429 0.48739833
vn 0.62362063 0.61117297 0.48740634
vn 0.62360281 0.33918455 0.70432484
vn 0.62361908 0.00000321 0.78172839
vn 0.62361693 -0.00000328 0.78173012
vn 0.62360710 0.33918017 0.70432305
vn 0.62363189 -0.33917344 0.70430434
vn 0.62362689 -0.33917594 0.70430756
vn 0.62364084 -0.61116630 0.48738894
vn 0.62363887 -0.61116958 0.48738715
vn 0.62362111 -0.76212418 0.17396411
vn 0.62362260 -0.76212525 0.17395386
vn 0.62361813 -0.76212901 -0.17395373
vn 0.62361670 -0.76212817 -0.17396231
vn 0.62363237 -0.61120450 -0.48735183
vn 0.62361771 -0.61121142 -0.48736188
vn 0.62363327 -0.61114478 -0.48742560
vn 0.61391473 -0.49216259 -0.61715865
vn 0.61393660 -0.49218947 -0.61711544
vn 0.62363005 -0.61118150 -0.48738357
vn 0.61393142 -0.49216494 -0.61714005
vn 0.62361372 -0.33918211 -0.70431632
vn 0.62361497 -0.33917579 -0.70431828
vn 0.61393726 -0.49216622 -0.61713326
vn 0.62363046 -0.00000845 -0.78171927
vn 0.62363082 -0.00000143 -0.78171897
vn 0.62361825 0.33917272 -0.70431685
vn 0.62361705 0.33917734 -0.70431560
vn 0.62362784 0.61117023 -0.48740059
vn 0.62362140 0.61118054 -0.48739588
vn 0.62336159 0.76178688 -0.17635538
vn 0.62335789 0.76179087 -0.17635128
vn 0.62388831 0.76245397 0.17154387
vn 0.62388873 0.76245350 0.17154467
vn 0.62362355 0.61118579 0.48738664
vn 0.62362921 0.61118215 0.48738393
vn 0.62355363 0.33874556 0.70457953
vn 0.62363756 0.00001104 0.78171366
vn 0.62363976 0.00000262 0.78171188
vn 0.62356001 0.33874035 0.70457637
vn 0.62363482 -0.33915728 0.70430964
vn 0.62363797 -0.33916330 0.70430386
vn 0.62363809 -0.61116165 0.48739824
vn 0.62363774 -0.61116439 0.48739532
vn 0.62363368 -0.76211739 0.17394906
vn 0.62363118 -0.76212174 0.17393847
vn 0.62321484 -0.76326215 -0.17039405
vn 0.62321275 -0.76326197 -0.17040242
vn 0.61402333 -0.70646930 -0.35196105
vn 0.61401749 -0.70646584 -0.35197809
vn 0.62211525 -0.60316497 -0.49916393
vn 0.62211370 -0.60315883 -0.49917328
vn 0.62360734 -0.33918244 -0.70432180
vn 0.62360972 -0.33917677 -0.70432246
vn 0.62363213 -0.00001072 -0.78171790
vn 0.62362856 -0.00000875 -0.78172094
vn 0.61393905 0.17564806 -0.76956272
vn 0.61392570 0.17564629 -0.76957363
vn 0.62362844 0.33917859 -0.70430499
vn 0.62361759 0.33918422 -0.70431185
vn 0.62363088 0.61116189 -0.48740709
vn 0.62363195 0.61116618 -0.48740029
vn 0.62362319 0.76212496 -0.17395334
vn 0.62362772 0.76212323 -0.17394455
vn 0.62361306 0.76213491 0.17394572
vn 0.62361801 0.76213020 0.17394884
vn 0.62369031 0.61082959 0.48774743
vn 0.62369967 0.61082387 0.48774272
vn 0.62361324 0.33919337 0.70431125
vn 0.62364137 0.00000661 0.78171057
vn 0.62363970 -0.00000201 0.78171194
vn 0.62360966 0.33918357 0.70431918
vn 0.62362933 -0.33916619 0.70431012
vn 0.62363309 -0.33916497 0.70430744
vn 0.62361914 -0.61117667 0.48740357
vn 0.62361580 -0.61118525 0.48739719
vn 0.62363911 -0.76211113 0.17395657
vn 0.62363434 -0.76211739 0.17394611
vn 0.62322354 -0.76323080 -0.17050275
vn 0.62321723 -0.76323313 -0.17051564
vn 0.62404078 -0.61314881 -0.48437762
vn 0.62403524 -0.61314791 -0.48438588
vn 0.62362504 -0.33918729 -0.70430380
vn 0.62362295 -0.33917415 -0.70431197
vn 0.62338382 -0.00220640 -0.78191292
vn 0.62338555 -0.00220480 -0.78191161
vn 0.62386096 0.33711490 -0.70508939
vn 0.62386417 0.33711872 -0.70508474
vn 0.62361926 0.61117268 -0.48740846
vn 0.62362069 0.61118084 -0.48739633
vn 0.62362069 0.76212573 -0.17395853
vn 0.62362045 0.76212722 -0.17395313
vn 0.62364179 0.76211315 0.17393804
vn 0.62364262 0.76211220 0.17393972
vn 0.62363082 0.61117989 0.48738465
vn 0.62363428 0.61117280 0.48738906
vn 0.00000000 -0.43387523 -0.90097296
vn 0.00000000 -0.00000773 -1.00000000
vn 0.00000000 -0.00000161 -1.00000000
vn 0.00000000 -0.43387273 -0.90097409
vn 0.00000000 0.43387139 -0.90097487
vn 0.00000000 0.43387431 -0.90097338
vn 0.00001068 0.78183013 -0.62349147
vn -0.00001063 0.78182626 -0.62349635
vn 0.00001063 0.78186691 -0.62344539
vn 0.00000000 0.97492772 -0.22252189
vn 0.00000000 0.97492915 -0.22251529
vn -0.00001068 0.78186709 -0.62344515
vn 0.00000000 0.97492874 0.22251770
vn 0.00000000 0.97492725 0.22252387
vn 0.00001068 0.78186041 0.62345368
vn -0.00001063 0.78186041 0.62345344
vn 0.00007466 0.78182751 0.62349486
vn 0.00000000 0.43388635 0.90096760
vn 0.00000000 0.43388182 0.90096980
vn -0.00001068 0.78182727 0.62349510
vn 0.00000000 -0.00000325 1.00000000
vn 0.00000000 -0.00000828 1.00000000
vn 0.00000000 -0.43387225 0.90097439
vn 0.00000000 -0.43387583 0.90097272
vn 0.00001068 -0.78182101 0.62350297
vn -0.00001063 -0.78181738 0.62350738
vn 0.00001063 -0.78186238 0.62345111
vn 0.00000000 -0.97492772 0.22252190
vn 0.00000000 -0.97492915 0.22251590
vn -0.00001068 -0.78183210 0.62348908
vn 0.00000000 -0.97492599 -0.22252944
vn 0.00000000 -0.97492403 -0.22253822
vn 0.00001068 -0.78186691 -0.62344545
vn -0.00001063 -0.78186351 -0.62344962
vn 0.00001063 -0.78185159 -0.62346464
vn -0.00001068 -0.78185570 -0.62345946
vn 0.00000000 -0.43389121 -0.90096527
vn 0.00000000 0.00000160 -1.00000000
vn 0.00000000 0.00000887 -1.00000000
vn 0.00000000 -0.43388110 -0.90097022
vn 0.00000000 0.43389001 -0.90096587
vn 0.00000000 0.43389854 -0.90096176
vn 0.00001068 0.78178805 -0.62354439
vn -0.00001063 0.78179228 -0.62353897
vn 0.00001063 0.78184837 -0.62346858
vn 0.00000000 0.97492772 -0.22252165
vn 0.00000000 0.97492868 -0.22251751
vn -0.00001068 0.78181589 -0.62350941
vn 0.00000000 0.97492605 0.22252914
vn 0.00000000 0.97492415 0.22253749
vn 0.00001068 0.78186107 0.62345284
vn -0.00001063 0.78185838 0.62345618
vn 0.00001063 0.78181487 0.62351078
vn 0.00000000 0.62350547 0.78181911
vn 0.00000000 0.62349695 0.78182578
vn -0.00001068 0.78179985 0.62352955
vn 0.00000000 0.43388090 0.90097022
vn 0.00000000 0.43387476 0.90097320
vn 0.00000000 -0.00000325 1.00000000
vn 0.00000000 -0.00000938 1.00000000
vn 0.00000000 -0.43388751 0.90096706
vn 0.00000000 -0.43389666 0.90096271
vn 0.00001068 -0.78179026 0.62354147
vn -0.00001063 -0.78179455 0.62353611
vn 0.00001063 -0.78184783 0.62346929
vn 0.00000000 -0.97423518 0.22553472
vn 0.00000000 -0.97423601 0.22553089
vn -0.00001068 -0.78184485 0.62347311
vn 0.00000000 -0.97561467 -0.21949063
vn 0.00000000 -0.97561377 -0.21949457
vn 0.00001068 -0.78185248 -0.62346345
vn -0.00001063 -0.78185552 -0.62345970
vn 0.00001063 -0.78179687 -0.62353325
vn -0.00001068 -0.78179228 -0.62353909
vn 0.00000000 -0.43331063 -0.90124464
vn 0.00000000 -0.00000405 -1.00000000
vn 0.00000000 0.00000526 -1.00000000
vn 0.00000000 -0.43330035 -0.90124959
vn 0.00000000 0.43386465 -0.90097809
vn 0.00000000 0.43387151 -0.90097481
vn 0.00001068 0.78179055 -0.62354118
vn -0.00001063 0.78178996 -0.62354183
vn 0.00001063 0.78184837 -0.62346858
vn 0.00000000 0.97492832 -0.22251916
vn 0.00000000 0.97492939 -0.22251485
vn -0.00001068 0.78181589 -0.62350941
vn 0.00000000 0.97597504 0.21788231
vn 0.00000000 0.97597265 0.21789314
vn 0.00000000 0.89506412 0.44593742
vn 0.00000000 0.89506298 0.44593981
vn 0.00000983 0.77038503 0.63757902
vn -0.00000978 0.77038479 0.63757914
vn 0.00000978 0.77036077 0.63760841
vn 0.00000000 0.43389019 0.90096587
vn 0.00000000 0.43388370 0.90096891
vn -0.00000983 0.77036011 0.63760895
vn 0.00000000 0.00001015 1.00000000
vn 0.00000000 0.00000085 1.00000000
vn 0.00000000 -0.22251600 0.97492903
vn 0.00000000 -0.22252803 0.97492629
vn 0.00000000 -0.43388706 0.90096736
vn 0.00000000 -0.43389836 0.90096194
vn 0.00001068 -0.78179044 0.62354136
vn -0.00001063 -0.78179449 0.62353629
vn 0.00001063 -0.78186691 0.62344539
vn 0.00000000 -0.97492832 0.22251923
vn 0.00000000 -0.97492981 0.22251262
vn -0.00001068 -0.78186709 0.62344515
vn 0.00000000 -0.97492987 -0.22251271
vn 0.00000000 -0.97492892 -0.22251652
vn 0.00001071 -0.78143191 -0.62399054
vn -0.00001066 -0.78143513 -0.62398648
vn 0.00001066 -0.78140235 -0.62402761
vn -0.00001071 -0.78139770 -0.62403339
vn 0.00000000 -0.43387607 -0.90097266
vn 0.00000000 0.00000395 -1.00000000
vn 0.00000000 0.00001259 -1.00000000
vn 0.00000000 -0.43387160 -0.90097469
vn 0.00000000 0.43386868 -0.90097612
vn 0.00000000 0.43387526 -0.90097296
vn 0.00001068 0.78179055 -0.62354118
vn -0.00001063 0.78178996 -0.62354183
vn 0.00001063 0.78186792 -0.62344426
vn 0.00000000 0.97492832 -0.22251917
vn 0.00000000 0.97492981 -0.22251272
vn -0.00001068 0.78186786 -0.62344426
vn 0.00000000 0.97594166 0.21803188
vn 0.00000000 0.97594029 0.21803820
vn 0.00001089 0.78471959 0.61985105
vn -0.00007615 0.78471935 0.61985129
vn 0.00001084 0.78470427 0.61987031
vn 0.00000000 0.43387118 0.90097493
vn 0.00000000 0.43386707 0.90097690
vn -0.00001090 0.78470826 0.61986524
vn 0.00000000 0.00281347 0.99999613
vn 0.00000000 0.00280555 0.99999613
vn 0.00000000 -0.43134192 0.90218860
vn 0.00000000 -0.43134621 0.90218651
vn 0.00001068 -0.78185058 0.62346601
vn -0.00001153 -0.78181893 0.62350547
vn 0.00001063 -0.78186035 0.62345362
vn 0.00000000 -0.97492701 0.22252488
vn 0.00000000 -0.97492844 0.22251855
vn -0.00001068 -0.78189027 0.62341619
vn 0.00000000 -0.97492945 -0.22251451
vn 0.00000000 -0.97492796 -0.22252095
vn 0.00001068 -0.78186649 -0.62344605
vn -0.00001063 -0.78186625 -0.62344635
vn 0.00001063 -0.78182232 -0.62350124
vn -0.00001068 -0.78182560 -0.62349731
vn 0.71603161 -0.30288318 -0.62893605
vn 0.71603012 -0.30287877 -0.62893981
vn 0.71601892 -0.00000107 -0.69808084
vn 0.71601707 -0.00000608 -0.69808275
vn 0.71602237 0.30288544 -0.62894541
vn 0.71602255 0.30288440 -0.62894571
vn 0.71602786 0.54578060 -0.43523297
vn 0.71602488 0.54578072 -0.43523771
vn 0.71601361 0.68057477 -0.15537855
vn 0.71600652 0.68058217 -0.15537906
vn 0.71602917 0.68057889 -0.15528882
vn 0.71602440 0.68058366 -0.15528971
vn 0.71603197 0.68057597 0.15528871
vn 0.71601677 0.68059099 0.15529308
vn 0.71598595 0.68059856 0.15540183
vn 0.71597397 0.68061030 0.15540588
vn 0.71602064 0.54577732 0.43524900
vn 0.71602416 0.54577768 0.43524265
vn 0.71601492 0.30288312 0.62895501
vn 0.71601206 0.30288881 0.62895554
vn 0.71600097 -0.00000592 0.69809926
vn 0.71599972 0.00000011 0.69810063
vn 0.71600682 -0.30289450 0.62895876
vn 0.71601027 -0.30289015 0.62895691
vn 0.71601886 -0.54578632 0.43524048
vn 0.71601856 -0.54578441 0.43524343
vn 0.71601278 -0.68056989 0.15540399
vn 0.71600622 -0.68058568 0.15536514
vn 0.71600455 -0.68060422 0.15529159
vn 0.71599644 -0.68061209 0.15529417
vn 0.71601224 -0.68059576 -0.15529276
vn 0.71601617 -0.68059158 -0.15529321
vn 0.71603835 -0.68055350 -0.15535811
vn 0.71604085 -0.68055123 -0.15535603
vn 0.71600777 -0.54578918 -0.43525514
vn 0.71600586 -0.54579473 -0.43525133
vn 0.71602309 -0.30288950 -0.62894273
vn 0.71602577 -0.30287778 -0.62894535
vn 0.71601748 0.00000999 -0.69808233
vn 0.71601623 0.00000047 -0.69808370
vn 0.71601570 0.30288947 -0.62895119
vn 0.71601754 0.30288422 -0.62895161
vn 0.71602154 0.54577869 -0.43524572
vn 0.71602082 0.54577667 -0.43524936
vn 0.71600646 0.68058258 -0.15537754
vn 0.71598661 0.68060273 -0.15538086
vn 0.71601057 0.68059570 -0.15530105
vn 0.71600693 0.68059844 -0.15530549
vn 0.71600997 0.68058550 0.15534857
vn 0.70475292 0.69276857 0.15295418
vn 0.59069782 0.64461672 0.48533019
vn 0.57817441 0.65336370 0.48870254
vn 0.57815659 0.65330803 0.48879805
vn 0.59064615 0.64455235 0.48547858
vn 0.57047105 0.50930017 0.64434171
vn 0.59088641 0.48761407 0.64271754
vn 0.59086144 0.48760852 0.64274466
vn 0.57046330 0.50933737 0.64431906
vn 0.70256931 0.29053962 0.64960229
vn 0.71566033 0.27421477 0.64236796
vn 0.71600139 -0.00000594 0.69809890
vn 0.71599764 0.00000079 0.69810271
vn 0.71599644 -0.30289239 0.62897170
vn 0.71599895 -0.30288914 0.62897038
vn 0.71602035 -0.54578769 0.43523630
vn 0.71602505 -0.54578251 0.43523508
vn 0.71578074 -0.68033373 0.15749298
vn 0.71578139 -0.68033206 0.15749681
vn 0.71626621 -0.68080747 -0.15317935
vn 0.71626669 -0.68080765 -0.15317638
vn 0.71602499 -0.54577130 -0.43524939
vn 0.71602589 -0.54577446 -0.43524393
vn 0.71596617 -0.30249637 -0.62919664
vn 0.71596628 -0.30249023 -0.62919950
vn 0.71600860 0.00000108 -0.69809145
vn 0.71601057 -0.00000999 -0.69808942
vn 0.71602309 0.30289206 -0.62894154
vn 0.71602428 0.30288830 -0.62894195
vn 0.71601355 0.54579675 -0.43523616
vn 0.71601129 0.54579359 -0.43524390
vn 0.71600860 0.68058085 -0.15537527
vn 0.71599007 0.68060869 -0.15533869
vn 0.71602225 0.68058622 -0.15528841
vn 0.71601957 0.68058872 -0.15529004
vn 0.71563643 0.68170011 0.15214927
vn 0.71563548 0.68170148 0.15214787
vn 0.71564239 0.68168014 0.15221073
vn 0.71562934 0.68169427 0.15220916
vn 0.70721912 0.63280779 0.31527054
vn 0.70721269 0.63280946 0.31528142
vn 0.71462792 0.53887790 0.44600171
vn 0.71461987 0.53888249 0.44600913
vn 0.71602690 0.30288434 0.62894088
vn 0.71602857 0.30288956 0.62893641
vn 0.71599555 0.00000071 0.69810492
vn 0.71599191 0.00001013 0.69810855
vn 0.70707327 -0.15735364 0.68941081
vn 0.70707339 -0.15734953 0.68941164
vn 0.71599782 -0.30289459 0.62896895
vn 0.71599847 -0.30289260 0.62896919
vn 0.71601146 -0.54578012 0.43526039
vn 0.71601200 -0.54578102 0.43525857
vn 0.71601832 -0.68058014 0.15533316
vn 0.71601671 -0.68058175 0.15533367
vn 0.71601015 -0.68058306 -0.15535854
vn 0.71600980 -0.68058467 -0.15535311
vn 0.71605951 -0.54546601 -0.43557504
vn 0.71606249 -0.54546952 -0.43556568
vn 0.71602392 -0.30288437 -0.62894416
vn 0.71602595 -0.30288112 -0.62894350
vn 0.71601558 0.00000556 -0.69808435
vn 0.71601564 -0.00000338 -0.69808424
vn 0.71602088 0.30289516 -0.62894255
vn 0.71602017 0.30289084 -0.62894541
vn 0.71601582 0.54578644 -0.43524531
vn 0.71600884 0.54578757 -0.43525553
vn 0.71598655 0.68060243 -0.15538223
vn 0.71596032 0.68062705 -0.15539521
vn 0.71601605 0.68059272 -0.15528901
vn 0.71601665 0.68059206 -0.15528901
vn 0.71562725 0.68168932 0.15224111
vn 0.71562195 0.68169528 0.15223953
vn 0.71566707 0.68162954 0.15232155
vn 0.71567130 0.68162483 0.15232265
vn 0.71637708 0.54749179 0.43250036
vn 0.71637064 0.54749781 0.43250346
vn 0.71600884 0.30288535 0.62896085
vn 0.71600550 0.30288503 0.62896490
vn 0.71577275 0.00197082 0.69833052
vn 0.71577394 0.00197008 0.69832927
vn 0.71624577 -0.30102202 0.62958539
vn 0.71625209 -0.30101833 0.62957996
vn 0.71600246 -0.54580307 0.43524644
vn 0.71600908 -0.54579687 0.43524334
vn 0.71601444 -0.68057287 0.15538336
vn 0.71602458 -0.68056434 0.15537399
vn 0.71602148 -0.68058705 0.15528865
vn 0.71601754 -0.68059093 0.15528946
vn 0.71602058 -0.68058795 -0.15528899
vn 0.71600431 -0.68060410 -0.15529296
vn 0.71602297 -0.68056786 -0.15536581
vn 0.71601605 -0.68057495 -0.15536639
vn 0.71602082 -0.54577947 -0.43524587
vn 0.71602207 -0.54578096 -0.43524191
vn 1.00000000 0.00000000 -0.00000224
vn 1.00000000 0.00000062 -0.00000192
vn -0.82781923 0.16112083 -0.53735954
vn -0.82666558 -0.16227435 -0.53878665
vn -0.64148527 -0.16279206 -0.74966353
vn -0.64143270 0.16279411 -0.74970812
vn -0.01116972 -0.16150004 -0.98680949
vn -0.01119620 0.16148944 -0.98681098
vn -0.20355706 0.16205461 -0.96555829
vn -0.20358531 -0.16206864 -0.96555001
vn 0.40948766 -0.16341844 -0.89756018
vn 0.40970123 0.16339979 -0.89746612
vn 0.15024413 0.16155259 -0.97536016
vn 0.15034255 -0.16149041 -0.97535539
vn 0.65628481 -0.16155574 -0.73701423
vn 0.65587217 0.16174152 -0.73734075
vn 0.91968077 -0.16161138 -0.35786742
vn 0.91980028 0.16142564 -0.35764384
vn 0.80075246 0.15989934 -0.57725894
vn 0.80054426 -0.15960386 -0.57762921
vn 0.97492492 -0.16130075 -0.15330878
vn 0.97485554 0.16128412 -0.15376659
vn 0.98662496 -0.15769966 -0.04125497
vn 0.98662722 0.15777613 -0.04090724
vn 0.98713338 -0.15984124 -0.00429006
vn 0.98715651 0.15969141 -0.00455804
vn -0.41722137 -0.16204770 -0.89424098
vn -0.41726243 0.16202660 -0.89422572
vn -0.89272922 0.13566525 -0.42968541
vn -0.89419568 -0.13523370 -0.42676222
vn 0.65106964 0.00000000 0.75901812
vn 0.80367696 0.00000034 0.59506589
vn 0.80367571 0.00000000 0.59506762
vn 0.65106726 0.00000000 0.75902015
vn 0.20786923 0.00000131 0.97815663
vn 0.01331565 0.00000000 0.99991137
vn 0.01331553 -0.00000060 0.99991137
vn 0.20786926 0.00000258 0.97815663
vn -0.18467607 -0.00000025 0.98279947
vn -0.42673448 0.00000338 0.90437704
vn -0.42672509 0.00000087 0.90438145
vn -0.18467528 -0.00000268 0.98279959
vn -0.67423368 0.00000209 0.73851812
vn -0.67423081 0.00000062 0.73852074
vn -0.86086160 -0.00000086 0.50883919
vn -0.95966321 0.00000019 0.28115216
vn -0.95966136 -0.00000039 0.28115860
vn -0.86086130 -0.00000164 0.50883979
vn -0.99570936 0.00000112 0.09253566
vn -0.99570876 0.00000026 0.09254216
vn -0.99834359 0.00000153 -0.05753358
vn -0.99834377 0.00000109 -0.05752991
vn -0.99196815 0.00000000 -0.12648793
vn -0.99196762 0.00000046 -0.12649213
vn 0.42485631 0.00000088 0.90526074
vn 0.42485714 0.00000000 0.90526038
vn 0.90542406 0.00000113 0.42450827
vn 0.90542454 0.00000148 0.42450723
vn 0.11407314 0.98451900 0.13307744
vn 0.13443165 0.98585278 0.10011236
vn -0.12336354 0.98921013 -0.07902392
vn -0.09397192 0.98949569 -0.10985248
vn 0.13440160 -0.98585510 0.10012943
vn 0.11409723 -0.98452294 0.13302843
vn -0.09401211 -0.98949641 -0.10981198
vn -0.12333912 -0.98914647 -0.07985409
vn 0.03567408 -0.98521984 0.16753897
vn 0.00221966 -0.98570573 0.16846158
vn -0.00173695 -0.98838389 -0.15196787
vn -0.03073319 -0.98886871 -0.14558206
vn 0.00224765 0.98569983 0.16849583
vn 0.03566531 0.98521453 0.16757196
vn -0.03070283 0.98886889 -0.14558756
vn -0.00175631 0.98838377 -0.15196860
vn -0.03226682 -0.98514700 0.16865411
vn -0.07490821 -0.98474163 0.15707567
vn 0.05814223 -0.99000275 -0.12850678
vn 0.02324052 -0.98839253 -0.15013337
vn -0.07486755 0.98473322 0.15714763
vn -0.03231227 0.98513991 0.16868688
vn 0.02317852 0.98838109 -0.15021858
vn 0.05830761 0.99000233 -0.12843506
vn -0.11822692 -0.98441118 0.13021933
vn 0.09972946 -0.98881131 -0.11093407
vn -0.11809285 0.98441857 0.13028529
vn 0.09956959 0.98877925 -0.11136179
vn -0.14938693 -0.98464316 0.09034085
vn -0.16861592 -0.98457742 0.04664683
vn 0.13672645 -0.98907954 -0.05502344
vn 0.12352738 -0.98855859 -0.08656202
vn -0.16909817 0.98451263 0.04626807
vn -0.14939420 0.98465496 0.09019993
vn 0.12387437 0.98852521 -0.08644723
vn 0.13668761 0.98909628 -0.05481903
vn -0.16788214 -0.98570174 0.01441281
vn 0.15022941 -0.98836774 -0.02367134
vn -0.16807339 0.98566306 0.01482190
vn 0.15017653 0.98836672 -0.02404694
vn -0.16762933 -0.98581338 -0.00850818
vn 0.15956557 -0.98716915 -0.00600097
vn -0.16758655 0.98582166 -0.00839032
vn 0.15957917 0.98716897 -0.00565130
vn -0.14664339 -0.98902708 -0.01792516
vn 0.16146453 -0.98687816 -0.00085899
vn -0.01496983 0.00082045 -0.99988765
vn -0.02367561 -0.00000077 -0.99971968
vn -0.02359912 -0.00000095 -0.99972153
vn -0.01856443 0.00056596 -0.99982750
vn -0.01257837 0.03314829 -0.99937135
vn -0.01408011 0.00676168 -0.99987799
vn -0.01498023 0.00083661 -0.99988753
vn -0.02383300 0.00000000 -0.99971598
vn -0.02366606 -0.00000253 -0.99971998
vn -0.01857814 0.00055574 -0.99982727
vn -0.01407426 0.00671133 -0.99987847
vn -0.01257871 0.03298364 -0.99937671
vn -0.14651054 0.98904443 -0.01805391
vn 0.16129124 0.98690629 -0.00109289
vn 0.07305739 0.98513961 0.15544340
vn -0.06293492 0.98887575 -0.13477366
vn 0.07301617 -0.98514521 0.15542693
vn -0.06291211 -0.98887432 -0.13479495
vn 0.15517874 -0.98495877 0.07599954
vn -0.14762005 -0.98850358 -0.03269544
vn 0.15626799 0.98498535 0.07337650
vn -0.11604952 0.99173617 -0.05469863
vn 0.95218033 0.00000157 0.30553681
vn 0.95218199 0.00000157 0.30553162
vn -0.79672849 0.31619826 -0.51501697
vn -0.61670947 0.31631407 -0.72084320
vn -0.61681676 -0.31626940 -0.72077096
vn -0.79553944 -0.31398165 -0.51820135
vn -0.01074883 -0.31613919 -0.94865197
vn -0.19575672 -0.31621790 -0.92827016
vn -0.19570097 0.31626207 -0.92826688
vn -0.01079678 0.31621310 -0.94862682
vn 0.39265028 -0.31629574 -0.86358714
vn 0.14462139 -0.31628609 -0.93757546
vn 0.14444456 0.31616628 -0.93764323
vn 0.39302284 0.31636250 -0.86339331
vn 0.63204211 -0.31585500 -0.70764285
vn 0.63137841 0.31554884 -0.70837158
vn 0.88296402 -0.31453741 -0.34848368
vn 0.77361041 -0.31253991 -0.55122203
vn 0.77414632 0.31211415 -0.55071068
vn 0.88301611 0.31489071 -0.34803212
vn 0.93725491 -0.31583631 -0.14765075
vn 0.93708146 0.31595024 -0.14850500
vn 0.94979095 -0.31059888 -0.03775509
vn 0.94981647 0.31060103 -0.03708943
vn 0.94881314 -0.31581026 -0.00418283
vn 0.94866705 0.31624138 -0.00471243
vn -0.40119445 0.31623122 -0.85967487
vn -0.40113139 -0.31615418 -0.85973257
vn -0.87448227 -0.25432277 -0.41303846
vn -0.86964315 0.26327139 -0.41762301
vn 0.61746794 0.31625953 0.72021747
vn 0.64270556 0.15781164 0.74968332
vn 0.79367286 0.15877995 0.58725828
vn 0.76203740 0.31570712 0.56535655
vn 0.76200396 -0.31569320 0.56540954
vn 0.79365426 -0.15877949 0.58728373
vn 0.64273137 -0.15780808 0.74966198
vn 0.61752218 -0.31627405 0.72016466
vn 0.19753848 -0.31626463 0.92787671
vn 0.20553774 -0.15841050 0.96574336
vn 0.01306201 -0.15884130 0.98721772
vn 0.01257683 -0.31623715 0.94859689
vn 0.01261887 0.31622747 0.94859946
vn 0.01308409 0.15885937 0.98721451
vn 0.20552869 0.15841672 0.96574438
vn 0.19751365 0.31622711 0.92789483
vn -0.17650703 -0.31610093 0.93216175
vn -0.18256432 -0.15827605 0.97037053
vn -0.42148143 -0.15788206 0.89298749
vn -0.40621763 -0.31603512 0.85738498
vn -0.40613011 0.31600848 0.85743630
vn -0.42143294 0.15790150 0.89300704
vn -0.18259065 0.15830985 0.97036010
vn -0.17657241 0.31607389 0.93215853
vn -0.66600055 -0.15766212 0.72909945
vn -0.63913745 -0.31602055 0.70116645
vn -0.63893878 0.31619766 0.70126760
vn -0.66592926 0.15760256 0.72917742
vn -0.81539017 -0.31504971 0.48567736
vn -0.85031050 -0.15756735 0.50213999
vn -0.94721806 -0.15568864 0.28024793
vn -0.91321367 -0.31074625 0.26358625
vn -0.91354889 0.31033331 0.26290986
vn -0.94728076 0.15588498 0.27992707
vn -0.85036021 0.15750234 0.50207621
vn -0.81542826 0.31524760 0.48548505
vn -0.98311687 -0.15816267 0.09201075
vn -0.94512522 -0.31514436 0.08615272
vn -0.94517922 0.31479076 0.08685030
vn -0.98304737 0.15839498 0.09235270
vn -0.98582006 -0.15828124 -0.05573015
vn -0.94790328 -0.31437436 -0.05145985
vn -0.94784421 0.31458500 -0.05126008
vn -0.98583513 0.15822348 -0.05562738
vn -0.97946298 -0.16104467 -0.12131301
vn -0.94252783 -0.31316859 -0.11647657
vn -0.94236434 0.31351456 -0.11686847
vn -0.97945553 0.16093001 -0.12152536
vn 0.40345702 0.31619635 0.85862815
vn 0.41983560 0.15833332 0.89368260
vn 0.41981655 -0.15829808 0.89369786
vn 0.40341678 -0.31619075 0.85864913
vn 0.85764265 -0.31558296 0.40602532
vn 0.89168656 -0.15770103 0.42429429
vn 0.89168352 0.15776408 0.42427701
vn 0.85770935 0.31551349 0.40593857
vn 0.93776196 0.15193835 0.31227770
vn 0.90190637 0.30956331 0.30122337
vn 0.90450996 -0.30250570 0.30058646
vn 0.93862796 -0.14758195 0.31176472
vn -0.26721048 0.94839072 -0.17074431
vn -0.20553553 0.94869173 -0.24028978
vn -0.20561780 -0.94870961 -0.24014866
vn -0.26560473 -0.94868499 -0.17161307
vn -0.00360497 -0.94869673 -0.31616706
vn -0.06530780 -0.94870448 -0.30934578
vn -0.06525654 0.94867891 -0.30943483
vn -0.00366071 0.94867074 -0.31624427
vn 0.13164335 -0.94872004 -0.28740284
vn 0.04840562 -0.94865030 -0.31260118
vn 0.04821666 0.94867647 -0.31255102
vn 0.13214007 0.94868851 -0.28727895
vn 0.21076007 -0.94851255 -0.23644067
vn 0.20988280 0.94857401 -0.23697382
vn 0.29705778 -0.94811434 -0.11329594
vn 0.25856021 -0.94698858 -0.19068089
vn 0.25866643 0.94717008 -0.18963270
vn 0.29766148 0.94796658 -0.11294743
vn 0.31268564 -0.94861221 -0.04860580
vn 0.31267777 0.94856817 -0.04950684
vn 0.32203469 -0.94661081 -0.01488675
vn 0.32192430 0.94665962 -0.01415504
vn 0.31624198 -0.94867730 -0.00160207
vn 0.31664872 0.94854051 -0.00211672
vn -0.13383828 0.94866234 -0.28657815
vn -0.13372454 -0.94869274 -0.28653061
vn -0.28769195 -0.95205945 -0.10400094
vn -0.31368604 0.93789583 -0.14816359
vn 0.20574963 0.94869357 0.24009903
vn 0.25500122 0.94851881 0.18784726
vn 0.25493908 -0.94853169 0.18786621
vn 0.20579667 -0.94869775 0.24004224
vn 0.06577768 -0.94869268 0.30928245
vn 0.00411379 -0.94868159 0.31620619
vn 0.00415683 0.94867653 0.31622076
vn 0.06575133 0.94869018 0.30929545
vn -0.05797089 -0.94864345 0.31099042
vn -0.13450721 -0.94863605 0.28635219
vn -0.13442598 0.94863069 0.28640792
vn -0.05802379 0.94865203 0.31095427
vn -0.21354707 -0.94869208 0.23319738
vn -0.21355879 0.94860989 0.23352060
vn -0.27365017 -0.94844174 0.15991855
vn -0.30709025 -0.94701868 0.09408087
vn -0.30702630 0.94710523 0.09341642
vn -0.27393642 0.94836146 0.15990438
vn -0.31616011 -0.94823843 0.02977817
vn -0.31568110 0.94837636 0.03045772
vn -0.31714675 -0.94818741 -0.01893587
vn -0.31740633 0.94810456 -0.01873645
vn -0.31662408 -0.94776046 -0.03872070
vn -0.31693548 0.94763929 -0.03913601
vn 0.13440217 0.94868362 0.28624386
vn 0.13436610 -0.94868129 0.28626823
vn 0.28595322 -0.94796681 0.13996369
vn 0.28547034 0.94850004 0.13731168
vn 0.32293555 0.93982786 0.11151725
vn 0.19953609 0.97744346 0.06920765
vn 0.20323408 -0.97663015 0.06992504
vn 0.33502460 -0.93554169 0.11189358
vn -0.14648999 -0.98921210 0.00009575
vn 0.94901943 -0.00000424 0.31521752
vn 0.94901985 0.00000049 0.31521657
vn 0.90346366 -0.00000115 0.42866474
vn 0.80361569 0.00000000 0.59514856
vn 0.65088344 -0.00000026 0.75917768
vn 0.42522430 -0.00000009 0.90508801
vn 0.20819001 0.00000050 0.97808844
vn 0.01326423 0.00000041 0.99991202
vn -0.18525243 0.00000356 0.98269099
vn -0.42719829 -0.00000000 0.90415800
vn -0.67421180 -0.00000173 0.73853809
vn -0.86055458 0.00000009 0.50935835
vn -0.95950103 0.00000000 0.28170508
vn -0.99567688 -0.00000090 0.09288516
vn -0.99844444 -0.00000025 -0.05575712
vn -0.99238992 0.00000045 -0.12313548
vn -0.99239010 -0.00000357 -0.12313364
vn -0.99844456 -0.00000038 -0.05575423
vn -0.99567640 -0.00000002 0.09289005
vn -0.95949912 0.00000000 0.28171155
vn -0.86054981 0.00000000 0.50936633
vn -0.67420423 0.00000360 0.73854494
vn -0.42719185 0.00000045 0.90416104
vn -0.18524525 0.00000381 0.98269230
vn 0.01326856 0.00000105 0.99991196
vn 0.20819455 0.00000049 0.97808743
vn 0.42522922 0.00000000 0.90508568
vn 0.65088904 0.00000000 0.75917286
vn 0.80361718 0.00000000 0.59514666
vn 0.90346652 0.00000000 0.42865869
vn 0.31793201 0.00000000 0.94811350
vn 0.31793201 0.00000000 0.94811350
vn 0.31793201 0.00000000 0.94811350
vn 0.31795487 0.00000552 0.94810587
vn 0.31795487 0.00000552 0.94810587
vn 0.31795487 0.00000552 0.94810587
vn 0.57156843 -0.79877925 0.18778029
vn 0.54239601 -0.79965341 0.25760639
vn 0.54186255 -0.80053014 0.25600097
vn 0.56911904 -0.80171937 0.18261880
vn 0.48299295 -0.79940158 0.35731637
vn 0.48297200 -0.79943162 0.35727733
vn 0.39072481 -0.79962730 0.45599380
vn 0.39066648 -0.79967093 0.45596746
vn 0.25537339 -0.79954541 0.54360980
vn 0.25539276 -0.79945606 0.54373223
vn 0.12489758 -0.79959917 0.58740258
vn 0.12486881 -0.79952234 0.58751327
vn 0.00812500 -0.79946798 0.60065377
vn 0.00814845 -0.79948169 0.60063535
vn -0.11115367 -0.79948592 0.59031099
vn -0.11105698 -0.79961729 0.59015137
vn -0.25650615 -0.79947931 0.54317349
vn -0.25638416 -0.79959679 0.54305816
vn -0.40498236 -0.79960626 0.44341749
vn -0.40502170 -0.79959267 0.44340608
vn -0.51684386 -0.79961622 0.30575541
vn -0.51704282 -0.79947871 0.30577886
vn -0.57625067 -0.79959661 0.16905773
vn -0.57643569 -0.79946685 0.16904028
vn -0.59800160 -0.79955453 0.05573689
vn -0.59810841 -0.79947639 0.05571229
vn -0.59935528 -0.79976946 -0.03379238
vn -0.59964478 -0.79951930 -0.03456841
vn -0.59602946 -0.79954720 -0.07398093
vn -0.59638500 -0.79918420 -0.07503051
vn -0.69447958 0.00000000 0.71951246
vn -0.69447958 0.00000000 0.71951246
vn -0.69447958 0.00000000 0.71951246
vn -0.69448203 0.00000000 0.71951008
vn -0.69448203 0.00000000 0.71951008
vn -0.69448203 0.00000000 0.71951008
vn -0.59626764 0.79931420 -0.07457703
vn -0.59969014 0.79953021 -0.03351685
vn -0.59920579 0.79987448 -0.03395897
vn -0.59480429 0.80028629 -0.07582703
vn -0.59810227 0.79948390 0.05567084
vn -0.59799963 0.79956418 0.05561942
vn -0.57641917 0.79947126 0.16907582
vn -0.57627171 0.79960203 0.16896056
vn -0.51699728 0.79948330 0.30584350
vn -0.51687759 0.79962051 0.30568707
vn -0.40478662 0.79960823 0.44359276
vn -0.40476459 0.79960889 0.44361162
vn -0.25643060 0.79960555 0.54302335
vn -0.25643888 0.79948837 0.54319197
vn -0.11109259 0.79962760 0.59013075
vn -0.11105029 0.79949528 0.59031790
vn 0.00783519 0.79948688 0.60063249
vn 0.00782638 0.79947972 0.60064220
vn 0.12502214 0.79952961 0.58747071
vn 0.12497100 0.79960215 0.58738303
vn 0.25527889 0.79946280 0.54377562
vn 0.25517476 0.79955810 0.54368436
vn 0.39101547 0.79969764 0.45562130
vn 0.39113143 0.79962999 0.45564038
vn 0.48263040 0.79943502 0.35773116
vn 0.48262826 0.79941815 0.35777169
vn 0.54216969 0.80025762 0.25620267
vn 0.54388016 0.79964924 0.25447127
vn 0.56997269 0.79955447 0.18932465
vn 0.57232225 0.79839069 0.18713503
vn 0.00006126 -0.00023442 1.00000000
vn 0.00006126 -0.00023442 1.00000000
vn 0.00006126 -0.00023442 1.00000000
vn -0.00019621 -0.00004680 1.00000000
vn -0.00019621 -0.00004680 1.00000000
vn -0.00019621 -0.00004680 1.00000000
vn 0.00029338 0.00011897 1.00000000
vn 0.00005394 0.00035408 1.00000000
vn 0.00005394 0.00035408 1.00000000
vn 1.00000000 0.00000000 -0.00001230
vn 1.00000000 0.00000000 -0.00001230
vn 1.00000000 0.00000000 -0.00001230
vn 1.00000000 0.00000000 -0.00000000
vn 1.00000000 0.00000000 -0.00000000
vn 1.00000000 0.00000000 -0.00000000
vn 1.00000000 0.00000000 -0.00000000
vn 1.00000000 0.00000000 -0.00000000
vn 1.00000000 0.00000000 -0.00000000
vn 1.00000000 0.00000000 -0.00000000
vn 1.00000000 0.00000000 0.00001804
vn 1.00000000 0.00000000 0.00001804
vn 1.00000000 0.00000000 0.00001804
vn 1.00000000 0.00000000 -0.00000784
vn 1.00000000 0.00000000 -0.00000784
vn 1.00000000 0.00000000 -0.00000784
vn 1.00000000 0.00000000 -0.00000000
vn 1.00000000 0.00000000 -0.00000000
vn 1.00000000 0.00000000 -0.00000000
vn 1.00000000 0.00000000 -0.00001576
vn 1.00000000 0.00000000 -0.00001576
vn 1.00000000 0.00000000 -0.00001576
vn 1.00000000 0.00000000 -0.00005868
vn 1.00000000 0.00000000 -0.00005868
vn 1.00000000 0.00000000 -0.00005868
vn 1.00000000 0.00000000 -0.00000000
vn 1.00000000 0.00000000 -0.00000000
vn 1.00000000 0.00000000 -0.00000000
vn 1.00000000 0.00000000 0.00001294
vn 1.00000000 0.00000000 0.00001294
vn 1.00000000 0.00000000 0.00001294
vn 1.00000000 0.00000000 0.00000387
vn 1.00000000 0.00000000 0.00000387
vn 1.00000000 0.00000000 0.00000387
vn 1.00000000 0.00000000 0.00000336
vn 1.00000000 0.00000000 0.00000336
vn 1.00000000 0.00000000 0.00000336
vn 1.00000000 0.00000000 0.00001307
vn 1.00000000 0.00000000 0.00001307
vn 1.00000000 0.00000000 0.00001307
vn 1.00000000 0.00000000 -0.00001008
vn 1.00000000 0.00000000 -0.00001008
vn 1.00000000 0.00000000 -0.00001008
vn 1.00000000 0.00000000 -0.00000224
vn 1.00000000 0.00000000 -0.00000224
vn 1.00000000 0.00000000 -0.00000224
vn 1.00000000 0.00000000 0.00001160
vn 1.00000000 0.00000000 0.00001160
vn 1.00000000 0.00000000 0.00001160
vn 1.00000000 0.00000000 0.00001294
vn 1.00000000 0.00000000 0.00001294
vn 1.00000000 0.00000000 0.00001294
vn 1.00000000 0.00000000 -0.00001571
vn 1.00000000 0.00000000 -0.00001571
vn 1.00000000 0.00000000 -0.00001571
vn 0.98708838 -0.00000027 0.16017668
vn 1.00000000 -0.00000012 0.00001012
vn 1.00000000 -0.00000016 0.00000500
vn 0.98708385 -0.00000047 0.16020474
vn 1.00000000 0.00000000 0.00000063
vn 1.00000000 0.00000000 -0.00000000
vn 1.00000000 0.00000000 -0.00000000
vn 1.00000000 0.00000000 -0.00000000
vn 1.00000000 0.00000000 0.00000647
vn 1.00000000 0.00000000 0.00000647
vn 1.00000000 0.00000000 0.00000647
vn 1.00000000 0.00000000 -0.00000000
vn 1.00000000 0.00000000 -0.00000000
vn 1.00000000 0.00000000 -0.00000000
vn 1.00000000 0.00000000 0.00000186
vn 1.00000000 0.00000000 -0.00000475
vn 1.00000000 0.00000000 0.00000491
vn 1.00000000 0.00000000 -0.00000387
vn 1.00000000 0.00000000 -0.00000387
vn 1.00000000 0.00000000 -0.00000387
vn 1.00000000 0.00000000 0.00001456
vn 1.00000000 0.00000000 0.00001456
vn 1.00000000 0.00000000 0.00001456
vn 1.00000000 0.00000000 -0.00000324
vn 1.00000000 0.00000000 -0.00000324
vn 1.00000000 0.00000000 -0.00000324
vn 1.00000000 0.00000000 0.00000524
vn 1.00000000 0.00000000 0.00000524
vn 1.00000000 0.00000000 0.00000524
vn 1.00000000 0.00000000 0.00000932
vn 1.00000000 0.00000000 0.00000170
vn 0.99235398 0.00000000 -0.12342446
vn 1.00000000 0.00000000 -0.00001858
vn 1.00000000 0.00000000 -0.00001858
vn 1.00000000 0.00000000 -0.00001858
vn 1.00000000 0.00000000 -0.00000000
vn 1.00000000 0.00000000 0.00000244
vn 1.00000000 0.00000000 -0.00000000
vn 1.00000000 0.00000000 -0.00000351
vn 1.00000000 0.00000000 -0.00000351
vn 1.00000000 0.00000000 -0.00000351
vn 1.00000000 0.00000000 0.00002397
vn 1.00000000 0.00000000 0.00002397
vn 1.00000000 0.00000000 0.00002397
vn 1.00000000 0.00000000 -0.00000734
vn 1.00000000 0.00000000 -0.00000734
vn 1.00000000 0.00000000 -0.00000734
vn 1.00000000 0.00000000 0.00000007
vn 1.00000000 0.00000000 0.00000082
vn 0.99234599 -0.00000016 -0.12348850
vn 1.00000000 0.00000000 -0.00000000
vn 1.00000000 0.00000000 -0.00000000
vn 1.00000000 0.00000000 -0.00000000
vn 1.00000000 0.00000000 0.00000455
vn 1.00000000 0.00000062 -0.00000268
vn 1.00000000 0.00000002 0.00001265
vn 0.98710012 0.00000116 0.16010381
vn 1.00000000 -0.00000113 0.00001009
vn 1.00000000 0.00000086 0.00000057
vn 1.00000000 0.00000065 0.00000795
vn 1.00000000 0.00000000 0.00001466
vn 1.00000000 0.00000000 0.00001466
vn 1.00000000 0.00000000 0.00001466
vn 1.00000000 -0.00000070 -0.00000050
vn 1.00000000 -0.00000100 -0.00001245
vn 0.99235582 -0.00000058 -0.12341028
vn 1.00000000 0.00000000 -0.00000734
vn 1.00000000 0.00000000 -0.00000734
vn 1.00000000 0.00000000 -0.00000734
vn 1.00000000 -0.00000051 -0.00000910
vn 1.00000000 -0.00000105 -0.00000927
vn 0.99234819 0.00000014 -0.12347079
vn 0.98708421 0.00000021 0.16020215
vn 1.00000000 0.00000118 0.00001404
vn 1.00000000 0.00000053 0.00001039
vn 0.85064626 0.00001165 0.52573866
vn 0.52571267 0.00000006 0.85066223
vn 0.31618673 0.00000006 0.94869691
vn 0.85064626 -0.00001006 0.52573854
vn 0.52569920 -0.00000266 0.85067052
vn 0.31618682 -0.00000066 0.94869697
vn 0.52570480 0.00000010 0.85066706
vn 0.31620282 -0.00000033 0.94869161
vn 0.85066342 -0.00000999 0.52571088
vn 0.88927835 -0.00000008 -0.45736644
vn 0.59802836 -0.00000337 -0.80147505
vn 0.20515591 0.00000015 -0.97872931
vn -0.00056783 0.00000015 -0.99999982
vn 0.00000025 0.00000000 -1.00000000
vn 0.00000025 0.00000000 -1.00000000
vn 0.00000025 0.00000000 -1.00000000
vn 0.00000025 0.00000000 -1.00000000
vn 0.00056861 -0.00000081 -0.99999988
vn 0.00056861 0.00000005 -0.99999982
vn -0.20514724 0.00000002 -0.97873122
vn -0.59774619 -0.00000944 -0.80168551
vn -0.88914269 -0.00000469 -0.45763013
vn -0.99235064 0.00000002 -0.12345198
vn -0.98708773 -0.00000010 0.16018109
vn -0.82213569 0.00007390 0.56929159
vn -0.48117292 -0.00018617 0.87662572
vn -0.31619316 -0.00000019 0.94869488
vn 0.88967836 0.00000456 -0.45658779
vn 0.59870178 -0.00000517 -0.80097210
vn 0.20514381 0.00000032 -0.97873187
vn -0.00056783 0.00000015 -0.99999982
vn 0.00000014 0.00000005 -1.00000000
vn 0.00000014 0.00000005 -1.00000000
vn 0.00000014 0.00000005 -1.00000000
vn 0.00000026 0.00000020 -1.00000000
vn 0.00000026 0.00000020 -1.00000000
vn 0.00000026 0.00000020 -1.00000000
vn 0.00056860 0.00000000 -0.99999982
vn -0.20514451 0.00000002 -0.97873169
vn -0.59701359 0.00008952 -0.80223107
vn -0.88877016 0.00009990 -0.45835310
vn -0.99235088 -0.00000044 -0.12344958
vn -0.98708761 -0.00000037 0.16018149
vn -0.86606264 -0.00011410 0.49993548
vn -0.55135554 0.00004390 0.83427036
vn -0.31619403 0.00000004 0.94869459
vn 0.88952541 0.00001511 -0.45688564
vn 0.59835899 0.00001645 -0.80122811
vn 0.20514806 0.00000002 -0.97873098
vn -0.00056783 -0.00000017 -0.99999982
vn 0.00000000 0.00000000 -1.00000000
vn 0.00000000 0.00000000 -1.00000000
vn 0.00000000 0.00000000 -1.00000000
vn 0.00000015 0.00000000 -1.00000000
vn 0.00000015 0.00000000 -1.00000000
vn 0.00000015 0.00000000 -1.00000000
vn 0.00000000 -0.00000882 -1.00000000
vn 0.00000000 -0.00000882 -1.00000000
vn 0.00000000 -0.00000882 -1.00000000
vn 0.00000048 0.00000033 -1.00000000
vn 0.00000048 0.00000033 -1.00000000
vn 0.00000048 0.00000033 -1.00000000
vn 0.00000012 0.00000060 -1.00000000
vn 0.00000012 0.00000060 -1.00000000
vn 0.00000012 0.00000060 -1.00000000
vn 0.00000015 0.00000046 -1.00000000
vn 0.00000015 0.00000046 -1.00000000
vn 0.00000015 0.00000046 -1.00000000
vn 0.00000010 0.00000000 -1.00000000
vn 0.00000010 0.00000000 -1.00000000
vn 0.00000010 0.00000000 -1.00000000
vn -0.00033542 -0.00000020 -0.99999994
vn -0.00033293 0.00004137 -0.99999994
vn 0.00033571 0.00000108 -0.99999994
vn -0.20514663 0.00000011 -0.97873133
vn 0.00056861 0.00000000 -0.99999982
vn -0.60119694 0.00017299 -0.79910082
vn -0.96952218 0.00000005 -0.24500374
vn -0.89125878 0.00019169 -0.45349512
vn -0.99235117 -0.00000003 -0.12344757
vn -0.98708719 -0.00000016 0.16018444
vn -0.85212851 -0.00064365 0.52333230
vn -0.52729994 -0.00077013 0.84967893
vn -0.31620011 0.00000077 0.94869250
vn 0.00000014 0.00000000 -1.00000000
vn 0.00000014 0.00000000 -1.00000000
vn 0.00000014 0.00000000 -1.00000000
vn 0.00000014 -0.00000066 -1.00000000
vn 0.00000014 -0.00000066 -1.00000000
vn 0.00000014 -0.00000066 -1.00000000
vn -0.30097368 -0.46044230 -0.83510941
vn -0.46194744 -0.30188438 -0.83394879
vn -0.46262348 0.30118677 -0.83382612
vn -0.30167568 0.45978856 -0.83521634
vn 0.30098152 0.46045092 -0.83510196
vn 0.46196401 0.30187410 -0.83394325
vn 0.46261585 -0.30118269 -0.83383197
vn 0.30171347 -0.45978066 -0.83520699
vn -0.10202443 -0.58033317 -0.80796319
vn -0.30095333 -0.46050057 -0.83508462
vn -0.58680218 0.10202374 -0.80327725
vn -0.46266094 0.30115348 -0.83381742
vn 0.10204228 0.58033395 -0.80796027
vn 0.30095556 0.46045846 -0.83510709
vn 0.58678871 -0.10201885 -0.80328774
vn 0.46266037 -0.30113789 -0.83382344
vn -0.46195507 -0.30181915 -0.83396804
vn -0.58700323 -0.10152869 -0.80319315
vn -0.30165511 0.45979869 -0.83521819
vn -0.10124363 0.58077484 -0.80774397
vn 0.46193296 0.30182645 -0.83397776
vn 0.58696806 0.10151869 -0.80322009
vn 0.30168787 -0.45976633 -0.83522415
vn 0.10127065 -0.58074069 -0.80776513
vn -0.58702111 -0.10148668 -0.80318534
vn -0.60123241 0.00016445 -0.79907411
vn -0.47514147 -0.71108383 0.51826668
vn -0.71107990 -0.47514880 0.51826549
vn -0.71108252 0.47515285 0.51825815
vn -0.47515115 0.71106279 0.51828665
vn 0.47513819 0.71108383 0.51826966
vn 0.71106738 0.47511640 0.51831234
vn 0.71107352 -0.47514802 0.51827490
vn 0.47514710 -0.71107966 0.51826733
vn -0.16685189 -0.83879513 0.51825029
vn -0.47511667 -0.71109873 0.51826900
vn -0.83878350 0.16684654 0.51827073
vn -0.71110624 0.47510806 0.51826668
vn 0.16685793 0.83877128 0.51828694
vn 0.47509789 0.71109962 0.51828498
vn 0.83881313 -0.16688171 0.51821136
vn 0.71110857 -0.47511742 0.51825488
vn -0.71109670 -0.47512159 0.51826727
vn -0.83877558 -0.16685812 0.51827985
vn -0.47510761 0.71109736 0.51827925
vn -0.16685484 0.83878034 0.51827312
vn 0.71111000 0.47511882 0.51825154
vn 0.83877832 0.16682735 0.51828510
vn 0.47512183 -0.71109587 0.51826817
vn 0.16686895 -0.83876628 0.51829135
vn -0.83878237 -0.16684349 0.51827365
vn -0.85208499 -0.00065838 0.52340299
vn 0.58700687 0.10147859 -0.80319679
vn 0.59803766 -0.00023717 -0.80146796
vn 0.83876151 0.16681628 0.51831609
vn 0.85063910 -0.00001510 0.52575004
vn -0.10124175 0.58075202 -0.80776066
vn 0.10198050 0.58037609 -0.80793786
vn 0.10122690 -0.58076000 -0.80775678
vn -0.10198032 -0.58036995 -0.80794227
vn -0.16679968 0.83879602 0.51826566
vn 0.16682322 0.83877987 0.51828408
vn 0.16683139 -0.83878893 0.51826692
vn -0.16682363 -0.83878309 0.51827872
vn 0.85060865 0.00000092 0.52579951
vn 0.83877355 -0.16681997 0.51829529
vn 0.85064900 -0.00001470 0.52573407
vn 0.85061288 0.00001547 0.52579266
vn 0.85063577 -0.00002326 0.52575541
vn 0.85060847 0.00000908 0.52579963
vn 0.85061455 0.00000132 0.52578980
vn 0.85060775 -0.00000214 0.52580088
vn 0.59803826 -0.00024525 -0.80146748
vn 0.59809083 0.00000056 -0.80142844
vn -0.59859097 -0.00005635 -0.80105489
vn -0.58683634 0.10201382 -0.80325359
vn -0.85081285 0.00105223 0.52546787
vn -0.83878255 0.16682611 0.51827890
vn 0.59801084 -0.00000112 -0.80148798
vn 0.59878492 0.00002044 -0.80090988
vn -0.59779543 -0.00000606 -0.80164868
vn -0.59860700 -0.00005705 -0.80104297
vn -0.82210737 0.00007662 0.56933260
vn -0.85080177 0.00104907 0.52548581
vn 0.59843320 0.00002078 -0.80117273
vn 0.58685434 -0.10197047 -0.80324596
vn -0.60128850 0.00018283 -0.79903203
vn -0.59709018 0.00009414 -0.80217421
vn -0.85209906 -0.00065679 0.52338010
vn -0.86601043 -0.00011409 0.50002599
vn 0.59875548 -0.00001577 -0.80093193
vn 0.59855360 0.00001693 -0.80108285
vn -0.59708565 0.00010033 -0.80217749
vn -0.59777683 -0.00001804 -0.80166256
vn -0.86603326 -0.00012964 0.49998635
vn -0.82207489 0.00007637 0.56937933
f 1/1/1 2/2/2 3/3/3
f 1/1/1 3/3/3 4/4/4
f 5/5/5 6/6/6 7/7/7
f 8/8/8 9/9/9 4/4/4
f 4/4/4 3/3/3 8/8/8
f 10/10/10 11/11/11 9/9/9
f 9/9/9 8/8/8 10/10/10
f 12/12/12 13/13/13 11/11/11
f 11/11/11 10/10/10 12/12/12
f 14/14/14 13/13/13 12/12/12
f 12/12/12 15/15/15 14/14/14
f 16/16/16 17/17/17 14/14/14
f 14/14/14 15/15/15 16/16/16
f 18/18/18 19/19/19 17/17/17
f 17/17/17 16/16/16 18/18/18
f 20/20/20 21/21/21 19/19/19
f 19/19/19 18/18/18 20/20/20
f 21/21/21 20/20/20 22/22/22
f 22/22/22 23/23/23 21/21/21
f 24/24/24 25/25/25 26/26/26
f 26/26/26 27/27/27 24/24/24
f 28/28/28 29/29/29 25/25/25
f 25/25/25 24/24/24 28/28/28
f 30/30/30 31/31/31 29/29/29
f 29/29/29 28/28/28 30/30/30
f 32/32/32 31/31/31 30/30/30
f 30/30/30 33/33/33 32/32/32
f 34/34/34 35/35/35 32/32/32
f 32/32/32 33/33/33 34/34/34
f 36/36/36 37/37/37 35/35/35
f 35/35/35 34/34/34 36/36/36
f 38/38/38 39/39/39 37/37/37
f 37/37/37 36/36/36 38/38/38
f 40/40/40 41/41/41 42/42/42
f 43/43/43 44/44/44 45/45/45
f 46/46/46 47/47/47 48/48/48
f 49/49/49 50/50/50 51/51/51
f 52/52/52 53/53/53 54/54/54
f 55/55/55 56/56/56 57/57/57
f 58/58/58 59/59/59 60/60/60
f 61/61/61 62/62/62 63/63/63
f 64/64/64 65/65/65 66/66/66
f 66/66/66 67/67/67 64/64/64
f 68/68/68 69/69/69 70/70/70
f 70/70/70 71/71/71 68/68/68
f 72/72/72 73/73/73 74/74/74
f 74/74/74 75/75/75 72/72/72
f 76/76/76 77/77/77 78/78/78
f 78/78/78 79/79/79 76/76/76
f 80/80/80 81/81/81 82/82/82
f 82/82/82 83/83/83 80/80/80
f 84/84/84 85/85/85 86/86/86
f 86/86/86 87/87/87 84/84/84
f 73/73/73 71/71/71 70/70/70
f 70/70/70 74/74/74 73/73/73
f 77/77/77 88/88/88 89/89/89
f 89/89/89 78/78/78 77/77/77
f 90/90/90 67/67/67 66/66/66
f 66/66/66 91/91/91 90/90/90
f 92/92/92 93/93/93 94/94/94
f 94/94/94 95/95/95 92/92/92
f 96/96/96 97/97/97 98/98/98
f 98/98/98 99/99/99 96/96/96
f 64/64/64 100/100/100 101/101/101
f 101/101/101 65/65/65 64/64/64
f 102/102/102 80/80/80 83/83/83
f 83/83/83 103/103/103 102/102/102
f 68/68/68 84/84/84 87/87/87
f 87/87/87 69/69/69 68/68/68
f 89/89/89 88/88/88 104/104/104
f 104/104/104 105/105/105 89/89/89
f 15/15/15 12/12/12 106/106/106
f 106/106/106 107/107/107 15/15/15
f 33/33/33 30/30/30 108/108/108
f 108/108/108 109/109/109 33/33/33
f 110/110/110 36/36/36 34/34/34
f 34/34/34 111/111/111 110/110/110
f 112/112/112 10/10/10 8/8/8
f 8/8/8 113/113/113 112/112/112
f 114/114/114 18/18/18 16/16/16
f 16/16/16 115/115/115 114/114/114
f 116/116/116 28/28/28 24/24/24
f 24/24/24 117/117/117 116/116/116
f 111/111/111 34/34/34 33/33/33
f 33/33/33 109/109/109 111/111/111
f 113/113/113 8/8/8 3/3/3
f 3/3/3 118/118/118 113/113/113
f 115/115/115 16/16/16 15/15/15
f 15/15/15 107/107/107 115/115/115
f 117/117/117 24/24/24 27/27/27
f 27/27/27 119/119/119 117/117/117
f 120/120/120 38/38/38 36/36/36
f 36/36/36 110/110/110 120/120/120
f 106/106/106 12/12/12 10/10/10
f 10/10/10 112/112/112 106/106/106
f 121/121/121 20/20/20 18/18/18
f 18/18/18 114/114/114 121/121/121
f 108/108/108 30/30/30 28/28/28
f 28/28/28 116/116/116 108/108/108
f 3/3/3 2/2/2 122/122/122
f 122/122/122 118/118/118 3/3/3
f 20/20/20 121/121/121 123/123/123
f 123/123/123 22/22/22 20/20/20
f 124/124/124 125/125/125 64/64/64
f 64/64/64 67/67/67 124/124/124
f 126/126/126 127/127/127 68/68/68
f 68/68/68 71/71/71 126/126/126
f 97/97/97 128/128/128 129/129/129
f 129/129/129 130/130/130 97/97/97
f 76/76/76 131/131/131 132/132/132
f 132/132/132 77/77/77 76/76/76
f 80/80/80 133/133/133 134/134/134
f 134/134/134 81/81/81 80/80/80
f 135/135/135 136/136/136 137/137/137
f 137/137/137 92/92/92 135/135/135
f 73/73/73 138/138/138 126/126/126
f 126/126/126 71/71/71 73/73/73
f 77/77/77 132/132/132 139/139/139
f 139/139/139 88/88/88 77/77/77
f 90/90/90 140/140/140 124/124/124
f 124/124/124 67/67/67 90/90/90
f 92/92/92 137/137/137 141/141/141
f 141/141/141 93/93/93 92/92/92
f 96/96/96 142/142/142 128/128/128
f 128/128/128 97/97/97 96/96/96
f 64/64/64 125/125/125 143/143/143
f 143/143/143 100/100/100 64/64/64
f 102/102/102 144/144/144 133/133/133
f 133/133/133 80/80/80 102/102/102
f 68/68/68 127/127/127 145/145/145
f 145/145/145 84/84/84 68/68/68
f 139/139/139 146/146/146 104/104/104
f 104/104/104 88/88/88 139/139/139
f 144/144/144 102/102/102 147/147/147
f 147/147/147 148/148/148 144/144/144
f 149/149/149 66/66/66 65/65/65
f 65/65/65 150/150/150 149/149/149
f 151/151/151 70/70/70 69/69/69
f 69/69/69 152/152/152 151/151/151
f 153/153/153 75/75/75 74/74/74
f 74/74/74 154/154/154 153/153/153
f 155/155/155 79/79/79 78/78/78
f 78/78/78 156/156/156 155/155/155
f 157/157/157 83/83/83 82/82/82
f 82/82/82 158/158/158 157/157/157
f 159/159/159 87/87/87 86/86/86
f 86/86/86 160/160/160 159/159/159
f 154/154/154 74/74/74 70/70/70
f 70/70/70 151/151/151 154/154/154
f 156/156/156 78/78/78 89/89/89
f 89/89/89 161/161/161 156/156/156
f 162/162/162 91/91/91 66/66/66
f 66/66/66 149/149/149 162/162/162
f 163/163/163 95/95/95 94/94/94
f 94/94/94 164/164/164 163/163/163
f 165/165/165 99/99/99 98/98/98
f 98/98/98 166/166/166 165/165/165
f 150/150/150 65/65/65 101/101/101
f 101/101/101 167/167/167 150/150/150
f 168/168/168 103/103/103 83/83/83
f 83/83/83 157/157/157 168/168/168
f 152/152/152 69/69/69 87/87/87
f 87/87/87 159/159/159 152/152/152
f 89/89/89 105/105/105 169/169/169
f 169/169/169 161/161/161 89/89/89
f 164/164/164 94/94/94 170/170/170
f 170/170/170 171/171/171 164/164/164
f 172/172/172 173/173/173 174/174/174
f 175/175/175 172/172/172 174/174/174
f 176/176/176 175/175/175 174/174/174
f 176/176/176 174/174/174 177/177/177
f 178/178/178 179/179/179 180/180/180
f 181/181/181 178/178/178 180/180/180
f 182/182/182 181/181/181 180/180/180
f 182/182/182 180/180/180 183/183/183
f 184/184/184 185/185/185 186/186/186
f 186/186/186 187/187/187 184/184/184
f 188/188/188 189/189/189 190/190/190
f 190/190/190 191/191/191 188/188/188
f 192/192/192 193/193/193 194/194/194
f 194/194/194 195/195/195 192/192/192
f 196/196/196 197/197/197 198/198/198
f 198/198/198 199/199/199 196/196/196
f 187/187/187 186/186/186 179/179/179
f 179/179/179 178/178/178 187/187/187
f 191/191/191 190/190/190 200/200/200
f 200/200/200 201/201/201 191/191/191
f 195/195/195 194/194/194 173/173/173
f 173/173/173 172/172/172 195/195/195
f 199/199/199 198/198/198 202/202/202
f 202/202/202 203/203/203 199/199/199
f 204/204/204 205/205/205 185/185/185
f 185/185/185 184/184/184 204/204/204
f 177/177/177 174/174/174 189/189/189
f 189/189/189 188/188/188 177/177/177
f 206/206/206 207/207/207 193/193/193
f 193/193/193 192/192/192 206/206/206
f 183/183/183 180/180/180 197/197/197
f 197/197/197 196/196/196 183/183/183
f 201/201/201 200/200/200 208/208/208
f 208/208/208 209/209/209 201/201/201
f 203/203/203 202/202/202 210/210/210
f 210/210/210 211/211/211 203/203/203
f 102/102/102 103/103/103 212/212/212
f 212/212/212 147/147/147 102/102/102
f 147/147/147 212/212/212 213/213/213
f 213/213/213 214/214/214 147/147/147
f 94/94/94 93/93/93 215/215/215
f 215/215/215 170/170/170 94/94/94
f 170/170/170 215/215/215 216/216/216
f 216/216/216 217/217/217 170/170/170
f 218/218/218 219/219/219 220/220/220
f 221/221/221 222/222/222 223/223/223
f 224/224/224 225/225/225 226/226/226
f 227/227/227 228/228/228 229/229/229
f 230/230/230 231/231/231 232/232/232
f 233/233/233 234/234/234 235/235/235
f 236/236/236 237/237/237 238/238/238
f 239/239/239 240/240/240 241/241/241
f 242/242/242 243/243/243 244/244/244
f 245/245/245 246/246/246 247/247/247
f 248/248/248 249/249/249 250/250/250
f 251/251/251 252/252/252 253/253/253
f 254/254/254 255/255/255 256/256/256
f 257/257/257 258/258/258 259/259/259
f 260/260/260 261/261/261 262/262/262
f 263/263/263 264/264/264 265/265/265
f 266/266/266 267/267/267 268/268/268
f 269/269/269 270/270/270 271/271/271
f 272/272/272 273/273/273 274/274/274
f 275/275/275 276/276/276 277/277/277
f 278/278/278 279/279/279 280/280/280
f 281/281/281 282/282/282 283/283/283
f 284/284/284 285/285/285 286/286/286
f 287/287/287 288/288/288 289/289/289
f 289/289/289 290/290/290 287/287/287
f 291/291/291 292/292/292 293/293/293
f 293/293/293 294/294/294 291/291/291
f 295/295/295 296/296/296 297/297/297
f 297/297/297 298/298/298 295/295/295
f 299/299/299 300/300/300 296/296/296
f 296/296/296 295/295/295 299/299/299
f 301/301/301 302/302/302 303/303/303
f 303/303/303 304/304/304 301/301/301
f 305/305/305 306/306/306 302/302/302
f 302/302/302 301/301/301 305/305/305
f 307/307/307 308/308/308 306/306/306
f 306/306/306 305/305/305 307/307/307
f 309/309/309 310/310/310 308/308/308
f 308/308/308 307/307/307 309/309/309
f 290/290/290 289/289/289 311/311/311
f 311/311/311 312/312/312 290/290/290
f 288/288/288 287/287/287 313/313/313
f 313/313/313 314/314/314 288/288/288
f 297/297/297 292/292/292 291/291/291
f 291/291/291 298/298/298 297/297/297
f 293/293/293 312/312/312 311/311/311
f 311/311/311 294/294/294 293/293/293
f 303/303/303 300/300/300 299/299/299
f 299/299/299 304/304/304 303/303/303
f 315/315/315 316/316/316 317/317/317
f 317/317/317 318/318/318 315/315/315
f 319/319/319 320/320/320 321/321/321
f 321/321/321 322/322/322 319/319/319
f 323/323/323 324/324/324 325/325/325
f 325/325/325 326/326/326 323/323/323
f 324/324/324 327/327/327 328/328/328
f 328/328/328 325/325/325 324/324/324
f 329/329/329 330/330/330 331/331/331
f 331/331/331 332/332/332 329/329/329
f 330/330/330 333/333/333 334/334/334
f 334/334/334 331/331/331 330/330/330
f 333/333/333 335/335/335 336/336/336
f 336/336/336 334/334/334 333/333/333
f 335/335/335 337/337/337 338/338/338
f 338/338/338 336/336/336 335/335/335
f 339/339/339 315/315/315 318/318/318
f 318/318/318 340/340/340 339/339/339
f 341/341/341 317/317/317 316/316/316
f 316/316/316 342/342/342 341/341/341
f 321/321/321 320/320/320 323/323/323
f 323/323/323 326/326/326 321/321/321
f 339/339/339 340/340/340 319/319/319
f 319/319/319 322/322/322 339/339/339
f 328/328/328 327/327/327 329/329/329
f 329/329/329 332/332/332 328/328/328
f 343/343/343 344/344/344 345/345/345
f 345/345/345 346/346/346 343/343/343
f 347/347/347 348/348/348 349/349/349
f 349/349/349 350/350/350 347/347/347
f 351/351/351 352/352/352 353/353/353
f 353/353/353 354/354/354 351/351/351
f 355/355/355 356/356/356 357/357/357
f 357/357/357 358/358/358 355/355/355
f 359/359/359 360/360/360 361/361/361
f 361/361/361 362/362/362 359/359/359
f 363/363/363 364/364/364 365/365/365
f 365/365/365 366/366/366 363/363/363
f 360/360/360 367/367/367 368/368/368
f 368/368/368 361/361/361 360/360/360
f 369/369/369 363/363/363 366/366/366
f 366/366/366 370/370/370 369/369/369
f 371/371/371 372/372/372 373/373/373
f 373/373/373 374/374/374 371/371/371
f 375/375/375 376/376/376 377/377/377
f 377/377/377 378/378/378 375/375/375
f 372/372/372 379/379/379 380/380/380
f 380/380/380 373/373/373 372/372/372
f 381/381/381 375/375/375 378/378/378
f 378/378/378 382/382/382 381/381/381
f 379/379/379 383/383/383 384/384/384
f 384/384/384 380/380/380 379/379/379
f 385/385/385 381/381/381 382/382/382
f 382/382/382 386/386/386 385/385/385
f 383/383/383 387/387/387 388/388/388
f 388/388/388 384/384/384 383/383/383
f 389/389/389 390/390/390 391/391/391
f 389/389/389 391/391/391 392/392/392
f 392/392/392 393/393/393 394/394/394
f 392/392/392 394/394/394 395/395/395
f 389/389/389 392/392/392 395/395/395
f 395/395/395 396/396/396 397/397/397
f 395/395/395 397/397/397 398/398/398
f 389/389/389 395/395/395 398/398/398
f 399/399/399 389/389/389 398/398/398
f 400/400/400 399/399/399 398/398/398
f 401/401/401 385/385/385 386/386/386
f 386/386/386 402/402/402 401/401/401
f 403/403/403 343/343/343 346/346/346
f 346/346/346 404/404/404 403/403/403
f 348/348/348 405/405/405 406/406/406
f 406/406/406 349/349/349 348/348/348
f 407/407/407 347/347/347 350/350/350
f 350/350/350 408/408/408 407/407/407
f 344/344/344 409/409/409 410/410/410
f 410/410/410 345/345/345 344/344/344
f 352/352/352 359/359/359 362/362/362
f 362/362/362 353/353/353 352/352/352
f 364/364/364 355/355/355 358/358/358
f 358/358/358 365/365/365 364/364/364
f 405/405/405 351/351/351 354/354/354
f 354/354/354 406/406/406 405/405/405
f 356/356/356 403/403/403 404/404/404
f 404/404/404 357/357/357 356/356/356
f 367/367/367 371/371/371 374/374/374
f 374/374/374 368/368/368 367/367/367
f 376/376/376 369/369/369 370/370/370
f 370/370/370 377/377/377 376/376/376
f 341/341/341 342/342/342 411/411/411
f 411/411/411 412/412/412 341/341/341
f 413/413/413 414/414/414 415/415/415
f 416/416/416 417/417/417 418/418/418
f 419/419/419 420/420/420 421/421/421
f 422/422/422 423/423/423 424/424/424
f 425/425/425 426/426/426 427/427/427
f 428/428/428 429/429/429 430/430/430
f 408/408/408 431/431/431 432/432/432
f 433/433/433 434/434/434 435/435/435
f 436/436/436 437/437/437 438/438/438
f 439/439/439 440/440/440 441/441/441
f 441/441/441 442/442/442 439/439/439
f 443/443/443 444/444/444 445/445/445
f 443/443/443 445/445/445 446/446/446
f 443/443/443 446/446/446 447/447/447
f 448/448/448 449/449/449 450/450/450
f 451/451/451 452/452/452 453/453/453
f 454/454/454 455/455/455 456/456/456
f 457/457/457 458/458/458 459/459/459
f 460/460/460 461/461/461 462/462/462
f 463/463/463 287/287/287 290/290/290
f 290/290/290 464/464/464 463/463/463
f 465/465/465 289/289/289 288/288/288
f 288/288/288 466/466/466 465/465/465
f 467/467/467 291/291/291 294/294/294
f 294/294/294 468/468/468 467/467/467
f 469/469/469 293/293/293 292/292/292
f 292/292/292 470/470/470 469/469/469
f 471/471/471 295/295/295 298/298/298
f 298/298/298 472/472/472 471/471/471
f 473/473/473 297/297/297 296/296/296
f 296/296/296 474/474/474 473/473/473
f 475/475/475 299/299/299 295/295/295
f 295/295/295 471/471/471 475/475/475
f 474/474/474 296/296/296 300/300/300
f 300/300/300 476/476/476 474/474/474
f 477/477/477 301/301/301 304/304/304
f 304/304/304 478/478/478 477/477/477
f 479/479/479 303/303/303 302/302/302
f 302/302/302 480/480/480 479/479/479
f 481/481/481 305/305/305 301/301/301
f 301/301/301 477/477/477 481/481/481
f 480/480/480 302/302/302 306/306/306
f 306/306/306 482/482/482 480/480/480
f 483/483/483 307/307/307 305/305/305
f 305/305/305 481/481/481 483/483/483
f 482/482/482 306/306/306 308/308/308
f 308/308/308 484/484/484 482/482/482
f 485/485/485 309/309/309 307/307/307
f 307/307/307 483/483/483 485/485/485
f 484/484/484 308/308/308 310/310/310
f 310/310/310 486/486/486 484/484/484
f 464/464/464 290/290/290 312/312/312
f 312/312/312 487/487/487 464/464/464
f 488/488/488 311/311/311 289/289/289
f 289/289/289 465/465/465 488/488/488
f 466/466/466 288/288/288 314/314/314
f 314/314/314 489/489/489 466/466/466
f 490/490/490 313/313/313 287/287/287
f 287/287/287 463/463/463 490/490/490
f 472/472/472 298/298/298 291/291/291
f 291/291/291 467/467/467 472/472/472
f 470/470/470 292/292/292 297/297/297
f 297/297/297 473/473/473 470/470/470
f 468/468/468 294/294/294 311/311/311
f 311/311/311 488/488/488 468/468/468
f 487/487/487 312/312/312 293/293/293
f 293/293/293 469/469/469 487/487/487
f 478/478/478 304/304/304 299/299/299
f 299/299/299 475/475/475 478/478/478
f 476/476/476 300/300/300 303/303/303
f 303/303/303 479/479/479 476/476/476
f 491/491/491 492/492/492 493/493/493
f 493/493/493 494/494/494 491/491/491
f 495/495/495 496/496/496 497/497/497
f 497/497/497 498/498/498 495/495/495
f 499/499/499 500/500/500 501/501/501
f 501/501/501 502/502/502 499/499/499
f 503/503/503 504/504/504 505/505/505
f 505/505/505 506/506/506 503/503/503
f 507/507/507 508/508/508 509/509/509
f 509/509/509 510/510/510 507/507/507
f 511/511/511 512/512/512 513/513/513
f 513/513/513 514/514/514 511/511/511
f 510/510/510 509/509/509 515/515/515
f 515/515/515 516/516/516 510/510/510
f 517/517/517 518/518/518 512/512/512
f 512/512/512 511/511/511 517/517/517
f 519/519/519 520/520/520 521/521/521
f 521/521/521 522/522/522 519/519/519
f 523/523/523 524/524/524 525/525/525
f 525/525/525 526/526/526 523/523/523
f 522/522/522 521/521/521 527/527/527
f 527/527/527 528/528/528 522/522/522
f 529/529/529 530/530/530 524/524/524
f 524/524/524 523/523/523 529/529/529
f 528/528/528 527/527/527 531/531/531
f 531/531/531 532/532/532 528/528/528
f 533/533/533 534/534/534 530/530/530
f 530/530/530 529/529/529 533/533/533
f 532/532/532 531/531/531 535/535/535
f 535/535/535 536/536/536 532/532/532
f 537/537/537 538/538/538 534/534/534
f 534/534/534 533/533/533 537/537/537
f 539/539/539 540/540/540 492/492/492
f 492/492/492 491/491/491 539/539/539
f 498/498/498 497/497/497 541/541/541
f 541/541/541 542/542/542 498/498/498
f 543/543/543 544/544/544 496/496/496
f 496/496/496 495/495/495 543/543/543
f 494/494/494 493/493/493 545/545/545
f 545/545/545 546/546/546 494/494/494
f 502/502/502 501/501/501 508/508/508
f 508/508/508 507/507/507 502/502/502
f 514/514/514 513/513/513 504/504/504
f 504/504/504 503/503/503 514/514/514
f 542/542/542 541/541/541 500/500/500
f 500/500/500 499/499/499 542/542/542
f 506/506/506 505/505/505 540/540/540
f 540/540/540 539/539/539 506/506/506
f 516/516/516 515/515/515 520/520/520
f 520/520/520 519/519/519 516/516/516
f 526/526/526 525/525/525 518/518/518
f 518/518/518 517/517/517 526/526/526
f 546/546/546 545/545/545 547/547/547
f 547/547/547 548/548/548 546/546/546
f 549/549/549 550/550/550 544/544/544
f 544/544/544 543/543/543 549/549/549
f 551/551/551 552/552/552 553/553/553
f 554/554/554 555/555/555 556/556/556
f 557/557/557 439/439/439 442/442/442
f 439/439/439 558/558/558 440/440/440
f 447/447/447 559/559/559 443/443/443
f 443/443/443 560/560/560 444/444/444
f 444/444/444 561/561/561 445/445/445
f 562/562/562 563/563/563 564/564/564
f 446/446/446 565/565/565 447/447/447
f 566/566/566 567/567/567 568/568/568
f 569/569/569 570/570/570 571/571/571
f 572/572/572 573/573/573 574/574/574
f 575/575/575 576/576/576 577/577/577
f 578/578/578 579/579/579 580/580/580
f 581/581/581 582/582/582 583/583/583
f 345/345/345 584/584/584 585/585/585
f 585/585/585 346/346/346 345/345/345
f 349/349/349 586/586/586 587/587/587
f 587/587/587 350/350/350 349/349/349
f 353/353/353 588/588/588 589/589/589
f 589/589/589 354/354/354 353/353/353
f 357/357/357 590/590/590 591/591/591
f 591/591/591 358/358/358 357/357/357
f 361/361/361 592/592/592 593/593/593
f 593/593/593 362/362/362 361/361/361
f 365/365/365 594/594/594 595/595/595
f 595/595/595 366/366/366 365/365/365
f 368/368/368 596/596/596 592/592/592
f 592/592/592 361/361/361 368/368/368
f 366/366/366 595/595/595 597/597/597
f 597/597/597 370/370/370 366/366/366
f 373/373/373 598/598/598 599/599/599
f 599/599/599 374/374/374 373/373/373
f 377/377/377 600/600/600 601/601/601
f 601/601/601 378/378/378 377/377/377
f 380/380/380 602/602/602 598/598/598
f 598/598/598 373/373/373 380/380/380
f 378/378/378 601/601/601 603/603/603
f 603/603/603 382/382/382 378/378/378
f 384/384/384 604/604/604 602/602/602
f 602/602/602 380/380/380 384/384/384
f 382/382/382 603/603/603 605/605/605
f 605/605/605 386/386/386 382/382/382
f 388/388/388 606/606/606 604/604/604
f 604/604/604 384/384/384 388/388/388
f 386/386/386 605/605/605 607/607/607
f 607/607/607 402/402/402 386/386/386
f 346/346/346 585/585/585 608/608/608
f 608/608/608 404/404/404 346/346/346
f 406/406/406 609/609/609 586/586/586
f 586/586/586 349/349/349 406/406/406
f 350/350/350 587/587/587 610/610/610
f 610/610/610 408/408/408 350/350/350
f 410/410/410 611/611/611 584/584/584
f 584/584/584 345/345/345 410/410/410
f 362/362/362 593/593/593 588/588/588
f 588/588/588 353/353/353 362/362/362
f 358/358/358 591/591/591 594/594/594
f 594/594/594 365/365/365 358/358/358
f 354/354/354 589/589/589 609/609/609
f 609/609/609 406/406/406 354/354/354
f 404/404/404 608/608/608 590/590/590
f 590/590/590 357/357/357 404/404/404
f 374/374/374 599/599/599 596/596/596
f 596/596/596 368/368/368 374/374/374
f 370/370/370 597/597/597 600/600/600
f 600/600/600 377/377/377 370/370/370
f 343/343/343 612/612/612 613/613/613
f 613/613/613 344/344/344 343/343/343
f 347/347/347 614/614/614 615/615/615
f 615/615/615 348/348/348 347/347/347
f 351/351/351 616/616/616 617/617/617
f 617/617/617 352/352/352 351/351/351
f 355/355/355 618/618/618 619/619/619
f 619/619/619 356/356/356 355/355/355
f 359/359/359 620/620/620 621/621/621
f 621/621/621 360/360/360 359/359/359
f 363/363/363 622/622/622 623/623/623
f 623/623/623 364/364/364 363/363/363
f 360/360/360 621/621/621 624/624/624
f 624/624/624 367/367/367 360/360/360
f 369/369/369 625/625/625 622/622/622
f 622/622/622 363/363/363 369/369/369
f 371/371/371 626/626/626 627/627/627
f 627/627/627 372/372/372 371/371/371
f 375/375/375 628/628/628 629/629/629
f 629/629/629 376/376/376 375/375/375
f 372/372/372 627/627/627 630/630/630
f 630/630/630 379/379/379 372/372/372
f 381/381/381 631/631/631 628/628/628
f 628/628/628 375/375/375 381/381/381
f 379/379/379 630/630/630 632/632/632
f 632/632/632 383/383/383 379/379/379
f 385/385/385 633/633/633 631/631/631
f 631/631/631 381/381/381 385/385/385
f 383/383/383 632/632/632 634/634/634
f 634/634/634 387/387/387 383/383/383
f 401/401/401 635/635/635 633/633/633
f 633/633/633 385/385/385 401/401/401
f 403/403/403 636/636/636 612/612/612
f 612/612/612 343/343/343 403/403/403
f 348/348/348 615/615/615 637/637/637
f 637/637/637 405/405/405 348/348/348
f 407/407/407 638/638/638 614/614/614
f 614/614/614 347/347/347 407/407/407
f 344/344/344 613/613/613 639/639/639
f 639/639/639 409/409/409 344/344/344
f 352/352/352 617/617/617 620/620/620
f 620/620/620 359/359/359 352/352/352
f 364/364/364 623/623/623 618/618/618
f 618/618/618 355/355/355 364/364/364
f 405/405/405 637/637/637 616/616/616
f 616/616/616 351/351/351 405/405/405
f 356/356/356 619/619/619 636/636/636
f 636/636/636 403/403/403 356/356/356
f 367/367/367 624/624/624 626/626/626
f 626/626/626 371/371/371 367/367/367
f 376/376/376 629/629/629 625/625/625
f 625/625/625 369/369/369 376/376/376
f 409/409/409 639/639/639 640/640/640
f 640/640/640 641/641/641 409/409/409
f 642/642/642 643/643/643 638/638/638
f 638/638/638 407/407/407 642/642/642
f 644/644/644 645/645/645 646/646/646
f 647/647/647 648/648/648 649/649/649
f 650/650/650 651/651/651 652/652/652
f 440/440/440 558/558/558 653/653/653
f 654/654/654 655/655/655 656/656/656
f 657/657/657 658/658/658 659/659/659
f 660/660/660 661/661/661 662/662/662
f 663/663/663 664/664/664 665/665/665
f 666/666/666 667/667/667 668/668/668
f 669/669/669 670/670/670 671/671/671
f 672/672/672 673/673/673 674/674/674
f 672/672/672 674/674/674 675/675/675
f 676/676/676 671/671/671 670/670/670
f 676/676/676 670/670/670 677/677/677
f 678/678/678 676/676/676 677/677/677
f 678/678/678 677/677/677 679/679/679
f 680/680/680 681/681/681 682/682/682
f 683/683/683 684/684/684 685/685/685
f 686/686/686 687/687/687 688/688/688
f 689/689/689 690/690/690 691/691/691
f 692/692/692 693/693/693 694/694/694
f 695/695/695 696/696/696 697/697/697
f 410/410/410 409/409/409 641/641/641
f 698/698/698 699/699/699 700/700/700
f 701/701/701 702/702/702 703/703/703
f 704/704/704 705/705/705 706/706/706
f 432/432/432 642/642/642 407/407/407
f 407/407/407 408/408/408 432/432/432
f 707/707/707 708/708/708 709/709/709
f 710/710/710 711/711/711 712/712/712
f 713/713/713 714/714/714 715/715/715
f 716/716/716 717/717/717 718/718/718
f 719/719/719 720/720/720 721/721/721
f 550/550/550 547/547/547 722/722/722
f 722/722/722 723/723/723 550/550/550
f 547/547/547 545/545/545 724/724/724
f 724/724/724 722/722/722 547/547/547
f 545/545/545 493/493/493 725/725/725
f 725/725/725 724/724/724 545/545/545
f 493/493/493 492/492/492 726/726/726
f 726/726/726 725/725/725 493/493/493
f 492/492/492 540/540/540 727/727/727
f 727/727/727 726/726/726 492/492/492
f 540/540/540 505/505/505 728/728/728
f 728/728/728 727/727/727 540/540/540
f 505/505/505 504/504/504 729/729/729
f 729/729/729 728/728/728 505/505/505
f 504/504/504 513/513/513 730/730/730
f 730/730/730 729/729/729 504/504/504
f 513/513/513 512/512/512 731/731/731
f 731/731/731 730/730/730 513/513/513
f 512/512/512 518/518/518 732/732/732
f 732/732/732 731/731/731 512/512/512
f 518/518/518 525/525/525 733/733/733
f 733/733/733 732/732/732 518/518/518
f 525/525/525 524/524/524 734/734/734
f 734/734/734 733/733/733 525/525/525
f 524/524/524 530/530/530 735/735/735
f 735/735/735 734/734/734 524/524/524
f 530/530/530 534/534/534 736/736/736
f 736/736/736 735/735/735 530/530/530
f 534/534/534 538/538/538 737/737/737
f 737/737/737 736/736/736 534/534/534
f 538/538/538 535/535/535 738/738/738
f 738/738/738 737/737/737 538/538/538
f 535/535/535 531/531/531 739/739/739
f 739/739/739 738/738/738 535/535/535
f 531/531/531 527/527/527 740/740/740
f 740/740/740 739/739/739 531/531/531
f 527/527/527 521/521/521 741/741/741
f 741/741/741 740/740/740 527/527/527
f 521/521/521 520/520/520 742/742/742
f 742/742/742 741/741/741 521/521/521
f 520/520/520 515/515/515 743/743/743
f 743/743/743 742/742/742 520/520/520
f 515/515/515 509/509/509 744/744/744
f 744/744/744 743/743/743 515/515/515
f 509/509/509 508/508/508 745/745/745
f 745/745/745 744/744/744 509/509/509
f 508/508/508 501/501/501 746/746/746
f 746/746/746 745/745/745 508/508/508
f 501/501/501 500/500/500 747/747/747
f 747/747/747 746/746/746 501/501/501
f 500/500/500 541/541/541 748/748/748
f 748/748/748 747/747/747 500/500/500
f 541/541/541 497/497/497 749/749/749
f 749/749/749 748/748/748 541/541/541
f 497/497/497 496/496/496 750/750/750
f 750/750/750 749/749/749 497/497/497
f 496/496/496 544/544/544 751/751/751
f 751/751/751 750/750/750 496/496/496
f 544/544/544 550/550/550 723/723/723
f 723/723/723 751/751/751 544/544/544
f 752/752/752 753/753/753 754/754/754
f 755/755/755 756/756/756 757/757/757
f 758/758/758 759/759/759 760/760/760
f 760/760/760 761/761/761 758/758/758
f 759/759/759 762/762/762 763/763/763
f 763/763/763 760/760/760 759/759/759
f 762/762/762 764/764/764 765/765/765
f 765/765/765 763/763/763 762/762/762
f 764/764/764 766/766/766 767/767/767
f 767/767/767 765/765/765 764/764/764
f 766/766/766 768/768/768 769/769/769
f 769/769/769 767/767/767 766/766/766
f 768/768/768 770/770/770 771/771/771
f 771/771/771 769/769/769 768/768/768
f 770/770/770 772/772/772 773/773/773
f 773/773/773 771/771/771 770/770/770
f 772/772/772 774/774/774 775/775/775
f 775/775/775 773/773/773 772/772/772
f 774/774/774 776/776/776 777/777/777
f 777/777/777 775/775/775 774/774/774
f 776/776/776 778/778/778 779/779/779
f 779/779/779 777/777/777 776/776/776
f 778/778/778 780/780/780 781/781/781
f 781/781/781 779/779/779 778/778/778
f 780/780/780 782/782/782 783/783/783
f 783/783/783 781/781/781 780/780/780
f 782/782/782 784/784/784 785/785/785
f 785/785/785 783/783/783 782/782/782
f 784/784/784 786/786/786 787/787/787
f 787/787/787 785/785/785 784/784/784
f 788/788/788 789/789/789 790/790/790
f 791/791/791 792/792/792 793/793/793
f 794/794/794 795/795/795 796/796/796
f 796/796/796 797/797/797 794/794/794
f 795/795/795 798/798/798 799/799/799
f 799/799/799 796/796/796 795/795/795
f 798/798/798 800/800/800 801/801/801
f 801/801/801 799/799/799 798/798/798
f 800/800/800 802/802/802 803/803/803
f 803/803/803 801/801/801 800/800/800
f 802/802/802 804/804/804 805/805/805
f 805/805/805 803/803/803 802/802/802
f 804/804/804 806/806/806 807/807/807
f 807/807/807 805/805/805 804/804/804
f 806/806/806 808/808/808 809/809/809
f 809/809/809 807/807/807 806/806/806
f 808/808/808 810/810/810 811/811/811
f 811/811/811 809/809/809 808/808/808
f 810/810/810 812/812/812 813/813/813
f 813/813/813 811/811/811 810/810/810
f 812/812/812 814/814/814 815/815/815
f 815/815/815 813/813/813 812/812/812
f 814/814/814 816/816/816 817/817/817
f 817/817/817 815/815/815 814/814/814
f 816/816/816 818/818/818 819/819/819
f 819/819/819 817/817/817 816/816/816
f 818/818/818 820/820/820 821/821/821
f 821/821/821 819/819/819 818/818/818
f 820/820/820 822/822/822 823/823/823
f 823/823/823 821/821/821 820/820/820
f 824/824/824 825/825/825 826/826/826
f 827/827/827 828/828/828 829/829/829
f 830/830/830 831/831/831 832/832/832
f 833/833/833 834/834/834 835/835/835
f 836/836/836 837/837/837 838/838/838
f 836/836/836 838/838/838 839/839/839
f 840/840/840 841/841/841 842/842/842
f 839/839/839 843/843/843 844/844/844
f 844/844/844 845/845/845 846/846/846
f 844/844/844 846/846/846 847/847/847
f 839/839/839 844/844/844 847/847/847
f 836/836/836 839/839/839 847/847/847
f 848/848/848 849/849/849 850/850/850
f 851/851/851 848/848/848 850/850/850
f 852/852/852 853/853/853 854/854/854
f 855/855/855 851/851/851 856/856/856
f 857/857/857 858/858/858 859/859/859
f 860/860/860 861/861/861 862/862/862
f 863/863/863 864/864/864 865/865/865
f 866/866/866 867/867/867 868/868/868
f 869/869/869 866/866/866 868/868/868
f 869/869/869 868/868/868 870/870/870
f 871/871/871 872/872/872 873/873/873
f 874/874/874 869/869/869 875/875/875
f 876/876/876 877/877/877 878/878/878
f 879/879/879 880/880/880 881/881/881
f 882/882/882 883/883/883 884/884/884
f 885/885/885 886/886/886 887/887/887
f 888/888/888 889/889/889 890/890/890
f 891/891/891 892/892/892 893/893/893
f 894/894/894 895/895/895 896/896/896
f 897/897/897 891/891/891 898/898/898
f 899/899/899 897/897/897 898/898/898
f 900/900/900 901/901/901 902/902/902
f 903/903/903 899/899/899 904/904/904
f 905/905/905 903/903/903 904/904/904
f 881/881/881 905/905/905 904/904/904
f 906/906/906 907/907/907 908/908/908
f 879/879/879 881/881/881 909/909/909
f 910/910/910 911/911/911 912/912/912
f 913/913/913 914/914/914 915/915/915
f 916/916/916 917/917/917 918/918/918
f 919/919/919 920/920/920 921/921/921
f 922/922/922 923/923/923 924/924/924
f 925/925/925 926/926/926 927/927/927
f 925/925/925 927/927/927 928/928/928
f 929/929/929 930/930/930 931/931/931
f 932/932/932 928/928/928 933/933/933
f 934/934/934 935/935/935 936/936/936
f 937/937/937 938/938/938 939/939/939
f 937/937/937 939/939/939 940/940/940
f 937/937/937 940/940/940 941/941/941
f 942/942/942 943/943/943 944/944/944
f 945/945/945 946/946/946 947/947/947
f 948/948/948 949/949/949 950/950/950
f 950/950/950 951/951/951 948/948/948
f 949/949/949 952/952/952 953/953/953
f 953/953/953 950/950/950 949/949/949
f 952/952/952 954/954/954 955/955/955
f 955/955/955 953/953/953 952/952/952
f 954/954/954 956/956/956 957/957/957
f 957/957/957 955/955/955 954/954/954
f 956/956/956 958/958/958 959/959/959
f 959/959/959 957/957/957 956/956/956
f 958/958/958 960/960/960 961/961/961
f 961/961/961 959/959/959 958/958/958
f 960/960/960 962/962/962 963/963/963
f 963/963/963 961/961/961 960/960/960
f 962/962/962 964/964/964 965/965/965
f 965/965/965 963/963/963 962/962/962
f 964/964/964 966/966/966 967/967/967
f 967/967/967 965/965/965 964/964/964
f 966/966/966 968/968/968 969/969/969
f 969/969/969 967/967/967 966/966/966
f 968/968/968 970/970/970 971/971/971
f 971/971/971 969/969/969 968/968/968
f 970/970/970 972/972/972 973/973/973
f 973/973/973 971/971/971 970/970/970
f 972/972/972 974/974/974 975/975/975
f 975/975/975 973/973/973 972/972/972
f 974/974/974 948/948/948 951/951/951
f 951/951/951 975/975/975 974/974/974
f 976/976/976 977/977/977 978/978/978
f 978/978/978 979/979/979 976/976/976
f 977/977/977 980/980/980 981/981/981
f 981/981/981 978/978/978 977/977/977
f 980/980/980 982/982/982 983/983/983
f 983/983/983 981/981/981 980/980/980
f 982/982/982 984/984/984 985/985/985
f 985/985/985 983/983/983 982/982/982
f 984/984/984 986/986/986 987/987/987
f 987/987/987 985/985/985 984/984/984
f 986/986/986 988/988/988 989/989/989
f 989/989/989 987/987/987 986/986/986
f 990/990/990 991/991/991 992/992/992
f 992/992/992 993/993/993 990/990/990
f 994/994/994 995/995/995 996/996/996
f 996/996/996 997/997/997 994/994/994
f 995/995/995 998/998/998 999/999/999
f 999/999/999 996/996/996 995/995/995
f 998/998/998 1000/1000/1000 1001/1001/1001
f 1001/1001/1001 999/999/999 998/998/998
f 1000/1000/1000 1002/1002/1002 1003/1003/1003
f 1003/1003/1003 1001/1001/1001 1000/1000/1000
f 1002/1002/1002 1004/1004/1004 1005/1005/1005
f 1005/1005/1005 1003/1003/1003 1002/1002/1002
f 1004/1004/1004 1006/1006/1006 1007/1007/1007
f 1007/1007/1007 1005/1005/1005 1004/1004/1004
f 1006/1006/1006 1008/1008/1008 1009/1009/1009
f 1009/1009/1009 1007/1007/1007 1006/1006/1006
f 1008/1008/1008 976/976/976 979/979/979
f 979/979/979 1009/1009/1009 1008/1008/1008
f 1010/1010/1010 1011/1011/1011 1012/1012/1012
f 1012/1012/1012 1013/1013/1013 1010/1010/1010
f 1011/1011/1011 1014/1014/1014 1015/1015/1015
f 1015/1015/1015 1012/1012/1012 1011/1011/1011
f 1014/1014/1014 1016/1016/1016 1017/1017/1017
f 1017/1017/1017 1015/1015/1015 1014/1014/1014
f 1016/1016/1016 1018/1018/1018 1019/1019/1019
f 1019/1019/1019 1017/1017/1017 1016/1016/1016
f 1018/1018/1018 1020/1020/1020 1021/1021/1021
f 1021/1021/1021 1019/1019/1019 1018/1018/1018
f 1020/1020/1020 1022/1022/1022 1023/1023/1023
f 1023/1023/1023 1021/1021/1021 1020/1020/1020
f 1022/1022/1022 1024/1024/1024 1025/1025/1025
f 1025/1025/1025 1023/1023/1023 1022/1022/1022
f 1024/1024/1024 1026/1026/1026 1027/1027/1027
f 1027/1027/1027 1025/1025/1025 1024/1024/1024
f 1026/1026/1026 1028/1028/1028 1029/1029/1029
f 1029/1029/1029 1027/1027/1027 1026/1026/1026
f 1028/1028/1028 1030/1030/1030 1031/1031/1031
f 1031/1031/1031 1029/1029/1029 1028/1028/1028
f 1030/1030/1030 1032/1032/1032 1033/1033/1033
f 1033/1033/1033 1031/1031/1031 1030/1030/1030
f 1032/1032/1032 1034/1034/1034 1035/1035/1035
f 1035/1035/1035 1033/1033/1033 1032/1032/1032
f 1034/1034/1034 1036/1036/1036 1037/1037/1037
f 1037/1037/1037 1035/1035/1035 1034/1034/1034
f 1036/1036/1036 1038/1038/1038 1039/1039/1039
f 1039/1039/1039 1037/1037/1037 1036/1036/1036
f 1038/1038/1038 1040/1040/1040 1041/1041/1041
f 1041/1041/1041 1039/1039/1039 1038/1038/1038
f 1040/1040/1040 1010/1010/1010 1013/1013/1013
f 1013/1013/1013 1041/1041/1041 1040/1040/1040
f 1042/1042/1042 1043/1043/1043 1044/1044/1044
f 1044/1044/1044 1045/1045/1045 1042/1042/1042
f 1043/1043/1043 1046/1046/1046 1047/1047/1047
f 1047/1047/1047 1044/1044/1044 1043/1043/1043
f 1046/1046/1046 1048/1048/1048 1049/1049/1049
f 1049/1049/1049 1047/1047/1047 1046/1046/1046
f 1048/1048/1048 1050/1050/1050 1051/1051/1051
f 1051/1051/1051 1049/1049/1049 1048/1048/1048
f 1050/1050/1050 1052/1052/1052 1053/1053/1053
f 1053/1053/1053 1051/1051/1051 1050/1050/1050
f 1052/1052/1052 1054/1054/1054 1055/1055/1055
f 1055/1055/1055 1053/1053/1053 1052/1052/1052
f 1054/1054/1054 1056/1056/1056 1057/1057/1057
f 1057/1057/1057 1055/1055/1055 1054/1054/1054
f 1056/1056/1056 1058/1058/1058 1059/1059/1059
f 1059/1059/1059 1057/1057/1057 1056/1056/1056
f 1058/1058/1058 1060/1060/1060 1061/1061/1061
f 1061/1061/1061 1059/1059/1059 1058/1058/1058
f 1060/1060/1060 1062/1062/1062 1063/1063/1063
f 1063/1063/1063 1061/1061/1061 1060/1060/1060
f 1062/1062/1062 1064/1064/1064 1065/1065/1065
f 1065/1065/1065 1063/1063/1063 1062/1062/1062
f 1064/1064/1064 1066/1066/1066 1067/1067/1067
f 1067/1067/1067 1065/1065/1065 1064/1064/1064
f 1066/1066/1066 1068/1068/1068 1069/1069/1069
f 1069/1069/1069 1067/1067/1067 1066/1066/1066
f 1068/1068/1068 1042/1042/1042 1045/1045/1045
f 1045/1045/1045 1069/1069/1069 1068/1068/1068
f 1070/1070/1070 1071/1071/1071 1072/1072/1072
f 1072/1072/1072 1073/1073/1073 1070/1070/1070
f 1071/1071/1071 1074/1074/1074 1075/1075/1075
f 1075/1075/1075 1072/1072/1072 1071/1071/1071
f 1074/1074/1074 1076/1076/1076 1077/1077/1077
f 1077/1077/1077 1075/1075/1075 1074/1074/1074
f 1078/1078/1078 1079/1079/1079 1080/1080/1080
f 1080/1080/1080 1081/1081/1081 1078/1078/1078
f 1079/1079/1079 1082/1082/1082 1083/1083/1083
f 1083/1083/1083 1080/1080/1080 1079/1079/1079
f 1082/1082/1082 1084/1084/1084 1085/1085/1085
f 1085/1085/1085 1083/1083/1083 1082/1082/1082
f 1086/1086/1086 1087/1087/1087 1088/1088/1088
f 1088/1088/1088 1089/1089/1089 1086/1086/1086
f 1087/1087/1087 1090/1090/1090 1091/1091/1091
f 1091/1091/1091 1088/1088/1088 1087/1087/1087
f 1090/1090/1090 1092/1092/1092 1093/1093/1093
f 1093/1093/1093 1091/1091/1091 1090/1090/1090
f 1092/1092/1092 1094/1094/1094 1095/1095/1095
f 1095/1095/1095 1093/1093/1093 1092/1092/1092
f 1096/1096/1096 1097/1097/1097 1098/1098/1098
f 1098/1098/1098 1099/1099/1099 1096/1096/1096
f 1097/1097/1097 1100/1100/1100 1101/1101/1101
f 1101/1101/1101 1098/1098/1098 1097/1097/1097
f 1100/1100/1100 1102/1102/1102 1103/1103/1103
f 1103/1103/1103 1101/1101/1101 1100/1100/1100
f 1104/1104/1104 1070/1070/1070 1073/1073/1073
f 1073/1073/1073 1105/1105/1105 1104/1104/1104
f 1106/1106/1106 1107/1107/1107 1108/1108/1108
f 1108/1108/1108 1109/1109/1109 1106/1106/1106
f 1107/1107/1107 1110/1110/1110 1111/1111/1111
f 1111/1111/1111 1108/1108/1108 1107/1107/1107
f 1110/1110/1110 1112/1112/1112 1113/1113/1113
f 1113/1113/1113 1111/1111/1111 1110/1110/1110
f 1114/1114/1114 1115/1115/1115 1116/1116/1116
f 1116/1116/1116 1117/1117/1117 1114/1114/1114
f 1115/1115/1115 1118/1118/1118 1119/1119/1119
f 1119/1119/1119 1116/1116/1116 1115/1115/1115
f 1118/1118/1118 1120/1120/1120 1121/1121/1121
f 1121/1121/1121 1119/1119/1119 1118/1118/1118
f 1122/1122/1122 1123/1123/1123 1124/1124/1124
f 1124/1124/1124 1125/1125/1125 1122/1122/1122
f 1123/1123/1123 1126/1126/1126 1127/1127/1127
f 1127/1127/1127 1124/1124/1124 1123/1123/1123
f 1126/1126/1126 1128/1128/1128 1129/1129/1129
f 1129/1129/1129 1127/1127/1127 1126/1126/1126
f 1128/1128/1128 1130/1130/1130 1131/1131/1131
f 1131/1131/1131 1129/1129/1129 1128/1128/1128
f 1130/1130/1130 1132/1132/1132 1133/1133/1133
f 1133/1133/1133 1131/1131/1131 1130/1130/1130
f 1134/1134/1134 1135/1135/1135 1136/1136/1136
f 1136/1136/1136 1137/1137/1137 1134/1134/1134
f 1135/1135/1135 1138/1138/1138 1139/1139/1139
f 1139/1139/1139 1136/1136/1136 1135/1135/1135
f 1138/1138/1138 1140/1140/1140 1141/1141/1141
f 1141/1141/1141 1139/1139/1139 1138/1138/1138
f 1142/1142/1142 1106/1106/1106 1109/1109/1109
f 1109/1109/1109 1143/1143/1143 1142/1142/1142
f 1144/1144/1144 1145/1145/1145 1146/1146/1146
f 1146/1146/1146 1147/1147/1147 1144/1144/1144
f 1145/1145/1145 1148/1148/1148 1149/1149/1149
f 1149/1149/1149 1146/1146/1146 1145/1145/1145
f 1148/1148/1148 1150/1150/1150 1151/1151/1151
f 1151/1151/1151 1149/1149/1149 1148/1148/1148
f 1152/1152/1152 1153/1153/1153 1154/1154/1154
f 1154/1154/1154 1155/1155/1155 1152/1152/1152
f 1153/1153/1153 1156/1156/1156 1157/1157/1157
f 1157/1157/1157 1154/1154/1154 1153/1153/1153
f 1156/1156/1156 1158/1158/1158 1159/1159/1159
f 1159/1159/1159 1157/1157/1157 1156/1156/1156
f 1158/1158/1158 1160/1160/1160 1161/1161/1161
f 1161/1161/1161 1159/1159/1159 1158/1158/1158
f 1162/1162/1162 1163/1163/1163 1164/1164/1164
f 1164/1164/1164 1165/1165/1165 1162/1162/1162
f 1163/1163/1163 1166/1166/1166 1167/1167/1167
f 1167/1167/1167 1164/1164/1164 1163/1163/1163
f 1166/1166/1166 1168/1168/1168 1169/1169/1169
f 1169/1169/1169 1167/1167/1167 1166/1166/1166
f 1168/1168/1168 1170/1170/1170 1171/1171/1171
f 1171/1171/1171 1169/1169/1169 1168/1168/1168
f 1170/1170/1170 1172/1172/1172 1173/1173/1173
f 1173/1173/1173 1171/1171/1171 1170/1170/1170
f 1174/1174/1174 1175/1175/1175 1176/1176/1176
f 1176/1176/1176 1177/1177/1177 1174/1174/1174
f 1175/1175/1175 1178/1178/1178 1179/1179/1179
f 1179/1179/1179 1176/1176/1176 1175/1175/1175
f 1178/1178/1178 1180/1180/1180 1181/1181/1181
f 1181/1181/1181 1179/1179/1179 1178/1178/1178
f 1182/1182/1182 1144/1144/1144 1147/1147/1147
f 1147/1147/1147 1183/1183/1183 1182/1182/1182
f 1184/1184/1184 1185/1185/1185 1186/1186/1186
f 1186/1186/1186 1187/1187/1187 1184/1184/1184
f 1185/1185/1185 1188/1188/1188 1189/1189/1189
f 1189/1189/1189 1186/1186/1186 1185/1185/1185
f 1188/1188/1188 1190/1190/1190 1191/1191/1191
f 1191/1191/1191 1189/1189/1189 1188/1188/1188
f 1192/1192/1192 1193/1193/1193 1194/1194/1194
f 1194/1194/1194 1195/1195/1195 1192/1192/1192
f 1193/1193/1193 1196/1196/1196 1197/1197/1197
f 1197/1197/1197 1194/1194/1194 1193/1193/1193
f 1196/1196/1196 1198/1198/1198 1199/1199/1199
f 1199/1199/1199 1197/1197/1197 1196/1196/1196
f 1200/1200/1200 1201/1201/1201 1202/1202/1202
f 1202/1202/1202 1203/1203/1203 1200/1200/1200
f 1201/1201/1201 1204/1204/1204 1205/1205/1205
f 1205/1205/1205 1202/1202/1202 1201/1201/1201
f 1204/1204/1204 1206/1206/1206 1207/1207/1207
f 1207/1207/1207 1205/1205/1205 1204/1204/1204
f 1206/1206/1206 1208/1208/1208 1209/1209/1209
f 1209/1209/1209 1207/1207/1207 1206/1206/1206
f 1210/1210/1210 1211/1211/1211 1212/1212/1212
f 1212/1212/1212 1213/1213/1213 1210/1210/1210
f 1211/1211/1211 1214/1214/1214 1215/1215/1215
f 1215/1215/1215 1212/1212/1212 1211/1211/1211
f 1214/1214/1214 1216/1216/1216 1217/1217/1217
f 1217/1217/1217 1215/1215/1215 1214/1214/1214
f 1218/1218/1218 1184/1184/1184 1187/1187/1187
f 1187/1187/1187 1219/1219/1219 1218/1218/1218
f 1220/1220/1220 1221/1221/1221 1222/1222/1222
f 1222/1222/1222 1223/1223/1223 1220/1220/1220
f 1223/1223/1223 1222/1222/1222 1224/1224/1224
f 1224/1224/1224 1225/1225/1225 1223/1223/1223
f 1225/1225/1225 1224/1224/1224 1226/1226/1226
f 1226/1226/1226 1227/1227/1227 1225/1225/1225
f 1227/1227/1227 1226/1226/1226 1228/1228/1228
f 1228/1228/1228 1229/1229/1229 1227/1227/1227
f 1230/1230/1230 1231/1231/1231 1232/1232/1232
f 1232/1232/1232 1233/1233/1233 1230/1230/1230
f 1234/1234/1234 1235/1235/1235 1236/1236/1236
f 1236/1236/1236 1237/1237/1237 1234/1234/1234
f 1237/1237/1237 1236/1236/1236 1238/1238/1238
f 1238/1238/1238 1239/1239/1239 1237/1237/1237
f 1239/1239/1239 1238/1238/1238 1240/1240/1240
f 1240/1240/1240 1241/1241/1241 1239/1239/1239
f 1241/1241/1241 1240/1240/1240 1242/1242/1242
f 1242/1242/1242 1243/1243/1243 1241/1241/1241
f 1243/1243/1243 1242/1242/1242 1244/1244/1244
f 1244/1244/1244 1245/1245/1245 1243/1243/1243
f 1245/1245/1245 1244/1244/1244 1246/1246/1246
f 1246/1246/1246 1247/1247/1247 1245/1245/1245
f 1248/1248/1248 1249/1249/1249 1250/1250/1250
f 1250/1250/1250 1251/1251/1251 1248/1248/1248
f 1252/1252/1252 1253/1253/1253 1254/1254/1254
f 1254/1254/1254 1255/1255/1255 1252/1252/1252
f 1255/1255/1255 1254/1254/1254 1221/1221/1221
f 1221/1221/1221 1220/1220/1220 1255/1255/1255
f 1256/1256/1256 1257/1257/1257 1258/1258/1258
f 1258/1258/1258 1259/1259/1259 1256/1256/1256
f 1259/1259/1259 1258/1258/1258 1260/1260/1260
f 1260/1260/1260 1261/1261/1261 1259/1259/1259
f 1261/1261/1261 1260/1260/1260 1262/1262/1262
f 1262/1262/1262 1263/1263/1263 1261/1261/1261
f 1263/1263/1263 1262/1262/1262 1264/1264/1264
f 1264/1264/1264 1265/1265/1265 1263/1263/1263
f 1266/1266/1266 1267/1267/1267 1268/1268/1268
f 1268/1268/1268 1269/1269/1269 1266/1266/1266
f 1269/1269/1269 1268/1268/1268 1270/1270/1270
f 1270/1270/1270 1271/1271/1271 1269/1269/1269
f 1272/1272/1272 1273/1273/1273 1274/1274/1274
f 1274/1274/1274 1275/1275/1275 1272/1272/1272
f 1276/1276/1276 1277/1277/1277 1278/1278/1278
f 1278/1278/1278 1279/1279/1279 1276/1276/1276
f 1279/1279/1279 1278/1278/1278 1280/1280/1280
f 1280/1280/1280 1281/1281/1281 1279/1279/1279
f 1281/1281/1281 1280/1280/1280 1282/1282/1282
f 1282/1282/1282 1283/1283/1283 1281/1281/1281
f 1283/1283/1283 1282/1282/1282 1284/1284/1284
f 1284/1284/1284 1285/1285/1285 1283/1283/1283
f 1285/1285/1285 1284/1284/1284 1286/1286/1286
f 1286/1286/1286 1287/1287/1287 1285/1285/1285
f 1287/1287/1287 1286/1286/1286 1288/1288/1288
f 1288/1288/1288 1289/1289/1289 1287/1287/1287
f 1289/1289/1289 1288/1288/1288 1290/1290/1290
f 1290/1290/1290 1291/1291/1291 1289/1289/1289
f 1291/1291/1291 1290/1290/1290 1257/1257/1257
f 1257/1257/1257 1256/1256/1256 1291/1291/1291
f 1292/1292/1292 1293/1293/1293 1294/1294/1294
f 1294/1294/1294 1295/1295/1295 1292/1292/1292
f 1295/1295/1295 1294/1294/1294 1296/1296/1296
f 1296/1296/1296 1297/1297/1297 1295/1295/1295
f 1297/1297/1297 1296/1296/1296 1298/1298/1298
f 1298/1298/1298 1299/1299/1299 1297/1297/1297
f 1299/1299/1299 1298/1298/1298 1300/1300/1300
f 1300/1300/1300 1301/1301/1301 1299/1299/1299
f 1302/1302/1302 1303/1303/1303 1304/1304/1304
f 1304/1304/1304 1305/1305/1305 1302/1302/1302
f 1306/1306/1306 1307/1307/1307 1308/1308/1308
f 1308/1308/1308 1309/1309/1309 1306/1306/1306
f 1309/1309/1309 1308/1308/1308 1310/1310/1310
f 1310/1310/1310 1311/1311/1311 1309/1309/1309
f 1311/1311/1311 1310/1310/1310 1312/1312/1312
f 1312/1312/1312 1313/1313/1313 1311/1311/1311
f 1313/1313/1313 1312/1312/1312 1314/1314/1314
f 1314/1314/1314 1315/1315/1315 1313/1313/1313
f 1315/1315/1315 1314/1314/1314 1316/1316/1316
f 1316/1316/1316 1317/1317/1317 1315/1315/1315
f 1317/1317/1317 1316/1316/1316 1318/1318/1318
f 1318/1318/1318 1319/1319/1319 1317/1317/1317
f 1319/1319/1319 1318/1318/1318 1320/1320/1320
f 1320/1320/1320 1321/1321/1321 1319/1319/1319
f 1321/1321/1321 1320/1320/1320 1322/1322/1322
f 1322/1322/1322 1323/1323/1323 1321/1321/1321
f 1323/1323/1323 1322/1322/1322 1324/1324/1324
f 1324/1324/1324 1325/1325/1325 1323/1323/1323
f 1325/1325/1325 1324/1324/1324 1326/1326/1326
f 1326/1326/1326 1327/1327/1327 1325/1325/1325
f 1327/1327/1327 1326/1326/1326 1293/1293/1293
f 1293/1293/1293 1292/1292/1292 1327/1327/1327
f 1328/1328/1328 1329/1329/1329 1330/1330/1330
f 1330/1330/1330 1331/1331/1331 1328/1328/1328
f 1331/1331/1331 1330/1330/1330 1332/1332/1332
f 1332/1332/1332 1333/1333/1333 1331/1331/1331
f 1333/1333/1333 1332/1332/1332 1334/1334/1334
f 1334/1334/1334 1335/1335/1335 1333/1333/1333
f 1335/1335/1335 1334/1334/1334 1336/1336/1336
f 1336/1336/1336 1337/1337/1337 1335/1335/1335
f 1338/1338/1338 1339/1339/1339 1340/1340/1340
f 1340/1340/1340 1341/1341/1341 1338/1338/1338
f 1342/1342/1342 1343/1343/1343 1344/1344/1344
f 1344/1344/1344 1345/1345/1345 1342/1342/1342
f 1345/1345/1345 1344/1344/1344 1346/1346/1346
f 1346/1346/1346 1347/1347/1347 1345/1345/1345
f 1347/1347/1347 1346/1346/1346 1348/1348/1348
f 1348/1348/1348 1349/1349/1349 1347/1347/1347
f 1349/1349/1349 1348/1348/1348 1350/1350/1350
f 1350/1350/1350 1351/1351/1351 1349/1349/1349
f 1351/1351/1351 1350/1350/1350 1352/1352/1352
f 1352/1352/1352 1353/1353/1353 1351/1351/1351
f 1353/1353/1353 1352/1352/1352 1354/1354/1354
f 1354/1354/1354 1355/1355/1355 1353/1353/1353
f 1356/1356/1356 1357/1357/1357 1358/1358/1358
f 1358/1358/1358 1359/1359/1359 1356/1356/1356
f 1360/1360/1360 1361/1361/1361 1362/1362/1362
f 1362/1362/1362 1363/1363/1363 1360/1360/1360
f 1363/1363/1363 1362/1362/1362 1329/1329/1329
f 1329/1329/1329 1328/1328/1328 1363/1363/1363
f 1364/1364/1364 1365/1365/1365 217/217/217
f 1366/1366/1366 1367/1367/1367 1368/1368/1368
f 1368/1368/1368 1369/1369/1369 1366/1366/1366
f 1370/1370/1370 1371/1371/1371 1372/1372/1372
f 1372/1372/1372 1373/1373/1373 1370/1370/1370
f 1374/1374/1374 1375/1375/1375 1376/1376/1376
f 1376/1376/1376 1377/1377/1377 1374/1374/1374
f 1378/1378/1378 1379/1379/1379 1375/1375/1375
f 1375/1375/1375 1374/1374/1374 1378/1378/1378
f 1380/1380/1380 1381/1381/1381 1382/1382/1382
f 1382/1382/1382 1383/1383/1383 1380/1380/1380
f 1384/1384/1384 1385/1385/1385 1381/1381/1381
f 1381/1381/1381 1380/1380/1380 1384/1384/1384
f 1386/1386/1386 1387/1387/1387 1385/1385/1385
f 1385/1385/1385 1384/1384/1384 1386/1386/1386
f 1388/1388/1388 1389/1389/1389 1387/1387/1387
f 1387/1387/1387 1386/1386/1386 1388/1388/1388
f 1369/1369/1369 1368/1368/1368 1390/1390/1390
f 1390/1390/1390 1391/1391/1391 1369/1369/1369
f 1367/1367/1367 1366/1366/1366 1392/1392/1392
f 1392/1392/1392 1393/1393/1393 1367/1367/1367
f 1376/1376/1376 1371/1371/1371 1370/1370/1370
f 1370/1370/1370 1377/1377/1377 1376/1376/1376
f 1372/1372/1372 1391/1391/1391 1390/1390/1390
f 1390/1390/1390 1373/1373/1373 1372/1372/1372
f 1382/1382/1382 1379/1379/1379 1378/1378/1378
f 1378/1378/1378 1383/1383/1383 1382/1382/1382
f 1394/1394/1394 1395/1395/1395 1396/1396/1396
f 1396/1396/1396 1397/1397/1397 1394/1394/1394
f 1398/1398/1398 1399/1399/1399 1400/1400/1400
f 1400/1400/1400 1401/1401/1401 1398/1398/1398
f 1402/1402/1402 1403/1403/1403 1404/1404/1404
f 1404/1404/1404 1405/1405/1405 1402/1402/1402
f 1403/1403/1403 1406/1406/1406 1407/1407/1407
f 1407/1407/1407 1404/1404/1404 1403/1403/1403
f 1408/1408/1408 1409/1409/1409 1410/1410/1410
f 1410/1410/1410 1411/1411/1411 1408/1408/1408
f 1409/1409/1409 1412/1412/1412 1413/1413/1413
f 1413/1413/1413 1410/1410/1410 1409/1409/1409
f 1412/1412/1412 1414/1414/1414 1415/1415/1415
f 1415/1415/1415 1413/1413/1413 1412/1412/1412
f 1414/1414/1414 1416/1416/1416 1417/1417/1417
f 1417/1417/1417 1415/1415/1415 1414/1414/1414
f 1418/1418/1418 1394/1394/1394 1397/1397/1397
f 1397/1397/1397 1419/1419/1419 1418/1418/1418
f 1420/1420/1420 1396/1396/1396 1395/1395/1395
f 1395/1395/1395 1421/1421/1421 1420/1420/1420
f 1400/1400/1400 1399/1399/1399 1402/1402/1402
f 1402/1402/1402 1405/1405/1405 1400/1400/1400
f 1418/1418/1418 1419/1419/1419 1398/1398/1398
f 1398/1398/1398 1401/1401/1401 1418/1418/1418
f 1407/1407/1407 1406/1406/1406 1408/1408/1408
f 1408/1408/1408 1411/1411/1411 1407/1407/1407
f 1422/1422/1422 1423/1423/1423 1424/1424/1424
f 1424/1424/1424 1425/1425/1425 1422/1422/1422
f 1426/1426/1426 1427/1427/1427 1428/1428/1428
f 1428/1428/1428 1429/1429/1429 1426/1426/1426
f 1430/1430/1430 1431/1431/1431 1432/1432/1432
f 1432/1432/1432 1433/1433/1433 1430/1430/1430
f 1434/1434/1434 1435/1435/1435 1436/1436/1436
f 1436/1436/1436 1437/1437/1437 1434/1434/1434
f 1438/1438/1438 1439/1439/1439 1440/1440/1440
f 1440/1440/1440 1441/1441/1441 1438/1438/1438
f 1442/1442/1442 1443/1443/1443 1444/1444/1444
f 1444/1444/1444 1445/1445/1445 1442/1442/1442
f 1439/1439/1439 1446/1446/1446 1447/1447/1447
f 1447/1447/1447 1440/1440/1440 1439/1439/1439
f 1448/1448/1448 1442/1442/1442 1445/1445/1445
f 1445/1445/1445 1449/1449/1449 1448/1448/1448
f 1450/1450/1450 1451/1451/1451 1452/1452/1452
f 1452/1452/1452 1453/1453/1453 1450/1450/1450
f 1454/1454/1454 1455/1455/1455 1456/1456/1456
f 1456/1456/1456 1457/1457/1457 1454/1454/1454
f 1451/1451/1451 1458/1458/1458 1459/1459/1459
f 1459/1459/1459 1452/1452/1452 1451/1451/1451
f 1460/1460/1460 1454/1454/1454 1457/1457/1457
f 1457/1457/1457 1461/1461/1461 1460/1460/1460
f 1458/1458/1458 1462/1462/1462 1463/1463/1463
f 1463/1463/1463 1459/1459/1459 1458/1458/1458
f 1464/1464/1464 1460/1460/1460 1461/1461/1461
f 1461/1461/1461 1465/1465/1465 1464/1464/1464
f 1462/1462/1462 1466/1466/1466 1467/1467/1467
f 1467/1467/1467 1463/1463/1463 1462/1462/1462
f 1468/1468/1468 1469/1469/1469 1470/1470/1470
f 1468/1468/1468 1470/1470/1470 1471/1471/1471
f 1471/1471/1471 1472/1472/1472 1473/1473/1473
f 1471/1471/1471 1473/1473/1473 1474/1474/1474
f 1468/1468/1468 1471/1471/1471 1474/1474/1474
f 1474/1474/1474 1475/1475/1475 1476/1476/1476
f 1474/1474/1474 1476/1476/1476 1477/1477/1477
f 1468/1468/1468 1474/1474/1474 1477/1477/1477
f 1478/1478/1478 1468/1468/1468 1477/1477/1477
f 1479/1479/1479 1478/1478/1478 1477/1477/1477
f 1480/1480/1480 1464/1464/1464 1465/1465/1465
f 1465/1465/1465 1481/1481/1481 1480/1480/1480
f 1482/1482/1482 1422/1422/1422 1425/1425/1425
f 1425/1425/1425 1483/1483/1483 1482/1482/1482
f 1427/1427/1427 1484/1484/1484 1485/1485/1485
f 1485/1485/1485 1428/1428/1428 1427/1427/1427
f 1486/1486/1486 1426/1426/1426 1429/1429/1429
f 1429/1429/1429 1487/1487/1487 1486/1486/1486
f 1423/1423/1423 1488/1488/1488 1489/1489/1489
f 1489/1489/1489 1424/1424/1424 1423/1423/1423
f 1431/1431/1431 1438/1438/1438 1441/1441/1441
f 1441/1441/1441 1432/1432/1432 1431/1431/1431
f 1443/1443/1443 1434/1434/1434 1437/1437/1437
f 1437/1437/1437 1444/1444/1444 1443/1443/1443
f 1484/1484/1484 1430/1430/1430 1433/1433/1433
f 1433/1433/1433 1485/1485/1485 1484/1484/1484
f 1435/1435/1435 1482/1482/1482 1483/1483/1483
f 1483/1483/1483 1436/1436/1436 1435/1435/1435
f 1446/1446/1446 1450/1450/1450 1453/1453/1453
f 1453/1453/1453 1447/1447/1447 1446/1446/1446
f 1455/1455/1455 1448/1448/1448 1449/1449/1449
f 1449/1449/1449 1456/1456/1456 1455/1455/1455
f 1420/1420/1420 1421/1421/1421 1490/1490/1490
f 1490/1490/1490 1491/1491/1491 1420/1420/1420
f 1492/1492/1492 1366/1366/1366 1369/1369/1369
f 1369/1369/1369 1493/1493/1493 1492/1492/1492
f 1494/1494/1494 1368/1368/1368 1367/1367/1367
f 1367/1367/1367 1495/1495/1495 1494/1494/1494
f 1496/1496/1496 1370/1370/1370 1373/1373/1373
f 1373/1373/1373 1497/1497/1497 1496/1496/1496
f 1498/1498/1498 1372/1372/1372 1371/1371/1371
f 1371/1371/1371 1499/1499/1499 1498/1498/1498
f 1500/1500/1500 1374/1374/1374 1377/1377/1377
f 1377/1377/1377 1501/1501/1501 1500/1500/1500
f 1502/1502/1502 1376/1376/1376 1375/1375/1375
f 1375/1375/1375 1503/1503/1503 1502/1502/1502
f 1504/1504/1504 1378/1378/1378 1374/1374/1374
f 1374/1374/1374 1500/1500/1500 1504/1504/1504
f 1503/1503/1503 1375/1375/1375 1379/1379/1379
f 1379/1379/1379 1505/1505/1505 1503/1503/1503
f 1506/1506/1506 1380/1380/1380 1383/1383/1383
f 1383/1383/1383 1507/1507/1507 1506/1506/1506
f 1508/1508/1508 1382/1382/1382 1381/1381/1381
f 1381/1381/1381 1509/1509/1509 1508/1508/1508
f 1510/1510/1510 1384/1384/1384 1380/1380/1380
f 1380/1380/1380 1506/1506/1506 1510/1510/1510
f 1509/1509/1509 1381/1381/1381 1385/1385/1385
f 1385/1385/1385 1511/1511/1511 1509/1509/1509
f 1512/1512/1512 1386/1386/1386 1384/1384/1384
f 1384/1384/1384 1510/1510/1510 1512/1512/1512
f 1511/1511/1511 1385/1385/1385 1387/1387/1387
f 1387/1387/1387 1513/1513/1513 1511/1511/1511
f 1514/1514/1514 1388/1388/1388 1386/1386/1386
f 1386/1386/1386 1512/1512/1512 1514/1514/1514
f 1513/1513/1513 1387/1387/1387 1389/1389/1389
f 1389/1389/1389 1515/1515/1515 1513/1513/1513
f 1493/1493/1493 1369/1369/1369 1391/1391/1391
f 1391/1391/1391 1516/1516/1516 1493/1493/1493
f 1517/1517/1517 1390/1390/1390 1368/1368/1368
f 1368/1368/1368 1494/1494/1494 1517/1517/1517
f 1495/1495/1495 1367/1367/1367 1393/1393/1393
f 1393/1393/1393 1518/1518/1518 1495/1495/1495
f 1519/1519/1519 1392/1392/1392 1366/1366/1366
f 1366/1366/1366 1492/1492/1492 1519/1519/1519
f 1501/1501/1501 1377/1377/1377 1370/1370/1370
f 1370/1370/1370 1496/1496/1496 1501/1501/1501
f 1499/1499/1499 1371/1371/1371 1376/1376/1376
f 1376/1376/1376 1502/1502/1502 1499/1499/1499
f 1497/1497/1497 1373/1373/1373 1390/1390/1390
f 1390/1390/1390 1517/1517/1517 1497/1497/1497
f 1516/1516/1516 1391/1391/1391 1372/1372/1372
f 1372/1372/1372 1498/1498/1498 1516/1516/1516
f 1507/1507/1507 1383/1383/1383 1378/1378/1378
f 1378/1378/1378 1504/1504/1504 1507/1507/1507
f 1505/1505/1505 1379/1379/1379 1382/1382/1382
f 1382/1382/1382 1508/1508/1508 1505/1505/1505
f 1520/1520/1520 1521/1521/1521 1522/1522/1522
f 1522/1522/1522 1523/1523/1523 1520/1520/1520
f 1524/1524/1524 1525/1525/1525 1526/1526/1526
f 1526/1526/1526 1527/1527/1527 1524/1524/1524
f 1528/1528/1528 1529/1529/1529 1530/1530/1530
f 1530/1530/1530 1531/1531/1531 1528/1528/1528
f 1532/1532/1532 1533/1533/1533 1534/1534/1534
f 1534/1534/1534 1535/1535/1535 1532/1532/1532
f 1536/1536/1536 1537/1537/1537 1538/1538/1538
f 1538/1538/1538 1539/1539/1539 1536/1536/1536
f 1540/1540/1540 1541/1541/1541 1542/1542/1542
f 1542/1542/1542 1543/1543/1543 1540/1540/1540
f 1539/1539/1539 1538/1538/1538 1544/1544/1544
f 1544/1544/1544 1545/1545/1545 1539/1539/1539
f 1546/1546/1546 1547/1547/1547 1541/1541/1541
f 1541/1541/1541 1540/1540/1540 1546/1546/1546
f 1548/1548/1548 1549/1549/1549 1550/1550/1550
f 1550/1550/1550 1551/1551/1551 1548/1548/1548
f 1552/1552/1552 1553/1553/1553 1554/1554/1554
f 1554/1554/1554 1555/1555/1555 1552/1552/1552
f 1551/1551/1551 1550/1550/1550 1556/1556/1556
f 1556/1556/1556 1557/1557/1557 1551/1551/1551
f 1558/1558/1558 1559/1559/1559 1553/1553/1553
f 1553/1553/1553 1552/1552/1552 1558/1558/1558
f 1557/1557/1557 1556/1556/1556 1560/1560/1560
f 1560/1560/1560 1561/1561/1561 1557/1557/1557
f 1562/1562/1562 1563/1563/1563 1559/1559/1559
f 1559/1559/1559 1558/1558/1558 1562/1562/1562
f 1561/1561/1561 1560/1560/1560 1564/1564/1564
f 1564/1564/1564 1565/1565/1565 1561/1561/1561
f 1566/1566/1566 1567/1567/1567 1563/1563/1563
f 1563/1563/1563 1562/1562/1562 1566/1566/1566
f 1568/1568/1568 1569/1569/1569 1521/1521/1521
f 1521/1521/1521 1520/1520/1520 1568/1568/1568
f 1527/1527/1527 1526/1526/1526 1570/1570/1570
f 1570/1570/1570 1571/1571/1571 1527/1527/1527
f 1572/1572/1572 1573/1573/1573 1525/1525/1525
f 1525/1525/1525 1524/1524/1524 1572/1572/1572
f 1523/1523/1523 1522/1522/1522 1574/1574/1574
f 1574/1574/1574 1575/1575/1575 1523/1523/1523
f 1531/1531/1531 1530/1530/1530 1537/1537/1537
f 1537/1537/1537 1536/1536/1536 1531/1531/1531
f 1543/1543/1543 1542/1542/1542 1533/1533/1533
f 1533/1533/1533 1532/1532/1532 1543/1543/1543
f 1571/1571/1571 1570/1570/1570 1529/1529/1529
f 1529/1529/1529 1528/1528/1528 1571/1571/1571
f 1535/1535/1535 1534/1534/1534 1569/1569/1569
f 1569/1569/1569 1568/1568/1568 1535/1535/1535
f 1545/1545/1545 1544/1544/1544 1549/1549/1549
f 1549/1549/1549 1548/1548/1548 1545/1545/1545
f 1555/1555/1555 1554/1554/1554 1547/1547/1547
f 1547/1547/1547 1546/1546/1546 1555/1555/1555
f 1575/1575/1575 1574/1574/1574 1576/1576/1576
f 1576/1576/1576 1577/1577/1577 1575/1575/1575
f 1578/1578/1578 1579/1579/1579 1573/1573/1573
f 1573/1573/1573 1572/1572/1572 1578/1578/1578
f 1424/1424/1424 1580/1580/1580 1581/1581/1581
f 1581/1581/1581 1425/1425/1425 1424/1424/1424
f 1428/1428/1428 1582/1582/1582 1583/1583/1583
f 1583/1583/1583 1429/1429/1429 1428/1428/1428
f 1432/1432/1432 1584/1584/1584 1585/1585/1585
f 1585/1585/1585 1433/1433/1433 1432/1432/1432
f 1436/1436/1436 1586/1586/1586 1587/1587/1587
f 1587/1587/1587 1437/1437/1437 1436/1436/1436
f 1440/1440/1440 1588/1588/1588 1589/1589/1589
f 1589/1589/1589 1441/1441/1441 1440/1440/1440
f 1444/1444/1444 1590/1590/1590 1591/1591/1591
f 1591/1591/1591 1445/1445/1445 1444/1444/1444
f 1447/1447/1447 1592/1592/1592 1588/1588/1588
f 1588/1588/1588 1440/1440/1440 1447/1447/1447
f 1445/1445/1445 1591/1591/1591 1593/1593/1593
f 1593/1593/1593 1449/1449/1449 1445/1445/1445
f 1452/1452/1452 1594/1594/1594 1595/1595/1595
f 1595/1595/1595 1453/1453/1453 1452/1452/1452
f 1456/1456/1456 1596/1596/1596 1597/1597/1597
f 1597/1597/1597 1457/1457/1457 1456/1456/1456
f 1459/1459/1459 1598/1598/1598 1594/1594/1594
f 1594/1594/1594 1452/1452/1452 1459/1459/1459
f 1457/1457/1457 1597/1597/1597 1599/1599/1599
f 1599/1599/1599 1461/1461/1461 1457/1457/1457
f 1463/1463/1463 1600/1600/1600 1598/1598/1598
f 1598/1598/1598 1459/1459/1459 1463/1463/1463
f 1461/1461/1461 1599/1599/1599 1601/1601/1601
f 1601/1601/1601 1465/1465/1465 1461/1461/1461
f 1467/1467/1467 1602/1602/1602 1600/1600/1600
f 1600/1600/1600 1463/1463/1463 1467/1467/1467
f 1465/1465/1465 1601/1601/1601 1603/1603/1603
f 1603/1603/1603 1481/1481/1481 1465/1465/1465
f 1425/1425/1425 1581/1581/1581 1604/1604/1604
f 1604/1604/1604 1483/1483/1483 1425/1425/1425
f 1485/1485/1485 1605/1605/1605 1582/1582/1582
f 1582/1582/1582 1428/1428/1428 1485/1485/1485
f 1429/1429/1429 1583/1583/1583 1606/1606/1606
f 1606/1606/1606 1487/1487/1487 1429/1429/1429
f 1489/1489/1489 1607/1607/1607 1580/1580/1580
f 1580/1580/1580 1424/1424/1424 1489/1489/1489
f 1441/1441/1441 1589/1589/1589 1584/1584/1584
f 1584/1584/1584 1432/1432/1432 1441/1441/1441
f 1437/1437/1437 1587/1587/1587 1590/1590/1590
f 1590/1590/1590 1444/1444/1444 1437/1437/1437
f 1433/1433/1433 1585/1585/1585 1605/1605/1605
f 1605/1605/1605 1485/1485/1485 1433/1433/1433
f 1483/1483/1483 1604/1604/1604 1586/1586/1586
f 1586/1586/1586 1436/1436/1436 1483/1483/1483
f 1453/1453/1453 1595/1595/1595 1592/1592/1592
f 1592/1592/1592 1447/1447/1447 1453/1453/1453
f 1449/1449/1449 1593/1593/1593 1596/1596/1596
f 1596/1596/1596 1456/1456/1456 1449/1449/1449
f 1422/1422/1422 1608/1608/1608 1609/1609/1609
f 1609/1609/1609 1423/1423/1423 1422/1422/1422
f 1426/1426/1426 1610/1610/1610 1611/1611/1611
f 1611/1611/1611 1427/1427/1427 1426/1426/1426
f 1430/1430/1430 1612/1612/1612 1613/1613/1613
f 1613/1613/1613 1431/1431/1431 1430/1430/1430
f 1434/1434/1434 1614/1614/1614 1615/1615/1615
f 1615/1615/1615 1435/1435/1435 1434/1434/1434
f 1438/1438/1438 1616/1616/1616 1617/1617/1617
f 1617/1617/1617 1439/1439/1439 1438/1438/1438
f 1442/1442/1442 1618/1618/1618 1619/1619/1619
f 1619/1619/1619 1443/1443/1443 1442/1442/1442
f 1439/1439/1439 1617/1617/1617 1620/1620/1620
f 1620/1620/1620 1446/1446/1446 1439/1439/1439
f 1448/1448/1448 1621/1621/1621 1618/1618/1618
f 1618/1618/1618 1442/1442/1442 1448/1448/1448
f 1450/1450/1450 1622/1622/1622 1623/1623/1623
f 1623/1623/1623 1451/1451/1451 1450/1450/1450
f 1454/1454/1454 1624/1624/1624 1625/1625/1625
f 1625/1625/1625 1455/1455/1455 1454/1454/1454
f 1451/1451/1451 1623/1623/1623 1626/1626/1626
f 1626/1626/1626 1458/1458/1458 1451/1451/1451
f 1460/1460/1460 1627/1627/1627 1624/1624/1624
f 1624/1624/1624 1454/1454/1454 1460/1460/1460
f 1458/1458/1458 1626/1626/1626 1628/1628/1628
f 1628/1628/1628 1462/1462/1462 1458/1458/1458
f 1464/1464/1464 1629/1629/1629 1627/1627/1627
f 1627/1627/1627 1460/1460/1460 1464/1464/1464
f 1462/1462/1462 1628/1628/1628 1630/1630/1630
f 1630/1630/1630 1466/1466/1466 1462/1462/1462
f 1480/1480/1480 1631/1631/1631 1629/1629/1629
f 1629/1629/1629 1464/1464/1464 1480/1480/1480
f 1482/1482/1482 1632/1632/1632 1608/1608/1608
f 1608/1608/1608 1422/1422/1422 1482/1482/1482
f 1427/1427/1427 1611/1611/1611 1633/1633/1633
f 1633/1633/1633 1484/1484/1484 1427/1427/1427
f 1486/1486/1486 1634/1634/1634 1610/1610/1610
f 1610/1610/1610 1426/1426/1426 1486/1486/1486
f 1423/1423/1423 1609/1609/1609 1635/1635/1635
f 1635/1635/1635 1488/1488/1488 1423/1423/1423
f 1431/1431/1431 1613/1613/1613 1616/1616/1616
f 1616/1616/1616 1438/1438/1438 1431/1431/1431
f 1443/1443/1443 1619/1619/1619 1614/1614/1614
f 1614/1614/1614 1434/1434/1434 1443/1443/1443
f 1484/1484/1484 1633/1633/1633 1612/1612/1612
f 1612/1612/1612 1430/1430/1430 1484/1484/1484
f 1435/1435/1435 1615/1615/1615 1632/1632/1632
f 1632/1632/1632 1482/1482/1482 1435/1435/1435
f 1446/1446/1446 1620/1620/1620 1622/1622/1622
f 1622/1622/1622 1450/1450/1450 1446/1446/1446
f 1455/1455/1455 1625/1625/1625 1621/1621/1621
f 1621/1621/1621 1448/1448/1448 1455/1455/1455
f 1488/1488/1488 1635/1635/1635 1636/1636/1636
f 1636/1636/1636 1637/1637/1637 1488/1488/1488
f 1638/1638/1638 1639/1639/1639 1634/1634/1634
f 1634/1634/1634 1486/1486/1486 1638/1638/1638
f 1489/1489/1489 1488/1488/1488 1637/1637/1637
f 1640/1640/1640 1638/1638/1638 1486/1486/1486
f 1486/1486/1486 1487/1487/1487 1640/1640/1640
f 1579/1579/1579 1576/1576/1576 1641/1641/1641
f 1641/1641/1641 1642/1642/1642 1579/1579/1579
f 1576/1576/1576 1574/1574/1574 1643/1643/1643
f 1643/1643/1643 1641/1641/1641 1576/1576/1576
f 1574/1574/1574 1522/1522/1522 1644/1644/1644
f 1644/1644/1644 1643/1643/1643 1574/1574/1574
f 1522/1522/1522 1521/1521/1521 1645/1645/1645
f 1645/1645/1645 1644/1644/1644 1522/1522/1522
f 1521/1521/1521 1569/1569/1569 1646/1646/1646
f 1646/1646/1646 1645/1645/1645 1521/1521/1521
f 1569/1569/1569 1534/1534/1534 1647/1647/1647
f 1647/1647/1647 1646/1646/1646 1569/1569/1569
f 1534/1534/1534 1533/1533/1533 1648/1648/1648
f 1648/1648/1648 1647/1647/1647 1534/1534/1534
f 1533/1533/1533 1542/1542/1542 1649/1649/1649
f 1649/1649/1649 1648/1648/1648 1533/1533/1533
f 1542/1542/1542 1541/1541/1541 1650/1650/1650
f 1650/1650/1650 1649/1649/1649 1542/1542/1542
f 1541/1541/1541 1547/1547/1547 1651/1651/1651
f 1651/1651/1651 1650/1650/1650 1541/1541/1541
f 1547/1547/1547 1554/1554/1554 1652/1652/1652
f 1652/1652/1652 1651/1651/1651 1547/1547/1547
f 1554/1554/1554 1553/1553/1553 1653/1653/1653
f 1653/1653/1653 1652/1652/1652 1554/1554/1554
f 1553/1553/1553 1559/1559/1559 1654/1654/1654
f 1654/1654/1654 1653/1653/1653 1553/1553/1553
f 1559/1559/1559 1563/1563/1563 1655/1655/1655
f 1655/1655/1655 1654/1654/1654 1559/1559/1559
f 1563/1563/1563 1567/1567/1567 1656/1656/1656
f 1656/1656/1656 1655/1655/1655 1563/1563/1563
f 1567/1567/1567 1564/1564/1564 1657/1657/1657
f 1657/1657/1657 1656/1656/1656 1567/1567/1567
f 1564/1564/1564 1560/1560/1560 1658/1658/1658
f 1658/1658/1658 1657/1657/1657 1564/1564/1564
f 1560/1560/1560 1556/1556/1556 1659/1659/1659
f 1659/1659/1659 1658/1658/1658 1560/1560/1560
f 1556/1556/1556 1550/1550/1550 1660/1660/1660
f 1660/1660/1660 1659/1659/1659 1556/1556/1556
f 1550/1550/1550 1549/1549/1549 1661/1661/1661
f 1661/1661/1661 1660/1660/1660 1550/1550/1550
f 1549/1549/1549 1544/1544/1544 1662/1662/1662
f 1662/1662/1662 1661/1661/1661 1549/1549/1549
f 1544/1544/1544 1538/1538/1538 1663/1663/1663
f 1663/1663/1663 1662/1662/1662 1544/1544/1544
f 1538/1538/1538 1537/1537/1537 1664/1664/1664
f 1664/1664/1664 1663/1663/1663 1538/1538/1538
f 1537/1537/1537 1530/1530/1530 1665/1665/1665
f 1665/1665/1665 1664/1664/1664 1537/1537/1537
f 1530/1530/1530 1529/1529/1529 1666/1666/1666
f 1666/1666/1666 1665/1665/1665 1530/1530/1530
f 1529/1529/1529 1570/1570/1570 1667/1667/1667
f 1667/1667/1667 1666/1666/1666 1529/1529/1529
f 1570/1570/1570 1526/1526/1526 1668/1668/1668
f 1668/1668/1668 1667/1667/1667 1570/1570/1570
f 1526/1526/1526 1525/1525/1525 1669/1669/1669
f 1669/1669/1669 1668/1668/1668 1526/1526/1526
f 1525/1525/1525 1573/1573/1573 1670/1670/1670
f 1670/1670/1670 1669/1669/1669 1525/1525/1525
f 1573/1573/1573 1579/1579/1579 1642/1642/1642
f 1642/1642/1642 1670/1670/1670 1573/1573/1573
f 1671/1671/1671 1672/1672/1672 1673/1673/1673
f 1674/1674/1674 1675/1675/1675 1676/1676/1676
f 1677/1677/1677 1678/1678/1678 1679/1679/1679
f 1679/1679/1679 1680/1680/1680 1677/1677/1677
f 1678/1678/1678 1681/1681/1681 1682/1682/1682
f 1682/1682/1682 1679/1679/1679 1678/1678/1678
f 1681/1681/1681 1683/1683/1683 1684/1684/1684
f 1684/1684/1684 1682/1682/1682 1681/1681/1681
f 1683/1683/1683 1685/1685/1685 1686/1686/1686
f 1686/1686/1686 1684/1684/1684 1683/1683/1683
f 1685/1685/1685 1687/1687/1687 1688/1688/1688
f 1688/1688/1688 1686/1686/1686 1685/1685/1685
f 1687/1687/1687 1689/1689/1689 1690/1690/1690
f 1690/1690/1690 1688/1688/1688 1687/1687/1687
f 1689/1689/1689 1691/1691/1691 1692/1692/1692
f 1692/1692/1692 1690/1690/1690 1689/1689/1689
f 1691/1691/1691 1693/1693/1693 1694/1694/1694
f 1694/1694/1694 1692/1692/1692 1691/1691/1691
f 1693/1693/1693 1695/1695/1695 1696/1696/1696
f 1696/1696/1696 1694/1694/1694 1693/1693/1693
f 1695/1695/1695 1697/1697/1697 1698/1698/1698
f 1698/1698/1698 1696/1696/1696 1695/1695/1695
f 1697/1697/1697 1699/1699/1699 1700/1700/1700
f 1700/1700/1700 1698/1698/1698 1697/1697/1697
f 1699/1699/1699 1701/1701/1701 1702/1702/1702
f 1702/1702/1702 1700/1700/1700 1699/1699/1699
f 1701/1701/1701 1703/1703/1703 1704/1704/1704
f 1704/1704/1704 1702/1702/1702 1701/1701/1701
f 1703/1703/1703 1705/1705/1705 1706/1706/1706
f 1706/1706/1706 1704/1704/1704 1703/1703/1703
f 1707/1707/1707 1708/1708/1708 1709/1709/1709
f 1710/1710/1710 1711/1711/1711 1712/1712/1712
f 1713/1713/1713 1714/1714/1714 1715/1715/1715
f 1715/1715/1715 1716/1716/1716 1713/1713/1713
f 1714/1714/1714 1717/1717/1717 1718/1718/1718
f 1718/1718/1718 1715/1715/1715 1714/1714/1714
f 1717/1717/1717 1719/1719/1719 1720/1720/1720
f 1720/1720/1720 1718/1718/1718 1717/1717/1717
f 1719/1719/1719 1721/1721/1721 1722/1722/1722
f 1722/1722/1722 1720/1720/1720 1719/1719/1719
f 1721/1721/1721 1723/1723/1723 1724/1724/1724
f 1724/1724/1724 1722/1722/1722 1721/1721/1721
f 1723/1723/1723 1725/1725/1725 1726/1726/1726
f 1726/1726/1726 1724/1724/1724 1723/1723/1723
f 1725/1725/1725 1727/1727/1727 1728/1728/1728
f 1728/1728/1728 1726/1726/1726 1725/1725/1725
f 1727/1727/1727 1729/1729/1729 1730/1730/1730
f 1730/1730/1730 1728/1728/1728 1727/1727/1727
f 1729/1729/1729 1731/1731/1731 1732/1732/1732
f 1732/1732/1732 1730/1730/1730 1729/1729/1729
f 1731/1731/1731 1733/1733/1733 1734/1734/1734
f 1734/1734/1734 1732/1732/1732 1731/1731/1731
f 1733/1733/1733 1735/1735/1735 1736/1736/1736
f 1736/1736/1736 1734/1734/1734 1733/1733/1733
f 1735/1735/1735 1737/1737/1737 1738/1738/1738
f 1738/1738/1738 1736/1736/1736 1735/1735/1735
f 1737/1737/1737 1739/1739/1739 1740/1740/1740
f 1740/1740/1740 1738/1738/1738 1737/1737/1737
f 1739/1739/1739 1741/1741/1741 1742/1742/1742
f 1742/1742/1742 1740/1740/1740 1739/1739/1739
f 1487/1487/1487 1606/1606/1606 1640/1640/1640
f 1743/1743/1743 1744/1744/1744 1745/1745/1745
f 1746/1746/1746 1747/1747/1747 1748/1748/1748
f 1749/1749/1749 1750/1750/1750 1751/1751/1751
f 1752/1752/1752 1753/1753/1753 1754/1754/1754
f 1755/1755/1755 1756/1756/1756 1757/1757/1757
f 1758/1758/1758 1759/1759/1759 1760/1760/1760
f 1760/1760/1760 1761/1761/1761 1758/1758/1758
f 1762/1762/1762 1763/1763/1763 1764/1764/1764
f 1765/1765/1765 1766/1766/1766 1767/1767/1767
f 1768/1768/1768 1769/1769/1769 1770/1770/1770
f 1771/1771/1771 1772/1772/1772 1773/1773/1773
f 1774/1774/1774 1775/1775/1775 1776/1776/1776
f 1777/1777/1777 1778/1778/1778 1779/1779/1779
f 1780/1780/1780 1781/1781/1781 1782/1782/1782
f 1783/1783/1783 1784/1784/1784 1785/1785/1785
f 1786/1786/1786 1787/1787/1787 1788/1788/1788
f 1789/1789/1789 1790/1790/1790 1791/1791/1791
f 1792/1792/1792 1793/1793/1793 1794/1794/1794
f 1795/1795/1795 1796/1796/1796 1797/1797/1797
f 1798/1798/1798 1799/1799/1799 1800/1800/1800
f 1801/1801/1801 1802/1802/1802 1803/1803/1803
f 1804/1804/1804 1805/1805/1805 1806/1806/1806
f 1807/1807/1807 1808/1808/1808 1809/1809/1809
f 1810/1810/1810 1807/1807/1807 1809/1809/1809
f 1811/1811/1811 1810/1810/1810 1809/1809/1809
f 1812/1812/1812 1813/1813/1813 1814/1814/1814
f 1815/1815/1815 1816/1816/1816 1817/1817/1817
f 1818/1818/1818 1819/1819/1819 1820/1820/1820
f 1821/1821/1821 1822/1822/1822 216/216/216
f 1822/1822/1822 1823/1823/1823 217/217/217
f 217/217/217 216/216/216 1822/1822/1822
f 1823/1823/1823 1364/1364/1364 217/217/217
f 1824/1824/1824 1825/1825/1825 1826/1826/1826
f 1827/1827/1827 1828/1828/1828 1829/1829/1829
f 1830/1830/1830 1831/1831/1831 1832/1832/1832
f 1833/1833/1833 1834/1834/1834 1835/1835/1835
f 214/214/214 1836/1836/1836 1837/1837/1837
f 1837/1837/1837 1838/1838/1838 214/214/214
f 1839/1839/1839 1840/1840/1840 1841/1841/1841
f 1842/1842/1842 1759/1759/1759 1758/1758/1758
f 1811/1811/1811 1843/1843/1843 213/213/213
f 213/213/213 1810/1810/1810 1811/1811/1811
f 1814/1814/1814 1844/1844/1844 1812/1812/1812
f 1845/1845/1845 1846/1846/1846 1847/1847/1847
f 1848/1848/1848 1849/1849/1849 1850/1850/1850
f 1851/1851/1851 1852/1852/1852 1853/1853/1853
f 1854/1854/1854 1855/1855/1855 1856/1856/1856
f 1854/1854/1854 1856/1856/1856 1838/1838/1838
f 1837/1837/1837 1854/1854/1854 1838/1838/1838
f 1857/1857/1857 1858/1858/1858 214/214/214
f 214/214/214 213/213/213 1857/1857/1857
f 1858/1858/1858 1859/1859/1859 214/214/214
f 1860/1860/1860 1857/1857/1857 213/213/213
f 1859/1859/1859 1836/1836/1836 214/214/214
f 1861/1861/1861 1821/1821/1821 216/216/216
f 1365/1365/1365 1862/1862/1862 1863/1863/1863
f 1863/1863/1863 217/217/217 1365/1365/1365
f 1864/1864/1864 1808/1808/1808 1807/1807/1807
f 1865/1865/1865 1864/1864/1864 1807/1807/1807
f 1866/1866/1866 1865/1865/1865 1807/1807/1807
f 1867/1867/1867 1868/1868/1868 1869/1869/1869
f 1870/1870/1870 1871/1871/1871 1872/1872/1872
f 1870/1870/1870 1872/1872/1872 1856/1856/1856
f 1855/1855/1855 1870/1870/1870 1856/1856/1856
f 1873/1873/1873 1874/1874/1874 1875/1875/1875
f 1876/1876/1876 1877/1877/1877 1878/1878/1878
f 1876/1876/1876 1878/1878/1878 1872/1872/1872
f 1871/1871/1871 1876/1876/1876 1872/1872/1872
f 1866/1866/1866 1807/1807/1807 1879/1879/1879
f 1879/1879/1879 1880/1880/1880 1866/1866/1866
f 1861/1861/1861 216/216/216 1878/1878/1878
f 1878/1878/1878 1877/1877/1877 1861/1861/1861
f 1881/1881/1881 1880/1880/1880 1879/1879/1879
f 1881/1881/1881 1879/1879/1879 1863/1863/1863
f 1862/1862/1862 1881/1881/1881 1863/1863/1863
f 1843/1843/1843 1860/1860/1860 213/213/213
f 217/217/217 1882/1882/1882 171/171/171
f 171/171/171 170/170/170 217/217/217
f 210/210/210 1883/1883/1883 1884/1884/1884
f 1884/1884/1884 211/211/211 210/210/210
f 103/103/103 168/168/168 1885/1885/1885
f 1885/1885/1885 212/212/212 103/103/103
f 1886/1886/1886 207/207/207 206/206/206
f 206/206/206 1887/1887/1887 1886/1886/1886
f 1884/1884/1884 1883/1883/1883 1888/1888/1888
f 1888/1888/1888 1889/1889/1889 1884/1884/1884
f 1890/1890/1890 1882/1882/1882 217/217/217
f 1890/1890/1890 217/217/217 1863/1863/1863
f 1890/1890/1890 1863/1863/1863 1879/1879/1879
f 1890/1890/1890 1879/1879/1879 1807/1807/1807
f 1890/1890/1890 1807/1807/1807 1810/1810/1810
f 1890/1890/1890 1810/1810/1810 213/213/213
f 1889/1889/1889 1888/1888/1888 1886/1886/1886
f 1886/1886/1886 1887/1887/1887 1889/1889/1889
f 1890/1890/1890 213/213/213 212/212/212
f 212/212/212 1885/1885/1885 1890/1890/1890
f 214/214/214 1891/1891/1891 148/148/148
f 148/148/148 147/147/147 214/214/214
f 1892/1892/1892 1893/1893/1893 22/22/22
f 22/22/22 123/123/123 1892/1892/1892
f 1893/1893/1893 1894/1894/1894 23/23/23
f 23/23/23 22/22/22 1893/1893/1893
f 1895/1895/1895 1896/1896/1896 1897/1897/1897
f 1897/1897/1897 1898/1898/1898 1895/1895/1895
f 1899/1899/1899 1900/1900/1900 1901/1901/1901
f 1899/1899/1899 1901/1901/1901 2/2/2
f 1/1/1 1899/1899/1899 2/2/2
f 1901/1901/1901 1902/1902/1902 122/122/122
f 122/122/122 2/2/2 1901/1901/1901
f 146/146/146 1903/1903/1903 1904/1904/1904
f 1904/1904/1904 104/104/104 146/146/146
f 1904/1904/1904 1905/1905/1905 105/105/105
f 105/105/105 104/104/104 1904/1904/1904
f 1905/1905/1905 1906/1906/1906 169/169/169
f 169/169/169 105/105/105 1905/1905/1905
f 1907/1907/1907 1908/1908/1908 209/209/209
f 209/209/209 208/208/208 1907/1907/1907
f 1878/1878/1878 216/216/216 1909/1909/1909
f 1872/1872/1872 1878/1878/1878 1909/1909/1909
f 1856/1856/1856 1872/1872/1872 1909/1909/1909
f 1838/1838/1838 1856/1856/1856 1909/1909/1909
f 214/214/214 1838/1838/1838 1909/1909/1909
f 214/214/214 1909/1909/1909 1891/1891/1891
f 1910/1910/1910 1911/1911/1911 1893/1893/1893
f 1893/1893/1893 1892/1892/1892 1910/1910/1910
f 1911/1911/1911 1912/1912/1912 1894/1894/1894
f 1894/1894/1894 1893/1893/1893 1911/1911/1911
f 1913/1913/1913 1914/1914/1914 1915/1915/1915
f 1916/1916/1916 1917/1917/1917 1918/1918/1918
f 1919/1919/1919 1920/1920/1920 1901/1901/1901
f 1901/1901/1901 1900/1900/1900 1919/1919/1919
f 1920/1920/1920 1921/1921/1921 1902/1902/1902
f 1902/1902/1902 1901/1901/1901 1920/1920/1920
f 1922/1922/1922 1923/1923/1923 1904/1904/1904
f 1904/1904/1904 1903/1903/1903 1922/1922/1922
f 1923/1923/1923 1924/1924/1924 1905/1905/1905
f 1905/1905/1905 1904/1904/1904 1923/1923/1923
f 1924/1924/1924 1925/1925/1925 1906/1906/1906
f 1906/1906/1906 1905/1905/1905 1924/1924/1924
f 1907/1907/1907 1926/1926/1926 1927/1927/1927
f 1927/1927/1927 1908/1908/1908 1907/1907/1907
f 215/215/215 93/93/93 141/141/141
f 141/141/141 1928/1928/1928 215/215/215
f 1929/1929/1929 119/119/119 27/27/27
f 27/27/27 1930/1930/1930 1929/1929/1929
f 1930/1930/1930 27/27/27 26/26/26
f 26/26/26 1931/1931/1931 1930/1930/1930
f 1932/1932/1932 1933/1933/1933 1934/1934/1934
f 1935/1935/1935 1936/1936/1936 1937/1937/1937
f 1938/1938/1938 1939/1939/1939 1940/1940/1940
f 1941/1941/1941 1942/1942/1942 1943/1943/1943
f 1944/1944/1944 1945/1945/1945 1946/1946/1946
f 1947/1947/1947 1948/1948/1948 1949/1949/1949
f 1950/1950/1950 1951/1951/1951 1952/1952/1952
f 1953/1953/1953 1954/1954/1954 1955/1955/1955
f 39/39/39 38/38/38 1956/1956/1956
f 1956/1956/1956 1957/1957/1957 39/39/39
f 38/38/38 120/120/120 1958/1958/1958
f 1958/1958/1958 1956/1956/1956 38/38/38
f 1959/1959/1959 1960/1960/1960 142/142/142
f 1959/1959/1959 142/142/142 96/96/96
f 1959/1959/1959 96/96/96 1961/1961/1961
f 96/96/96 99/99/99 1962/1962/1962
f 1962/1962/1962 1961/1961/1961 96/96/96
f 99/99/99 165/165/165 1963/1963/1963
f 1963/1963/1963 1962/1962/1962 99/99/99
f 1964/1964/1964 205/205/205 204/204/204
f 204/204/204 1965/1965/1965 1964/1964/1964
f 215/215/215 1928/1928/1928 1909/1909/1909
f 1909/1909/1909 216/216/216 215/215/215
f 1929/1929/1929 1930/1930/1930 1911/1911/1911
f 1911/1911/1911 1910/1910/1910 1929/1929/1929
f 1911/1911/1911 1930/1930/1930 1931/1931/1931
f 1931/1931/1931 1912/1912/1912 1911/1911/1911
f 1966/1966/1966 1967/1967/1967 1968/1968/1968
f 1969/1969/1969 1970/1970/1970 1971/1971/1971
f 1957/1957/1957 1956/1956/1956 1920/1920/1920
f 1920/1920/1920 1919/1919/1919 1957/1957/1957
f 1956/1956/1956 1958/1958/1958 1921/1921/1921
f 1921/1921/1921 1920/1920/1920 1956/1956/1956
f 1922/1922/1922 1960/1960/1960 1959/1959/1959
f 1922/1922/1922 1959/1959/1959 1961/1961/1961
f 1922/1922/1922 1961/1961/1961 1923/1923/1923
f 1923/1923/1923 1961/1961/1961 1962/1962/1962
f 1962/1962/1962 1924/1924/1924 1923/1923/1923
f 1924/1924/1924 1962/1962/1962 1963/1963/1963
f 1963/1963/1963 1925/1925/1925 1924/1924/1924
f 1926/1926/1926 1964/1964/1964 1965/1965/1965
f 1965/1965/1965 1927/1927/1927 1926/1926/1926
f 1972/1972/1972 129/129/129 128/128/128
f 128/128/128 1973/1973/1973 1972/1972/1972
f 1974/1974/1974 132/132/132 131/131/131
f 131/131/131 1975/1975/1975 1974/1974/1974
f 1976/1976/1976 134/134/134 133/133/133
f 133/133/133 1977/1977/1977 1976/1976/1976
f 1978/1978/1978 137/137/137 136/136/136
f 136/136/136 1979/1979/1979 1978/1978/1978
f 1980/1980/1980 126/126/126 138/138/138
f 138/138/138 1981/1981/1981 1980/1980/1980
f 1982/1982/1982 139/139/139 132/132/132
f 132/132/132 1983/1983/1983 1982/1982/1982
f 1984/1984/1984 124/124/124 140/140/140
f 140/140/140 1985/1985/1985 1984/1984/1984
f 1986/1986/1986 141/141/141 137/137/137
f 137/137/137 1987/1987/1987 1986/1986/1986
f 1988/1988/1988 128/128/128 142/142/142
f 142/142/142 1989/1989/1989 1988/1988/1988
f 1990/1990/1990 143/143/143 125/125/125
f 125/125/125 1991/1991/1991 1990/1990/1990
f 1992/1992/1992 133/133/133 144/144/144
f 144/144/144 1993/1993/1993 1992/1992/1992
f 1994/1994/1994 145/145/145 127/127/127
f 127/127/127 1995/1995/1995 1994/1994/1994
f 1996/1996/1996 142/142/142 1960/1960/1960
f 1960/1960/1960 1997/1997/1997 1996/1996/1996
f 1998/1998/1998 186/186/186 185/185/185
f 185/185/185 1999/1999/1999 1998/1998/1998
f 2000/2000/2000 190/190/190 189/189/189
f 189/189/189 2001/2001/2001 2000/2000/2000
f 2002/2002/2002 194/194/194 193/193/193
f 193/193/193 2003/2003/2003 2002/2002/2002
f 2004/2004/2004 198/198/198 197/197/197
f 197/197/197 2005/2005/2005 2004/2004/2004
f 2006/2006/2006 179/179/179 186/186/186
f 186/186/186 2007/2007/2007 2006/2006/2006
f 2008/2008/2008 200/200/200 190/190/190
f 190/190/190 2009/2009/2009 2008/2008/2008
f 2010/2010/2010 173/173/173 194/194/194
f 194/194/194 2011/2011/2011 2010/2010/2010
f 2012/2012/2012 202/202/202 198/198/198
f 198/198/198 2013/2013/2013 2012/2012/2012
f 2014/2014/2014 185/185/185 205/205/205
f 205/205/205 2015/2015/2015 2014/2014/2014
f 2016/2016/2016 189/189/189 174/174/174
f 174/174/174 2017/2017/2017 2016/2016/2016
f 2018/2018/2018 193/193/193 207/207/207
f 207/207/207 2019/2019/2019 2018/2018/2018
f 2020/2020/2020 197/197/197 180/180/180
f 180/180/180 2021/2021/2021 2020/2020/2020
f 2022/2022/2022 205/205/205 1964/1964/1964
f 1964/1964/1964 2023/2023/2023 2022/2022/2022
f 2024/2024/2024 144/144/144 148/148/148
f 148/148/148 2025/2025/2025 2024/2024/2024
f 2026/2026/2026 207/207/207 1886/1886/1886
f 1886/1886/1886 2027/2027/2027 2026/2026/2026
f 2028/2028/2028 125/125/125 124/124/124
f 124/124/124 2029/2029/2029 2028/2028/2028
f 2030/2030/2030 127/127/127 126/126/126
f 126/126/126 2031/2031/2031 2030/2030/2030
f 2032/2032/2032 174/174/174 173/173/173
f 173/173/173 2033/2033/2033 2032/2032/2032
f 2034/2034/2034 180/180/180 179/179/179
f 179/179/179 2035/2035/2035 2034/2034/2034
f 2036/2036/2036 210/210/210 202/202/202
f 202/202/202 2037/2037/2037 2036/2036/2036
f 2038/2038/2038 1883/1883/1883 210/210/210
f 210/210/210 2039/2039/2039 2038/2038/2038
f 2040/2040/2040 1888/1888/1888 1883/1883/1883
f 1883/1883/1883 2041/2041/2041 2040/2040/2040
f 2042/2042/2042 1886/1886/1886 1888/1888/1888
f 1888/1888/1888 2043/2043/2043 2042/2042/2042
f 2044/2044/2044 148/148/148 1891/1891/1891
f 1891/1891/1891 2045/2045/2045 2044/2044/2044
f 2046/2046/2046 146/146/146 139/139/139
f 139/139/139 2047/2047/2047 2046/2046/2046
f 2048/2048/2048 208/208/208 200/200/200
f 200/200/200 2049/2049/2049 2048/2048/2048
f 2050/2050/2050 1891/1891/1891 1909/1909/1909
f 1909/1909/1909 2051/2051/2051 2050/2050/2050
f 2052/2052/2052 1903/1903/1903 146/146/146
f 146/146/146 2053/2053/2053 2052/2052/2052
f 2054/2054/2054 1907/1907/1907 208/208/208
f 208/208/208 2055/2055/2055 2054/2054/2054
f 2056/2056/2056 1928/1928/1928 141/141/141
f 141/141/141 2057/2057/2057 2056/2056/2056
f 2058/2058/2058 1960/1960/1960 1922/1922/1922
f 1922/1922/1922 2059/2059/2059 2058/2058/2058
f 2060/2060/2060 1964/1964/1964 1926/1926/1926
f 1926/1926/1926 2061/2061/2061 2060/2060/2060
f 2062/2062/2062 1909/1909/1909 1928/1928/1928
f 1928/1928/1928 2063/2063/2063 2062/2062/2062
f 2064/2064/2064 1922/1922/1922 1903/1903/1903
f 1903/1903/1903 2065/2065/2065 2064/2064/2064
f 2066/2066/2066 1926/1926/1926 1907/1907/1907
f 1907/1907/1907 2067/2067/2067 2066/2066/2066
g Safe_Handle
usemtl safe
v 0.64840543 0.60000473 0.32958031
v 0.64979124 0.60786504 0.32958031
v 0.64979124 0.60786504 0.28058594
v 0.64840555 0.60000473 0.28058594
v 0.64979124 0.60786504 0.32958031
v 0.65378213 0.61477733 0.32958031
v 0.65378213 0.61477727 0.28058594
v 0.64979124 0.60786504 0.28058594
v 0.65989637 0.61990774 0.32958031
v 0.65989637 0.61990774 0.28058594
v 0.66739666 0.62263757 0.32958031
v 0.66739666 0.62263757 0.28058594
v 0.67537808 0.62263757 0.32958031
v 0.67537808 0.62263757 0.28058594
v 0.68287838 0.61990774 0.32958031
v 0.68287838 0.61990774 0.28058594
v 0.68899262 0.61477733 0.32958031
v 0.68899262 0.61477727 0.28058594
v 0.69298339 0.60786504 0.32958031
v 0.69298339 0.60786504 0.28058594
v 0.69436932 0.60000473 0.32958031
v 0.69436944 0.60000473 0.28058594
v 0.69298339 0.59214443 0.32958031
v 0.69298351 0.59214443 0.28058594
v 0.68899262 0.58523220 0.32958031
v 0.68899274 0.58523214 0.28058594
v 0.68287838 0.58010173 0.32958031
v 0.68287849 0.58010173 0.28058594
v 0.67537808 0.57737190 0.32958034
v 0.67537820 0.57737184 0.28058594
v 0.66739666 0.57737190 0.32958034
v 0.66739678 0.57737184 0.28058594
v 0.65989637 0.58010173 0.32958034
v 0.65989649 0.58010173 0.28058594
v 0.65378213 0.58523214 0.32958034
v 0.65378225 0.58523214 0.28058594
v 0.64979124 0.59214443 0.32958031
v 0.64979136 0.59214443 0.28058594
v 0.65378213 0.58523214 0.32958034
v 0.65989637 0.58010173 0.32958034
v 0.66739666 0.57737190 0.32958034
v 0.66739666 0.57737190 0.32958034
v 0.67537808 0.57737190 0.32958034
v 0.68287838 0.58010173 0.32958031
v 0.68287838 0.58010173 0.32958031
v 0.68899262 0.58523220 0.32958031
v 0.69298339 0.59214443 0.32958031
v 0.66739666 0.57737190 0.32958034
v 0.68287838 0.58010173 0.32958031
v 0.69298339 0.59214443 0.32958031
v 0.69298339 0.59214443 0.32958031
v 0.69436932 0.60000473 0.32958031
v 0.69298339 0.60786504 0.32958031
v 0.69298339 0.60786504 0.32958031
v 0.68899262 0.61477733 0.32958031
v 0.68287838 0.61990774 0.32958031
v 0.68287838 0.61990774 0.32958031
v 0.67537808 0.62263757 0.32958031
v 0.66739666 0.62263757 0.32958031
v 0.66739666 0.62263757 0.32958031
v 0.65989637 0.61990774 0.32958031
v 0.65378213 0.61477733 0.32958031
v 0.68287838 0.61990774 0.32958031
v 0.66739666 0.62263757 0.32958031
v 0.65378213 0.61477733 0.32958031
v 0.69298339 0.59214443 0.32958031
v 0.68287838 0.61990774 0.32958031
v 0.65378213 0.61477733 0.32958031
v 0.66739666 0.57737190 0.32958034
v 0.69298339 0.59214443 0.32958031
v 0.65378213 0.61477733 0.32958031
v 0.64979124 0.60786504 0.32958031
v 0.64840543 0.60000473 0.32958031
v 0.66739666 0.57737190 0.32958034
v 0.65378213 0.61477733 0.32958031
v 0.64840543 0.60000473 0.32958031
v 0.65378213 0.58523214 0.32958034
v 0.66739666 0.57737190 0.32958034
v 0.64840543 0.60000473 0.32958031
v 0.64979124 0.59214443 0.32958031
v 0.65378213 0.58523214 0.32958034
v 0.64840543 0.60000473 0.32958031
v 0.64979136 0.60786504 0.23507714
v 0.65378225 0.61477727 0.23507714
v 0.65989649 0.61990774 0.23507714
v 0.65989649 0.61990774 0.23507714
v 0.66739678 0.62263757 0.23507714
v 0.67537820 0.62263757 0.23507714
v 0.68287849 0.61990774 0.23507714
v 0.68899274 0.61477727 0.23507714
v 0.65989649 0.61990774 0.23507714
v 0.67537820 0.62263757 0.23507714
v 0.68899274 0.61477727 0.23507714
v 0.69298351 0.60786504 0.23507714
v 0.69436944 0.60000467 0.23507714
v 0.69298351 0.59214443 0.23507714
v 0.68899274 0.58523214 0.23507714
v 0.68287849 0.58010173 0.23507714
v 0.67537820 0.57737184 0.23507714
v 0.66739678 0.57737184 0.23507714
v 0.65989649 0.58010173 0.23507714
v 0.68899274 0.58523214 0.23507714
v 0.67537820 0.57737184 0.23507714
v 0.65989649 0.58010173 0.23507714
v 0.65989649 0.58010173 0.23507714
v 0.65378225 0.58523214 0.23507714
v 0.64979136 0.59214437 0.23507714
v 0.64979136 0.59214437 0.23507714
v 0.64979136 0.60786504 0.23507714
v 0.64840555 0.60000467 0.23507714
v 0.61662281 0.60000467 0.27072400
v 0.61992550 0.61873531 0.27072400
v 0.61992550 0.61873531 0.24213850
v 0.61662281 0.60000467 0.24213850
v 0.61992550 0.61873531 0.27072400
v 0.62943530 0.63520676 0.27072400
v 0.62943530 0.63520676 0.24213850
v 0.61992550 0.61873531 0.24213850
v 0.64400446 0.64743203 0.27072400
v 0.64400458 0.64743203 0.24213845
v 0.66187811 0.65393752 0.27072400
v 0.66187823 0.65393746 0.24213845
v 0.68089712 0.65393740 0.27072400
v 0.68089724 0.65393740 0.24213845
v 0.69876969 0.64743227 0.27072400
v 0.69876981 0.64743227 0.24213845
v 0.71333957 0.63520676 0.27072400
v 0.71333957 0.63520676 0.24213845
v 0.72284925 0.61873591 0.27072400
v 0.72284925 0.61873591 0.24213850
v 0.72615218 0.60000408 0.27072400
v 0.72615218 0.60000408 0.24213850
v 0.72284949 0.58127409 0.27072400
v 0.72284949 0.58127409 0.24213850
v 0.71333969 0.56480265 0.27072400
v 0.71333969 0.56480265 0.24213850
v 0.69876981 0.55257714 0.27072400
v 0.69876981 0.55257708 0.24213850
v 0.68089724 0.54607201 0.27072400
v 0.68089724 0.54607201 0.24213850
v 0.66187775 0.54607201 0.27072400
v 0.66187775 0.54607201 0.24213850
v 0.64400518 0.55257708 0.27072400
v 0.64400518 0.55257708 0.24213850
v 0.62943530 0.56480265 0.27072400
v 0.62943530 0.56480265 0.24213850
v 0.61992550 0.58127403 0.27072400
v 0.61992550 0.58127403 0.24213850
v 0.64840555 0.60000473 0.28058594
v 0.64979124 0.60786504 0.28058594
v 0.62789989 0.61583281 0.28058594
v 0.62510908 0.60000467 0.28058594
v 0.65378213 0.61477727 0.28058594
v 0.63593614 0.62975186 0.28058594
v 0.65989637 0.61990774 0.28058594
v 0.64824772 0.64008272 0.28058594
v 0.66739666 0.62263757 0.28058594
v 0.66335166 0.64558005 0.28058589
v 0.67537808 0.62263757 0.28058594
v 0.67942345 0.64557993 0.28058589
v 0.68287838 0.61990774 0.28058594
v 0.69452655 0.64008290 0.28058589
v 0.68899262 0.61477727 0.28058594
v 0.70683861 0.62975180 0.28058589
v 0.69298339 0.60786504 0.28058594
v 0.71487463 0.61583328 0.28058594
v 0.69436944 0.60000473 0.28058594
v 0.71766579 0.60000426 0.28058594
v 0.69298351 0.59214443 0.28058594
v 0.71487486 0.58417660 0.28058594
v 0.68899274 0.58523214 0.28058594
v 0.70683873 0.57025760 0.28058594
v 0.68287849 0.58010173 0.28058594
v 0.69452667 0.55992651 0.28058594
v 0.67537820 0.57737184 0.28058594
v 0.67942369 0.55442947 0.28058594
v 0.66739678 0.57737184 0.28058594
v 0.66335142 0.55442947 0.28058594
v 0.65989649 0.58010173 0.28058594
v 0.64824831 0.55992651 0.28058594
v 0.65378225 0.58523214 0.28058594
v 0.63593626 0.57025754 0.28058594
v 0.64979136 0.59214443 0.28058594
v 0.62790012 0.58417654 0.28058594
v 0.62510908 0.60000467 0.23507714
v 0.62790000 0.61583281 0.23507714
v 0.62790000 0.58417654 0.23507714
v 0.64979136 0.59214437 0.23507714
v 0.65378225 0.58523214 0.23507714
v 0.63593626 0.57025754 0.23507720
v 0.63593626 0.57025754 0.23507720
v 0.62790000 0.58417654 0.23507714
v 0.64979136 0.59214437 0.23507714
v 0.65378225 0.58523214 0.23507714
v 0.65989649 0.58010173 0.23507714
v 0.64824831 0.55992651 0.23507720
v 0.64824831 0.55992651 0.23507720
v 0.63593626 0.57025754 0.23507720
v 0.65378225 0.58523214 0.23507714
v 0.65989649 0.58010173 0.23507714
v 0.66739678 0.57737184 0.23507714
v 0.66335142 0.55442947 0.23507720
v 0.66335142 0.55442947 0.23507720
v 0.64824831 0.55992651 0.23507720
v 0.65989649 0.58010173 0.23507714
v 0.66739678 0.57737184 0.23507714
v 0.67537820 0.57737184 0.23507714
v 0.67942369 0.55442947 0.23507720
v 0.67942369 0.55442947 0.23507720
v 0.66335142 0.55442947 0.23507720
v 0.66739678 0.57737184 0.23507714
v 0.68287849 0.58010173 0.23507714
v 0.69452667 0.55992651 0.23507714
v 0.69452667 0.55992651 0.23507714
v 0.67942369 0.55442947 0.23507720
v 0.67537820 0.57737184 0.23507714
v 0.70683873 0.57025760 0.23507714
v 0.69452667 0.55992651 0.23507714
v 0.68899274 0.58523214 0.23507714
v 0.69298351 0.59214443 0.23507714
v 0.71487486 0.58417660 0.23507714
v 0.71487486 0.58417660 0.23507714
v 0.71766579 0.60000426 0.23507714
v 0.69436944 0.60000467 0.23507714
v 0.69298351 0.60786504 0.23507714
v 0.71487474 0.61583322 0.23507714
v 0.71487474 0.61583322 0.23507714
v 0.71766579 0.60000426 0.23507714
v 0.69436944 0.60000467 0.23507714
v 0.70683873 0.62975180 0.23507714
v 0.71487474 0.61583322 0.23507714
v 0.69452667 0.64008290 0.23507714
v 0.67942357 0.64557993 0.23507714
v 0.66335177 0.64558005 0.23507714
v 0.66335177 0.64558005 0.23507714
v 0.67942357 0.64557993 0.23507714
v 0.67537820 0.62263757 0.23507714
v 0.66739678 0.62263757 0.23507714
v 0.65989649 0.61990774 0.23507714
v 0.64824784 0.64008266 0.23507714
v 0.64824784 0.64008266 0.23507714
v 0.66739678 0.62263757 0.23507714
v 0.65378225 0.61477727 0.23507714
v 0.63593626 0.62975180 0.23507714
v 0.63593626 0.62975180 0.23507714
v 0.64824784 0.64008266 0.23507714
v 0.65989649 0.61990774 0.23507714
v 0.65378225 0.61477727 0.23507714
v 0.64979136 0.60786504 0.23507714
v 0.62790000 0.61583281 0.23507714
v 0.62790000 0.61583281 0.23507714
v 0.63593626 0.62975180 0.23507714
v 0.65378225 0.61477727 0.23507714
v 0.62191904 0.61800975 0.27812046
v 0.61874437 0.60000467 0.27812046
v 0.63106036 0.63384306 0.27812046
v 0.62191904 0.61800975 0.27812046
v 0.64506531 0.64559472 0.27812046
v 0.66224658 0.65184814 0.27812046
v 0.68052864 0.65184802 0.27812046
v 0.69770885 0.64559495 0.27812046
v 0.71171439 0.63384306 0.27812046
v 0.72085547 0.61801028 0.27812046
v 0.72403061 0.60000414 0.27812046
v 0.72085583 0.58199972 0.27812046
v 0.71171451 0.56616640 0.27812046
v 0.69770896 0.55441445 0.27812046
v 0.68052888 0.54816139 0.27812046
v 0.66224611 0.54816139 0.27812046
v 0.64506602 0.55441445 0.27812046
v 0.63106048 0.56616634 0.27812046
v 0.62191916 0.58199972 0.27812046
v 0.61874437 0.60000467 0.23474205
v 0.62191916 0.61800975 0.23474205
v 0.62191916 0.58199972 0.23474205
v 0.63106048 0.56616634 0.23474211
v 0.64506602 0.55441445 0.23474211
v 0.66224611 0.54816139 0.23474211
v 0.68052888 0.54816139 0.23474211
v 0.69770896 0.55441445 0.23474211
v 0.71171451 0.56616640 0.23474205
v 0.72085583 0.58199972 0.23474205
v 0.72403061 0.60000414 0.23474205
v 0.72085559 0.61801022 0.23474205
v 0.71171451 0.63384300 0.23474205
v 0.69770896 0.64559495 0.23474205
v 0.68052876 0.65184802 0.23474205
v 0.66224670 0.65184814 0.23474205
v 0.64506543 0.64559466 0.23474205
v 0.63106048 0.63384300 0.23474205
v 0.62191916 0.61800975 0.23474205
v 0.62191904 0.61800975 0.27812046
v 0.61874437 0.60000467 0.27812046
v 0.63106036 0.63384306 0.27812046
v 0.64506531 0.64559472 0.27812046
v 0.66224658 0.65184814 0.27812046
v 0.68052864 0.65184802 0.27812046
v 0.69770885 0.64559495 0.27812046
v 0.71171439 0.63384306 0.27812046
v 0.72085547 0.61801028 0.27812046
v 0.72403061 0.60000414 0.27812046
v 0.72085583 0.58199972 0.27812046
v 0.71171451 0.56616640 0.27812046
v 0.69770896 0.55441445 0.27812046
v 0.68052888 0.54816139 0.27812046
v 0.66224611 0.54816139 0.27812046
v 0.64506602 0.55441445 0.27812046
v 0.63106048 0.56616634 0.27812046
v 0.62191916 0.58199972 0.27812046
v 0.62510908 0.60000467 0.23227662
v 0.61874437 0.60000467 0.23474205
v 0.62191916 0.61800975 0.23474205
v 0.62790000 0.61583281 0.23227662
v 0.62790000 0.58417654 0.23227662
v 0.62191916 0.58199972 0.23474205
v 0.63593626 0.57025754 0.23227662
v 0.63106048 0.56616634 0.23474211
v 0.64824831 0.55992651 0.23227662
v 0.64506602 0.55441445 0.23474211
v 0.66335142 0.55442947 0.23227662
v 0.66224611 0.54816139 0.23474211
v 0.67942369 0.55442947 0.23227662
v 0.68052888 0.54816139 0.23474211
v 0.69452667 0.55992651 0.23227662
v 0.69770896 0.55441445 0.23474211
v 0.70683873 0.57025760 0.23227662
v 0.71171451 0.56616640 0.23474205
v 0.71487486 0.58417660 0.23227656
v 0.72085583 0.58199972 0.23474205
v 0.71766579 0.60000426 0.23227662
v 0.72403061 0.60000414 0.23474205
v 0.71487474 0.61583322 0.23227662
v 0.72085559 0.61801022 0.23474205
v 0.70683873 0.62975180 0.23227656
v 0.71171451 0.63384300 0.23474205
v 0.69452667 0.64008290 0.23227656
v 0.69770896 0.64559495 0.23474205
v 0.67942357 0.64557993 0.23227656
v 0.68052876 0.65184802 0.23474205
v 0.66335177 0.64558005 0.23227656
v 0.66224670 0.65184814 0.23474205
v 0.64824784 0.64008266 0.23227662
v 0.64506543 0.64559466 0.23474205
v 0.63593626 0.62975180 0.23227656
v 0.63106048 0.63384300 0.23474205
v 0.62510908 0.60000467 0.23227662
v 0.62790000 0.61583281 0.23227662
v 0.62790000 0.61583281 0.23507714
v 0.62790000 0.61583281 0.23507714
v 0.62510908 0.60000467 0.23507714
v 0.62510908 0.60000467 0.23227662
v 0.62790000 0.61583281 0.23227662
v 0.63593626 0.62975180 0.23227656
v 0.63593626 0.62975180 0.23507714
v 0.63593626 0.62975180 0.23507714
v 0.62790000 0.61583281 0.23507714
v 0.62790000 0.61583281 0.23227662
v 0.63593626 0.62975180 0.23227656
v 0.64824784 0.64008266 0.23227662
v 0.64824784 0.64008266 0.23507714
v 0.64824784 0.64008266 0.23507714
v 0.63593626 0.62975180 0.23507714
v 0.63593626 0.62975180 0.23227656
v 0.64824784 0.64008266 0.23227662
v 0.66335177 0.64558005 0.23227656
v 0.66335177 0.64558005 0.23507714
v 0.66335177 0.64558005 0.23507714
v 0.64824784 0.64008266 0.23507714
v 0.64824784 0.64008266 0.23227662
v 0.66335177 0.64558005 0.23227656
v 0.67942357 0.64557993 0.23227656
v 0.67942357 0.64557993 0.23507714
v 0.67942357 0.64557993 0.23507714
v 0.66335177 0.64558005 0.23507714
v 0.66335177 0.64558005 0.23227656
v 0.67942357 0.64557993 0.23227656
v 0.69452667 0.64008290 0.23227656
v 0.69452667 0.64008290 0.23507714
v 0.69452667 0.64008290 0.23507714
v 0.67942357 0.64557993 0.23507714
v 0.67942357 0.64557993 0.23227656
v 0.69452667 0.64008290 0.23227656
v 0.70683873 0.62975180 0.23227656
v 0.70683873 0.62975180 0.23507714
v 0.70683873 0.62975180 0.23507714
v 0.69452667 0.64008290 0.23507714
v 0.69452667 0.64008290 0.23227656
v 0.70683873 0.62975180 0.23227656
v 0.71487474 0.61583322 0.23227662
v 0.71487474 0.61583322 0.23507714
v 0.71487474 0.61583322 0.23507714
v 0.70683873 0.62975180 0.23507714
v 0.70683873 0.62975180 0.23227656
v 0.71487474 0.61583322 0.23227662
v 0.71766579 0.60000426 0.23227662
v 0.71766579 0.60000426 0.23507714
v 0.71766579 0.60000426 0.23507714
v 0.71487474 0.61583322 0.23507714
v 0.71487474 0.61583322 0.23227662
v 0.71766579 0.60000426 0.23227662
v 0.71487486 0.58417660 0.23227656
v 0.71487486 0.58417660 0.23507714
v 0.71487486 0.58417660 0.23507714
v 0.71766579 0.60000426 0.23507714
v 0.71766579 0.60000426 0.23227662
v 0.71487486 0.58417660 0.23227656
v 0.70683873 0.57025760 0.23227662
v 0.70683873 0.57025760 0.23507714
v 0.70683873 0.57025760 0.23507714
v 0.71487486 0.58417660 0.23507714
v 0.71487486 0.58417660 0.23227656
v 0.70683873 0.57025760 0.23227662
v 0.69452667 0.55992651 0.23227662
v 0.69452667 0.55992651 0.23507714
v 0.69452667 0.55992651 0.23507714
v 0.70683873 0.57025760 0.23507714
v 0.70683873 0.57025760 0.23227662
v 0.69452667 0.55992651 0.23227662
v 0.67942369 0.55442947 0.23227662
v 0.67942369 0.55442947 0.23507720
v 0.67942369 0.55442947 0.23507720
v 0.69452667 0.55992651 0.23507714
v 0.69452667 0.55992651 0.23227662
v 0.67942369 0.55442947 0.23227662
v 0.66335142 0.55442947 0.23227662
v 0.66335142 0.55442947 0.23507720
v 0.67942369 0.55442947 0.23507720
v 0.66335142 0.55442947 0.23227662
v 0.64824831 0.55992651 0.23227662
v 0.64824831 0.55992651 0.23507720
v 0.64824831 0.55992651 0.23507720
v 0.66335142 0.55442947 0.23507720
v 0.66335142 0.55442947 0.23227662
v 0.64824831 0.55992651 0.23227662
v 0.63593626 0.57025754 0.23227662
v 0.63593626 0.57025754 0.23507720
v 0.64824831 0.55992651 0.23507720
v 0.63593626 0.57025754 0.23227662
v 0.62790000 0.58417654 0.23227662
v 0.62790000 0.58417654 0.23507714
v 0.62790000 0.58417654 0.23507714
v 0.63593626 0.57025754 0.23507720
v 0.63593626 0.57025754 0.23227662
v 0.62790000 0.58417654 0.23227662
v 0.62510908 0.60000467 0.23227662
v 0.62510908 0.60000467 0.23507714
v 0.62510908 0.60000467 0.23507714
v 0.62790000 0.58417654 0.23507714
v 0.62790000 0.58417654 0.23227662
v 0.64084518 0.55754042 0.25643545
v 0.64024723 0.55839455 0.26234835
v 0.53681254 0.48596874 0.26234829
v 0.53741050 0.48511466 0.25643539
v 0.63852537 0.56085360 0.26754802
v 0.53509068 0.48842785 0.26754797
v 0.63588727 0.56462121 0.27140737
v 0.53245258 0.49219543 0.27140731
v 0.63265109 0.56924284 0.27346087
v 0.52921641 0.49681708 0.27346081
v 0.62920737 0.57416111 0.27346087
v 0.52577269 0.50173533 0.27346081
v 0.62597120 0.57878274 0.27140737
v 0.52253652 0.50635695 0.27140731
v 0.62333310 0.58255035 0.26754802
v 0.51989841 0.51012456 0.26754802
v 0.62161124 0.58500952 0.26234829
v 0.51817656 0.51258373 0.26234835
v 0.62101316 0.58586353 0.25643545
v 0.51757848 0.51343775 0.25643545
v 0.62161124 0.58500952 0.25052261
v 0.51817656 0.51258373 0.25052261
v 0.62333310 0.58255041 0.24532288
v 0.51989841 0.51012456 0.24532288
v 0.62597120 0.57878274 0.24146354
v 0.52253652 0.50635695 0.24146348
v 0.62920725 0.57416117 0.23941004
v 0.52577269 0.50173533 0.23940998
v 0.63265109 0.56924284 0.23941004
v 0.52921641 0.49681708 0.23940998
v 0.63588727 0.56462121 0.24146354
v 0.53245258 0.49219543 0.24146348
v 0.63852525 0.56085360 0.24532288
v 0.53509068 0.48842785 0.24532282
v 0.64024723 0.55839455 0.25052261
v 0.53681254 0.48596874 0.25052255
v 0.64084518 0.55754042 0.25643545
v 0.53741050 0.48511466 0.25643539
v 0.63852525 0.56085360 0.24532288
v 0.63588727 0.56462121 0.24146354
v 0.63265109 0.56924284 0.23941004
v 0.63265109 0.56924284 0.23941004
v 0.62920725 0.57416117 0.23941004
v 0.62597120 0.57878274 0.24146354
v 0.62597120 0.57878274 0.24146354
v 0.62333310 0.58255041 0.24532288
v 0.62161124 0.58500952 0.25052261
v 0.63265109 0.56924284 0.23941004
v 0.62597120 0.57878274 0.24146354
v 0.62161124 0.58500952 0.25052261
v 0.62161124 0.58500952 0.25052261
v 0.62101316 0.58586353 0.25643545
v 0.62161124 0.58500952 0.26234829
v 0.62161124 0.58500952 0.26234829
v 0.62333310 0.58255035 0.26754802
v 0.62597120 0.57878274 0.27140737
v 0.62161124 0.58500952 0.25052261
v 0.62161124 0.58500952 0.26234829
v 0.62597120 0.57878274 0.27140737
v 0.62597120 0.57878274 0.27140737
v 0.62920737 0.57416111 0.27346087
v 0.63265109 0.56924284 0.27346087
v 0.63265109 0.56924284 0.27346087
v 0.63588727 0.56462121 0.27140737
v 0.63852537 0.56085360 0.26754802
v 0.62597120 0.57878274 0.27140737
v 0.63265109 0.56924284 0.27346087
v 0.63852537 0.56085360 0.26754802
v 0.62161124 0.58500952 0.25052261
v 0.62597120 0.57878274 0.27140737
v 0.63852537 0.56085360 0.26754802
v 0.63265109 0.56924284 0.23941004
v 0.62161124 0.58500952 0.25052261
v 0.63852537 0.56085360 0.26754802
v 0.63852537 0.56085360 0.26754802
v 0.64024723 0.55839455 0.26234835
v 0.64084518 0.55754042 0.25643545
v 0.63265109 0.56924284 0.23941004
v 0.63852537 0.56085360 0.26754802
v 0.64084518 0.55754042 0.25643545
v 0.63852525 0.56085360 0.24532288
v 0.63265109 0.56924284 0.23941004
v 0.64084518 0.55754042 0.25643545
v 0.64024723 0.55839455 0.25052261
v 0.63852525 0.56085360 0.24532288
v 0.64084518 0.55754042 0.25643545
v 0.52932584 0.48376563 0.26144218
v 0.52786779 0.48584795 0.26584500
v 0.52563393 0.48903817 0.26911294
v 0.52289367 0.49295148 0.27085173
v 0.51997769 0.49711609 0.27085173
v 0.51723754 0.50102949 0.26911294
v 0.51500368 0.50421971 0.26584500
v 0.51354575 0.50630200 0.26144218
v 0.51303935 0.50702512 0.25643539
v 0.51354575 0.50630200 0.25142866
v 0.51500368 0.50421971 0.24702585
v 0.51723754 0.50102949 0.24375790
v 0.51997769 0.49711609 0.24201906
v 0.52289379 0.49295151 0.24201906
v 0.52563393 0.48903817 0.24375790
v 0.52786779 0.48584795 0.24702579
v 0.52932584 0.48376563 0.25142866
v 0.52983212 0.48304251 0.25643539
v 0.53741050 0.48511466 0.25643539
v 0.53681254 0.48596874 0.26234829
v 0.53003657 0.48355156 0.26165438
v 0.53056443 0.48279768 0.25643539
v 0.53509068 0.48842785 0.26754797
v 0.52851689 0.48572206 0.26624382
v 0.53245258 0.49219543 0.27140731
v 0.52618825 0.48904753 0.26965028
v 0.52921641 0.49681708 0.27346081
v 0.52333188 0.49312681 0.27146280
v 0.52577269 0.50173533 0.27346081
v 0.52029228 0.49746788 0.27146280
v 0.52253652 0.50635695 0.27140731
v 0.51743591 0.50154710 0.26965028
v 0.51989841 0.51012456 0.26754802
v 0.51510739 0.50487256 0.26624382
v 0.51817656 0.51258373 0.26234835
v 0.51358771 0.50704312 0.26165438
v 0.51757848 0.51343775 0.25643545
v 0.51305974 0.50779700 0.25643545
v 0.51817656 0.51258373 0.25052261
v 0.51358771 0.50704312 0.25121641
v 0.51989841 0.51012456 0.24532288
v 0.51510739 0.50487256 0.24662691
v 0.52253652 0.50635695 0.24146348
v 0.51743591 0.50154710 0.24322051
v 0.52577269 0.50173533 0.23940998
v 0.52029240 0.49746791 0.24140799
v 0.52921641 0.49681708 0.23940998
v 0.52333188 0.49312681 0.24140799
v 0.53245258 0.49219543 0.24146348
v 0.52618825 0.48904753 0.24322051
v 0.53509068 0.48842785 0.24532282
v 0.52851689 0.48572206 0.24662691
v 0.53681254 0.48596874 0.25052255
v 0.53003657 0.48355156 0.25121641
v 0.53741050 0.48511466 0.25643539
v 0.53056443 0.48279768 0.25643539
v 0.53056443 0.48279768 0.25643539
v 0.53003657 0.48355156 0.26165438
v 0.52851689 0.48572206 0.26624382
v 0.52618825 0.48904753 0.26965028
v 0.52333188 0.49312681 0.27146280
v 0.52029228 0.49746788 0.27146280
v 0.51743591 0.50154710 0.26965028
v 0.51510739 0.50487256 0.26624382
v 0.51358771 0.50704312 0.26165438
v 0.51305974 0.50779700 0.25643545
v 0.51358771 0.50704312 0.25121641
v 0.51510739 0.50487256 0.24662691
v 0.51743591 0.50154710 0.24322051
v 0.52029240 0.49746791 0.24140799
v 0.52333188 0.49312681 0.24140799
v 0.52618825 0.48904753 0.24322051
v 0.52851689 0.48572206 0.24662691
v 0.53003657 0.48355156 0.25121641
v 0.72173691 0.58582807 0.25643545
v 0.72113883 0.58497399 0.26234829
v 0.82457352 0.51254821 0.26234835
v 0.82517159 0.51340234 0.25643551
v 0.71941698 0.58251488 0.26754802
v 0.82285166 0.51008916 0.26754808
v 0.71677887 0.57874721 0.27140737
v 0.82021356 0.50632149 0.27140737
v 0.71354282 0.57412565 0.27346087
v 0.81697750 0.50169981 0.27346081
v 0.71009898 0.56920731 0.27346087
v 0.81353366 0.49678159 0.27346081
v 0.70686281 0.56458575 0.27140737
v 0.81029749 0.49215993 0.27140731
v 0.70422471 0.56081814 0.26754802
v 0.80765939 0.48839235 0.26754797
v 0.70250297 0.55835903 0.26234829
v 0.80593753 0.48593321 0.26234823
v 0.70190477 0.55750495 0.25643545
v 0.80533946 0.48507917 0.25643539
v 0.70250297 0.55835903 0.25052261
v 0.80593753 0.48593321 0.25052255
v 0.70422471 0.56081808 0.24532288
v 0.80765939 0.48839235 0.24532282
v 0.70686281 0.56458575 0.24146354
v 0.81029749 0.49215993 0.24146348
v 0.71009898 0.56920731 0.23941004
v 0.81353354 0.49678159 0.23940998
v 0.71354282 0.57412565 0.23941004
v 0.81697750 0.50169981 0.23940998
v 0.71677887 0.57874727 0.24146354
v 0.82021356 0.50632149 0.24146354
v 0.71941698 0.58251488 0.24532288
v 0.82285166 0.51008910 0.24532294
v 0.72113883 0.58497399 0.25052261
v 0.82457352 0.51254821 0.25052261
v 0.72173691 0.58582807 0.25643545
v 0.82517159 0.51340234 0.25643551
v 0.71941698 0.58251488 0.24532288
v 0.71677887 0.57874727 0.24146354
v 0.71354282 0.57412565 0.23941004
v 0.71354282 0.57412565 0.23941004
v 0.71009898 0.56920731 0.23941004
v 0.70686281 0.56458575 0.24146354
v 0.70686281 0.56458575 0.24146354
v 0.70422471 0.56081808 0.24532288
v 0.70250297 0.55835903 0.25052261
v 0.71354282 0.57412565 0.23941004
v 0.70686281 0.56458575 0.24146354
v 0.70250297 0.55835903 0.25052261
v 0.70250297 0.55835903 0.25052261
v 0.70190477 0.55750495 0.25643545
v 0.70250297 0.55835903 0.26234829
v 0.70250297 0.55835903 0.26234829
v 0.70422471 0.56081814 0.26754802
v 0.70686281 0.56458575 0.27140737
v 0.70250297 0.55835903 0.25052261
v 0.70250297 0.55835903 0.26234829
v 0.70686281 0.56458575 0.27140737
v 0.70686281 0.56458575 0.27140737
v 0.71009898 0.56920731 0.27346087
v 0.71354282 0.57412565 0.27346087
v 0.71354282 0.57412565 0.27346087
v 0.71677887 0.57874721 0.27140737
v 0.71941698 0.58251488 0.26754802
v 0.70686281 0.56458575 0.27140737
v 0.71354282 0.57412565 0.27346087
v 0.71941698 0.58251488 0.26754802
v 0.70250297 0.55835903 0.25052261
v 0.70686281 0.56458575 0.27140737
v 0.71941698 0.58251488 0.26754802
v 0.71354282 0.57412565 0.23941004
v 0.70250297 0.55835903 0.25052261
v 0.71941698 0.58251488 0.26754802
v 0.71941698 0.58251488 0.26754802
v 0.72113883 0.58497399 0.26234829
v 0.72173691 0.58582807 0.25643545
v 0.71354282 0.57412565 0.23941004
v 0.71941698 0.58251488 0.26754802
v 0.72173691 0.58582807 0.25643545
v 0.71941698 0.58251488 0.24532288
v 0.71354282 0.57412565 0.23941004
v 0.72173691 0.58582807 0.25643545
v 0.72113883 0.58497399 0.25052261
v 0.71941698 0.58251488 0.24532288
v 0.72173691 0.58582807 0.25643545
v 0.82920432 0.50626647 0.26144218
v 0.82774627 0.50418425 0.26584506
v 0.82551253 0.50099397 0.26911300
v 0.82277238 0.49708059 0.27085179
v 0.81985629 0.49291605 0.27085179
v 0.81711614 0.48900267 0.26911294
v 0.81488228 0.48581246 0.26584500
v 0.81342423 0.48373014 0.26144212
v 0.81291783 0.48300701 0.25643539
v 0.81342423 0.48373014 0.25142866
v 0.81488228 0.48581246 0.24702579
v 0.81711614 0.48900267 0.24375790
v 0.81985629 0.49291605 0.24201912
v 0.82277238 0.49708059 0.24201912
v 0.82551253 0.50099397 0.24375796
v 0.82774627 0.50418425 0.24702585
v 0.82920432 0.50626647 0.25142866
v 0.82971084 0.50698966 0.25643545
v 0.82517159 0.51340234 0.25643551
v 0.82457352 0.51254821 0.26234835
v 0.82916248 0.50700766 0.26165444
v 0.82969034 0.50776154 0.25643551
v 0.82285166 0.51008916 0.26754808
v 0.82764256 0.50483716 0.26624388
v 0.82021356 0.50632149 0.27140737
v 0.82531416 0.50151163 0.26965034
v 0.81697750 0.50169981 0.27346081
v 0.82245779 0.49743241 0.27146286
v 0.81353366 0.49678159 0.27346081
v 0.81941807 0.49309132 0.27146286
v 0.81029749 0.49215993 0.27140731
v 0.81656182 0.48901206 0.26965028
v 0.80765939 0.48839235 0.26754797
v 0.81423330 0.48568663 0.26624382
v 0.80593753 0.48593321 0.26234823
v 0.81271338 0.48351607 0.26165438
v 0.80533946 0.48507917 0.25643539
v 0.81218565 0.48276225 0.25643539
v 0.80593753 0.48593321 0.25052255
v 0.81271338 0.48351607 0.25121641
v 0.80765939 0.48839235 0.24532282
v 0.81423330 0.48568663 0.24662691
v 0.81029749 0.49215993 0.24146348
v 0.81656182 0.48901206 0.24322051
v 0.81353354 0.49678159 0.23940998
v 0.81941807 0.49309134 0.24140805
v 0.81697750 0.50169981 0.23940998
v 0.82245779 0.49743241 0.24140805
v 0.82021356 0.50632149 0.24146354
v 0.82531416 0.50151169 0.24322057
v 0.82285166 0.51008910 0.24532294
v 0.82764256 0.50483716 0.24662697
v 0.82457352 0.51254821 0.25052261
v 0.82916248 0.50700766 0.25121647
v 0.82517159 0.51340234 0.25643551
v 0.82969034 0.50776154 0.25643551
v 0.82969034 0.50776154 0.25643551
v 0.82916248 0.50700766 0.26165444
v 0.82764256 0.50483716 0.26624388
v 0.82531416 0.50151163 0.26965034
v 0.82245779 0.49743241 0.27146286
v 0.81941807 0.49309132 0.27146286
v 0.81656182 0.48901206 0.26965028
v 0.81423330 0.48568663 0.26624382
v 0.81271338 0.48351607 0.26165438
v 0.81218565 0.48276225 0.25643539
v 0.81271338 0.48351607 0.25121641
v 0.81423330 0.48568663 0.24662691
v 0.81656182 0.48901206 0.24322051
v 0.81941807 0.49309134 0.24140805
v 0.82245779 0.49743241 0.24140805
v 0.82531416 0.50151169 0.24322057
v 0.82764256 0.50483716 0.24662697
v 0.82916248 0.50700766 0.25121647
v 0.65412116 0.64937997 0.25643545
v 0.65516365 0.64937997 0.26234829
v 0.65516353 0.77565044 0.26234835
v 0.65412104 0.77565044 0.25643545
v 0.65816569 0.64937997 0.26754802
v 0.65816557 0.77565044 0.26754802
v 0.66276503 0.64937997 0.27140737
v 0.66276503 0.77565044 0.27140737
v 0.66840696 0.64937997 0.27346087
v 0.66840696 0.77565044 0.27346087
v 0.67441106 0.64937997 0.27346087
v 0.67441106 0.77565044 0.27346087
v 0.68005300 0.64937997 0.27140737
v 0.68005300 0.77565044 0.27140737
v 0.68465257 0.64937997 0.26754802
v 0.68465245 0.77565044 0.26754802
v 0.68765461 0.64938003 0.26234829
v 0.68765450 0.77565044 0.26234829
v 0.68869722 0.64937997 0.25643545
v 0.68869710 0.77565044 0.25643545
v 0.68765461 0.64937997 0.25052261
v 0.68765450 0.77565044 0.25052261
v 0.68465257 0.64937997 0.24532288
v 0.68465245 0.77565044 0.24532288
v 0.68005311 0.64937997 0.24146354
v 0.68005300 0.77565044 0.24146354
v 0.67441118 0.64937997 0.23941004
v 0.67441106 0.77565044 0.23941004
v 0.66840708 0.64937997 0.23941004
v 0.66840696 0.77565044 0.23941004
v 0.66276515 0.64937997 0.24146354
v 0.66276503 0.77565044 0.24146354
v 0.65816569 0.64937997 0.24532288
v 0.65816557 0.77565044 0.24532288
v 0.65516365 0.64937997 0.25052261
v 0.65516353 0.77565044 0.25052261
v 0.65412116 0.64937997 0.25643545
v 0.65412104 0.77565044 0.25643545
v 0.65816569 0.64937997 0.24532288
v 0.66276515 0.64937997 0.24146354
v 0.66840708 0.64937997 0.23941004
v 0.66840708 0.64937997 0.23941004
v 0.67441118 0.64937997 0.23941004
v 0.68005311 0.64937997 0.24146354
v 0.68465257 0.64937997 0.24532288
v 0.68765461 0.64937997 0.25052261
v 0.68765461 0.64937997 0.25052261
v 0.68869722 0.64937997 0.25643545
v 0.68765461 0.64938003 0.26234829
v 0.68765461 0.64938003 0.26234829
v 0.68465257 0.64937997 0.26754802
v 0.68005300 0.64937997 0.27140737
v 0.68765461 0.64937997 0.25052261
v 0.68765461 0.64938003 0.26234829
v 0.68005300 0.64937997 0.27140737
v 0.68005300 0.64937997 0.27140737
v 0.67441106 0.64937997 0.27346087
v 0.66840696 0.64937997 0.27346087
v 0.66276503 0.64937997 0.27140737
v 0.65816569 0.64937997 0.26754802
v 0.65516365 0.64937997 0.26234829
v 0.65412116 0.64937997 0.25643545
v 0.66840708 0.64937997 0.23941004
v 0.65816569 0.64937997 0.26754802
v 0.65412116 0.64937997 0.25643545
v 0.65816569 0.64937997 0.24532288
v 0.65516365 0.64937997 0.25052261
v 0.65765321 0.78304684 0.26144218
v 0.66019511 0.78304684 0.26584506
v 0.66408968 0.78304690 0.26911300
v 0.66886699 0.78304690 0.27085179
v 0.67395103 0.78304690 0.27085179
v 0.67872846 0.78304690 0.26911300
v 0.68262291 0.78304684 0.26584506
v 0.68516493 0.78304684 0.26144218
v 0.68604767 0.78304684 0.25643545
v 0.68516493 0.78304684 0.25142872
v 0.68262291 0.78304684 0.24702585
v 0.67872846 0.78304690 0.24375796
v 0.67395103 0.78304684 0.24201912
v 0.66886699 0.78304690 0.24201912
v 0.66408968 0.78304684 0.24375796
v 0.66019511 0.78304684 0.24702585
v 0.65765321 0.78304684 0.25142866
v 0.65677035 0.78304684 0.25643545
v 0.65412104 0.77565044 0.25643545
v 0.65516353 0.77565044 0.26234835
v 0.65707004 0.78258741 0.26165444
v 0.65614986 0.78258741 0.25643545
v 0.65816557 0.77565044 0.26754802
v 0.65971982 0.78258741 0.26624388
v 0.66276503 0.77565044 0.27140737
v 0.66377938 0.78258741 0.26965034
v 0.66840696 0.77565044 0.27346087
v 0.66875923 0.78258741 0.27146286
v 0.67441106 0.77565044 0.27346087
v 0.67405879 0.78258741 0.27146286
v 0.68005300 0.77565044 0.27140737
v 0.67903864 0.78258741 0.26965034
v 0.68465245 0.77565044 0.26754802
v 0.68309832 0.78258741 0.26624388
v 0.68765450 0.77565044 0.26234829
v 0.68574798 0.78258741 0.26165444
v 0.68869710 0.77565044 0.25643545
v 0.68666828 0.78258741 0.25643545
v 0.68765450 0.77565044 0.25052261
v 0.68574798 0.78258741 0.25121647
v 0.68465245 0.77565044 0.24532288
v 0.68309832 0.78258741 0.24662697
v 0.68005300 0.77565044 0.24146354
v 0.67903864 0.78258741 0.24322057
v 0.67441106 0.77565044 0.23941004
v 0.67405879 0.78258741 0.24140805
v 0.66840696 0.77565044 0.23941004
v 0.66875935 0.78258741 0.24140805
v 0.66276503 0.77565044 0.24146354
v 0.66377938 0.78258741 0.24322057
v 0.65816557 0.77565044 0.24532288
v 0.65971982 0.78258741 0.24662697
v 0.65516353 0.77565044 0.25052261
v 0.65707004 0.78258741 0.25121647
v 0.65412104 0.77565044 0.25643545
v 0.65614986 0.78258741 0.25643545
v 0.65614986 0.78258741 0.25643545
v 0.65707004 0.78258741 0.26165444
v 0.65971982 0.78258741 0.26624388
v 0.66377938 0.78258741 0.26965034
v 0.66875923 0.78258741 0.27146286
v 0.67405879 0.78258741 0.27146286
v 0.67903864 0.78258741 0.26965034
v 0.68309832 0.78258741 0.26624388
v 0.68574798 0.78258741 0.26165444
v 0.68666828 0.78258741 0.25643545
v 0.68574798 0.78258741 0.25121647
v 0.68309832 0.78258741 0.24662697
v 0.67903864 0.78258741 0.24322057
v 0.67405879 0.78258741 0.24140805
v 0.66875935 0.78258741 0.24140805
v 0.66377938 0.78258741 0.24322057
v 0.65971982 0.78258741 0.24662697
v 0.65707004 0.78258741 0.25121647
vt 0.77315003 0.58542895
vt 0.77315003 0.57668781
vt 0.83080226 0.57668781
vt 0.83080226 0.58542895
vt 0.77315003 0.73183405
vt 0.77315003 0.72315061
vt 0.83080226 0.72315061
vt 0.83080226 0.73183405
vt 0.77315027 0.71455479
vt 0.83080226 0.71455479
vt 0.77315027 0.70603442
vt 0.83080226 0.70603442
vt 0.77315027 0.69754326
vt 0.83080226 0.69754326
vt 0.77315027 0.68902302
vt 0.83080226 0.68902302
vt 0.77315027 0.68042719
vt 0.83080226 0.68042719
vt 0.77315027 0.67174351
vt 0.83080226 0.67174351
vt 0.77315027 0.66300213
vt 0.83080226 0.66300213
vt 0.77315027 0.65426075
vt 0.83080226 0.65426075
vt 0.77315027 0.64557755
vt 0.83080226 0.64557755
vt 0.77315027 0.63698149
vt 0.83080226 0.63698149
vt 0.77315027 0.62846088
vt 0.83080226 0.62846088
vt 0.77315027 0.61997020
vt 0.83080226 0.61997020
vt 0.77315027 0.61144960
vt 0.83080226 0.61144960
vt 0.77315003 0.60285378
vt 0.83080226 0.60285378
vt 0.77315003 0.59417033
vt 0.83080226 0.59417033
vt 0.89492899 0.34649682
vt 0.90135163 0.34110725
vt 0.90923017 0.33823991
vt 0.90923017 0.33823991
vt 0.91761440 0.33823991
vt 0.92549282 0.34110725
vt 0.92549282 0.34110725
vt 0.93191582 0.34649682
vt 0.93610770 0.35375762
vt 0.90923017 0.33823991
vt 0.92549282 0.34110725
vt 0.93610770 0.35375762
vt 0.93610770 0.35375762
vt 0.93756348 0.36201441
vt 0.93610770 0.37027133
vt 0.93610770 0.37027133
vt 0.93191582 0.37753224
vt 0.92549282 0.38292122
vt 0.92549282 0.38292122
vt 0.91761440 0.38578892
vt 0.90923017 0.38578892
vt 0.90923017 0.38578892
vt 0.90135163 0.38292122
vt 0.89492899 0.37753224
vt 0.92549282 0.38292122
vt 0.90923017 0.38578892
vt 0.89492899 0.37753224
vt 0.93610770 0.35375762
vt 0.92549282 0.38292122
vt 0.89492899 0.37753224
vt 0.90923017 0.33823991
vt 0.93610770 0.35375762
vt 0.89492899 0.37753224
vt 0.89073676 0.37027133
vt 0.88928097 0.36201441
vt 0.90923017 0.33823991
vt 0.89492899 0.37753224
vt 0.88928097 0.36201441
vt 0.89492899 0.34649682
vt 0.90923017 0.33823991
vt 0.88928097 0.36201441
vt 0.89073676 0.35375762
vt 0.89492899 0.34649682
vt 0.88928097 0.36201441
vt 0.90218347 0.33005512
vt 0.89126366 0.33635950
vt 0.88315910 0.34601879
vt 0.88315910 0.34601879
vt 0.87884659 0.35786700
vt 0.87884659 0.37047565
vt 0.88315910 0.38232422
vt 0.89126366 0.39198351
vt 0.88315910 0.34601879
vt 0.87884659 0.37047565
vt 0.89126366 0.39198351
vt 0.90218347 0.39828789
vt 0.91460079 0.40047741
vt 0.92701811 0.39828789
vt 0.93793768 0.39198351
vt 0.94604248 0.38232422
vt 0.95035499 0.37047565
vt 0.95035499 0.35786700
vt 0.94604248 0.34601879
vt 0.93793768 0.39198351
vt 0.95035499 0.37047565
vt 0.94604248 0.34601879
vt 0.94604248 0.34601879
vt 0.93793768 0.33635950
vt 0.92701811 0.33005512
vt 0.92701811 0.33005512
vt 0.90218347 0.33005512
vt 0.91460079 0.32786584
vt 0.78380418 0.21049136
vt 0.78380418 0.18931073
vt 0.81724668 0.18931073
vt 0.81724668 0.21049136
vt 0.78380394 0.56523240
vt 0.78380394 0.54419231
vt 0.81724668 0.54419231
vt 0.81724668 0.56523240
vt 0.78380394 0.52336478
vt 0.81724668 0.52336478
vt 0.78380394 0.50271845
vt 0.81724668 0.50271845
vt 0.78380394 0.48214543
vt 0.81724668 0.48214543
vt 0.78380394 0.46150047
vt 0.81724668 0.46150047
vt 0.78380394 0.44067246
vt 0.81724668 0.44067246
vt 0.78380394 0.41963309
vt 0.81724668 0.41963309
vt 0.78380394 0.39845216
vt 0.81724668 0.39845216
vt 0.78380394 0.37727153
vt 0.81724668 0.37727153
vt 0.78380394 0.35623151
vt 0.81724668 0.35623151
vt 0.78380394 0.33540332
vt 0.81724668 0.33540332
vt 0.78380394 0.31475854
vt 0.81724668 0.31475854
vt 0.78380394 0.29418510
vt 0.81724668 0.29418510
vt 0.78380394 0.27353996
vt 0.81724668 0.27353996
vt 0.78380394 0.25271183
vt 0.81724668 0.25271183
vt 0.78380418 0.23167199
vt 0.81724668 0.23167199
vt 0.92562240 0.64809895
vt 0.93516701 0.64983368
vt 0.94500369 0.62326568
vt 0.92580348 0.61976731
vt 0.94355041 0.65471458
vt 0.96186441 0.63308132
vt 0.94976050 0.66215307
vt 0.97435850 0.64807075
vt 0.95304841 0.67125750
vt 0.98097497 0.66643769
vt 0.95301825 0.68093419
vt 0.98090523 0.68596202
vt 0.94967455 0.69001627
vt 0.97415584 0.70428634
vt 0.94342202 0.69741046
vt 0.96154565 0.71919596
vt 0.93501765 0.70222181
vt 0.94459838 0.72889215
vt 0.92547399 0.70386916
vt 0.92535490 0.73220760
vt 0.91594130 0.70215470
vt 0.90613943 0.72874296
vt 0.90757114 0.69728285
vt 0.88926679 0.71891564
vt 0.90137225 0.68984085
vt 0.87677270 0.70390999
vt 0.89809150 0.68072635
vt 0.87016314 0.68553466
vt 0.89812428 0.67103875
vt 0.87023467 0.66600722
vt 0.90146631 0.66194600
vt 0.87697893 0.64767939
vt 0.90771276 0.65454370
vt 0.88958389 0.63276047
vt 0.91610318 0.64973217
vt 0.90653688 0.62305278
vt 0.91460079 0.29106355
vt 0.88959640 0.29547262
vt 0.93960518 0.29547262
vt 0.92701811 0.33005512
vt 0.93793768 0.33635950
vt 0.96159369 0.30816758
vt 0.96159369 0.30816758
vt 0.93960518 0.29547262
vt 0.92701811 0.33005512
vt 0.93793768 0.33635950
vt 0.94604248 0.34601879
vt 0.97791427 0.32761753
vt 0.97791427 0.32761753
vt 0.96159369 0.30816758
vt 0.93793768 0.33635950
vt 0.94604248 0.34601879
vt 0.95035499 0.35786700
vt 0.98659819 0.35147655
vt 0.98659819 0.35147655
vt 0.97791427 0.32761753
vt 0.94604248 0.34601879
vt 0.95035499 0.35786700
vt 0.95035499 0.37047565
vt 0.98659819 0.37686646
vt 0.98659819 0.37686646
vt 0.98659819 0.35147655
vt 0.95035499 0.35786700
vt 0.94604248 0.38232422
vt 0.97791415 0.40072548
vt 0.97791415 0.40072548
vt 0.98659819 0.37686646
vt 0.95035499 0.37047565
vt 0.96159357 0.42017543
vt 0.97791415 0.40072548
vt 0.93793768 0.39198351
vt 0.92701811 0.39828789
vt 0.93960518 0.43287039
vt 0.93960518 0.43287039
vt 0.91460139 0.43727970
vt 0.91460079 0.40047741
vt 0.90218347 0.39828789
vt 0.88959569 0.43287039
vt 0.88959569 0.43287039
vt 0.91460139 0.43727970
vt 0.91460079 0.40047741
vt 0.86760801 0.42017543
vt 0.88959569 0.43287039
vt 0.85128742 0.40072548
vt 0.84260339 0.37686646
vt 0.84260339 0.35147691
vt 0.84260339 0.35147691
vt 0.84260339 0.37686646
vt 0.87884659 0.37047565
vt 0.87884659 0.35786700
vt 0.88315910 0.34601879
vt 0.85128778 0.32761693
vt 0.85128778 0.32761693
vt 0.87884659 0.35786700
vt 0.89126366 0.33635950
vt 0.86760801 0.30816758
vt 0.86760801 0.30816758
vt 0.85128778 0.32761693
vt 0.88315910 0.34601879
vt 0.89126366 0.33635950
vt 0.90218347 0.33005512
vt 0.88959640 0.29547262
vt 0.88959640 0.29547262
vt 0.86760801 0.30816758
vt 0.89126366 0.33635950
vt 0.77515078 0.18931073
vt 0.77515078 0.21049136
vt 0.77515078 0.54419231
vt 0.77515078 0.56523240
vt 0.77515078 0.52336478
vt 0.77515078 0.50271821
vt 0.77515078 0.48214543
vt 0.77515078 0.46150047
vt 0.77515078 0.44067246
vt 0.77515078 0.41963309
vt 0.77515078 0.39845216
vt 0.77515078 0.37727153
vt 0.77515078 0.35623151
vt 0.77515078 0.33540332
vt 0.77515078 0.31475854
vt 0.77515078 0.29418510
vt 0.77515078 0.27353996
vt 0.77515078 0.25271183
vt 0.77515078 0.23167199
vt 0.82589996 0.21049136
vt 0.82589996 0.18931073
vt 0.82589996 0.23167199
vt 0.82589996 0.25271183
vt 0.82589996 0.27353996
vt 0.82589996 0.29418510
vt 0.82589996 0.31475854
vt 0.82589996 0.33540332
vt 0.82589996 0.35623151
vt 0.82589996 0.37727153
vt 0.82589996 0.39845216
vt 0.82589996 0.41963309
vt 0.82589996 0.44067246
vt 0.82589996 0.46150047
vt 0.82589996 0.48214543
vt 0.82589996 0.50271857
vt 0.82589996 0.52336478
vt 0.82589996 0.54419231
vt 0.82589996 0.56523240
vt 0.94789988 0.61565197
vt 0.92592412 0.61164051
vt 0.96718770 0.62691915
vt 0.98146480 0.64410388
vt 0.98900551 0.66514146
vt 0.98889333 0.68748939
vt 0.98114008 0.70845163
vt 0.96668464 0.72549921
vt 0.94727093 0.73657471
vt 0.92523831 0.74034071
vt 0.90324789 0.73634535
vt 0.88394934 0.72507101
vt 0.86967117 0.70787513
vt 0.86213368 0.68683213
vt 0.86224419 0.66448003
vt 0.86999291 0.64351130
vt 0.88445014 0.62645549
vt 0.90387791 0.61538237
vt 0.91829062 0.15654367
vt 0.91838670 0.14839882
vt 0.89636636 0.15217012
vt 0.89906228 0.15985650
vt 0.93749237 0.16000825
vt 0.94037032 0.15238720
vt 0.95435262 0.16983122
vt 0.95966244 0.16365284
vt 0.96683586 0.18482655
vt 0.97393763 0.18083853
vt 0.97343743 0.20318711
vt 0.98147500 0.20186633
vt 0.97336376 0.22269773
vt 0.98136806 0.22420526
vt 0.96662188 0.24100816
vt 0.97362757 0.24516201
vt 0.95402443 0.25590646
vt 0.95918596 0.26220667
vt 0.93708980 0.26559854
vt 0.93978596 0.27328455
vt 0.91786253 0.26891196
vt 0.91776633 0.27705657
vt 0.89865994 0.26544678
vt 0.89578152 0.27306724
vt 0.88180125 0.25562298
vt 0.87649047 0.26180041
vt 0.86931849 0.24062693
vt 0.86221600 0.24461544
vt 0.86271358 0.22226667
vt 0.85467637 0.22358811
vt 0.86278427 0.20275640
vt 0.85478020 0.20124942
vt 0.86952662 0.18444508
vt 0.86252213 0.18029135
vt 0.88212669 0.16954809
vt 0.87696505 0.16324717
vt 0.76429743 0.32071048
vt 0.76429743 0.30203080
vt 0.76119190 0.30203080
vt 0.76119190 0.30203080
vt 0.76119190 0.32071048
vt 0.76429743 0.32071048
vt 0.76429743 0.63356376
vt 0.76429743 0.61500788
vt 0.76119190 0.61500788
vt 0.76119190 0.61500788
vt 0.76119190 0.63356376
vt 0.76429743 0.63356376
vt 0.76429743 0.61500788
vt 0.76429743 0.59663981
vt 0.76119190 0.59663981
vt 0.76119190 0.59663981
vt 0.76119190 0.61500788
vt 0.76429743 0.61500788
vt 0.76429743 0.59663981
vt 0.76429743 0.57843125
vt 0.76119190 0.57843125
vt 0.76119190 0.57843125
vt 0.76119190 0.59663981
vt 0.76429743 0.59663981
vt 0.76429743 0.57843125
vt 0.76429743 0.56028789
vt 0.76119190 0.56028789
vt 0.76119190 0.56028789
vt 0.76119190 0.57843125
vt 0.76429743 0.57843125
vt 0.76429743 0.56028789
vt 0.76429743 0.54208046
vt 0.76119190 0.54208046
vt 0.76119190 0.54208046
vt 0.76119190 0.56028789
vt 0.76429743 0.56028789
vt 0.76429743 0.54208046
vt 0.76429743 0.52371192
vt 0.76119190 0.52371192
vt 0.76119190 0.52371192
vt 0.76119190 0.54208046
vt 0.76429743 0.54208046
vt 0.76429743 0.52371192
vt 0.76429743 0.50515676
vt 0.76119190 0.50515676
vt 0.76119190 0.50515676
vt 0.76119190 0.52371192
vt 0.76429743 0.52371192
vt 0.76429743 0.50515676
vt 0.76429743 0.48647708
vt 0.76119190 0.48647708
vt 0.76119190 0.48647708
vt 0.76119190 0.50515676
vt 0.76429743 0.50515676
vt 0.76429743 0.48647708
vt 0.76429743 0.46779740
vt 0.76119190 0.46779740
vt 0.76119190 0.46779740
vt 0.76119190 0.48647708
vt 0.76429743 0.48647708
vt 0.76429743 0.46779740
vt 0.76429743 0.44924188
vt 0.76119190 0.44924188
vt 0.76119190 0.44924188
vt 0.76119190 0.46779740
vt 0.76429743 0.46779740
vt 0.76429743 0.44924188
vt 0.76429743 0.43087316
vt 0.76119190 0.43087316
vt 0.76119190 0.43087316
vt 0.76119190 0.44924188
vt 0.76429743 0.44924188
vt 0.76429743 0.43087316
vt 0.76429743 0.41266596
vt 0.76119190 0.41266596
vt 0.76119190 0.41266596
vt 0.76119190 0.43087316
vt 0.76429743 0.43087316
vt 0.76429743 0.41266596
vt 0.76429743 0.39452189
vt 0.76119190 0.39452189
vt 0.76119190 0.41266596
vt 0.76429743 0.39452189
vt 0.76429743 0.37631452
vt 0.76119190 0.37631452
vt 0.76119190 0.37631452
vt 0.76119190 0.39452189
vt 0.76429743 0.39452189
vt 0.76429743 0.37631452
vt 0.76429743 0.35794598
vt 0.76119190 0.35794598
vt 0.76119190 0.37631452
vt 0.76429743 0.35794598
vt 0.76429743 0.33939016
vt 0.76119190 0.33939016
vt 0.76119190 0.33939016
vt 0.76119190 0.35794598
vt 0.76429743 0.35794598
vt 0.76429743 0.33939016
vt 0.76429743 0.32071048
vt 0.76119190 0.32071048
vt 0.76119190 0.32071048
vt 0.76119190 0.33939016
vt 0.76429743 0.33939016
vt 0.99280882 0.58584499
vt 0.99280882 0.57863891
vt 0.84622359 0.57863891
vt 0.84622359 0.58584499
vt 0.99280882 0.57148063
vt 0.84622359 0.57148063
vt 0.99280882 0.56439471
vt 0.84622359 0.56439471
vt 0.99280882 0.55737078
vt 0.84622359 0.55737078
vt 0.99280882 0.55037165
vt 0.84622359 0.55037165
vt 0.99280882 0.54334807
vt 0.84622359 0.54334807
vt 0.99280882 0.53626204
vt 0.84622359 0.53626204
vt 0.99280882 0.52910411
vt 0.84622359 0.52910411
vt 0.99280882 0.52189827
vt 0.84622359 0.52189827
vt 0.99280882 0.51469231
vt 0.84622359 0.51469231
vt 0.99280882 0.50753427
vt 0.84622359 0.50753427
vt 0.99280882 0.50044858
vt 0.84622359 0.50044858
vt 0.99280882 0.49342489
vt 0.84622359 0.49342489
vt 0.99280882 0.48642540
vt 0.84622359 0.48642540
vt 0.99280882 0.47940159
vt 0.84622359 0.47940159
vt 0.99280882 0.47231555
vt 0.84622359 0.47231555
vt 0.99280882 0.46515751
vt 0.84622359 0.46515751
vt 0.99280882 0.45795155
vt 0.84622359 0.45795155
vt 0.93628567 0.69051152
vt 0.94032162 0.68492228
vt 0.94246870 0.67806637
vt 0.94246870 0.67806637
vt 0.94246870 0.67077029
vt 0.94032162 0.66391420
vt 0.94032162 0.66391420
vt 0.93628567 0.65832496
vt 0.93084842 0.65467680
vt 0.94246870 0.67806637
vt 0.94032162 0.66391420
vt 0.93084842 0.65467680
vt 0.93084842 0.65467680
vt 0.92466551 0.65340984
vt 0.91848236 0.65467680
vt 0.91848236 0.65467680
vt 0.91304511 0.65832496
vt 0.90900952 0.66391420
vt 0.93084842 0.65467680
vt 0.91848236 0.65467680
vt 0.90900952 0.66391420
vt 0.90900952 0.66391420
vt 0.90686208 0.67077029
vt 0.90686208 0.67806637
vt 0.90686208 0.67806637
vt 0.90900952 0.68492228
vt 0.91304511 0.69051152
vt 0.90900952 0.66391420
vt 0.90686208 0.67806637
vt 0.91304511 0.69051152
vt 0.93084842 0.65467680
vt 0.90900952 0.66391420
vt 0.91304511 0.69051152
vt 0.94246870 0.67806637
vt 0.93084842 0.65467680
vt 0.91304511 0.69051152
vt 0.91304511 0.69051152
vt 0.91848236 0.69415969
vt 0.92466551 0.69542634
vt 0.94246870 0.67806637
vt 0.91304511 0.69051152
vt 0.92466551 0.69542634
vt 0.93628567 0.69051152
vt 0.94246870 0.67806637
vt 0.92466551 0.69542634
vt 0.93084842 0.69415969
vt 0.93628567 0.69051152
vt 0.92466551 0.69542634
vt 0.82914412 0.17536348
vt 0.83408999 0.17262238
vt 0.83789897 0.16834730
vt 0.84003997 0.16296536
vt 0.84014487 0.15713340
vt 0.83815491 0.15164334
vt 0.83436751 0.14724261
vt 0.82935095 0.14446563
vt 0.82376826 0.14355892
vt 0.81823063 0.14453775
vt 0.81328523 0.14728576
vt 0.80947828 0.15156573
vt 0.80733788 0.15694886
vt 0.80723298 0.16278082
vt 0.80922270 0.16827148
vt 0.81300950 0.17267472
vt 0.81802428 0.17546159
vt 0.82361031 0.17635792
vt 0.84622359 0.58584499
vt 0.84622359 0.57863891
vt 0.83817065 0.57863891
vt 0.83817065 0.58584499
vt 0.84622359 0.57148063
vt 0.83817065 0.57148063
vt 0.84622359 0.56439471
vt 0.83817065 0.56439447
vt 0.84622359 0.55737078
vt 0.83817065 0.55737078
vt 0.84622359 0.55037165
vt 0.83817065 0.55037165
vt 0.84622359 0.54334807
vt 0.83817065 0.54334807
vt 0.84622359 0.53626204
vt 0.83817065 0.53626204
vt 0.84622359 0.52910411
vt 0.83817065 0.52910411
vt 0.84622359 0.52189827
vt 0.83817065 0.52189827
vt 0.84622359 0.51469231
vt 0.83817065 0.51469231
vt 0.84622359 0.50753427
vt 0.83817065 0.50753427
vt 0.84622359 0.50044858
vt 0.83817065 0.50044858
vt 0.84622359 0.49342489
vt 0.83817065 0.49342489
vt 0.84622359 0.48642540
vt 0.83817065 0.48642540
vt 0.84622359 0.47940159
vt 0.83817065 0.47940183
vt 0.84622359 0.47231555
vt 0.83817065 0.47231555
vt 0.84622359 0.46515751
vt 0.83817065 0.46515751
vt 0.84622359 0.45795155
vt 0.83817065 0.45795155
vt 0.82359242 0.17724055
vt 0.82938206 0.17621535
vt 0.83456492 0.17334729
vt 0.83858287 0.16886336
vt 0.84086728 0.16319305
vt 0.84100211 0.15702480
vt 0.83891022 0.15121037
vt 0.83491480 0.14655691
vt 0.82963729 0.14363009
vt 0.82378721 0.14267534
vt 0.81799531 0.14369398
vt 0.81281102 0.14656287
vt 0.80879402 0.15104967
vt 0.80651045 0.15672117
vt 0.80637527 0.16288942
vt 0.80846727 0.16870445
vt 0.81246245 0.17335874
vt 0.81773949 0.17628866
vt 0.99280882 0.58584499
vt 0.99280882 0.57863891
vt 0.84622359 0.57863891
vt 0.84622359 0.58584499
vt 0.99280882 0.57148063
vt 0.84622359 0.57148063
vt 0.99280882 0.56439471
vt 0.84622359 0.56439471
vt 0.99280882 0.55737078
vt 0.84622359 0.55737078
vt 0.99280882 0.55037165
vt 0.84622359 0.55037165
vt 0.99280882 0.54334807
vt 0.84622359 0.54334807
vt 0.99280882 0.53626204
vt 0.84622359 0.53626204
vt 0.99280882 0.52910411
vt 0.84622359 0.52910411
vt 0.99280882 0.52189827
vt 0.84622359 0.52189827
vt 0.99280882 0.51469231
vt 0.84622359 0.51469231
vt 0.99280882 0.50753427
vt 0.84622359 0.50753427
vt 0.99280882 0.50044858
vt 0.84622359 0.50044858
vt 0.99280882 0.49342489
vt 0.84622359 0.49342489
vt 0.99280882 0.48642540
vt 0.84622359 0.48642540
vt 0.99280882 0.47940159
vt 0.84622359 0.47940159
vt 0.99280882 0.47231555
vt 0.84622359 0.47231555
vt 0.99280882 0.46515751
vt 0.84622359 0.46515751
vt 0.99280882 0.45795155
vt 0.84622359 0.45795155
vt 0.93628567 0.69051152
vt 0.94032162 0.68492228
vt 0.94246870 0.67806637
vt 0.94246870 0.67806637
vt 0.94246870 0.67077029
vt 0.94032162 0.66391420
vt 0.94032162 0.66391420
vt 0.93628567 0.65832496
vt 0.93084842 0.65467680
vt 0.94246870 0.67806637
vt 0.94032162 0.66391420
vt 0.93084842 0.65467680
vt 0.93084842 0.65467680
vt 0.92466551 0.65340984
vt 0.91848236 0.65467680
vt 0.91848236 0.65467680
vt 0.91304511 0.65832496
vt 0.90900952 0.66391420
vt 0.93084842 0.65467680
vt 0.91848236 0.65467680
vt 0.90900952 0.66391420
vt 0.90900952 0.66391420
vt 0.90686208 0.67077029
vt 0.90686208 0.67806637
vt 0.90686208 0.67806637
vt 0.90900952 0.68492228
vt 0.91304511 0.69051152
vt 0.90900952 0.66391420
vt 0.90686208 0.67806637
vt 0.91304511 0.69051152
vt 0.93084842 0.65467680
vt 0.90900952 0.66391420
vt 0.91304511 0.69051152
vt 0.94246870 0.67806637
vt 0.93084842 0.65467680
vt 0.91304511 0.69051152
vt 0.91304511 0.69051152
vt 0.91848236 0.69415969
vt 0.92466551 0.69542634
vt 0.94246870 0.67806637
vt 0.91304511 0.69051152
vt 0.92466551 0.69542634
vt 0.93628567 0.69051152
vt 0.94246870 0.67806637
vt 0.92466551 0.69542634
vt 0.93084842 0.69415969
vt 0.93628567 0.69051152
vt 0.92466551 0.69542634
vt 0.82914412 0.17536348
vt 0.83408999 0.17262238
vt 0.83789897 0.16834730
vt 0.84003997 0.16296536
vt 0.84014487 0.15713340
vt 0.83815491 0.15164334
vt 0.83436751 0.14724261
vt 0.82935095 0.14446563
vt 0.82376826 0.14355892
vt 0.81823063 0.14453775
vt 0.81328523 0.14728576
vt 0.80947828 0.15156573
vt 0.80733788 0.15694886
vt 0.80723298 0.16278082
vt 0.80922270 0.16827148
vt 0.81300950 0.17267472
vt 0.81802428 0.17546159
vt 0.82361031 0.17635792
vt 0.84622359 0.58584499
vt 0.84622359 0.57863891
vt 0.83817065 0.57863891
vt 0.83817065 0.58584499
vt 0.84622359 0.57148063
vt 0.83817065 0.57148063
vt 0.84622359 0.56439471
vt 0.83817065 0.56439447
vt 0.84622359 0.55737078
vt 0.83817065 0.55737078
vt 0.84622359 0.55037165
vt 0.83817065 0.55037165
vt 0.84622359 0.54334807
vt 0.83817065 0.54334807
vt 0.84622359 0.53626204
vt 0.83817065 0.53626204
vt 0.84622359 0.52910411
vt 0.83817065 0.52910411
vt 0.84622359 0.52189827
vt 0.83817065 0.52189827
vt 0.84622359 0.51469231
vt 0.83817065 0.51469231
vt 0.84622359 0.50753427
vt 0.83817065 0.50753427
vt 0.84622359 0.50044858
vt 0.83817065 0.50044858
vt 0.84622359 0.49342489
vt 0.83817065 0.49342489
vt 0.84622359 0.48642540
vt 0.83817065 0.48642540
vt 0.84622359 0.47940159
vt 0.83817065 0.47940183
vt 0.84622359 0.47231555
vt 0.83817065 0.47231555
vt 0.84622359 0.46515751
vt 0.83817065 0.46515751
vt 0.84622359 0.45795155
vt 0.83817065 0.45795155
vt 0.82359242 0.17724055
vt 0.82938206 0.17621535
vt 0.83456492 0.17334729
vt 0.83858287 0.16886336
vt 0.84086728 0.16319305
vt 0.84100211 0.15702480
vt 0.83891022 0.15121037
vt 0.83491480 0.14655691
vt 0.82963729 0.14363009
vt 0.82378721 0.14267534
vt 0.81799531 0.14369398
vt 0.81281102 0.14656287
vt 0.80879402 0.15104967
vt 0.80651045 0.15672117
vt 0.80637527 0.16288942
vt 0.80846727 0.16870445
vt 0.81246245 0.17335874
vt 0.81773949 0.17628866
vt 0.99280882 0.58584499
vt 0.99280882 0.57863891
vt 0.84622359 0.57863891
vt 0.84622359 0.58584499
vt 0.99280882 0.57148063
vt 0.84622359 0.57148063
vt 0.99280882 0.56439471
vt 0.84622359 0.56439471
vt 0.99280882 0.55737078
vt 0.84622359 0.55737078
vt 0.99280882 0.55037165
vt 0.84622359 0.55037165
vt 0.99280882 0.54334807
vt 0.84622359 0.54334807
vt 0.99280882 0.53626204
vt 0.84622359 0.53626204
vt 0.99280882 0.52910411
vt 0.84622359 0.52910411
vt 0.99280882 0.52189827
vt 0.84622359 0.52189827
vt 0.99280882 0.51469231
vt 0.84622359 0.51469231
vt 0.99280882 0.50753427
vt 0.84622359 0.50753427
vt 0.99280882 0.50044858
vt 0.84622359 0.50044858
vt 0.99280882 0.49342489
vt 0.84622359 0.49342489
vt 0.99280882 0.48642540
vt 0.84622359 0.48642540
vt 0.99280882 0.47940159
vt 0.84622359 0.47940159
vt 0.99280882 0.47231555
vt 0.84622359 0.47231555
vt 0.99280882 0.46515751
vt 0.84622359 0.46515751
vt 0.99280882 0.45795155
vt 0.84622359 0.45795155
vt 0.93628567 0.69051152
vt 0.94032162 0.68492228
vt 0.94246870 0.67806637
vt 0.94246870 0.67806637
vt 0.94246870 0.67077029
vt 0.94032162 0.66391420
vt 0.93628567 0.65832496
vt 0.93084842 0.65467680
vt 0.93084842 0.65467680
vt 0.92466551 0.65340984
vt 0.91848236 0.65467680
vt 0.91848236 0.65467680
vt 0.91304511 0.65832496
vt 0.90900952 0.66391420
vt 0.93084842 0.65467680
vt 0.91848236 0.65467680
vt 0.90900952 0.66391420
vt 0.90900952 0.66391420
vt 0.90686208 0.67077029
vt 0.90686208 0.67806637
vt 0.90900952 0.68492228
vt 0.91304511 0.69051152
vt 0.91848236 0.69415969
vt 0.92466551 0.69542634
vt 0.94246870 0.67806637
vt 0.91304511 0.69051152
vt 0.92466551 0.69542634
vt 0.93628567 0.69051152
vt 0.93084842 0.69415969
vt 0.82914412 0.17536348
vt 0.83408999 0.17262238
vt 0.83789897 0.16834730
vt 0.84003997 0.16296536
vt 0.84014487 0.15713340
vt 0.83815491 0.15164334
vt 0.83436751 0.14724261
vt 0.82935095 0.14446563
vt 0.82376826 0.14355892
vt 0.81823063 0.14453775
vt 0.81328523 0.14728576
vt 0.80947828 0.15156573
vt 0.80733788 0.15694886
vt 0.80723298 0.16278082
vt 0.80922270 0.16827148
vt 0.81300950 0.17267472
vt 0.81802428 0.17546159
vt 0.82361031 0.17635792
vt 0.84622359 0.58584499
vt 0.84622359 0.57863891
vt 0.83817065 0.57863891
vt 0.83817065 0.58584499
vt 0.84622359 0.57148063
vt 0.83817065 0.57148063
vt 0.84622359 0.56439471
vt 0.83817065 0.56439447
vt 0.84622359 0.55737078
vt 0.83817065 0.55737078
vt 0.84622359 0.55037165
vt 0.83817065 0.55037165
vt 0.84622359 0.54334807
vt 0.83817065 0.54334807
vt 0.84622359 0.53626204
vt 0.83817065 0.53626204
vt 0.84622359 0.52910411
vt 0.83817065 0.52910411
vt 0.84622359 0.52189827
vt 0.83817065 0.52189827
vt 0.84622359 0.51469231
vt 0.83817065 0.51469231
vt 0.84622359 0.50753427
vt 0.83817065 0.50753427
vt 0.84622359 0.50044858
vt 0.83817065 0.50044858
vt 0.84622359 0.49342489
vt 0.83817065 0.49342489
vt 0.84622359 0.48642540
vt 0.83817065 0.48642540
vt 0.84622359 0.47940159
vt 0.83817065 0.47940183
vt 0.84622359 0.47231555
vt 0.83817065 0.47231555
vt 0.84622359 0.46515751
vt 0.83817065 0.46515751
vt 0.84622359 0.45795155
vt 0.83817065 0.45795155
vt 0.82359242 0.17724055
vt 0.82938206 0.17621535
vt 0.83456492 0.17334729
vt 0.83858287 0.16886336
vt 0.84086728 0.16319305
vt 0.84100211 0.15702480
vt 0.83891022 0.15121037
vt 0.83491480 0.14655691
vt 0.82963729 0.14363009
vt 0.82378721 0.14267534
vt 0.81799531 0.14369398
vt 0.81281102 0.14656287
vt 0.80879402 0.15104967
vt 0.80651045 0.15672117
vt 0.80637527 0.16288942
vt 0.80846727 0.16870445
vt 0.81246245 0.17335874
vt 0.81773949 0.17628866
vn -1.00000000 -0.00000169 -0.00000133
vn -0.93971258 0.34196532 0.00001665
vn -0.93971759 0.34195155 0.00000619
vn -1.00000000 -0.00000736 -0.00000242
vn -0.93967807 0.34206024 -0.00000973
vn -0.76604170 0.64279097 -0.00000087
vn -0.76603979 0.64279312 -0.00000047
vn -0.93967497 0.34206876 0.00000833
vn -0.49999109 0.86603057 -0.00000000
vn -0.49999937 0.86602569 -0.00000034
vn -0.17364028 0.98480916 -0.00000000
vn -0.17364673 0.98480803 -0.00000000
vn 0.17364657 0.98480803 -0.00000000
vn 0.17364047 0.98480910 -0.00000000
vn 0.49999437 0.86602867 -0.00000021
vn 0.49999744 0.86602700 -0.00000000
vn 0.76604170 0.64279085 -0.00000021
vn 0.76604652 0.64278513 0.00000021
vn 0.93969482 0.34201413 0.00000108
vn 0.93969148 0.34202322 0.00000021
vn 1.00000000 0.00000003 0.00000242
vn 1.00000000 0.00000573 0.00000133
vn 0.93969470 -0.34201458 0.00000221
vn 0.93969488 -0.34201387 0.00000242
vn 0.76604575 -0.64278603 0.00000167
vn 0.76604205 -0.64279050 0.00000263
vn 0.50000072 -0.86602497 0.00000151
vn 0.49999431 -0.86602873 0.00000166
vn 0.17364870 -0.98480767 0.00000159
vn 0.17364782 -0.98480785 0.00000099
vn -0.17364797 -0.98480785 0.00000037
vn -0.17364879 -0.98480767 0.00000083
vn -0.49999964 -0.86602563 -0.00000097
vn -0.49999744 -0.86602700 -0.00000105
vn -0.76604247 -0.64279008 -0.00000181
vn -0.76603818 -0.64279521 -0.00000236
vn -0.93969524 -0.34201306 -0.00000242
vn -0.93969417 -0.34201586 -0.00000242
vn 0.00000000 -0.00002137 1.00000000
vn 0.00000000 -0.00002137 1.00000000
vn 0.00000000 -0.00002137 1.00000000
vn 0.00000000 0.00004274 1.00000000
vn 0.00000000 0.00004274 1.00000000
vn 0.00000000 0.00004274 1.00000000
vn 0.00000000 0.00001069 1.00000000
vn 0.00000000 0.00001069 1.00000000
vn 0.00000000 0.00001069 1.00000000
vn 0.00000226 0.00000293 1.00000000
vn 0.00000226 0.00000293 1.00000000
vn 0.00000226 0.00000293 1.00000000
vn 0.00000000 0.00000000 1.00000000
vn 0.00000000 0.00000000 1.00000000
vn 0.00000000 0.00000000 1.00000000
vn 0.00000000 -0.00002137 1.00000000
vn 0.00000000 -0.00002137 1.00000000
vn 0.00000000 -0.00002137 1.00000000
vn 0.00000000 0.00000000 1.00000000
vn 0.00000000 -0.00002137 1.00000000
vn 0.00000000 -0.00002137 1.00000000
vn 0.00000000 0.00000000 1.00000000
vn 0.00000000 0.00000000 1.00000000
vn 0.00000000 0.00000000 1.00000000
vn 0.00000000 -0.00000586 1.00000000
vn 0.00000000 -0.00000586 1.00000000
vn 0.00000000 -0.00000586 1.00000000
vn 0.00000000 0.00000217 1.00000000
vn 0.00000000 0.00000217 1.00000000
vn 0.00000000 0.00000217 1.00000000
vn 0.00000058 -0.00000161 1.00000000
vn 0.00000058 -0.00000161 1.00000000
vn 0.00000058 -0.00000161 1.00000000
vn 0.00000000 0.00000000 1.00000000
vn 0.00000000 0.00000000 1.00000000
vn -0.00000109 -0.00000116 1.00000000
vn -0.00000109 -0.00000116 1.00000000
vn -0.00000109 -0.00000116 1.00000000
vn 0.00000147 0.00001173 1.00000000
vn 0.00000147 0.00001173 1.00000000
vn 0.00000147 0.00001173 1.00000000
vn -0.00001075 0.00000000 1.00000000
vn -0.00001075 0.00000000 1.00000000
vn -0.00001075 0.00000000 1.00000000
vn 0.00000000 -0.00001069 -1.00000000
vn 0.00000000 -0.00001069 -1.00000000
vn 0.00000000 -0.00001069 -1.00000000
vn 0.00000000 0.00000000 -1.00000000
vn 0.00000000 0.00000000 -1.00000000
vn 0.00000000 0.00000000 -1.00000000
vn 0.00000000 0.00000000 -1.00000000
vn 0.00000000 0.00000000 -1.00000000
vn 0.00000000 0.00000293 -1.00000000
vn 0.00000000 0.00000293 -1.00000000
vn 0.00000000 0.00000293 -1.00000000
vn 0.00000000 0.00000000 -1.00000000
vn 0.00000000 0.00000000 -1.00000000
vn 0.00000000 0.00000000 -1.00000000
vn 0.00000000 0.00000000 -1.00000000
vn 0.00000000 0.00000000 -1.00000000
vn 0.00000000 0.00000000 -1.00000000
vn 0.00000000 0.00000000 -1.00000000
vn 0.00000000 0.00000000 -1.00000000
vn 0.00000000 -0.00000293 -1.00000000
vn 0.00000000 -0.00000293 -1.00000000
vn 0.00000000 -0.00000293 -1.00000000
vn 0.00000000 0.00000534 -1.00000000
vn 0.00000000 0.00000534 -1.00000000
vn 0.00000000 0.00000534 -1.00000000
vn 0.00000000 0.00000000 -1.00000000
vn 0.00000000 0.00000000 -1.00000000
vn 0.00000000 0.00000000 -1.00000000
vn -0.99055237 -0.00000340 0.13713519
vn -0.93083894 0.33873528 0.13710324
vn -0.93082315 0.33877090 -0.13712279
vn -0.99055195 0.00000230 -0.13713770
vn -0.93080610 0.33880669 0.13714978
vn -0.75881189 0.63671064 0.13712822
vn -0.75880742 0.63671404 -0.13713701
vn -0.93079299 0.33884570 -0.13714240
vn -0.49528226 0.85783982 0.13713616
vn -0.49527597 0.85784233 -0.13714315
vn -0.17200756 0.97550309 0.13713913
vn -0.17200311 0.97550392 -0.13713931
vn 0.17200829 0.97550273 0.13714084
vn 0.17201360 0.97550154 -0.13714239
vn 0.49527505 0.85784364 0.13713819
vn 0.49527857 0.85784185 -0.13713673
vn 0.75880218 0.63672042 0.13713703
vn 0.75880343 0.63671905 -0.13713598
vn 0.93081033 0.33879688 0.13714558
vn 0.93081361 0.33878994 -0.13714024
vn 0.99055189 -0.00000021 0.13713828
vn 0.99055219 -0.00000489 -0.13713636
vn 0.93081456 -0.33878875 0.13713649
vn 0.93081260 -0.33879375 -0.13713786
vn 0.75880599 -0.63671577 0.13713740
vn 0.75880653 -0.63671523 -0.13713695
vn 0.49527606 -0.85784280 0.13714050
vn 0.49527323 -0.85784411 -0.13714240
vn 0.17201014 -0.97550237 0.13714057
vn 0.17200629 -0.97550291 -0.13714190
vn -0.17200646 -0.97550309 0.13714038
vn -0.17200930 -0.97550261 -0.13714008
vn -0.49527359 -0.85784423 0.13714029
vn -0.49527642 -0.85784233 -0.13714170
vn -0.75880617 -0.63671619 0.13713379
vn -0.75880724 -0.63671476 -0.13713410
vn -0.93081301 -0.33879223 0.13713905
vn -0.93081522 -0.33878604 -0.13713877
vn 0.00000000 0.00000000 1.00000000
vn 0.00000000 0.00000000 1.00000000
vn -0.19104509 0.06953315 0.97911537
vn -0.20330571 -0.00000140 0.97911531
vn 0.00000000 0.00000000 1.00000000
vn -0.15573835 0.13067934 0.97911626
vn 0.00000034 0.00000087 1.00000000
vn -0.10165149 0.17606851 0.97911537
vn -0.00000044 0.00000139 1.00000000
vn -0.03530196 0.20021255 0.97911626
vn 0.00000044 0.00000202 1.00000000
vn 0.03530358 0.20021002 0.97911674
vn 0.00000128 0.00000309 1.00000000
vn 0.10165114 0.17606425 0.97911614
vn 0.00000080 0.00000349 1.00000000
vn 0.15573290 0.13068005 0.97911692
vn 0.00000000 -0.00000159 1.00000000
vn 0.19104429 0.06953488 0.97911537
vn 0.00000000 -0.00000254 1.00000000
vn 0.20330162 0.00000033 0.97911620
vn 0.00000000 0.00000000 1.00000000
vn 0.19104087 -0.06953300 0.97911626
vn 0.00000000 0.00000000 1.00000000
vn 0.15573891 -0.13068019 0.97911596
vn 0.00000000 0.00000040 1.00000000
vn 0.10165273 -0.17606500 0.97911584
vn 0.00000000 0.00000064 1.00000000
vn 0.03530378 -0.20021541 0.97911572
vn 0.00000000 0.00000000 1.00000000
vn -0.03530332 -0.20021349 0.97911602
vn 0.00000000 -0.00000024 1.00000000
vn -0.10165245 -0.17606567 0.97911584
vn 0.00000000 0.00000000 1.00000000
vn -0.15573743 -0.13068023 0.97911620
vn 0.00000000 0.00000000 1.00000000
vn -0.19104232 -0.06953377 0.97911584
vn 0.00000000 0.00000000 -1.00000000
vn 0.00000000 0.00000000 -1.00000000
vn 0.00000000 0.00000000 -1.00000000
vn -0.00000225 0.00000000 -1.00000000
vn -0.00000225 0.00000000 -1.00000000
vn -0.00000225 0.00000000 -1.00000000
vn 0.00000129 -0.00000253 -1.00000000
vn 0.00000129 -0.00000253 -1.00000000
vn 0.00000129 -0.00000253 -1.00000000
vn -0.00000167 -0.00000254 -1.00000000
vn -0.00000167 -0.00000254 -1.00000000
vn -0.00000167 -0.00000254 -1.00000000
vn -0.00000167 -0.00000253 -1.00000000
vn -0.00000167 -0.00000253 -1.00000000
vn -0.00000167 -0.00000253 -1.00000000
vn -0.00000089 -0.00000254 -1.00000000
vn -0.00000089 -0.00000254 -1.00000000
vn -0.00000089 -0.00000254 -1.00000000
vn -0.00000089 -0.00000126 -1.00000000
vn -0.00000089 -0.00000126 -1.00000000
vn -0.00000089 -0.00000126 -1.00000000
vn 0.00000000 -0.00000254 -1.00000000
vn 0.00000000 -0.00000254 -1.00000000
vn 0.00000000 -0.00000254 -1.00000000
vn 0.00000000 -0.00000253 -1.00000000
vn 0.00000000 -0.00000253 -1.00000000
vn 0.00000000 -0.00000253 -1.00000000
vn 0.00000000 -0.00000254 -1.00000000
vn 0.00000000 -0.00000254 -1.00000000
vn -0.00000282 -0.00000316 -1.00000000
vn -0.00000282 -0.00000316 -1.00000000
vn -0.00000282 -0.00000316 -1.00000000
vn 0.00000000 0.00000000 -1.00000000
vn 0.00000000 0.00000000 -1.00000000
vn 0.00000000 0.00000509 -1.00000000
vn 0.00000000 0.00000509 -1.00000000
vn 0.00000000 0.00000509 -1.00000000
vn 0.00000000 0.00000000 -1.00000000
vn 0.00000000 0.00000000 -1.00000000
vn 0.00000000 -0.00000509 -1.00000000
vn 0.00000000 -0.00000509 -1.00000000
vn 0.00000000 -0.00000509 -1.00000000
vn 0.00000000 0.00000253 -1.00000000
vn 0.00000000 0.00000253 -1.00000000
vn 0.00000000 0.00000253 -1.00000000
vn 0.00000000 0.00000000 -1.00000000
vn 0.00000000 0.00000000 -1.00000000
vn 0.00000000 0.00000000 -1.00000000
vn 0.00000000 0.00000000 -1.00000000
vn 0.00000000 0.00000000 -1.00000000
vn 0.00000000 -0.00000063 -1.00000000
vn 0.00000000 -0.00000063 -1.00000000
vn 0.00000000 -0.00000063 -1.00000000
vn 0.00000000 0.00000254 -1.00000000
vn 0.00000000 0.00000254 -1.00000000
vn 0.00000000 0.00000254 -1.00000000
vn 0.00000000 -0.00000063 -1.00000000
vn 0.00000000 -0.00000063 -1.00000000
vn 0.00000000 0.00000000 -1.00000000
vn 0.00000000 0.00000000 -1.00000000
vn 0.00000000 0.00000126 -1.00000000
vn 0.00000000 0.00000126 -1.00000000
vn 0.00000000 0.00000126 -1.00000000
vn 0.00000000 -0.00000509 -1.00000000
vn 0.00000000 -0.00000509 -1.00000000
vn 0.00000000 -0.00000509 -1.00000000
vn 0.00000000 0.00000253 -1.00000000
vn 0.00000000 0.00000253 -1.00000000
vn 0.00000000 0.00000253 -1.00000000
vn -0.90330368 0.32870409 0.27567410
vn -0.96123880 -0.00000086 0.27571738
vn -0.73635632 0.61787415 0.27570090
vn -0.90326357 0.32877919 0.27571601
vn -0.48062122 0.83245689 0.27571499
vn -0.16691022 0.94663537 0.27572179
vn 0.16691828 0.94663322 0.27572426
vn 0.48061928 0.83245665 0.27571902
vn 0.73635209 0.61787289 0.27571502
vn 0.90326220 0.32876790 0.27573365
vn 0.96123797 -0.00000273 0.27572039
vn 0.90326875 -0.32876676 0.27571350
vn 0.73634934 -0.61787605 0.27571511
vn 0.48061514 -0.83245820 0.27572167
vn 0.16691682 -0.94663388 0.27572298
vn -0.16692343 -0.94663286 0.27572250
vn -0.48061585 -0.83245701 0.27572438
vn -0.73635405 -0.61787224 0.27571127
vn -0.90326780 -0.32876185 0.27572277
vn -0.96123862 -0.00000277 -0.27571788
vn -0.90330195 0.32870525 -0.27567828
vn -0.90326798 -0.32876220 -0.27572176
vn -0.73634928 -0.61787772 -0.27571145
vn -0.48061401 -0.83245760 -0.27572581
vn -0.16691700 -0.94663358 -0.27572381
vn 0.16692103 -0.94663191 -0.27572709
vn 0.48061490 -0.83245569 -0.27572960
vn 0.73635399 -0.61786973 -0.27571702
vn 0.90326738 -0.32876527 -0.27571982
vn 0.96123940 0.00000106 -0.27571517
vn 0.90326750 0.32876375 -0.27572155
vn 0.73634785 0.61787754 -0.27571583
vn 0.48061675 0.83245891 -0.27571672
vn 0.16691916 0.94663250 -0.27572608
vn -0.16691475 0.94663543 -0.27571887
vn -0.48062143 0.83245206 -0.27572924
vn -0.73635525 0.61786675 -0.27572027
vn -0.90325898 0.32877964 -0.27573019
vn -0.33943024 0.12353980 0.93248326
vn -0.36121559 -0.00000340 0.93248230
vn -0.27670407 0.23217927 0.93248469
vn -0.18060756 0.31281745 0.93248385
vn -0.06272178 0.35571530 0.93248731
vn 0.06272180 0.35571542 0.93248731
vn 0.18059996 0.31281486 0.93248630
vn 0.27669269 0.23217954 0.93248802
vn 0.33942831 0.12354462 0.93248338
vn 0.36120519 0.00000152 0.93248636
vn 0.33942515 -0.12353930 0.93248516
vn 0.27670425 -0.23218130 0.93248409
vn 0.18060757 -0.31281775 0.93248373
vn 0.06272562 -0.35572490 0.93248338
vn -0.06272296 -0.35572129 0.93248504
vn -0.18060389 -0.31281787 0.93248445
vn -0.27669981 -0.23218131 0.93248540
vn -0.33942816 -0.12354226 0.93248373
vn -0.36120731 0.00000005 -0.93248552
vn -0.36120737 0.00000156 -0.93248552
vn -0.33942249 0.12354352 -0.93248564
vn -0.33942434 0.12354052 -0.93248528
vn -0.33942726 -0.12354353 -0.93248391
vn -0.33942661 -0.12354077 -0.93248451
vn -0.27669805 -0.23218152 -0.93248588
vn -0.27669916 -0.23217887 -0.93248624
vn -0.18060589 -0.31281760 -0.93248415
vn -0.18060714 -0.31281748 -0.93248397
vn -0.06272329 -0.35572240 -0.93248451
vn -0.06272592 -0.35572195 -0.93248451
vn 0.06272488 -0.35572040 -0.93248516
vn 0.06272250 -0.35572127 -0.93248498
vn 0.18060653 -0.31282017 -0.93248320
vn 0.18060321 -0.31282097 -0.93248355
vn 0.27669641 -0.23217994 -0.93248671
vn 0.27669585 -0.23217982 -0.93248695
vn 0.33942324 -0.12353946 -0.93248588
vn 0.33942243 -0.12354116 -0.93248594
vn 0.36120084 -0.00000138 -0.93248814
vn 0.36120090 -0.00000414 -0.93248802
vn 0.33941954 0.12353730 -0.93248749
vn 0.33942172 0.12353816 -0.93248659
vn 0.27669945 0.23217952 -0.93248600
vn 0.27670309 0.23217838 -0.93248522
vn 0.18060479 0.31281805 -0.93248421
vn 0.18060672 0.31281808 -0.93248385
vn 0.06272578 0.35572433 -0.93248361
vn 0.06272666 0.35572323 -0.93248403
vn -0.06272579 0.35572156 -0.93248469
vn -0.06272190 0.35572034 -0.93248540
vn -0.18060276 0.31281245 -0.93248647
vn -0.18060100 0.31281322 -0.93248653
vn -0.27670410 0.23217869 -0.93248475
vn -0.27670243 0.23218104 -0.93248469
vn 0.98480743 -0.17364988 -0.00000000
vn 0.98480743 -0.17364988 -0.00000000
vn 0.98480743 -0.17364988 -0.00000000
vn 0.98480803 -0.17364648 -0.00000000
vn 0.98480803 -0.17364648 -0.00000000
vn 0.98480803 -0.17364648 -0.00000000
vn 0.86602253 -0.50000501 -0.00000000
vn 0.86602253 -0.50000501 -0.00000000
vn 0.86602253 -0.50000501 -0.00000000
vn 0.86602092 -0.50000787 -0.00000000
vn 0.86602092 -0.50000787 -0.00000000
vn 0.86602092 -0.50000787 -0.00000000
vn 0.64279604 -0.76603746 -0.00000000
vn 0.64279604 -0.76603746 -0.00000000
vn 0.64279604 -0.76603746 -0.00000000
vn 0.64279592 -0.76603752 -0.00000000
vn 0.64279592 -0.76603752 -0.00000000
vn 0.64279592 -0.76603752 -0.00000000
vn 0.34202626 -0.93969041 -0.00000000
vn 0.34202626 -0.93969041 -0.00000000
vn 0.34202626 -0.93969041 -0.00000000
vn 0.34201589 -0.93969423 -0.00000000
vn 0.34201589 -0.93969423 -0.00000000
vn 0.34201589 -0.93969423 -0.00000000
vn -0.00000517 -1.00000000 -0.00000000
vn -0.00000517 -1.00000000 -0.00000000
vn -0.00000517 -1.00000000 -0.00000000
vn -0.00001035 -1.00000000 -0.00000000
vn -0.00001035 -1.00000000 -0.00000000
vn -0.00001035 -1.00000000 -0.00000000
vn -0.34202009 -0.93969268 -0.00000000
vn -0.34202009 -0.93969268 -0.00000000
vn -0.34202009 -0.93969268 -0.00000000
vn -0.34201550 -0.93969434 -0.00000000
vn -0.34201550 -0.93969434 -0.00000000
vn -0.34201550 -0.93969434 -0.00000000
vn -0.64279485 -0.76603836 -0.00000000
vn -0.64279485 -0.76603836 -0.00000000
vn -0.64279485 -0.76603836 -0.00000000
vn -0.64278877 -0.76604354 -0.00000000
vn -0.64278877 -0.76604354 -0.00000000
vn -0.64278877 -0.76604354 -0.00000000
vn -0.86601990 -0.50000966 -0.00000000
vn -0.86601990 -0.50000966 -0.00000000
vn -0.86601990 -0.50000966 -0.00000000
vn -0.86602408 -0.50000232 -0.00000000
vn -0.86602408 -0.50000232 -0.00000000
vn -0.86602408 -0.50000232 -0.00000000
vn -0.98480833 -0.17364518 -0.00000000
vn -0.98480833 -0.17364518 -0.00000000
vn -0.98480833 -0.17364518 -0.00000000
vn -0.98480773 -0.17364857 -0.00000000
vn -0.98480773 -0.17364857 -0.00000000
vn -0.98480773 -0.17364857 -0.00000000
vn -0.98480684 0.17365327 -0.00000000
vn -0.98480684 0.17365327 -0.00000000
vn -0.98480684 0.17365327 -0.00000000
vn -0.98480695 0.17365268 -0.00000000
vn -0.98480695 0.17365268 -0.00000000
vn -0.98480695 0.17365268 -0.00000000
vn -0.86602539 0.50000012 -0.00000000
vn -0.86602539 0.50000012 -0.00000000
vn -0.86602539 0.50000012 -0.00000000
vn -0.86602485 0.50000113 -0.00000000
vn -0.86602485 0.50000113 -0.00000000
vn -0.86602485 0.50000113 -0.00000000
vn -0.64279085 0.76604182 -0.00000000
vn -0.64279085 0.76604182 -0.00000000
vn -0.64279085 0.76604182 -0.00000000
vn -0.64278990 0.76604259 -0.00000000
vn -0.64278990 0.76604259 -0.00000000
vn -0.64278990 0.76604259 -0.00000000
vn -0.34202337 0.93969142 -0.00000000
vn -0.34202337 0.93969142 -0.00000000
vn -0.34202337 0.93969142 -0.00000000
vn -0.34201300 0.93969524 -0.00000000
vn -0.34201300 0.93969524 -0.00000000
vn -0.34201300 0.93969524 -0.00000000
vn 0.00000000 1.00000000 -0.00000000
vn 0.00000000 1.00000000 -0.00000000
vn 0.00000000 1.00000000 -0.00000000
vn 0.00000000 1.00000000 -0.00000000
vn 0.34201550 0.93969434 -0.00000000
vn 0.34201550 0.93969434 -0.00000000
vn 0.34201550 0.93969434 -0.00000000
vn 0.34202009 0.93969268 -0.00000000
vn 0.34202009 0.93969268 -0.00000000
vn 0.34202009 0.93969268 -0.00000000
vn 0.64278877 0.76604354 -0.00000000
vn 0.64278877 0.76604354 -0.00000000
vn 0.64278877 0.76604354 -0.00000000
vn 0.64278877 0.76604354 -0.00000000
vn 0.86602312 0.50000393 -0.00000000
vn 0.86602312 0.50000393 -0.00000000
vn 0.86602312 0.50000393 -0.00000000
vn 0.86602157 0.50000662 -0.00000000
vn 0.86602157 0.50000662 -0.00000000
vn 0.86602157 0.50000662 -0.00000000
vn 0.98480743 0.17364988 -0.00000000
vn 0.98480743 0.17364988 -0.00000000
vn 0.98480743 0.17364988 -0.00000000
vn 0.98480797 0.17364739 -0.00000000
vn 0.98480797 0.17364739 -0.00000000
vn 0.98480797 0.17364739 -0.00000000
vn 0.57356918 -0.81915712 0.00002937
vn 0.53898782 -0.76975268 0.34201315
vn 0.53898513 -0.76975155 0.34201986
vn 0.57358235 -0.81914794 0.00003967
vn 0.43938729 -0.62750959 0.64278340
vn 0.43938565 -0.62750655 0.64278746
vn 0.28678671 -0.40957418 0.86602682
vn 0.28678834 -0.40957573 0.86602551
vn 0.09959821 -0.14224046 0.98480856
vn 0.09960049 -0.14224559 0.98480761
vn -0.09960109 0.14224543 0.98480755
vn -0.09959815 0.14223927 0.98480880
vn -0.28678879 0.40957555 0.86602545
vn -0.28678474 0.40956965 0.86602968
vn -0.43938884 0.62750912 0.64278281
vn -0.43938199 0.62750363 0.64279282
vn -0.53898811 0.76975089 0.34201655
vn -0.53898215 0.76975012 0.34202775
vn -0.57357788 0.81915104 -0.00000581
vn -0.57357448 0.81915343 0.00000522
vn -0.53898638 0.76975060 -0.34202009
vn -0.53898513 0.76975155 -0.34201992
vn -0.43938765 0.62750989 -0.64278287
vn -0.43938780 0.62750912 -0.64278352
vn -0.28678697 0.40957406 -0.86602676
vn -0.28678948 0.40957853 -0.86602384
vn -0.09960086 0.14224131 -0.98480815
vn -0.09959906 0.14224406 -0.98480791
vn 0.09960097 -0.14224826 -0.98480713
vn 0.09959952 -0.14224078 -0.98480833
vn 0.28679004 -0.40957803 -0.86602396
vn 0.28678721 -0.40957320 -0.86602706
vn 0.43938828 -0.62750840 -0.64278394
vn 0.43938607 -0.62751043 -0.64278340
vn 0.53898644 -0.76975065 -0.34201977
vn 0.53898680 -0.76975346 -0.34201294
vn 0.57356930 -0.81915706 -0.00004116
vn 0.57358366 -0.81914699 -0.00003178
vn 0.81913513 0.57360047 0.00007553
vn 0.81913513 0.57360047 0.00007553
vn 0.81913513 0.57360047 0.00007553
vn 0.81915468 0.57357258 0.00003777
vn 0.81915468 0.57357258 0.00003777
vn 0.81915468 0.57357258 0.00003777
vn 0.81915200 0.57357639 -0.00001888
vn 0.81915200 0.57357639 -0.00001888
vn 0.81915200 0.57357639 -0.00001888
vn 0.81915379 0.57357395 -0.00000518
vn 0.81915379 0.57357395 -0.00000518
vn 0.81915379 0.57357395 -0.00000518
vn 0.81911278 0.57363248 -0.00000000
vn 0.81911278 0.57363248 -0.00000000
vn 0.81911278 0.57363248 -0.00000000
vn 0.81915653 0.57357007 0.00003777
vn 0.81915653 0.57357007 0.00003777
vn 0.81915653 0.57357007 0.00003777
vn 0.81915289 0.57357538 -0.00000000
vn 0.81915289 0.57357538 -0.00000000
vn 0.81915289 0.57357538 -0.00000000
vn 0.81916803 0.57355356 -0.00011330
vn 0.81916803 0.57355356 -0.00011330
vn 0.81916803 0.57355356 -0.00011330
vn 0.81913972 0.57359415 -0.00003777
vn 0.81913972 0.57359415 -0.00003777
vn 0.81913972 0.57359415 -0.00003777
vn 0.81915039 0.57357883 0.00002072
vn 0.81915039 0.57357883 0.00002072
vn 0.81915039 0.57357883 0.00002072
vn 0.81915170 0.57357681 0.00000383
vn 0.81915170 0.57357681 0.00000383
vn 0.81915170 0.57357681 0.00000383
vn 0.81915265 0.57357568 -0.00000568
vn 0.81915265 0.57357568 -0.00000568
vn 0.81915265 0.57357568 -0.00000568
vn 0.81911242 0.57363313 -0.00001889
vn 0.81911242 0.57363313 -0.00001889
vn 0.81911242 0.57363313 -0.00001889
vn 0.81915855 0.57356709 -0.00000818
vn 0.81915855 0.57356709 -0.00000818
vn 0.81915855 0.57356709 -0.00000818
vn 0.81915498 0.57357222 0.00001036
vn 0.81915498 0.57357222 0.00001036
vn 0.81915498 0.57357222 0.00001036
vn 0.81908911 0.57366639 0.00003777
vn 0.81908911 0.57366639 0.00003777
vn 0.81908911 0.57366639 0.00003777
vn -0.58371192 -0.80338997 0.11766472
vn -0.61801279 -0.75442594 0.22113764
vn -0.67049819 -0.67946810 0.29791826
vn -0.73489726 -0.58750463 0.33876884
vn -0.80342817 -0.48963225 0.33876750
vn -0.86780781 -0.39767632 0.29793149
vn -0.92031336 -0.32269141 0.22111881
vn -0.95459026 -0.27369836 0.11767221
vn -0.96645963 -0.25681856 -0.00001345
vn -0.95458758 -0.27371112 -0.11766407
vn -0.92030400 -0.32272658 -0.22110684
vn -0.86781025 -0.39769536 -0.29789907
vn -0.80341405 -0.48959729 -0.33885151
vn -0.73489505 -0.58751220 -0.33876052
vn -0.67052281 -0.67946315 -0.29787415
vn -0.61801130 -0.75443286 -0.22111794
vn -0.58374202 -0.80336815 -0.11766425
vn -0.57189643 -0.82032585 0.00000175
vn 0.32058820 -0.94721866 0.00001608
vn 0.28736970 -0.89980978 0.32826972
vn 0.28736949 -0.89981222 0.32826343
vn 0.32058799 -0.94721878 0.00002225
vn 0.19177669 -0.76328433 0.61694318
vn 0.19177674 -0.76329160 0.61693400
vn 0.04531200 -0.55411702 0.83120465
vn 0.04531508 -0.55412161 0.83120143
vn -0.13434809 -0.29753229 0.94521171
vn -0.13434532 -0.29753909 0.94520998
vn -0.32553720 -0.02448343 0.94521224
vn -0.32553190 -0.02448636 0.94521391
vn -0.50520176 0.23209365 0.83120620
vn -0.50519687 0.23209573 0.83120859
vn -0.65166718 0.44126132 0.61694282
vn -0.65166324 0.44126648 0.61694324
vn -0.74726272 0.57778519 0.32827243
vn -0.74726379 0.57777858 0.32828152
vn -0.78045565 0.62521106 -0.00000467
vn -0.78046072 0.62520480 0.00000249
vn -0.74725866 0.57779431 -0.32826540
vn -0.74726135 0.57779169 -0.32826415
vn -0.65165812 0.44127637 -0.61694151
vn -0.65165925 0.44127429 -0.61694187
vn -0.50520182 0.23209912 -0.83120459
vn -0.50520045 0.23210433 -0.83120406
vn -0.32553878 -0.02448462 -0.94521159
vn -0.32554120 -0.02447734 -0.94521099
vn -0.13434958 -0.29753244 -0.94521141
vn -0.13434520 -0.29752740 -0.94521368
vn 0.04531013 -0.55411571 -0.83120567
vn 0.04531113 -0.55411112 -0.83120865
vn 0.19177994 -0.76328516 -0.61694098
vn 0.19177301 -0.76328409 -0.61694449
vn 0.28737926 -0.89980781 -0.32826692
vn 0.28737387 -0.89980674 -0.32827434
vn 0.32058355 -0.94722033 -0.00001505
vn 0.32056767 -0.94722563 -0.00001700
vn -0.31705672 -0.94840652 0.00000613
vn -0.33753082 -0.91904569 0.20353858
vn -0.39685920 -0.83438659 0.38249418
vn -0.48766908 -0.70470154 0.51533943
vn -0.59901214 -0.54559219 0.58610040
vn -0.71761215 -0.37631169 0.58602256
vn -0.82898545 -0.21725191 0.51534933
vn -0.91980106 -0.08753447 0.38249674
vn -0.97906166 -0.00284575 0.20354410
vn -0.99965131 0.02640585 -0.00001027
vn -0.97906399 -0.00285824 -0.20353290
vn -0.91979551 -0.08760960 -0.38249284
vn -0.82900065 -0.21731122 -0.51529956
vn -0.71754599 -0.37624636 -0.58614546
vn -0.59905982 -0.54561734 -0.58602828
vn -0.48770905 -0.70470744 -0.51529348
vn -0.39687335 -0.83439481 -0.38246140
vn -0.33759335 -0.91902196 -0.20354223
vn 0.57358438 0.81914651 0.00004174
vn 0.53898609 0.76975125 0.34201902
vn 0.53898513 0.76975125 0.34202048
vn 0.57356781 0.81915820 0.00006038
vn 0.43938527 0.62750649 0.64278787
vn 0.43938643 0.62751007 0.64278358
vn 0.28678736 0.40957198 0.86602759
vn 0.28678155 0.40956959 0.86603069
vn 0.09960149 0.14224125 0.98480809
vn 0.09959782 0.14224331 0.98480821
vn -0.09960171 -0.14224987 0.98480684
vn -0.09959689 -0.14223623 0.98480928
vn -0.28678945 -0.40957969 0.86602336
vn -0.28678578 -0.40957037 0.86602890
vn -0.43939087 -0.62751305 0.64277756
vn -0.43938512 -0.62750667 0.64278775
vn -0.53898787 -0.76975060 0.34201789
vn -0.53898525 -0.76975071 0.34202150
vn -0.57357734 -0.81915140 -0.00000112
vn -0.57357734 -0.81915146 0.00000177
vn -0.53898644 -0.76975065 -0.34201974
vn -0.53898662 -0.76975250 -0.34201550
vn -0.43938893 -0.62750965 -0.64278227
vn -0.43938768 -0.62751210 -0.64278072
vn -0.28678727 -0.40957314 -0.86602706
vn -0.28678954 -0.40957710 -0.86602443
vn -0.09960077 -0.14224492 -0.98480767
vn -0.09960126 -0.14224128 -0.98480809
vn 0.09960160 0.14224491 -0.98480755
vn 0.09960165 0.14224826 -0.98480707
vn 0.28678808 0.40957510 -0.86602587
vn 0.28679103 0.40957862 -0.86602330
vn 0.43938658 0.62750900 -0.64278448
vn 0.43938512 0.62750721 -0.64278722
vn 0.53898621 0.76975048 -0.34202066
vn 0.53898323 0.76974922 -0.34202838
vn 0.57358444 0.81914645 -0.00005122
vn 0.57356936 0.81915712 -0.00004895
vn -0.81915569 0.57357138 -0.00000000
vn -0.81915569 0.57357138 -0.00000000
vn -0.81915569 0.57357138 -0.00000000
vn -0.81915295 0.57357514 -0.00003777
vn -0.81915295 0.57357514 -0.00003777
vn -0.81915295 0.57357514 -0.00003777
vn -0.81914902 0.57358086 0.00005665
vn -0.81914902 0.57358086 0.00005665
vn -0.81914902 0.57358086 0.00005665
vn -0.81914318 0.57358927 0.00002072
vn -0.81914318 0.57358927 0.00002072
vn -0.81914318 0.57358927 0.00002072
vn -0.81905842 0.57371008 -0.00000000
vn -0.81905842 0.57371008 -0.00000000
vn -0.81905842 0.57371008 -0.00000000
vn -0.81914228 0.57359034 -0.00007553
vn -0.81914228 0.57359034 -0.00007553
vn -0.81914228 0.57359034 -0.00007553
vn -0.81916815 0.57355344 -0.00000000
vn -0.81916815 0.57355344 -0.00000000
vn -0.81916815 0.57355344 -0.00000000
vn -0.81915295 0.57357514 0.00003777
vn -0.81915295 0.57357514 0.00003777
vn -0.81915295 0.57357514 0.00003777
vn -0.81913257 0.57360429 0.00003777
vn -0.81913257 0.57360429 0.00003777
vn -0.81913257 0.57360429 0.00003777
vn -0.81914634 0.57358474 0.00002072
vn -0.81914634 0.57358474 0.00002072
vn -0.81914634 0.57358474 0.00002072
vn -0.81915104 0.57357800 -0.00000383
vn -0.81915104 0.57357800 -0.00000383
vn -0.81915104 0.57357800 -0.00000383
vn -0.81915236 0.57357603 -0.00000000
vn -0.81915236 0.57357603 -0.00000000
vn -0.81915236 0.57357603 -0.00000000
vn -0.81917626 0.57354188 0.00000944
vn -0.81917626 0.57354188 0.00000944
vn -0.81917626 0.57354188 0.00000944
vn -0.81915474 0.57357258 -0.00000614
vn -0.81915474 0.57357258 -0.00000614
vn -0.81915474 0.57357258 -0.00000614
vn -0.81914812 0.57358193 0.00002072
vn -0.81914812 0.57358193 0.00002072
vn -0.81914812 0.57358193 0.00002072
vn -0.81918752 0.57352573 -0.00000000
vn -0.81918752 0.57352573 -0.00000000
vn -0.81918752 0.57352573 -0.00000000
vn 0.95455658 -0.27382576 0.11764859
vn 0.92032683 -0.32266018 0.22110884
vn 0.86781633 -0.39767399 0.29790977
vn 0.80341595 -0.48964059 0.33878443
vn 0.73488992 -0.58749694 0.33879808
vn 0.67050284 -0.67947221 0.29789841
vn 0.61796665 -0.75445813 0.22115608
vn 0.58376604 -0.80334997 0.11766942
vn 0.57183838 -0.82036632 -0.00001859
vn 0.58373415 -0.80337548 -0.11765365
vn 0.61803424 -0.75441414 -0.22111768
vn 0.67051977 -0.67945993 -0.29788837
vn 0.73487532 -0.58749676 -0.33883023
vn 0.80342007 -0.48963538 -0.33878210
vn 0.86781228 -0.39769652 -0.29789153
vn 0.92031074 -0.32269758 -0.22112079
vn 0.95455980 -0.27381793 -0.11764093
vn 0.96645629 -0.25683105 -0.00000574
vn 0.78044200 0.62522811 0.00007783
vn 0.74724913 0.57779521 0.32828560
vn 0.74724638 0.57779610 0.32829037
vn 0.78045225 0.62521535 0.00007018
vn 0.65167046 0.44126579 0.61693603
vn 0.65166682 0.44127110 0.61693615
vn 0.50519639 0.23209521 0.83120900
vn 0.50520867 0.23210248 0.83119953
vn 0.32552972 -0.02448543 0.94521469
vn 0.32553825 -0.02447920 0.94521189
vn 0.13434231 -0.29753229 0.94521254
vn 0.13434154 -0.29753244 0.94521260
vn -0.04531314 -0.55411547 0.83120573
vn -0.04531346 -0.55411655 0.83120489
vn -0.19177036 -0.76328439 0.61694491
vn -0.19176725 -0.76327783 0.61695409
vn -0.28736502 -0.89981312 0.32826465
vn -0.28736472 -0.89981097 0.32827076
vn -0.32056859 -0.94722533 0.00000564
vn -0.32057056 -0.94722468 0.00000822
vn -0.28736424 -0.89981067 -0.32827219
vn -0.28737009 -0.89980960 -0.32826996
vn -0.19177090 -0.76328874 -0.61693954
vn -0.19177456 -0.76328546 -0.61694235
vn -0.04530995 -0.55411458 -0.83120638
vn -0.04531122 -0.55411136 -0.83120847
vn 0.13435189 -0.29754141 -0.94520831
vn 0.13435248 -0.29753646 -0.94520974
vn 0.32554352 -0.02448798 -0.94520992
vn 0.32553908 -0.02449914 -0.94521117
vn 0.50520718 0.23211278 -0.83119750
vn 0.50520748 0.23209837 -0.83120149
vn 0.65166175 0.44127807 -0.61693656
vn 0.65166008 0.44127300 -0.61694193
vn 0.74725711 0.57779419 -0.32826930
vn 0.74724966 0.57780063 -0.32827482
vn 0.78047073 0.62519240 -0.00008087
vn 0.78045756 0.62520868 -0.00007386
vn 0.99964774 0.02654151 0.00000358
vn 0.97906661 -0.00300773 0.20351809
vn 0.91982079 -0.08753169 0.38245001
vn 0.82900244 -0.21724430 0.51532519
vn 0.71758479 -0.37630850 0.58605802
vn 0.59904343 -0.54560304 0.58605826
vn 0.48763254 -0.70471025 0.51536202
vn 0.39676633 -0.83440471 0.38255110
vn 0.33759436 -0.91901815 0.20355771
vn 0.31700236 -0.94842476 -0.00003280
vn 0.33752155 -0.91905051 -0.20353192
vn 0.39691797 -0.83435518 -0.38250151
vn 0.48766688 -0.70470071 -0.51534265
vn 0.59901524 -0.54558575 -0.58610314
vn 0.71758711 -0.37629998 -0.58606064
vn 0.82900029 -0.21726422 -0.51532012
vn 0.91979903 -0.08756237 -0.38249525
vn 0.97907209 -0.00298720 -0.20349224
vn -1.00000000 0.00000727 0.00005014
vn -0.93969840 -0.00000092 0.34200424
vn -0.93969560 -0.00000106 0.34201208
vn -1.00000000 -0.00000922 0.00002025
vn -0.76604623 -0.00000039 0.64278549
vn -0.76603860 -0.00000091 0.64279473
vn -0.50000215 0.00000000 0.86602414
vn -0.49999392 -0.00000031 0.86602890
vn -0.17364696 0.00000000 0.98480791
vn -0.17364988 0.00000000 0.98480743
vn 0.17364988 0.00000000 0.98480743
vn 0.17364696 0.00000000 0.98480791
vn 0.49999392 0.00000031 0.86602890
vn 0.49999645 0.00000000 0.86602747
vn 0.76604533 0.00000076 0.64278668
vn 0.76604199 0.00000039 0.64279062
vn 0.93969566 0.00000094 0.34201163
vn 0.93969172 0.00000084 0.34202260
vn 1.00000000 0.00000096 -0.00000205
vn 1.00000000 0.00000093 0.00000133
vn 0.93969190 0.00000090 -0.34202230
vn 0.93969268 0.00000088 -0.34202009
vn 0.76604259 0.00000086 -0.64278996
vn 0.76604396 0.00000059 -0.64278817
vn 0.49999681 0.00000056 -0.86602736
vn 0.49999896 0.00000039 -0.86602604
vn 0.17364699 0.00000011 -0.98480797
vn 0.17364971 0.00000022 -0.98480749
vn -0.17364971 -0.00000022 -0.98480749
vn -0.17364699 -0.00000011 -0.98480797
vn -0.49999383 -0.00000039 -0.86602896
vn -0.49999660 -0.00000056 -0.86602741
vn -0.76604021 -0.00000059 -0.64279264
vn -0.76604199 -0.00000086 -0.64279050
vn -0.93969625 -0.00000084 -0.34201017
vn -0.93969828 -0.00000094 -0.34200457
vn -1.00000000 0.00000745 -0.00002174
vn -1.00000000 -0.00000934 -0.00005057
vn -0.00001888 -1.00000000 -0.00000000
vn -0.00001888 -1.00000000 -0.00000000
vn -0.00001888 -1.00000000 -0.00000000
vn 0.00000000 -1.00000000 -0.00000000
vn 0.00000000 -1.00000000 -0.00000000
vn 0.00000000 -1.00000000 -0.00000000
vn 0.00000000 -1.00000000 -0.00000000
vn 0.00000000 -1.00000000 -0.00000000
vn 0.00000000 -1.00000000 0.00000504
vn 0.00000000 -1.00000000 0.00000504
vn 0.00000000 -1.00000000 0.00000504
vn 0.00000000 -1.00000000 -0.00002223
vn 0.00000000 -1.00000000 -0.00002223
vn 0.00000000 -1.00000000 -0.00002223
vn -0.00001036 -1.00000000 0.00000504
vn -0.00001036 -1.00000000 0.00000504
vn -0.00001036 -1.00000000 0.00000504
vn 0.00000000 -1.00000000 -0.00000000
vn 0.00000000 -1.00000000 -0.00000000
vn 0.00000000 -1.00000000 -0.00000000
vn 0.00000000 -1.00000000 -0.00000000
vn 0.00000000 -1.00000000 -0.00000000
vn 0.00000000 -1.00000000 -0.00000000
vn 0.00000000 -1.00000000 -0.00000000
vn -0.00000409 -1.00000000 -0.00000000
vn -0.00000409 -1.00000000 -0.00000000
vn -0.00000409 -1.00000000 -0.00000000
vn 0.00000000 -1.00000000 -0.00000000
vn 0.00000000 -1.00000000 -0.00000000
vn -0.32315791 0.93900377 0.11764753
vn -0.26351258 0.93896860 0.22113147
vn -0.17202222 0.93895739 0.29793850
vn -0.05974824 0.93895954 0.33879980
vn 0.05974393 0.93895894 0.33880222
vn 0.17197356 0.93896878 0.29793087
vn 0.26353198 0.93896967 0.22110359
vn 0.32330760 0.93895149 0.11765353
vn 0.34392944 0.93899548 -0.00000181
vn 0.32320607 0.93898684 -0.11765031
vn 0.26350564 0.93897641 -0.22110656
vn 0.17197140 0.93897855 -0.29790118
vn 0.05974951 0.93896806 -0.33877584
vn -0.05974660 0.93896729 -0.33877853
vn -0.17198381 0.93898225 -0.29788232
vn -0.26350400 0.93897241 -0.22112545
vn -0.32323977 0.93897647 -0.11764041
vn -0.34401157 0.93896550 -0.00000203
vn -0.95979023 0.28071830 -0.00001807
vn -0.90191209 0.28071734 0.32825649
vn -0.90191388 0.28071135 0.32825655
vn -0.95979697 0.28069538 0.00004375
vn -0.73523962 0.28071311 0.61694646
vn -0.73524654 0.28071555 0.61693710
vn -0.47989306 0.28070384 0.83120877
vn -0.47990692 0.28070781 0.83119947
vn -0.16666277 0.28070709 0.94521272
vn -0.16667375 0.28070834 0.94521040
vn 0.16666676 0.28070539 0.94521254
vn 0.16666558 0.28070667 0.94521230
vn 0.47989160 0.28070647 0.83120877
vn 0.47989410 0.28070354 0.83120823
vn 0.73524207 0.28070700 0.61694628
vn 0.73524308 0.28070489 0.61694604
vn 0.90191025 0.28070673 0.32827067
vn 0.90190679 0.28070888 0.32827833
vn 0.95979345 0.28070748 -0.00000253
vn 0.95979363 0.28070661 0.00000449
vn 0.90191090 0.28070751 -0.32826802
vn 0.90191483 0.28070655 -0.32825837
vn 0.73524207 0.28070131 -0.61694884
vn 0.73524988 0.28070119 -0.61693960
vn 0.47989258 0.28070575 -0.83120835
vn 0.47990263 0.28070274 -0.83120358
vn 0.16666287 0.28070647 -0.94521290
vn 0.16667382 0.28070661 -0.94521087
vn -0.16666670 0.28070831 -0.94521165
vn -0.16665937 0.28071019 -0.94521236
vn -0.47989306 0.28070781 -0.83120745
vn -0.47989917 0.28070301 -0.83120555
vn -0.73523891 0.28071386 -0.61694688
vn -0.73523921 0.28070927 -0.61694872
vn -0.90191525 0.28070852 -0.32825568
vn -0.90191263 0.28071383 -0.32825825
vn -0.95979744 0.28069374 -0.00003968
vn -0.95979112 0.28071532 0.00001928
vn -0.59510833 0.80364549 0.00000032
vn -0.55906099 0.80376077 0.20351799
vn -0.45587656 0.80365324 0.38251522
vn -0.29757467 0.80364007 0.51537561
vn -0.10335471 0.80363381 0.58608061
vn 0.10334796 0.80363536 0.58607978
vn 0.29756644 0.80362362 0.51540601
vn 0.45587757 0.80367416 0.38247019
vn 0.55921471 0.80365050 0.20353107
vn 0.59497482 0.80374432 -0.00000519
vn 0.55907810 0.80374360 -0.20353860
vn 0.45581236 0.80370533 -0.38248256
vn 0.29748681 0.80366737 -0.51538372
vn 0.10335024 0.80366802 -0.58603448
vn -0.10334116 0.80362254 -0.58609843
vn -0.29752740 0.80370057 -0.51530844
vn -0.45579824 0.80369145 -0.38252842
vn -0.55917186 0.80369067 -0.20348993
f 2068/2068/2068 2069/2069/2069 2070/2070/2070
f 2070/2070/2070 2071/2071/2071 2068/2068/2068
f 2072/2072/2072 2073/2073/2073 2074/2074/2074
f 2074/2074/2074 2075/2075/2075 2072/2072/2072
f 2073/2073/2073 2076/2076/2076 2077/2077/2077
f 2077/2077/2077 2074/2074/2074 2073/2073/2073
f 2076/2076/2076 2078/2078/2078 2079/2079/2079
f 2079/2079/2079 2077/2077/2077 2076/2076/2076
f 2078/2078/2078 2080/2080/2080 2081/2081/2081
f 2081/2081/2081 2079/2079/2079 2078/2078/2078
f 2080/2080/2080 2082/2082/2082 2083/2083/2083
f 2083/2083/2083 2081/2081/2081 2080/2080/2080
f 2082/2082/2082 2084/2084/2084 2085/2085/2085
f 2085/2085/2085 2083/2083/2083 2082/2082/2082
f 2084/2084/2084 2086/2086/2086 2087/2087/2087
f 2087/2087/2087 2085/2085/2085 2084/2084/2084
f 2086/2086/2086 2088/2088/2088 2089/2089/2089
f 2089/2089/2089 2087/2087/2087 2086/2086/2086
f 2088/2088/2088 2090/2090/2090 2091/2091/2091
f 2091/2091/2091 2089/2089/2089 2088/2088/2088
f 2090/2090/2090 2092/2092/2092 2093/2093/2093
f 2093/2093/2093 2091/2091/2091 2090/2090/2090
f 2092/2092/2092 2094/2094/2094 2095/2095/2095
f 2095/2095/2095 2093/2093/2093 2092/2092/2092
f 2094/2094/2094 2096/2096/2096 2097/2097/2097
f 2097/2097/2097 2095/2095/2095 2094/2094/2094
f 2096/2096/2096 2098/2098/2098 2099/2099/2099
f 2099/2099/2099 2097/2097/2097 2096/2096/2096
f 2098/2098/2098 2100/2100/2100 2101/2101/2101
f 2101/2101/2101 2099/2099/2099 2098/2098/2098
f 2100/2100/2100 2102/2102/2102 2103/2103/2103
f 2103/2103/2103 2101/2101/2101 2100/2100/2100
f 2102/2102/2102 2104/2104/2104 2105/2105/2105
f 2105/2105/2105 2103/2103/2103 2102/2102/2102
f 2104/2104/2104 2068/2068/2068 2071/2071/2071
f 2071/2071/2071 2105/2105/2105 2104/2104/2104
f 2106/2106/2106 2107/2107/2107 2108/2108/2108
f 2109/2109/2109 2110/2110/2110 2111/2111/2111
f 2112/2112/2112 2113/2113/2113 2114/2114/2114
f 2115/2115/2115 2116/2116/2116 2117/2117/2117
f 2118/2118/2118 2119/2119/2119 2120/2120/2120
f 2121/2121/2121 2122/2122/2122 2123/2123/2123
f 2118/2118/2118 2120/2120/2120 2124/2124/2124
f 2123/2123/2123 2125/2125/2125 2126/2126/2126
f 2127/2127/2127 2128/2128/2128 2129/2129/2129
f 2130/2130/2130 2131/2131/2131 2132/2132/2132
f 2133/2133/2133 2134/2134/2134 2135/2135/2135
f 2136/2136/2136 2137/2137/2137 2138/2138/2138
f 2129/2129/2129 2139/2139/2139 2140/2140/2140
f 2141/2141/2141 2142/2142/2142 2143/2143/2143
f 2144/2144/2144 2145/2145/2145 2146/2146/2146
f 2147/2147/2147 2148/2148/2148 2149/2149/2149
f 2150/2150/2150 2151/2151/2151 2152/2152/2152
f 2153/2153/2153 2154/2154/2154 2155/2155/2155
f 2155/2155/2155 2156/2156/2156 2157/2157/2157
f 2158/2158/2158 2159/2159/2159 2160/2160/2160
f 2157/2157/2157 2161/2161/2161 2162/2162/2162
f 2162/2162/2162 2163/2163/2163 2164/2164/2164
f 2157/2157/2157 2162/2162/2162 2164/2164/2164
f 2164/2164/2164 2165/2165/2165 2166/2166/2166
f 2166/2166/2166 2167/2167/2167 2168/2168/2168
f 2169/2169/2169 2170/2170/2170 2171/2171/2171
f 2157/2157/2157 2164/2164/2164 2168/2168/2168
f 2153/2153/2153 2157/2157/2157 2168/2168/2168
f 2172/2172/2172 2173/2173/2173 2174/2174/2174
f 2153/2153/2153 2168/2168/2168 2175/2175/2175
f 2176/2176/2176 2153/2153/2153 2175/2175/2175
f 2177/2177/2177 2176/2176/2176 2175/2175/2175
f 2178/2178/2178 2179/2179/2179 2180/2180/2180
f 2180/2180/2180 2181/2181/2181 2178/2178/2178
f 2182/2182/2182 2183/2183/2183 2184/2184/2184
f 2184/2184/2184 2185/2185/2185 2182/2182/2182
f 2183/2183/2183 2186/2186/2186 2187/2187/2187
f 2187/2187/2187 2184/2184/2184 2183/2183/2183
f 2186/2186/2186 2188/2188/2188 2189/2189/2189
f 2189/2189/2189 2187/2187/2187 2186/2186/2186
f 2188/2188/2188 2190/2190/2190 2191/2191/2191
f 2191/2191/2191 2189/2189/2189 2188/2188/2188
f 2190/2190/2190 2192/2192/2192 2193/2193/2193
f 2193/2193/2193 2191/2191/2191 2190/2190/2190
f 2192/2192/2192 2194/2194/2194 2195/2195/2195
f 2195/2195/2195 2193/2193/2193 2192/2192/2192
f 2194/2194/2194 2196/2196/2196 2197/2197/2197
f 2197/2197/2197 2195/2195/2195 2194/2194/2194
f 2196/2196/2196 2198/2198/2198 2199/2199/2199
f 2199/2199/2199 2197/2197/2197 2196/2196/2196
f 2198/2198/2198 2200/2200/2200 2201/2201/2201
f 2201/2201/2201 2199/2199/2199 2198/2198/2198
f 2200/2200/2200 2202/2202/2202 2203/2203/2203
f 2203/2203/2203 2201/2201/2201 2200/2200/2200
f 2202/2202/2202 2204/2204/2204 2205/2205/2205
f 2205/2205/2205 2203/2203/2203 2202/2202/2202
f 2204/2204/2204 2206/2206/2206 2207/2207/2207
f 2207/2207/2207 2205/2205/2205 2204/2204/2204
f 2206/2206/2206 2208/2208/2208 2209/2209/2209
f 2209/2209/2209 2207/2207/2207 2206/2206/2206
f 2208/2208/2208 2210/2210/2210 2211/2211/2211
f 2211/2211/2211 2209/2209/2209 2208/2208/2208
f 2210/2210/2210 2212/2212/2212 2213/2213/2213
f 2213/2213/2213 2211/2211/2211 2210/2210/2210
f 2212/2212/2212 2214/2214/2214 2215/2215/2215
f 2215/2215/2215 2213/2213/2213 2212/2212/2212
f 2214/2214/2214 2178/2178/2178 2181/2181/2181
f 2181/2181/2181 2215/2215/2215 2214/2214/2214
f 2216/2216/2216 2217/2217/2217 2218/2218/2218
f 2218/2218/2218 2219/2219/2219 2216/2216/2216
f 2217/2217/2217 2220/2220/2220 2221/2221/2221
f 2221/2221/2221 2218/2218/2218 2217/2217/2217
f 2220/2220/2220 2222/2222/2222 2223/2223/2223
f 2223/2223/2223 2221/2221/2221 2220/2220/2220
f 2222/2222/2222 2224/2224/2224 2225/2225/2225
f 2225/2225/2225 2223/2223/2223 2222/2222/2222
f 2224/2224/2224 2226/2226/2226 2227/2227/2227
f 2227/2227/2227 2225/2225/2225 2224/2224/2224
f 2226/2226/2226 2228/2228/2228 2229/2229/2229
f 2229/2229/2229 2227/2227/2227 2226/2226/2226
f 2228/2228/2228 2230/2230/2230 2231/2231/2231
f 2231/2231/2231 2229/2229/2229 2228/2228/2228
f 2230/2230/2230 2232/2232/2232 2233/2233/2233
f 2233/2233/2233 2231/2231/2231 2230/2230/2230
f 2232/2232/2232 2234/2234/2234 2235/2235/2235
f 2235/2235/2235 2233/2233/2233 2232/2232/2232
f 2234/2234/2234 2236/2236/2236 2237/2237/2237
f 2237/2237/2237 2235/2235/2235 2234/2234/2234
f 2236/2236/2236 2238/2238/2238 2239/2239/2239
f 2239/2239/2239 2237/2237/2237 2236/2236/2236
f 2238/2238/2238 2240/2240/2240 2241/2241/2241
f 2241/2241/2241 2239/2239/2239 2238/2238/2238
f 2240/2240/2240 2242/2242/2242 2243/2243/2243
f 2243/2243/2243 2241/2241/2241 2240/2240/2240
f 2242/2242/2242 2244/2244/2244 2245/2245/2245
f 2245/2245/2245 2243/2243/2243 2242/2242/2242
f 2244/2244/2244 2246/2246/2246 2247/2247/2247
f 2247/2247/2247 2245/2245/2245 2244/2244/2244
f 2246/2246/2246 2248/2248/2248 2249/2249/2249
f 2249/2249/2249 2247/2247/2247 2246/2246/2246
f 2248/2248/2248 2250/2250/2250 2251/2251/2251
f 2251/2251/2251 2249/2249/2249 2248/2248/2248
f 2250/2250/2250 2216/2216/2216 2219/2219/2219
f 2219/2219/2219 2251/2251/2251 2250/2250/2250
f 2176/2176/2176 2177/2177/2177 2252/2252/2252
f 2252/2252/2252 2253/2253/2253 2176/2176/2176
f 2177/2177/2177 2175/2175/2175 2254/2254/2254
f 2254/2254/2254 2252/2252/2252 2177/2177/2177
f 2255/2255/2255 2256/2256/2256 2257/2257/2257
f 2258/2258/2258 2259/2259/2259 2260/2260/2260
f 2261/2261/2261 2262/2262/2262 2263/2263/2263
f 2264/2264/2264 2265/2265/2265 2266/2266/2266
f 2267/2267/2267 2268/2268/2268 2269/2269/2269
f 2270/2270/2270 2271/2271/2271 2272/2272/2272
f 2273/2273/2273 2274/2274/2274 2275/2275/2275
f 2276/2276/2276 2277/2277/2277 2278/2278/2278
f 2274/2274/2274 2279/2279/2279 2280/2280/2280
f 2281/2281/2281 2282/2282/2282 2283/2283/2283
f 2165/2165/2165 2164/2164/2164 2284/2284/2284
f 2284/2284/2284 2285/2285/2285 2165/2165/2165
f 2286/2286/2286 2287/2287/2287 2288/2288/2288
f 2289/2289/2289 2284/2284/2284 2164/2164/2164
f 2163/2163/2163 2162/2162/2162 2290/2290/2290
f 2290/2290/2290 2289/2289/2289 2163/2163/2163
f 2291/2291/2291 2292/2292/2292 2293/2293/2293
f 2294/2294/2294 2295/2295/2295 2296/2296/2296
f 2161/2161/2161 2157/2157/2157 2297/2297/2297
f 2297/2297/2297 2298/2298/2298 2161/2161/2161
f 2157/2157/2157 2156/2156/2156 2299/2299/2299
f 2299/2299/2299 2297/2297/2297 2157/2157/2157
f 2156/2156/2156 2155/2155/2155 2300/2300/2300
f 2300/2300/2300 2299/2299/2299 2156/2156/2156
f 2155/2155/2155 2154/2154/2154 2301/2301/2301
f 2302/2302/2302 2303/2303/2303 2304/2304/2304
f 2305/2305/2305 2306/2306/2306 2307/2307/2307
f 2308/2308/2308 2302/2302/2302 2309/2309/2309
f 2153/2153/2153 2310/2310/2310 2311/2311/2311
f 2312/2312/2312 2313/2313/2313 2314/2314/2314
f 2315/2315/2315 2316/2316/2316 2317/2317/2317
f 2318/2318/2318 2319/2319/2319 2320/2320/2320
f 2321/2321/2321 2179/2179/2179 2178/2178/2178
f 2178/2178/2178 2322/2322/2322 2321/2321/2321
f 2323/2323/2323 2183/2183/2183 2182/2182/2182
f 2182/2182/2182 2324/2324/2324 2323/2323/2323
f 2325/2325/2325 2186/2186/2186 2183/2183/2183
f 2183/2183/2183 2323/2323/2323 2325/2325/2325
f 2326/2326/2326 2188/2188/2188 2186/2186/2186
f 2186/2186/2186 2325/2325/2325 2326/2326/2326
f 2327/2327/2327 2190/2190/2190 2188/2188/2188
f 2188/2188/2188 2326/2326/2326 2327/2327/2327
f 2328/2328/2328 2192/2192/2192 2190/2190/2190
f 2190/2190/2190 2327/2327/2327 2328/2328/2328
f 2329/2329/2329 2194/2194/2194 2192/2192/2192
f 2192/2192/2192 2328/2328/2328 2329/2329/2329
f 2330/2330/2330 2196/2196/2196 2194/2194/2194
f 2194/2194/2194 2329/2329/2329 2330/2330/2330
f 2331/2331/2331 2198/2198/2198 2196/2196/2196
f 2196/2196/2196 2330/2330/2330 2331/2331/2331
f 2332/2332/2332 2200/2200/2200 2198/2198/2198
f 2198/2198/2198 2331/2331/2331 2332/2332/2332
f 2333/2333/2333 2202/2202/2202 2200/2200/2200
f 2200/2200/2200 2332/2332/2332 2333/2333/2333
f 2334/2334/2334 2204/2204/2204 2202/2202/2202
f 2202/2202/2202 2333/2333/2333 2334/2334/2334
f 2335/2335/2335 2206/2206/2206 2204/2204/2204
f 2204/2204/2204 2334/2334/2334 2335/2335/2335
f 2336/2336/2336 2208/2208/2208 2206/2206/2206
f 2206/2206/2206 2335/2335/2335 2336/2336/2336
f 2337/2337/2337 2210/2210/2210 2208/2208/2208
f 2208/2208/2208 2336/2336/2336 2337/2337/2337
f 2338/2338/2338 2212/2212/2212 2210/2210/2210
f 2210/2210/2210 2337/2337/2337 2338/2338/2338
f 2339/2339/2339 2214/2214/2214 2212/2212/2212
f 2212/2212/2212 2338/2338/2338 2339/2339/2339
f 2322/2322/2322 2178/2178/2178 2214/2214/2214
f 2214/2214/2214 2339/2339/2339 2322/2322/2322
f 2340/2340/2340 2181/2181/2181 2180/2180/2180
f 2180/2180/2180 2341/2341/2341 2340/2340/2340
f 2342/2342/2342 2215/2215/2215 2181/2181/2181
f 2181/2181/2181 2340/2340/2340 2342/2342/2342
f 2343/2343/2343 2213/2213/2213 2215/2215/2215
f 2215/2215/2215 2342/2342/2342 2343/2343/2343
f 2344/2344/2344 2211/2211/2211 2213/2213/2213
f 2213/2213/2213 2343/2343/2343 2344/2344/2344
f 2345/2345/2345 2209/2209/2209 2211/2211/2211
f 2211/2211/2211 2344/2344/2344 2345/2345/2345
f 2346/2346/2346 2207/2207/2207 2209/2209/2209
f 2209/2209/2209 2345/2345/2345 2346/2346/2346
f 2347/2347/2347 2205/2205/2205 2207/2207/2207
f 2207/2207/2207 2346/2346/2346 2347/2347/2347
f 2348/2348/2348 2203/2203/2203 2205/2205/2205
f 2205/2205/2205 2347/2347/2347 2348/2348/2348
f 2349/2349/2349 2201/2201/2201 2203/2203/2203
f 2203/2203/2203 2348/2348/2348 2349/2349/2349
f 2350/2350/2350 2199/2199/2199 2201/2201/2201
f 2201/2201/2201 2349/2349/2349 2350/2350/2350
f 2351/2351/2351 2197/2197/2197 2199/2199/2199
f 2199/2199/2199 2350/2350/2350 2351/2351/2351
f 2352/2352/2352 2195/2195/2195 2197/2197/2197
f 2197/2197/2197 2351/2351/2351 2352/2352/2352
f 2353/2353/2353 2193/2193/2193 2195/2195/2195
f 2195/2195/2195 2352/2352/2352 2353/2353/2353
f 2354/2354/2354 2191/2191/2191 2193/2193/2193
f 2193/2193/2193 2353/2353/2353 2354/2354/2354
f 2355/2355/2355 2189/2189/2189 2191/2191/2191
f 2191/2191/2191 2354/2354/2354 2355/2355/2355
f 2356/2356/2356 2187/2187/2187 2189/2189/2189
f 2189/2189/2189 2355/2355/2355 2356/2356/2356
f 2357/2357/2357 2184/2184/2184 2187/2187/2187
f 2187/2187/2187 2356/2356/2356 2357/2357/2357
f 2358/2358/2358 2185/2185/2185 2184/2184/2184
f 2184/2184/2184 2357/2357/2357 2358/2358/2358
f 2218/2218/2218 2359/2359/2359 2360/2360/2360
f 2360/2360/2360 2219/2219/2219 2218/2218/2218
f 2221/2221/2221 2361/2361/2361 2359/2359/2359
f 2359/2359/2359 2218/2218/2218 2221/2221/2221
f 2223/2223/2223 2362/2362/2362 2361/2361/2361
f 2361/2361/2361 2221/2221/2221 2223/2223/2223
f 2225/2225/2225 2363/2363/2363 2362/2362/2362
f 2362/2362/2362 2223/2223/2223 2225/2225/2225
f 2227/2227/2227 2364/2364/2364 2363/2363/2363
f 2363/2363/2363 2225/2225/2225 2227/2227/2227
f 2229/2229/2229 2365/2365/2365 2364/2364/2364
f 2364/2364/2364 2227/2227/2227 2229/2229/2229
f 2231/2231/2231 2366/2366/2366 2365/2365/2365
f 2365/2365/2365 2229/2229/2229 2231/2231/2231
f 2233/2233/2233 2367/2367/2367 2366/2366/2366
f 2366/2366/2366 2231/2231/2231 2233/2233/2233
f 2235/2235/2235 2368/2368/2368 2367/2367/2367
f 2367/2367/2367 2233/2233/2233 2235/2235/2235
f 2237/2237/2237 2369/2369/2369 2368/2368/2368
f 2368/2368/2368 2235/2235/2235 2237/2237/2237
f 2239/2239/2239 2370/2370/2370 2369/2369/2369
f 2369/2369/2369 2237/2237/2237 2239/2239/2239
f 2241/2241/2241 2371/2371/2371 2370/2370/2370
f 2370/2370/2370 2239/2239/2239 2241/2241/2241
f 2243/2243/2243 2372/2372/2372 2371/2371/2371
f 2371/2371/2371 2241/2241/2241 2243/2243/2243
f 2245/2245/2245 2373/2373/2373 2372/2372/2372
f 2372/2372/2372 2243/2243/2243 2245/2245/2245
f 2247/2247/2247 2374/2374/2374 2373/2373/2373
f 2373/2373/2373 2245/2245/2245 2247/2247/2247
f 2249/2249/2249 2375/2375/2375 2374/2374/2374
f 2374/2374/2374 2247/2247/2247 2249/2249/2249
f 2251/2251/2251 2376/2376/2376 2375/2375/2375
f 2375/2375/2375 2249/2249/2249 2251/2251/2251
f 2219/2219/2219 2360/2360/2360 2376/2376/2376
f 2376/2376/2376 2251/2251/2251 2219/2219/2219
f 2377/2377/2377 2378/2378/2378 2379/2379/2379
f 2379/2379/2379 2380/2380/2380 2377/2377/2377
f 2381/2381/2381 2382/2382/2382 2378/2378/2378
f 2378/2378/2378 2377/2377/2377 2381/2381/2381
f 2383/2383/2383 2384/2384/2384 2382/2382/2382
f 2382/2382/2382 2381/2381/2381 2383/2383/2383
f 2385/2385/2385 2386/2386/2386 2384/2384/2384
f 2384/2384/2384 2383/2383/2383 2385/2385/2385
f 2387/2387/2387 2388/2388/2388 2386/2386/2386
f 2386/2386/2386 2385/2385/2385 2387/2387/2387
f 2389/2389/2389 2390/2390/2390 2388/2388/2388
f 2388/2388/2388 2387/2387/2387 2389/2389/2389
f 2391/2391/2391 2392/2392/2392 2390/2390/2390
f 2390/2390/2390 2389/2389/2389 2391/2391/2391
f 2393/2393/2393 2394/2394/2394 2392/2392/2392
f 2392/2392/2392 2391/2391/2391 2393/2393/2393
f 2395/2395/2395 2396/2396/2396 2394/2394/2394
f 2394/2394/2394 2393/2393/2393 2395/2395/2395
f 2397/2397/2397 2398/2398/2398 2396/2396/2396
f 2396/2396/2396 2395/2395/2395 2397/2397/2397
f 2399/2399/2399 2400/2400/2400 2398/2398/2398
f 2398/2398/2398 2397/2397/2397 2399/2399/2399
f 2401/2401/2401 2402/2402/2402 2400/2400/2400
f 2400/2400/2400 2399/2399/2399 2401/2401/2401
f 2403/2403/2403 2404/2404/2404 2402/2402/2402
f 2402/2402/2402 2401/2401/2401 2403/2403/2403
f 2405/2405/2405 2406/2406/2406 2404/2404/2404
f 2404/2404/2404 2403/2403/2403 2405/2405/2405
f 2407/2407/2407 2408/2408/2408 2406/2406/2406
f 2406/2406/2406 2405/2405/2405 2407/2407/2407
f 2409/2409/2409 2410/2410/2410 2408/2408/2408
f 2408/2408/2408 2407/2407/2407 2409/2409/2409
f 2411/2411/2411 2412/2412/2412 2410/2410/2410
f 2410/2410/2410 2409/2409/2409 2411/2411/2411
f 2380/2380/2380 2379/2379/2379 2412/2412/2412
f 2412/2412/2412 2411/2411/2411 2380/2380/2380
f 2413/2413/2413 2414/2414/2414 2415/2415/2415
f 2416/2416/2416 2417/2417/2417 2418/2418/2418
f 2419/2419/2419 2420/2420/2420 2421/2421/2421
f 2422/2422/2422 2423/2423/2423 2424/2424/2424
f 2425/2425/2425 2426/2426/2426 2427/2427/2427
f 2428/2428/2428 2429/2429/2429 2430/2430/2430
f 2431/2431/2431 2432/2432/2432 2433/2433/2433
f 2434/2434/2434 2435/2435/2435 2436/2436/2436
f 2437/2437/2437 2438/2438/2438 2439/2439/2439
f 2440/2440/2440 2441/2441/2441 2442/2442/2442
f 2443/2443/2443 2444/2444/2444 2445/2445/2445
f 2446/2446/2446 2447/2447/2447 2448/2448/2448
f 2449/2449/2449 2450/2450/2450 2451/2451/2451
f 2452/2452/2452 2453/2453/2453 2454/2454/2454
f 2455/2455/2455 2456/2456/2456 2457/2457/2457
f 2458/2458/2458 2459/2459/2459 2460/2460/2460
f 2461/2461/2461 2462/2462/2462 2463/2463/2463
f 2464/2464/2464 2465/2465/2465 2466/2466/2466
f 2467/2467/2467 2468/2468/2468 2469/2469/2469
f 2470/2470/2470 2471/2471/2471 2472/2472/2472
f 2473/2473/2473 2474/2474/2474 2475/2475/2475
f 2476/2476/2476 2477/2477/2477 2478/2478/2478
f 2479/2479/2479 2480/2480/2480 2481/2481/2481
f 2482/2482/2482 2483/2483/2483 2484/2484/2484
f 2485/2485/2485 2486/2486/2486 2487/2487/2487
f 2488/2488/2488 2489/2489/2489 2490/2490/2490
f 2491/2491/2491 2492/2492/2492 2493/2493/2493
f 2493/2493/2493 2494/2494/2494 2491/2491/2491
f 2495/2495/2495 2496/2496/2496 2497/2497/2497
f 2498/2498/2498 2499/2499/2499 2500/2500/2500
f 2501/2501/2501 2502/2502/2502 2503/2503/2503
f 2503/2503/2503 2504/2504/2504 2501/2501/2501
f 2505/2505/2505 2506/2506/2506 2507/2507/2507
f 2508/2508/2508 2509/2509/2509 2510/2510/2510
f 2511/2511/2511 2512/2512/2512 2513/2513/2513
f 2514/2514/2514 2515/2515/2515 2516/2516/2516
f 2517/2517/2517 2518/2518/2518 2519/2519/2519
f 2519/2519/2519 2520/2520/2520 2517/2517/2517
f 2518/2518/2518 2521/2521/2521 2522/2522/2522
f 2522/2522/2522 2519/2519/2519 2518/2518/2518
f 2521/2521/2521 2523/2523/2523 2524/2524/2524
f 2524/2524/2524 2522/2522/2522 2521/2521/2521
f 2523/2523/2523 2525/2525/2525 2526/2526/2526
f 2526/2526/2526 2524/2524/2524 2523/2523/2523
f 2525/2525/2525 2527/2527/2527 2528/2528/2528
f 2528/2528/2528 2526/2526/2526 2525/2525/2525
f 2527/2527/2527 2529/2529/2529 2530/2530/2530
f 2530/2530/2530 2528/2528/2528 2527/2527/2527
f 2529/2529/2529 2531/2531/2531 2532/2532/2532
f 2532/2532/2532 2530/2530/2530 2529/2529/2529
f 2531/2531/2531 2533/2533/2533 2534/2534/2534
f 2534/2534/2534 2532/2532/2532 2531/2531/2531
f 2533/2533/2533 2535/2535/2535 2536/2536/2536
f 2536/2536/2536 2534/2534/2534 2533/2533/2533
f 2535/2535/2535 2537/2537/2537 2538/2538/2538
f 2538/2538/2538 2536/2536/2536 2535/2535/2535
f 2537/2537/2537 2539/2539/2539 2540/2540/2540
f 2540/2540/2540 2538/2538/2538 2537/2537/2537
f 2539/2539/2539 2541/2541/2541 2542/2542/2542
f 2542/2542/2542 2540/2540/2540 2539/2539/2539
f 2541/2541/2541 2543/2543/2543 2544/2544/2544
f 2544/2544/2544 2542/2542/2542 2541/2541/2541
f 2543/2543/2543 2545/2545/2545 2546/2546/2546
f 2546/2546/2546 2544/2544/2544 2543/2543/2543
f 2545/2545/2545 2547/2547/2547 2548/2548/2548
f 2548/2548/2548 2546/2546/2546 2545/2545/2545
f 2547/2547/2547 2549/2549/2549 2550/2550/2550
f 2550/2550/2550 2548/2548/2548 2547/2547/2547
f 2549/2549/2549 2551/2551/2551 2552/2552/2552
f 2552/2552/2552 2550/2550/2550 2549/2549/2549
f 2551/2551/2551 2553/2553/2553 2554/2554/2554
f 2554/2554/2554 2552/2552/2552 2551/2551/2551
f 2555/2555/2555 2556/2556/2556 2557/2557/2557
f 2558/2558/2558 2559/2559/2559 2560/2560/2560
f 2561/2561/2561 2562/2562/2562 2563/2563/2563
f 2564/2564/2564 2565/2565/2565 2566/2566/2566
f 2567/2567/2567 2568/2568/2568 2569/2569/2569
f 2570/2570/2570 2571/2571/2571 2572/2572/2572
f 2573/2573/2573 2574/2574/2574 2575/2575/2575
f 2576/2576/2576 2577/2577/2577 2578/2578/2578
f 2579/2579/2579 2580/2580/2580 2581/2581/2581
f 2582/2582/2582 2583/2583/2583 2584/2584/2584
f 2585/2585/2585 2586/2586/2586 2587/2587/2587
f 2588/2588/2588 2589/2589/2589 2590/2590/2590
f 2591/2591/2591 2592/2592/2592 2593/2593/2593
f 2594/2594/2594 2595/2595/2595 2596/2596/2596
f 2597/2597/2597 2598/2598/2598 2599/2599/2599
f 2600/2600/2600 2601/2601/2601 2602/2602/2602
f 2603/2603/2603 2604/2604/2604 2605/2605/2605
f 2605/2605/2605 2606/2606/2606 2607/2607/2607
f 2607/2607/2607 2608/2608/2608 2609/2609/2609
f 2605/2605/2605 2607/2607/2607 2609/2609/2609
f 2609/2609/2609 2610/2610/2610 2611/2611/2611
f 2611/2611/2611 2612/2612/2612 2613/2613/2613
f 2609/2609/2609 2611/2611/2611 2613/2613/2613
f 2613/2613/2613 2614/2614/2614 2615/2615/2615
f 2615/2615/2615 2616/2616/2616 2617/2617/2617
f 2613/2613/2613 2615/2615/2615 2617/2617/2617
f 2609/2609/2609 2613/2613/2613 2617/2617/2617
f 2605/2605/2605 2609/2609/2609 2617/2617/2617
f 2617/2617/2617 2618/2618/2618 2619/2619/2619
f 2605/2605/2605 2617/2617/2617 2619/2619/2619
f 2603/2603/2603 2605/2605/2605 2619/2619/2619
f 2620/2620/2620 2603/2603/2603 2619/2619/2619
f 2621/2621/2621 2622/2622/2622 2623/2623/2623
f 2623/2623/2623 2624/2624/2624 2621/2621/2621
f 2622/2622/2622 2625/2625/2625 2626/2626/2626
f 2626/2626/2626 2623/2623/2623 2622/2622/2622
f 2625/2625/2625 2627/2627/2627 2628/2628/2628
f 2628/2628/2628 2626/2626/2626 2625/2625/2625
f 2627/2627/2627 2629/2629/2629 2630/2630/2630
f 2630/2630/2630 2628/2628/2628 2627/2627/2627
f 2629/2629/2629 2631/2631/2631 2632/2632/2632
f 2632/2632/2632 2630/2630/2630 2629/2629/2629
f 2631/2631/2631 2633/2633/2633 2634/2634/2634
f 2634/2634/2634 2632/2632/2632 2631/2631/2631
f 2633/2633/2633 2635/2635/2635 2636/2636/2636
f 2636/2636/2636 2634/2634/2634 2633/2633/2633
f 2635/2635/2635 2637/2637/2637 2638/2638/2638
f 2638/2638/2638 2636/2636/2636 2635/2635/2635
f 2637/2637/2637 2639/2639/2639 2640/2640/2640
f 2640/2640/2640 2638/2638/2638 2637/2637/2637
f 2639/2639/2639 2641/2641/2641 2642/2642/2642
f 2642/2642/2642 2640/2640/2640 2639/2639/2639
f 2641/2641/2641 2643/2643/2643 2644/2644/2644
f 2644/2644/2644 2642/2642/2642 2641/2641/2641
f 2643/2643/2643 2645/2645/2645 2646/2646/2646
f 2646/2646/2646 2644/2644/2644 2643/2643/2643
f 2645/2645/2645 2647/2647/2647 2648/2648/2648
f 2648/2648/2648 2646/2646/2646 2645/2645/2645
f 2647/2647/2647 2649/2649/2649 2650/2650/2650
f 2650/2650/2650 2648/2648/2648 2647/2647/2647
f 2649/2649/2649 2651/2651/2651 2652/2652/2652
f 2652/2652/2652 2650/2650/2650 2649/2649/2649
f 2651/2651/2651 2653/2653/2653 2654/2654/2654
f 2654/2654/2654 2652/2652/2652 2651/2651/2651
f 2653/2653/2653 2655/2655/2655 2656/2656/2656
f 2656/2656/2656 2654/2654/2654 2653/2653/2653
f 2655/2655/2655 2657/2657/2657 2658/2658/2658
f 2658/2658/2658 2656/2656/2656 2655/2655/2655
f 2620/2620/2620 2659/2659/2659 2660/2660/2660
f 2660/2660/2660 2603/2603/2603 2620/2620/2620
f 2603/2603/2603 2660/2660/2660 2661/2661/2661
f 2661/2661/2661 2604/2604/2604 2603/2603/2603
f 2604/2604/2604 2661/2661/2661 2662/2662/2662
f 2662/2662/2662 2605/2605/2605 2604/2604/2604
f 2605/2605/2605 2662/2662/2662 2663/2663/2663
f 2663/2663/2663 2606/2606/2606 2605/2605/2605
f 2606/2606/2606 2663/2663/2663 2664/2664/2664
f 2664/2664/2664 2607/2607/2607 2606/2606/2606
f 2607/2607/2607 2664/2664/2664 2665/2665/2665
f 2665/2665/2665 2608/2608/2608 2607/2607/2607
f 2608/2608/2608 2665/2665/2665 2666/2666/2666
f 2666/2666/2666 2609/2609/2609 2608/2608/2608
f 2609/2609/2609 2666/2666/2666 2667/2667/2667
f 2667/2667/2667 2610/2610/2610 2609/2609/2609
f 2610/2610/2610 2667/2667/2667 2668/2668/2668
f 2668/2668/2668 2611/2611/2611 2610/2610/2610
f 2611/2611/2611 2668/2668/2668 2669/2669/2669
f 2669/2669/2669 2612/2612/2612 2611/2611/2611
f 2612/2612/2612 2669/2669/2669 2670/2670/2670
f 2670/2670/2670 2613/2613/2613 2612/2612/2612
f 2613/2613/2613 2670/2670/2670 2671/2671/2671
f 2671/2671/2671 2614/2614/2614 2613/2613/2613
f 2614/2614/2614 2671/2671/2671 2672/2672/2672
f 2672/2672/2672 2615/2615/2615 2614/2614/2614
f 2615/2615/2615 2672/2672/2672 2673/2673/2673
f 2673/2673/2673 2616/2616/2616 2615/2615/2615
f 2616/2616/2616 2673/2673/2673 2674/2674/2674
f 2674/2674/2674 2617/2617/2617 2616/2616/2616
f 2617/2617/2617 2674/2674/2674 2675/2675/2675
f 2675/2675/2675 2618/2618/2618 2617/2617/2617
f 2618/2618/2618 2675/2675/2675 2676/2676/2676
f 2676/2676/2676 2619/2619/2619 2618/2618/2618
f 2619/2619/2619 2676/2676/2676 2659/2659/2659
f 2659/2659/2659 2620/2620/2620 2619/2619/2619
f 2677/2677/2677 2678/2678/2678 2679/2679/2679
f 2679/2679/2679 2680/2680/2680 2677/2677/2677
f 2678/2678/2678 2681/2681/2681 2682/2682/2682
f 2682/2682/2682 2679/2679/2679 2678/2678/2678
f 2681/2681/2681 2683/2683/2683 2684/2684/2684
f 2684/2684/2684 2682/2682/2682 2681/2681/2681
f 2683/2683/2683 2685/2685/2685 2686/2686/2686
f 2686/2686/2686 2684/2684/2684 2683/2683/2683
f 2685/2685/2685 2687/2687/2687 2688/2688/2688
f 2688/2688/2688 2686/2686/2686 2685/2685/2685
f 2687/2687/2687 2689/2689/2689 2690/2690/2690
f 2690/2690/2690 2688/2688/2688 2687/2687/2687
f 2689/2689/2689 2691/2691/2691 2692/2692/2692
f 2692/2692/2692 2690/2690/2690 2689/2689/2689
f 2691/2691/2691 2693/2693/2693 2694/2694/2694
f 2694/2694/2694 2692/2692/2692 2691/2691/2691
f 2693/2693/2693 2695/2695/2695 2696/2696/2696
f 2696/2696/2696 2694/2694/2694 2693/2693/2693
f 2695/2695/2695 2697/2697/2697 2698/2698/2698
f 2698/2698/2698 2696/2696/2696 2695/2695/2695
f 2697/2697/2697 2699/2699/2699 2700/2700/2700
f 2700/2700/2700 2698/2698/2698 2697/2697/2697
f 2699/2699/2699 2701/2701/2701 2702/2702/2702
f 2702/2702/2702 2700/2700/2700 2699/2699/2699
f 2701/2701/2701 2703/2703/2703 2704/2704/2704
f 2704/2704/2704 2702/2702/2702 2701/2701/2701
f 2703/2703/2703 2705/2705/2705 2706/2706/2706
f 2706/2706/2706 2704/2704/2704 2703/2703/2703
f 2705/2705/2705 2707/2707/2707 2708/2708/2708
f 2708/2708/2708 2706/2706/2706 2705/2705/2705
f 2707/2707/2707 2709/2709/2709 2710/2710/2710
f 2710/2710/2710 2708/2708/2708 2707/2707/2707
f 2709/2709/2709 2711/2711/2711 2712/2712/2712
f 2712/2712/2712 2710/2710/2710 2709/2709/2709
f 2711/2711/2711 2713/2713/2713 2714/2714/2714
f 2714/2714/2714 2712/2712/2712 2711/2711/2711
f 2715/2715/2715 2716/2716/2716 2717/2717/2717
f 2718/2718/2718 2719/2719/2719 2720/2720/2720
f 2721/2721/2721 2722/2722/2722 2723/2723/2723
f 2724/2724/2724 2725/2725/2725 2726/2726/2726
f 2727/2727/2727 2728/2728/2728 2729/2729/2729
f 2730/2730/2730 2731/2731/2731 2732/2732/2732
f 2733/2733/2733 2734/2734/2734 2735/2735/2735
f 2736/2736/2736 2737/2737/2737 2738/2738/2738
f 2739/2739/2739 2740/2740/2740 2741/2741/2741
f 2742/2742/2742 2743/2743/2743 2744/2744/2744
f 2745/2745/2745 2746/2746/2746 2747/2747/2747
f 2748/2748/2748 2749/2749/2749 2750/2750/2750
f 2751/2751/2751 2752/2752/2752 2753/2753/2753
f 2754/2754/2754 2755/2755/2755 2756/2756/2756
f 2757/2757/2757 2758/2758/2758 2759/2759/2759
f 2760/2760/2760 2761/2761/2761 2762/2762/2762
f 2763/2763/2763 2764/2764/2764 2765/2765/2765
f 2765/2765/2765 2766/2766/2766 2767/2767/2767
f 2767/2767/2767 2768/2768/2768 2769/2769/2769
f 2765/2765/2765 2767/2767/2767 2769/2769/2769
f 2769/2769/2769 2770/2770/2770 2771/2771/2771
f 2771/2771/2771 2772/2772/2772 2773/2773/2773
f 2769/2769/2769 2771/2771/2771 2773/2773/2773
f 2773/2773/2773 2774/2774/2774 2775/2775/2775
f 2775/2775/2775 2776/2776/2776 2777/2777/2777
f 2773/2773/2773 2775/2775/2775 2777/2777/2777
f 2769/2769/2769 2773/2773/2773 2777/2777/2777
f 2765/2765/2765 2769/2769/2769 2777/2777/2777
f 2777/2777/2777 2778/2778/2778 2779/2779/2779
f 2765/2765/2765 2777/2777/2777 2779/2779/2779
f 2763/2763/2763 2765/2765/2765 2779/2779/2779
f 2780/2780/2780 2763/2763/2763 2779/2779/2779
f 2781/2781/2781 2782/2782/2782 2783/2783/2783
f 2783/2783/2783 2784/2784/2784 2781/2781/2781
f 2782/2782/2782 2785/2785/2785 2786/2786/2786
f 2786/2786/2786 2783/2783/2783 2782/2782/2782
f 2785/2785/2785 2787/2787/2787 2788/2788/2788
f 2788/2788/2788 2786/2786/2786 2785/2785/2785
f 2787/2787/2787 2789/2789/2789 2790/2790/2790
f 2790/2790/2790 2788/2788/2788 2787/2787/2787
f 2789/2789/2789 2791/2791/2791 2792/2792/2792
f 2792/2792/2792 2790/2790/2790 2789/2789/2789
f 2791/2791/2791 2793/2793/2793 2794/2794/2794
f 2794/2794/2794 2792/2792/2792 2791/2791/2791
f 2793/2793/2793 2795/2795/2795 2796/2796/2796
f 2796/2796/2796 2794/2794/2794 2793/2793/2793
f 2795/2795/2795 2797/2797/2797 2798/2798/2798
f 2798/2798/2798 2796/2796/2796 2795/2795/2795
f 2797/2797/2797 2799/2799/2799 2800/2800/2800
f 2800/2800/2800 2798/2798/2798 2797/2797/2797
f 2799/2799/2799 2801/2801/2801 2802/2802/2802
f 2802/2802/2802 2800/2800/2800 2799/2799/2799
f 2801/2801/2801 2803/2803/2803 2804/2804/2804
f 2804/2804/2804 2802/2802/2802 2801/2801/2801
f 2803/2803/2803 2805/2805/2805 2806/2806/2806
f 2806/2806/2806 2804/2804/2804 2803/2803/2803
f 2805/2805/2805 2807/2807/2807 2808/2808/2808
f 2808/2808/2808 2806/2806/2806 2805/2805/2805
f 2807/2807/2807 2809/2809/2809 2810/2810/2810
f 2810/2810/2810 2808/2808/2808 2807/2807/2807
f 2809/2809/2809 2811/2811/2811 2812/2812/2812
f 2812/2812/2812 2810/2810/2810 2809/2809/2809
f 2811/2811/2811 2813/2813/2813 2814/2814/2814
f 2814/2814/2814 2812/2812/2812 2811/2811/2811
f 2813/2813/2813 2815/2815/2815 2816/2816/2816
f 2816/2816/2816 2814/2814/2814 2813/2813/2813
f 2815/2815/2815 2817/2817/2817 2818/2818/2818
f 2818/2818/2818 2816/2816/2816 2815/2815/2815
f 2780/2780/2780 2819/2819/2819 2820/2820/2820
f 2820/2820/2820 2763/2763/2763 2780/2780/2780
f 2763/2763/2763 2820/2820/2820 2821/2821/2821
f 2821/2821/2821 2764/2764/2764 2763/2763/2763
f 2764/2764/2764 2821/2821/2821 2822/2822/2822
f 2822/2822/2822 2765/2765/2765 2764/2764/2764
f 2765/2765/2765 2822/2822/2822 2823/2823/2823
f 2823/2823/2823 2766/2766/2766 2765/2765/2765
f 2766/2766/2766 2823/2823/2823 2824/2824/2824
f 2824/2824/2824 2767/2767/2767 2766/2766/2766
f 2767/2767/2767 2824/2824/2824 2825/2825/2825
f 2825/2825/2825 2768/2768/2768 2767/2767/2767
f 2768/2768/2768 2825/2825/2825 2826/2826/2826
f 2826/2826/2826 2769/2769/2769 2768/2768/2768
f 2769/2769/2769 2826/2826/2826 2827/2827/2827
f 2827/2827/2827 2770/2770/2770 2769/2769/2769
f 2770/2770/2770 2827/2827/2827 2828/2828/2828
f 2828/2828/2828 2771/2771/2771 2770/2770/2770
f 2771/2771/2771 2828/2828/2828 2829/2829/2829
f 2829/2829/2829 2772/2772/2772 2771/2771/2771
f 2772/2772/2772 2829/2829/2829 2830/2830/2830
f 2830/2830/2830 2773/2773/2773 2772/2772/2772
f 2773/2773/2773 2830/2830/2830 2831/2831/2831
f 2831/2831/2831 2774/2774/2774 2773/2773/2773
f 2774/2774/2774 2831/2831/2831 2832/2832/2832
f 2832/2832/2832 2775/2775/2775 2774/2774/2774
f 2775/2775/2775 2832/2832/2832 2833/2833/2833
f 2833/2833/2833 2776/2776/2776 2775/2775/2775
f 2776/2776/2776 2833/2833/2833 2834/2834/2834
f 2834/2834/2834 2777/2777/2777 2776/2776/2776
f 2777/2777/2777 2834/2834/2834 2835/2835/2835
f 2835/2835/2835 2778/2778/2778 2777/2777/2777
f 2778/2778/2778 2835/2835/2835 2836/2836/2836
f 2836/2836/2836 2779/2779/2779 2778/2778/2778
f 2779/2779/2779 2836/2836/2836 2819/2819/2819
f 2819/2819/2819 2780/2780/2780 2779/2779/2779
f 2837/2837/2837 2838/2838/2838 2839/2839/2839
f 2839/2839/2839 2840/2840/2840 2837/2837/2837
f 2838/2838/2838 2841/2841/2841 2842/2842/2842
f 2842/2842/2842 2839/2839/2839 2838/2838/2838
f 2841/2841/2841 2843/2843/2843 2844/2844/2844
f 2844/2844/2844 2842/2842/2842 2841/2841/2841
f 2843/2843/2843 2845/2845/2845 2846/2846/2846
f 2846/2846/2846 2844/2844/2844 2843/2843/2843
f 2845/2845/2845 2847/2847/2847 2848/2848/2848
f 2848/2848/2848 2846/2846/2846 2845/2845/2845
f 2847/2847/2847 2849/2849/2849 2850/2850/2850
f 2850/2850/2850 2848/2848/2848 2847/2847/2847
f 2849/2849/2849 2851/2851/2851 2852/2852/2852
f 2852/2852/2852 2850/2850/2850 2849/2849/2849
f 2851/2851/2851 2853/2853/2853 2854/2854/2854
f 2854/2854/2854 2852/2852/2852 2851/2851/2851
f 2853/2853/2853 2855/2855/2855 2856/2856/2856
f 2856/2856/2856 2854/2854/2854 2853/2853/2853
f 2855/2855/2855 2857/2857/2857 2858/2858/2858
f 2858/2858/2858 2856/2856/2856 2855/2855/2855
f 2857/2857/2857 2859/2859/2859 2860/2860/2860
f 2860/2860/2860 2858/2858/2858 2857/2857/2857
f 2859/2859/2859 2861/2861/2861 2862/2862/2862
f 2862/2862/2862 2860/2860/2860 2859/2859/2859
f 2861/2861/2861 2863/2863/2863 2864/2864/2864
f 2864/2864/2864 2862/2862/2862 2861/2861/2861
f 2863/2863/2863 2865/2865/2865 2866/2866/2866
f 2866/2866/2866 2864/2864/2864 2863/2863/2863
f 2865/2865/2865 2867/2867/2867 2868/2868/2868
f 2868/2868/2868 2866/2866/2866 2865/2865/2865
f 2867/2867/2867 2869/2869/2869 2870/2870/2870
f 2870/2870/2870 2868/2868/2868 2867/2867/2867
f 2869/2869/2869 2871/2871/2871 2872/2872/2872
f 2872/2872/2872 2870/2870/2870 2869/2869/2869
f 2871/2871/2871 2873/2873/2873 2874/2874/2874
f 2874/2874/2874 2872/2872/2872 2871/2871/2871
f 2875/2875/2875 2876/2876/2876 2877/2877/2877
f 2878/2878/2878 2879/2879/2879 2880/2880/2880
f 2880/2880/2880 2881/2881/2881 2882/2882/2882
f 2878/2878/2878 2880/2880/2880 2882/2882/2882
f 2883/2883/2883 2884/2884/2884 2885/2885/2885
f 2886/2886/2886 2887/2887/2887 2888/2888/2888
f 2889/2889/2889 2890/2890/2890 2891/2891/2891
f 2892/2892/2892 2893/2893/2893 2894/2894/2894
f 2894/2894/2894 2895/2895/2895 2896/2896/2896
f 2892/2892/2892 2894/2894/2894 2896/2896/2896
f 2882/2882/2882 2892/2892/2892 2896/2896/2896
f 2878/2878/2878 2882/2882/2882 2896/2896/2896
f 2896/2896/2896 2897/2897/2897 2898/2898/2898
f 2899/2899/2899 2900/2900/2900 2901/2901/2901
f 2902/2902/2902 2878/2878/2878 2898/2898/2898
f 2903/2903/2903 2902/2902/2902 2898/2898/2898
f 2904/2904/2904 2905/2905/2905 2906/2906/2906
f 2906/2906/2906 2907/2907/2907 2908/2908/2908
f 2908/2908/2908 2909/2909/2909 2910/2910/2910
f 2906/2906/2906 2908/2908/2908 2910/2910/2910
f 2910/2910/2910 2911/2911/2911 2912/2912/2912
f 2912/2912/2912 2913/2913/2913 2914/2914/2914
f 2910/2910/2910 2912/2912/2912 2914/2914/2914
f 2914/2914/2914 2915/2915/2915 2916/2916/2916
f 2916/2916/2916 2917/2917/2917 2918/2918/2918
f 2914/2914/2914 2916/2916/2916 2918/2918/2918
f 2910/2910/2910 2914/2914/2914 2918/2918/2918
f 2906/2906/2906 2910/2910/2910 2918/2918/2918
f 2918/2918/2918 2919/2919/2919 2920/2920/2920
f 2906/2906/2906 2918/2918/2918 2920/2920/2920
f 2904/2904/2904 2906/2906/2906 2920/2920/2920
f 2921/2921/2921 2904/2904/2904 2920/2920/2920
f 2922/2922/2922 2923/2923/2923 2924/2924/2924
f 2924/2924/2924 2925/2925/2925 2922/2922/2922
f 2923/2923/2923 2926/2926/2926 2927/2927/2927
f 2927/2927/2927 2924/2924/2924 2923/2923/2923
f 2926/2926/2926 2928/2928/2928 2929/2929/2929
f 2929/2929/2929 2927/2927/2927 2926/2926/2926
f 2928/2928/2928 2930/2930/2930 2931/2931/2931
f 2931/2931/2931 2929/2929/2929 2928/2928/2928
f 2930/2930/2930 2932/2932/2932 2933/2933/2933
f 2933/2933/2933 2931/2931/2931 2930/2930/2930
f 2932/2932/2932 2934/2934/2934 2935/2935/2935
f 2935/2935/2935 2933/2933/2933 2932/2932/2932
f 2934/2934/2934 2936/2936/2936 2937/2937/2937
f 2937/2937/2937 2935/2935/2935 2934/2934/2934
f 2936/2936/2936 2938/2938/2938 2939/2939/2939
f 2939/2939/2939 2937/2937/2937 2936/2936/2936
f 2938/2938/2938 2940/2940/2940 2941/2941/2941
f 2941/2941/2941 2939/2939/2939 2938/2938/2938
f 2940/2940/2940 2942/2942/2942 2943/2943/2943
f 2943/2943/2943 2941/2941/2941 2940/2940/2940
f 2942/2942/2942 2944/2944/2944 2945/2945/2945
f 2945/2945/2945 2943/2943/2943 2942/2942/2942
f 2944/2944/2944 2946/2946/2946 2947/2947/2947
f 2947/2947/2947 2945/2945/2945 2944/2944/2944
f 2946/2946/2946 2948/2948/2948 2949/2949/2949
f 2949/2949/2949 2947/2947/2947 2946/2946/2946
f 2948/2948/2948 2950/2950/2950 2951/2951/2951
f 2951/2951/2951 2949/2949/2949 2948/2948/2948
f 2950/2950/2950 2952/2952/2952 2953/2953/2953
f 2953/2953/2953 2951/2951/2951 2950/2950/2950
f 2952/2952/2952 2954/2954/2954 2955/2955/2955
f 2955/2955/2955 2953/2953/2953 2952/2952/2952
f 2954/2954/2954 2956/2956/2956 2957/2957/2957
f 2957/2957/2957 2955/2955/2955 2954/2954/2954
f 2956/2956/2956 2958/2958/2958 2959/2959/2959
f 2959/2959/2959 2957/2957/2957 2956/2956/2956
f 2921/2921/2921 2960/2960/2960 2961/2961/2961
f 2961/2961/2961 2904/2904/2904 2921/2921/2921
f 2904/2904/2904 2961/2961/2961 2962/2962/2962
f 2962/2962/2962 2905/2905/2905 2904/2904/2904
f 2905/2905/2905 2962/2962/2962 2963/2963/2963
f 2963/2963/2963 2906/2906/2906 2905/2905/2905
f 2906/2906/2906 2963/2963/2963 2964/2964/2964
f 2964/2964/2964 2907/2907/2907 2906/2906/2906
f 2907/2907/2907 2964/2964/2964 2965/2965/2965
f 2965/2965/2965 2908/2908/2908 2907/2907/2907
f 2908/2908/2908 2965/2965/2965 2966/2966/2966
f 2966/2966/2966 2909/2909/2909 2908/2908/2908
f 2909/2909/2909 2966/2966/2966 2967/2967/2967
f 2967/2967/2967 2910/2910/2910 2909/2909/2909
f 2910/2910/2910 2967/2967/2967 2968/2968/2968
f 2968/2968/2968 2911/2911/2911 2910/2910/2910
f 2911/2911/2911 2968/2968/2968 2969/2969/2969
f 2969/2969/2969 2912/2912/2912 2911/2911/2911
f 2912/2912/2912 2969/2969/2969 2970/2970/2970
f 2970/2970/2970 2913/2913/2913 2912/2912/2912
f 2913/2913/2913 2970/2970/2970 2971/2971/2971
f 2971/2971/2971 2914/2914/2914 2913/2913/2913
f 2914/2914/2914 2971/2971/2971 2972/2972/2972
f 2972/2972/2972 2915/2915/2915 2914/2914/2914
f 2915/2915/2915 2972/2972/2972 2973/2973/2973
f 2973/2973/2973 2916/2916/2916 2915/2915/2915
f 2916/2916/2916 2973/2973/2973 2974/2974/2974
f 2974/2974/2974 2917/2917/2917 2916/2916/2916
f 2917/2917/2917 2974/2974/2974 2975/2975/2975
f 2975/2975/2975 2918/2918/2918 2917/2917/2917
f 2918/2918/2918 2975/2975/2975 2976/2976/2976
f 2976/2976/2976 2919/2919/2919 2918/2918/2918
f 2919/2919/2919 2976/2976/2976 2977/2977/2977
f 2977/2977/2977 2920/2920/2920 2919/2919/2919
f 2920/2920/2920 2977/2977/2977 2960/2960/2960
f 2960/2960/2960 2921/2921/2921 2920/2920/2920
g Safe_Lock
usemtl safe
v 0.31768572 0.82249343 0.25870991
v 0.32832676 0.83142239 0.25870991
v 0.34137994 0.83617330 0.25870991
v 0.35527092 0.83617330 0.25870991
v 0.36832410 0.83142227 0.25870991
v 0.37896514 0.82249337 0.25870991
v 0.38591063 0.81046349 0.25870991
v 0.38832277 0.79678363 0.25870991
v 0.38591063 0.78310370 0.25870991
v 0.37896514 0.77107382 0.25870991
v 0.36832410 0.76214492 0.25870997
v 0.35527092 0.75739396 0.25870997
v 0.34137994 0.75739396 0.25870991
v 0.32832676 0.76214492 0.25870997
v 0.31768572 0.77107382 0.25870991
v 0.31074023 0.78310370 0.25870991
v 0.30832809 0.79678363 0.25870991
v 0.31074023 0.81046349 0.25870997
v 0.28553516 0.81963742 0.32399654
v 0.29713833 0.83973467 0.32399654
v 0.29713833 0.83973467 0.30867872
v 0.28553516 0.81963742 0.30867872
v 0.31491536 0.85465145 0.32399654
v 0.31491536 0.85465145 0.30867872
v 0.33672220 0.86258847 0.32399654
v 0.33672220 0.86258847 0.30867872
v 0.35992855 0.86258847 0.32399657
v 0.35992855 0.86258847 0.30867875
v 0.38173532 0.85465145 0.32399657
v 0.38173532 0.85465145 0.30867875
v 0.39951241 0.83973467 0.32399657
v 0.39951241 0.83973467 0.30867875
v 0.41111559 0.81963742 0.32399657
v 0.41111559 0.81963742 0.30867875
v 0.41514534 0.79678363 0.32399657
v 0.41514534 0.79678363 0.30867875
v 0.41111559 0.77392983 0.32399657
v 0.41111559 0.77392983 0.30867875
v 0.39951241 0.75383252 0.32399657
v 0.39951241 0.75383252 0.30867875
v 0.38173532 0.73891580 0.32399657
v 0.38173538 0.73891580 0.30867875
v 0.35992855 0.73097879 0.32399657
v 0.35992861 0.73097879 0.30867878
v 0.33672220 0.73097879 0.32399654
v 0.33672225 0.73097879 0.30867875
v 0.31491536 0.73891580 0.32399654
v 0.31491542 0.73891580 0.30867875
v 0.29713833 0.75383252 0.32399654
v 0.29713833 0.75383252 0.30867875
v 0.28553516 0.77392983 0.32399654
v 0.28553516 0.77392983 0.30867872
v 0.28150541 0.79678363 0.32399654
v 0.28150541 0.79678363 0.30867872
v 0.28553516 0.81963742 0.30867872
v 0.29713833 0.83973467 0.30867872
v 0.30191553 0.83572614 0.30541146
v 0.29139519 0.81750453 0.30541146
v 0.31491536 0.85465145 0.30867872
v 0.31803346 0.84925073 0.30541146
v 0.33672220 0.86258847 0.30867872
v 0.33780515 0.85644698 0.30541146
v 0.35992855 0.86258847 0.30867875
v 0.35884565 0.85644698 0.30541149
v 0.38173532 0.85465145 0.30867875
v 0.37861723 0.84925067 0.30541149
v 0.39951241 0.83973467 0.30867875
v 0.39473522 0.83572614 0.30541149
v 0.41111559 0.81963742 0.30867875
v 0.40525550 0.81750447 0.30541149
v 0.41514534 0.79678363 0.30867875
v 0.40890914 0.79678363 0.30541149
v 0.41111559 0.77392983 0.30867875
v 0.40525550 0.77606273 0.30541149
v 0.39951241 0.75383252 0.30867875
v 0.39473528 0.75784111 0.30541149
v 0.38173538 0.73891580 0.30867875
v 0.37861729 0.74431652 0.30541149
v 0.35992861 0.73097879 0.30867878
v 0.35884571 0.73712021 0.30541149
v 0.33672225 0.73097879 0.30867875
v 0.33780521 0.73712021 0.30541146
v 0.31491542 0.73891580 0.30867875
v 0.31803352 0.74431652 0.30541146
v 0.29713833 0.75383252 0.30867875
v 0.30191559 0.75784111 0.30541146
v 0.28553516 0.77392983 0.30867872
v 0.29139519 0.77606273 0.30541146
v 0.28150541 0.79678363 0.30867872
v 0.28774160 0.79678363 0.30541146
v 0.31214941 0.82713890 0.30249143
v 0.30394894 0.81293535 0.30249143
v 0.32471317 0.83768117 0.30249143
v 0.34012491 0.84329063 0.30249146
v 0.35652584 0.84329063 0.30249146
v 0.37193757 0.83768117 0.30249146
v 0.38450146 0.82713890 0.30249146
v 0.39270180 0.81293529 0.30249146
v 0.39554977 0.79678363 0.30249146
v 0.39270180 0.78063184 0.30249146
v 0.38450152 0.76642829 0.30249146
v 0.37193763 0.75588602 0.30249146
v 0.35652590 0.75027663 0.30249146
v 0.34012496 0.75027663 0.30249146
v 0.32471323 0.75588602 0.30249143
v 0.31214935 0.76642829 0.30249143
v 0.30394894 0.78063190 0.30249143
v 0.30110091 0.79678363 0.30249143
v 0.31620544 0.82373542 0.30166414
v 0.30892444 0.81112444 0.30166414
v 0.32736063 0.83309573 0.30166414
v 0.34104443 0.83807617 0.30166411
v 0.35560644 0.83807617 0.30166417
v 0.36929017 0.83309573 0.30166411
v 0.38044530 0.82373542 0.30166411
v 0.38772625 0.81112438 0.30166417
v 0.39025491 0.79678363 0.30166417
v 0.38772625 0.78244287 0.30166417
v 0.38044536 0.76983178 0.30166417
v 0.36929023 0.76047152 0.30166417
v 0.35560650 0.75549102 0.30166417
v 0.34104449 0.75549102 0.30166417
v 0.32736057 0.76047152 0.30166414
v 0.31620550 0.76983178 0.30166414
v 0.30892444 0.78244287 0.30166414
v 0.30639577 0.79678363 0.30166414
v 0.30971867 0.81083530 0.30055267
v 0.31685293 0.82319212 0.30055267
v 0.31685299 0.82319212 0.25990677
v 0.30971873 0.81083530 0.25990677
v 0.32778323 0.83236367 0.30055267
v 0.32778329 0.83236367 0.25990677
v 0.34119111 0.83724380 0.30055270
v 0.34119117 0.83724380 0.25990677
v 0.35545957 0.83724380 0.30055270
v 0.35545963 0.83724380 0.25990677
v 0.36886752 0.83236367 0.30055270
v 0.36886758 0.83236367 0.25990677
v 0.37979782 0.82319212 0.30055270
v 0.37979788 0.82319212 0.25990677
v 0.38693202 0.81083530 0.30055270
v 0.38693208 0.81083530 0.25990677
v 0.38940966 0.79678363 0.30055270
v 0.38940972 0.79678363 0.25990677
v 0.38693202 0.78273195 0.30055270
v 0.38693208 0.78273195 0.25990677
v 0.37979788 0.77037507 0.30055270
v 0.37979788 0.77037507 0.25990677
v 0.36886758 0.76120353 0.30055270
v 0.36886758 0.76120353 0.25990677
v 0.35545963 0.75632346 0.30055270
v 0.35545963 0.75632346 0.25990677
v 0.34119117 0.75632346 0.30055270
v 0.34119117 0.75632346 0.25990677
v 0.32778329 0.76120353 0.30055267
v 0.32778329 0.76120353 0.25990677
v 0.31685299 0.77037507 0.30055267
v 0.31685299 0.77037507 0.25990677
v 0.30971867 0.78273195 0.30055267
v 0.30971873 0.78273195 0.25990677
v 0.30724108 0.79678363 0.30055267
v 0.30724114 0.79678363 0.25990677
v 0.30971867 0.81083530 0.30055267
v 0.30971873 0.81083530 0.25990677
v 0.31706119 0.82301748 0.25900918
v 0.30997413 0.81074238 0.25900918
v 0.32791913 0.83212841 0.25900918
v 0.34123838 0.83697617 0.25900918
v 0.35541242 0.83697617 0.25900918
v 0.36873168 0.83212841 0.25900918
v 0.37958968 0.82301742 0.25900918
v 0.38667673 0.81074232 0.25900918
v 0.38913798 0.79678363 0.25900918
v 0.38667673 0.78282487 0.25900918
v 0.37958968 0.77054977 0.25900918
v 0.36873168 0.76143885 0.25900918
v 0.35541242 0.75659102 0.25900918
v 0.34123838 0.75659102 0.25900918
v 0.32791913 0.76143885 0.25900918
v 0.31706119 0.77054977 0.25900918
v 0.30997413 0.78282487 0.25900918
v 0.30751288 0.79678363 0.25900918
v 0.31706119 0.82301748 0.25900918
v 0.30997413 0.81074238 0.25900918
v 0.32791913 0.83212841 0.25900918
v 0.34123838 0.83697617 0.25900918
v 0.35541242 0.83697617 0.25900918
v 0.36873168 0.83212841 0.25900918
v 0.37958968 0.82301742 0.25900918
v 0.38667673 0.81074232 0.25900918
v 0.38913798 0.79678363 0.25900918
v 0.38667673 0.78282487 0.25900918
v 0.37958968 0.77054977 0.25900918
v 0.36873168 0.76143885 0.25900918
v 0.35541242 0.75659102 0.25900918
v 0.34123838 0.75659102 0.25900918
v 0.32791913 0.76143885 0.25900918
v 0.31706119 0.77054977 0.25900918
v 0.30997413 0.78282487 0.25900918
v 0.30751288 0.79678363 0.25900918
v 0.30971873 0.81083530 0.25990677
v 0.30997413 0.81074238 0.25900918
v 0.31669110 0.82332796 0.30130926
v 0.30952018 0.81090760 0.30130926
v 0.32767755 0.83254665 0.30130926
v 0.34115446 0.83745193 0.30130929
v 0.35549629 0.83745193 0.30130929
v 0.36897314 0.83254665 0.30130929
v 0.37995970 0.82332790 0.30130929
v 0.38713056 0.81090754 0.30130929
v 0.38962108 0.79678363 0.30130929
v 0.38713056 0.78265965 0.30130929
v 0.37995976 0.77023923 0.30130929
v 0.36897320 0.76102054 0.30130929
v 0.35549635 0.75611538 0.30130929
v 0.34115452 0.75611538 0.30130929
v 0.32767761 0.76102054 0.30130926
v 0.31669110 0.77023923 0.30130926
v 0.30952018 0.78265965 0.30130926
v 0.30702966 0.79678363 0.30130926
v 0.30952018 0.81090760 0.30130926
v 0.31669110 0.82332796 0.30130926
v 0.30952018 0.81090760 0.30130926
v 0.32767755 0.83254665 0.30130926
v 0.34115446 0.83745193 0.30130929
v 0.35549629 0.83745193 0.30130929
v 0.36897314 0.83254665 0.30130929
v 0.37995970 0.82332790 0.30130929
v 0.38713056 0.81090754 0.30130929
v 0.38962108 0.79678363 0.30130929
v 0.38713056 0.78265965 0.30130929
v 0.37995976 0.77023923 0.30130929
v 0.36897320 0.76102054 0.30130929
v 0.35549635 0.75611538 0.30130929
v 0.34115452 0.75611538 0.30130929
v 0.32767761 0.76102054 0.30130926
v 0.31669110 0.77023923 0.30130926
v 0.30952018 0.78265965 0.30130926
v 0.30702966 0.79678363 0.30130926
v 0.26736635 0.79678363 0.31754869
v 0.27224874 0.76909399 0.31754869
v 0.27224874 0.76909399 0.32841530
v 0.26736635 0.79678363 0.32841530
v 0.28630716 0.74474418 0.31754869
v 0.28630716 0.74474418 0.32841530
v 0.30784589 0.72667104 0.31754866
v 0.30784589 0.72667104 0.32841527
v 0.33426702 0.71705455 0.31754866
v 0.33426702 0.71705455 0.32841527
v 0.36238378 0.71705455 0.31754869
v 0.36238378 0.71705455 0.32841530
v 0.38880485 0.72667104 0.31754869
v 0.38880485 0.72667104 0.32841530
v 0.41034353 0.74474418 0.31754872
v 0.41034353 0.74474418 0.32841533
v 0.42440200 0.76909399 0.31754872
v 0.42440200 0.76909399 0.32841533
v 0.42928439 0.79678363 0.31754869
v 0.42928439 0.79678363 0.32841533
v 0.42440200 0.82447320 0.31754869
v 0.42440200 0.82447320 0.32841533
v 0.41034353 0.84882307 0.31754869
v 0.41034353 0.84882307 0.32841533
v 0.38880491 0.86689615 0.31754869
v 0.38880491 0.86689615 0.32841530
v 0.36238378 0.87651271 0.31754869
v 0.36238378 0.87651271 0.32841530
v 0.33426702 0.87651271 0.31754866
v 0.33426702 0.87651271 0.32841530
v 0.30784589 0.86689615 0.31754866
v 0.30784589 0.86689615 0.32841530
v 0.28630716 0.84882313 0.31754866
v 0.28630716 0.84882313 0.32841530
v 0.27224886 0.82447326 0.31754866
v 0.27224886 0.82447326 0.32841530
v 0.27224886 0.82447326 0.31754866
v 0.27224886 0.82447326 0.32841530
v 0.29684746 0.83997875 0.32640642
v 0.31472552 0.85498023 0.32640642
v 0.33665627 0.86296237 0.32640642
v 0.33665627 0.86296237 0.32640642
v 0.35999447 0.86296237 0.32640645
v 0.38192528 0.85498023 0.32640645
v 0.38192528 0.85498023 0.32640645
v 0.39980334 0.83997875 0.32640645
v 0.41147244 0.81976724 0.32640645
v 0.33665627 0.86296237 0.32640642
v 0.38192528 0.85498023 0.32640645
v 0.41147244 0.81976724 0.32640645
v 0.41147244 0.81976724 0.32640645
v 0.41552508 0.79678363 0.32640645
v 0.41147244 0.77379996 0.32640651
v 0.41147244 0.77379996 0.32640651
v 0.39980334 0.75358844 0.32640651
v 0.38192517 0.73858696 0.32640651
v 0.41147244 0.81976724 0.32640645
v 0.41147244 0.77379996 0.32640651
v 0.38192517 0.73858696 0.32640651
v 0.38192517 0.73858696 0.32640651
v 0.35999447 0.73060483 0.32640651
v 0.33665627 0.73060483 0.32640648
v 0.33665627 0.73060483 0.32640648
v 0.31472552 0.73858696 0.32640648
v 0.29684740 0.75358844 0.32640648
v 0.38192517 0.73858696 0.32640651
v 0.33665627 0.73060483 0.32640648
v 0.29684740 0.75358844 0.32640648
v 0.41147244 0.81976724 0.32640645
v 0.38192517 0.73858696 0.32640651
v 0.29684740 0.75358844 0.32640648
v 0.33665627 0.86296237 0.32640642
v 0.41147244 0.81976724 0.32640645
v 0.29684740 0.75358844 0.32640648
v 0.29684740 0.75358844 0.32640648
v 0.28517830 0.77379996 0.32640648
v 0.28112566 0.79678363 0.32640648
v 0.33665627 0.86296237 0.32640642
v 0.29684740 0.75358844 0.32640648
v 0.28112566 0.79678363 0.32640648
v 0.29684746 0.83997875 0.32640642
v 0.33665627 0.86296237 0.32640642
v 0.28112566 0.79678363 0.32640648
v 0.28517830 0.81976736 0.32640642
v 0.29684746 0.83997875 0.32640642
v 0.28112566 0.79678363 0.32640648
v 0.27307099 0.76939327 0.32927701
v 0.28697747 0.74530661 0.32927701
v 0.30828339 0.72742885 0.32927704
v 0.30828339 0.72742885 0.32927704
v 0.33441895 0.71791631 0.32927704
v 0.36223185 0.71791631 0.32927701
v 0.36223185 0.71791631 0.32927701
v 0.38836735 0.72742885 0.32927701
v 0.40967321 0.74530661 0.32927704
v 0.30828339 0.72742885 0.32927704
v 0.36223185 0.71791631 0.32927701
v 0.40967321 0.74530661 0.32927704
v 0.40967321 0.74530661 0.32927704
v 0.42357975 0.76939327 0.32927704
v 0.42840934 0.79678363 0.32927704
v 0.42840934 0.79678363 0.32927704
v 0.42357975 0.82417399 0.32927704
v 0.40967321 0.84826058 0.32927704
v 0.40967321 0.74530661 0.32927704
v 0.40967321 0.84826058 0.32927704
v 0.38836735 0.86613840 0.32927704
v 0.36223185 0.87565100 0.32927704
v 0.36223185 0.87565100 0.32927704
v 0.33441895 0.87565100 0.32927701
v 0.30828339 0.86613846 0.32927701
v 0.40967321 0.84826058 0.32927704
v 0.36223185 0.87565100 0.32927704
v 0.30828339 0.86613846 0.32927701
v 0.40967321 0.74530661 0.32927704
v 0.40967321 0.84826058 0.32927704
v 0.30828339 0.86613846 0.32927701
v 0.30828339 0.72742885 0.32927704
v 0.40967321 0.74530661 0.32927704
v 0.30828339 0.86613846 0.32927701
v 0.30828339 0.86613846 0.32927701
v 0.28697747 0.84826070 0.32927701
v 0.27307099 0.82417399 0.32927701
v 0.30828339 0.72742885 0.32927704
v 0.30828339 0.86613846 0.32927701
v 0.27307099 0.82417399 0.32927701
v 0.27307099 0.76939327 0.32927701
v 0.30828339 0.72742885 0.32927704
v 0.27307099 0.82417399 0.32927701
v 0.26824141 0.79678363 0.32927701
v 0.27307099 0.76939327 0.32927701
v 0.27307099 0.82417399 0.32927701
v 0.27321315 0.76944500 0.31573614
v 0.26839268 0.79678363 0.31573614
v 0.28007108 0.79678363 0.30872962
v 0.28418738 0.77343929 0.30872962
v 0.27321315 0.82412225 0.31573614
v 0.28418738 0.82012802 0.30872962
v 0.28709334 0.84816343 0.31573614
v 0.29603958 0.84065664 0.30872962
v 0.30835909 0.86600745 0.31573609
v 0.31419832 0.85589355 0.30872962
v 0.33444524 0.87550193 0.31573609
v 0.33647317 0.86400098 0.30872962
v 0.36220556 0.87550193 0.31573611
v 0.36017764 0.86400086 0.30872965
v 0.38829178 0.86600733 0.31573611
v 0.38245249 0.85589355 0.30872965
v 0.40955734 0.84816331 0.31573611
v 0.40061116 0.84065658 0.30872965
v 0.42343754 0.82412219 0.31573611
v 0.41246331 0.82012790 0.30872965
v 0.42825806 0.79678363 0.31573617
v 0.41657966 0.79678363 0.30872965
v 0.42343754 0.76944500 0.31573617
v 0.41246331 0.77343929 0.30872965
v 0.40955734 0.74540383 0.31573617
v 0.40061116 0.75291061 0.30872965
v 0.38829178 0.72755980 0.31573614
v 0.38245255 0.73767364 0.30872965
v 0.36220556 0.71806526 0.31573614
v 0.36017770 0.72956628 0.30872965
v 0.33444518 0.71806526 0.31573611
v 0.33647317 0.72956628 0.30872962
v 0.30835897 0.72755980 0.31573611
v 0.31419832 0.73767364 0.30872962
v 0.28709334 0.74540383 0.31573614
v 0.29603958 0.75291061 0.30872962
v 0.27224874 0.76909399 0.32841530
v 0.27307099 0.76939327 0.32927701
v 0.26824141 0.79678363 0.32927701
v 0.26824141 0.79678363 0.32927701
v 0.26736635 0.79678363 0.32841530
v 0.27224874 0.76909399 0.32841530
v 0.28630716 0.74474418 0.32841530
v 0.28697747 0.74530661 0.32927701
v 0.27307099 0.76939327 0.32927701
v 0.27307099 0.76939327 0.32927701
v 0.27224874 0.76909399 0.32841530
v 0.28630716 0.74474418 0.32841530
v 0.30784589 0.72667104 0.32841527
v 0.30828339 0.72742885 0.32927704
v 0.28697747 0.74530661 0.32927701
v 0.28697747 0.74530661 0.32927701
v 0.28630716 0.74474418 0.32841530
v 0.30784589 0.72667104 0.32841527
v 0.33426702 0.71705455 0.32841527
v 0.33441895 0.71791631 0.32927704
v 0.30828339 0.72742885 0.32927704
v 0.30828339 0.72742885 0.32927704
v 0.30784589 0.72667104 0.32841527
v 0.33426702 0.71705455 0.32841527
v 0.36238378 0.71705455 0.32841530
v 0.36223185 0.71791631 0.32927701
v 0.33441895 0.71791631 0.32927704
v 0.33441895 0.71791631 0.32927704
v 0.33426702 0.71705455 0.32841527
v 0.36238378 0.71705455 0.32841530
v 0.38880485 0.72667104 0.32841530
v 0.38836735 0.72742885 0.32927701
v 0.36223185 0.71791631 0.32927701
v 0.36223185 0.71791631 0.32927701
v 0.36238378 0.71705455 0.32841530
v 0.38880485 0.72667104 0.32841530
v 0.41034353 0.74474418 0.32841533
v 0.40967321 0.74530661 0.32927704
v 0.38836735 0.72742885 0.32927701
v 0.38836735 0.72742885 0.32927701
v 0.38880485 0.72667104 0.32841530
v 0.41034353 0.74474418 0.32841533
v 0.42440200 0.76909399 0.32841533
v 0.42357975 0.76939327 0.32927704
v 0.40967321 0.74530661 0.32927704
v 0.40967321 0.74530661 0.32927704
v 0.41034353 0.74474418 0.32841533
v 0.42440200 0.76909399 0.32841533
v 0.42928439 0.79678363 0.32841533
v 0.42840934 0.79678363 0.32927704
v 0.42357975 0.76939327 0.32927704
v 0.42357975 0.76939327 0.32927704
v 0.42440200 0.76909399 0.32841533
v 0.42928439 0.79678363 0.32841533
v 0.42440200 0.82447320 0.32841533
v 0.42357975 0.82417399 0.32927704
v 0.42840934 0.79678363 0.32927704
v 0.42840934 0.79678363 0.32927704
v 0.42928439 0.79678363 0.32841533
v 0.42440200 0.82447320 0.32841533
v 0.41034353 0.84882307 0.32841533
v 0.40967321 0.84826058 0.32927704
v 0.42357975 0.82417399 0.32927704
v 0.42357975 0.82417399 0.32927704
v 0.42440200 0.82447320 0.32841533
v 0.41034353 0.84882307 0.32841533
v 0.38880491 0.86689615 0.32841530
v 0.38836735 0.86613840 0.32927704
v 0.40967321 0.84826058 0.32927704
v 0.40967321 0.84826058 0.32927704
v 0.41034353 0.84882307 0.32841533
v 0.38880491 0.86689615 0.32841530
v 0.36238378 0.87651271 0.32841530
v 0.36223185 0.87565100 0.32927704
v 0.38836735 0.86613840 0.32927704
v 0.38836735 0.86613840 0.32927704
v 0.38880491 0.86689615 0.32841530
v 0.36238378 0.87651271 0.32841530
v 0.33426702 0.87651271 0.32841530
v 0.33441895 0.87565100 0.32927701
v 0.36223185 0.87565100 0.32927704
v 0.36223185 0.87565100 0.32927704
v 0.36238378 0.87651271 0.32841530
v 0.33426702 0.87651271 0.32841530
v 0.30784589 0.86689615 0.32841530
v 0.30828339 0.86613846 0.32927701
v 0.33441895 0.87565100 0.32927701
v 0.33441895 0.87565100 0.32927701
v 0.33426702 0.87651271 0.32841530
v 0.30784589 0.86689615 0.32841530
v 0.28630716 0.84882313 0.32841530
v 0.28697747 0.84826070 0.32927701
v 0.30828339 0.86613846 0.32927701
v 0.30828339 0.86613846 0.32927701
v 0.30784589 0.86689615 0.32841530
v 0.28630716 0.84882313 0.32841530
v 0.27224886 0.82447326 0.32841530
v 0.27307099 0.82417399 0.32927701
v 0.28697747 0.84826070 0.32927701
v 0.28697747 0.84826070 0.32927701
v 0.28630716 0.84882313 0.32841530
v 0.27224886 0.82447326 0.32841530
v 0.26736635 0.79678363 0.32841530
v 0.26824141 0.79678363 0.32927701
v 0.27307099 0.82417399 0.32927701
v 0.27307099 0.82417399 0.32927701
v 0.27224886 0.82447326 0.32841530
v 0.26736635 0.79678363 0.32841530
v 0.26762295 0.79678363 0.31649712
v 0.27248991 0.76918173 0.31649712
v 0.28650367 0.74490905 0.31649712
v 0.30797422 0.72689325 0.31649709
v 0.33431160 0.71730721 0.31649709
v 0.36233926 0.71730721 0.31649712
v 0.38867664 0.72689325 0.31649712
v 0.41014707 0.74490905 0.31649715
v 0.42416084 0.76918173 0.31649715
v 0.42902780 0.79678363 0.31649715
v 0.42416084 0.82438546 0.31649715
v 0.41014707 0.84865814 0.31649715
v 0.38867664 0.86667389 0.31649715
v 0.36233926 0.87626004 0.31649715
v 0.33431160 0.87626004 0.31649712
v 0.30797422 0.86667401 0.31649712
v 0.28650379 0.84865814 0.31649712
v 0.27248991 0.82438552 0.31649712
v 0.26736635 0.79678363 0.31754869
v 0.26762295 0.79678363 0.31649712
v 0.27248991 0.76918173 0.31649712
v 0.27224874 0.76909399 0.31754869
v 0.28650367 0.74490905 0.31649712
v 0.28630716 0.74474418 0.31754869
v 0.30797422 0.72689325 0.31649709
v 0.30784589 0.72667104 0.31754866
v 0.33431160 0.71730721 0.31649709
v 0.33426702 0.71705455 0.31754866
v 0.36233926 0.71730721 0.31649712
v 0.36238378 0.71705455 0.31754869
v 0.38867664 0.72689325 0.31649712
v 0.38880485 0.72667104 0.31754869
v 0.41014707 0.74490905 0.31649715
v 0.41034353 0.74474418 0.31754872
v 0.42416084 0.76918173 0.31649715
v 0.42440200 0.76909399 0.31754872
v 0.42902780 0.79678363 0.31649715
v 0.42928439 0.79678363 0.31754869
v 0.42416084 0.82438546 0.31649715
v 0.42440200 0.82447320 0.31754869
v 0.41014707 0.84865814 0.31649715
v 0.41034353 0.84882307 0.31754869
v 0.38867664 0.86667389 0.31649715
v 0.38880491 0.86689615 0.31754869
v 0.36233926 0.87626004 0.31649715
v 0.36238378 0.87651271 0.31754869
v 0.33431160 0.87626004 0.31649712
v 0.33426702 0.87651271 0.31754866
v 0.30797422 0.86667401 0.31649712
v 0.30784589 0.86689615 0.31754866
v 0.28650379 0.84865814 0.31649712
v 0.28630716 0.84882313 0.31754866
v 0.27248991 0.82438552 0.31649712
v 0.27224886 0.82447326 0.31754866
v 0.27224886 0.82447326 0.31754866
v 0.27248991 0.82438552 0.31649712
v 0.28418738 0.77343929 0.30872962
v 0.28007108 0.79678363 0.30872962
v 0.28112566 0.79678363 0.30931401
v 0.28112566 0.79678363 0.30931401
v 0.28517830 0.77379996 0.30931404
v 0.28418738 0.77343929 0.30872962
v 0.28007108 0.79678363 0.30872962
v 0.28418738 0.82012802 0.30872962
v 0.28517830 0.81976736 0.30931401
v 0.28517830 0.81976736 0.30931401
v 0.28112566 0.79678363 0.30931401
v 0.28007108 0.79678363 0.30872962
v 0.28418738 0.82012802 0.30872962
v 0.29603958 0.84065664 0.30872962
v 0.29684746 0.83997875 0.30931401
v 0.29684746 0.83997875 0.30931401
v 0.28517830 0.81976736 0.30931401
v 0.28418738 0.82012802 0.30872962
v 0.29603958 0.84065664 0.30872962
v 0.31419832 0.85589355 0.30872962
v 0.31472552 0.85498023 0.30931401
v 0.31472552 0.85498023 0.30931401
v 0.29684746 0.83997875 0.30931401
v 0.29603958 0.84065664 0.30872962
v 0.31419832 0.85589355 0.30872962
v 0.33647317 0.86400098 0.30872962
v 0.33665627 0.86296237 0.30931401
v 0.33665627 0.86296237 0.30931401
v 0.31472552 0.85498023 0.30931401
v 0.31419832 0.85589355 0.30872962
v 0.33647317 0.86400098 0.30872962
v 0.36017764 0.86400086 0.30872965
v 0.35999447 0.86296237 0.30931404
v 0.35999447 0.86296237 0.30931404
v 0.33665627 0.86296237 0.30931401
v 0.33647317 0.86400098 0.30872962
v 0.36017764 0.86400086 0.30872965
v 0.38245249 0.85589355 0.30872965
v 0.38192528 0.85498023 0.30931404
v 0.38192528 0.85498023 0.30931404
v 0.35999447 0.86296237 0.30931404
v 0.36017764 0.86400086 0.30872965
v 0.38245249 0.85589355 0.30872965
v 0.40061116 0.84065658 0.30872965
v 0.39980334 0.83997875 0.30931404
v 0.39980334 0.83997875 0.30931404
v 0.38192528 0.85498023 0.30931404
v 0.38245249 0.85589355 0.30872965
v 0.40061116 0.84065658 0.30872965
v 0.41246331 0.82012790 0.30872965
v 0.41147244 0.81976724 0.30931404
v 0.41147244 0.81976724 0.30931404
v 0.39980334 0.83997875 0.30931404
v 0.40061116 0.84065658 0.30872965
v 0.41246331 0.82012790 0.30872965
v 0.41657966 0.79678363 0.30872965
v 0.41552508 0.79678363 0.30931404
v 0.41552508 0.79678363 0.30931404
v 0.41147244 0.81976724 0.30931404
v 0.41246331 0.82012790 0.30872965
v 0.41657966 0.79678363 0.30872965
v 0.41246331 0.77343929 0.30872965
v 0.41147244 0.77379996 0.30931404
v 0.41147244 0.77379996 0.30931404
v 0.41552508 0.79678363 0.30931404
v 0.41657966 0.79678363 0.30872965
v 0.41246331 0.77343929 0.30872965
v 0.40061116 0.75291061 0.30872965
v 0.39980334 0.75358844 0.30931404
v 0.39980334 0.75358844 0.30931404
v 0.41147244 0.77379996 0.30931404
v 0.41246331 0.77343929 0.30872965
v 0.40061116 0.75291061 0.30872965
v 0.38245255 0.73767364 0.30872965
v 0.38192523 0.73858696 0.30931407
v 0.38192523 0.73858696 0.30931407
v 0.39980334 0.75358844 0.30931404
v 0.40061116 0.75291061 0.30872965
v 0.38245255 0.73767364 0.30872965
v 0.36017770 0.72956628 0.30872965
v 0.35999453 0.73060483 0.30931407
v 0.35999453 0.73060483 0.30931407
v 0.38192523 0.73858696 0.30931407
v 0.38245255 0.73767364 0.30872965
v 0.36017770 0.72956628 0.30872965
v 0.33647317 0.72956628 0.30872962
v 0.33665633 0.73060483 0.30931404
v 0.33665633 0.73060483 0.30931404
v 0.35999453 0.73060483 0.30931407
v 0.36017770 0.72956628 0.30872965
v 0.33647317 0.72956628 0.30872962
v 0.31419832 0.73767364 0.30872962
v 0.31472558 0.73858696 0.30931404
v 0.31472558 0.73858696 0.30931404
v 0.33665633 0.73060483 0.30931404
v 0.33647317 0.72956628 0.30872962
v 0.31419832 0.73767364 0.30872962
v 0.29603958 0.75291061 0.30872962
v 0.29684740 0.75358844 0.30931404
v 0.29684740 0.75358844 0.30931404
v 0.31472558 0.73858696 0.30931404
v 0.31419832 0.73767364 0.30872962
v 0.29603958 0.75291061 0.30872962
v 0.28418738 0.77343929 0.30872962
v 0.28517830 0.77379996 0.30931404
v 0.28517830 0.77379996 0.30931404
v 0.29684740 0.75358844 0.30931404
v 0.29603958 0.75291061 0.30872962
v 0.28517830 0.77379996 0.30931404
v 0.28112566 0.79678363 0.30931401
v 0.28112566 0.79678363 0.32640648
v 0.28517830 0.77379996 0.32640648
v 0.28517830 0.81976736 0.30931401
v 0.28517830 0.81976736 0.32640642
v 0.29684746 0.83997875 0.30931401
v 0.29684746 0.83997875 0.32640642
v 0.29684746 0.83997875 0.30931401
v 0.31472552 0.85498023 0.30931401
v 0.31472552 0.85498023 0.32640642
v 0.29684746 0.83997875 0.32640642
v 0.33665627 0.86296237 0.30931401
v 0.33665627 0.86296237 0.32640642
v 0.35999447 0.86296237 0.30931404
v 0.35999447 0.86296237 0.32640645
v 0.38192528 0.85498023 0.30931404
v 0.38192528 0.85498023 0.32640645
v 0.39980334 0.83997875 0.30931404
v 0.39980334 0.83997875 0.32640645
v 0.39980334 0.83997875 0.30931404
v 0.41147244 0.81976724 0.30931404
v 0.41147244 0.81976724 0.32640645
v 0.39980334 0.83997875 0.32640645
v 0.41552508 0.79678363 0.30931404
v 0.41552508 0.79678363 0.32640645
v 0.41147244 0.77379996 0.30931404
v 0.41147244 0.77379996 0.32640651
v 0.39980334 0.75358844 0.30931404
v 0.39980334 0.75358844 0.32640651
v 0.39980334 0.75358844 0.30931404
v 0.38192523 0.73858696 0.30931407
v 0.38192517 0.73858696 0.32640651
v 0.39980334 0.75358844 0.32640651
v 0.35999453 0.73060483 0.30931407
v 0.35999447 0.73060483 0.32640651
v 0.33665633 0.73060483 0.30931404
v 0.33665627 0.73060483 0.32640648
v 0.31472558 0.73858696 0.30931404
v 0.31472552 0.73858696 0.32640648
v 0.29684740 0.75358844 0.30931404
v 0.29684740 0.75358844 0.32640648
v 0.29684740 0.75358844 0.30931404
v 0.29684740 0.75358844 0.32640648
vt 0.31424341 0.97426003
vt 0.32324263 0.98181129
vt 0.33428180 0.98582917
vt 0.34602940 0.98582917
vt 0.35706833 0.98181129
vt 0.36606765 0.97426003
vt 0.37194124 0.96408635
vt 0.37398130 0.95251721
vt 0.37194124 0.94094819
vt 0.36606765 0.93077433
vt 0.35706833 0.92322326
vt 0.34602940 0.91920537
vt 0.33428180 0.91920537
vt 0.32324263 0.92322326
vt 0.31424341 0.93077433
vt 0.30836961 0.94094819
vt 0.30632967 0.95251721
vt 0.30836967 0.96408635
vt 0.14215888 0.93627775
vt 0.13123626 0.95471299
vt 0.13867982 0.96268469
vt 0.15183209 0.94122434
vt 0.11479509 0.96834618
vt 0.11914295 0.97837573
vt 0.09480183 0.97559953
vt 0.09553407 0.98650813
vt 0.07359381 0.97560149
vt 0.07062139 0.98611164
vt 0.05366662 0.96832401
vt 0.04735016 0.97722274
vt 0.03731727 0.95463723
vt 0.02838175 0.96092421
vt 0.02637456 0.93621767
vt 0.01583348 0.93912119
vt 0.02226501 0.91529286
vt 0.01143710 0.91432846
vt 0.02589433 0.89441150
vt 0.01617984 0.88966006
vt 0.03685600 0.87610817
vt 0.02933871 0.86825657
vt 0.05340965 0.86248088
vt 0.04887212 0.85251868
vt 0.07344139 0.85509002
vt 0.07245162 0.84418619
vt 0.09474748 0.85489941
vt 0.09748572 0.84432888
vt 0.11492042 0.86200333
vt 0.12110142 0.85302222
vt 0.13153021 0.87558651
vt 0.14043640 0.86933923
vt 0.14242089 0.89407206
vt 0.15293513 0.89141047
vt 0.14610690 0.91519755
vt 0.15687053 0.91645467
vt 0.97717947 0.83488858
vt 0.95761102 0.80036235
vt 0.94845051 0.80755013
vt 0.96610421 0.83853418
vt 0.92740417 0.77461940
vt 0.92124516 0.78451204
vt 0.89021367 0.76077056
vt 0.88780653 0.77218264
vt 0.85053515 0.76047504
vt 0.85217553 0.77202380
vt 0.81315011 0.77376330
vt 0.81864065 0.78405559
vt 0.78256595 0.79903692
vt 0.79124379 0.80683082
vt 0.76246804 0.83324796
vt 0.77328777 0.83760387
vt 0.75528300 0.87226939
vt 0.76693869 0.87266225
vt 0.76187819 0.91139495
vt 0.77296680 0.90777677
vt 0.78145772 0.94590509
vt 0.79063863 0.93871278
vt 0.81165951 0.97163773
vt 0.81782693 0.96173859
vt 0.84884053 0.98548931
vt 0.85125083 0.97407788
vt 0.88851714 0.98578954
vt 0.88687879 0.97424245
vt 0.92590159 0.97250134
vt 0.92041171 0.96221071
vt 0.95648354 0.94722682
vt 0.94779986 0.93943322
vt 0.97657162 0.91301799
vt 0.96573871 0.90866268
vt 0.98375589 0.87400633
vt 0.97208375 0.87362516
vt 0.93075925 0.82191622
vt 0.94448525 0.84600657
vt 0.90951526 0.80411196
vt 0.88347477 0.79464334
vt 0.85577869 0.79462099
vt 0.82975018 0.80405891
vt 0.80852026 0.82182866
vt 0.79464936 0.84578669
vt 0.78981209 0.87304342
vt 0.79459190 0.90031183
vt 0.80840605 0.92430174
vt 0.82959366 0.94211948
vt 0.85559618 0.95161712
vt 0.88327843 0.95165026
vt 0.90929896 0.94221318
vt 0.93051004 0.92444181
vt 0.94433230 0.90048373
vt 0.94912547 0.87325275
vt 0.92392570 0.82740647
vt 0.93603116 0.84878516
vt 0.90493166 0.81170821
vt 0.88175130 0.80338252
vt 0.85714251 0.80342859
vt 0.83403862 0.81187034
vt 0.81521946 0.82770133
vt 0.80295300 0.84901398
vt 0.79871845 0.87323624
vt 0.80302691 0.89744544
vt 0.81535369 0.91872281
vt 0.83421326 0.93450105
vt 0.85733199 0.94287956
vt 0.88192004 0.94284856
vt 0.90500891 0.93440819
vt 0.92379606 0.91857243
vt 0.93597561 0.89725626
vt 0.94007879 0.87305284
vt 0.15787795 0.80345321
vt 0.16989158 0.80345321
vt 0.16989158 0.83748496
vt 0.15787795 0.83748496
vt 0.18178405 0.80345321
vt 0.18178405 0.83748496
vt 0.19357197 0.80345321
vt 0.19357197 0.83748496
vt 0.20531921 0.80345321
vt 0.20531921 0.83748496
vt 0.21710719 0.80345321
vt 0.21710719 0.83748496
vt 0.22899963 0.80345321
vt 0.22899963 0.83748496
vt 0.24101321 0.80345321
vt 0.24101321 0.83748496
vt 0.25310713 0.80345321
vt 0.25310713 0.83748496
vt 0.26520094 0.80345321
vt 0.26520094 0.83748496
vt 0.27721459 0.80345321
vt 0.27721459 0.83748496
vt 0.28910702 0.80345321
vt 0.28910702 0.83748496
vt 0.30089495 0.80345321
vt 0.30089495 0.83748496
vt 0.31264225 0.80345321
vt 0.31264225 0.83748496
vt 0.32443035 0.80345321
vt 0.32443035 0.83748496
vt 0.33632275 0.80345321
vt 0.33632275 0.83748496
vt 0.34833649 0.80345321
vt 0.34833649 0.83748496
vt 0.36043024 0.80345321
vt 0.36043024 0.83748496
vt 0.37252408 0.80345321
vt 0.37252408 0.83748496
vt 0.31371537 0.97470319
vt 0.30772182 0.96432209
vt 0.32289800 0.98240840
vt 0.33416206 0.98650813
vt 0.34614900 0.98650813
vt 0.35741320 0.98240823
vt 0.36659569 0.97470319
vt 0.37258917 0.96432209
vt 0.37467074 0.95251721
vt 0.37258917 0.94071227
vt 0.36659569 0.93033117
vt 0.35741320 0.92262614
vt 0.34614900 0.91852641
vt 0.33416206 0.91852641
vt 0.32289800 0.92262614
vt 0.31371537 0.93033117
vt 0.30772182 0.94071227
vt 0.30564034 0.95251721
vt 0.16989158 0.83823645
vt 0.15787795 0.83823645
vt 0.18178405 0.83823645
vt 0.19357197 0.83823645
vt 0.20531921 0.83823645
vt 0.21710719 0.83823645
vt 0.22899963 0.83823645
vt 0.24101321 0.83823645
vt 0.25310713 0.83823645
vt 0.26520094 0.83823645
vt 0.27721459 0.83823645
vt 0.28910702 0.83823645
vt 0.30089495 0.83823645
vt 0.31264225 0.83823645
vt 0.32443035 0.83823645
vt 0.33632275 0.83823645
vt 0.34833649 0.83823645
vt 0.36043024 0.83823645
vt 0.37252408 0.83748496
vt 0.37252408 0.83823645
vt 0.16989143 0.80281973
vt 0.15787795 0.80281973
vt 0.18178405 0.80281973
vt 0.19357197 0.80281973
vt 0.20531921 0.80281973
vt 0.21710719 0.80281973
vt 0.22899963 0.80281973
vt 0.24101321 0.80281973
vt 0.25310713 0.80281973
vt 0.26520094 0.80281973
vt 0.27721459 0.80281973
vt 0.28910702 0.80281973
vt 0.30089495 0.80281973
vt 0.31264225 0.80281973
vt 0.32443035 0.80281973
vt 0.33632275 0.80281973
vt 0.34833649 0.80281973
vt 0.36043024 0.80281973
vt 0.37252408 0.80281973
vt 0.92281914 0.82806963
vt 0.93491203 0.84900111
vt 0.90417993 0.81264073
vt 0.88138407 0.80448943
vt 0.85717851 0.80459243
vt 0.83447129 0.81295383
vt 0.81599683 0.82857335
vt 0.80398101 0.84956807
vt 0.79987496 0.87340558
vt 0.80417073 0.89720988
vt 0.81634808 0.91810948
vt 0.83493763 0.93358564
vt 0.85769939 0.94177455
vt 0.88188744 0.94168746
vt 0.90457618 0.93332440
vt 0.92300493 0.91768950
vt 0.93494773 0.89668953
vt 0.93905509 0.87285733
vt 0.54791796 0.79686999
vt 0.52462983 0.79686999
vt 0.52462983 0.78757453
vt 0.54791796 0.78757453
vt 0.50149602 0.79686999
vt 0.50149602 0.78757453
vt 0.47859570 0.79686999
vt 0.47859570 0.78757453
vt 0.45589650 0.79686999
vt 0.45589650 0.78757453
vt 0.43327579 0.79686999
vt 0.43327579 0.78757453
vt 0.41057613 0.79686999
vt 0.41057613 0.78757453
vt 0.38767582 0.79686999
vt 0.38767582 0.78757453
vt 0.36454204 0.79686999
vt 0.36454204 0.78757453
vt 0.34125388 0.79686999
vt 0.34125388 0.78757453
vt 0.31796572 0.79686999
vt 0.31796572 0.78757453
vt 0.29483229 0.79686999
vt 0.29483229 0.78757453
vt 0.27193153 0.79686999
vt 0.27193153 0.78757453
vt 0.24923231 0.79686999
vt 0.24923231 0.78757453
vt 0.22661141 0.79686999
vt 0.22661141 0.78757453
vt 0.20391224 0.79686999
vt 0.20391224 0.78757453
vt 0.18101153 0.79686999
vt 0.18101153 0.78757453
vt 0.15787795 0.79686999
vt 0.15787795 0.78757453
vt 0.57120633 0.79686999
vt 0.57120633 0.78757453
vt 0.06894916 0.93124700
vt 0.07346752 0.93503827
vt 0.07901001 0.93705559
vt 0.07901001 0.93705559
vt 0.08490826 0.93705559
vt 0.09045076 0.93503827
vt 0.09045076 0.93503827
vt 0.09496911 0.93124700
vt 0.09791806 0.92613900
vt 0.07901001 0.93705559
vt 0.09045076 0.93503827
vt 0.09791806 0.92613900
vt 0.09791806 0.92613900
vt 0.09894235 0.92033041
vt 0.09791806 0.91452169
vt 0.09791806 0.91452169
vt 0.09496911 0.90941381
vt 0.09045076 0.90562254
vt 0.09791806 0.92613900
vt 0.09791806 0.91452169
vt 0.09045076 0.90562254
vt 0.09045076 0.90562254
vt 0.08490826 0.90360510
vt 0.07901001 0.90360510
vt 0.07901001 0.90360510
vt 0.07346752 0.90562254
vt 0.06894916 0.90941381
vt 0.09045076 0.90562254
vt 0.07901001 0.90360510
vt 0.06894916 0.90941381
vt 0.09791806 0.92613900
vt 0.09045076 0.90562254
vt 0.06894916 0.90941381
vt 0.07901001 0.93705559
vt 0.09791806 0.92613900
vt 0.06894916 0.90941381
vt 0.06894916 0.90941381
vt 0.06600001 0.91452169
vt 0.06497587 0.92033041
vt 0.07901001 0.93705559
vt 0.06894916 0.90941381
vt 0.06497587 0.92033041
vt 0.06894916 0.93124700
vt 0.07901001 0.93705559
vt 0.06497587 0.92033041
vt 0.06600001 0.92613900
vt 0.06894916 0.93124700
vt 0.06497587 0.92033041
vt 0.29669043 0.90220499
vt 0.28722626 0.88071477
vt 0.27105364 0.86369795
vt 0.27105364 0.86369795
vt 0.25004476 0.85323507
vt 0.22673412 0.85056984
vt 0.22673412 0.85056984
vt 0.20391408 0.85603362
vt 0.18434361 0.86900151
vt 0.27105364 0.86369795
vt 0.22673412 0.85056984
vt 0.18434361 0.86900151
vt 0.18434361 0.86900151
vt 0.17040928 0.88791543
vt 0.16381383 0.91047585
vt 0.16381383 0.91047585
vt 0.16534643 0.93393636
vt 0.17480806 0.95546126
vt 0.18434361 0.86900151
vt 0.17480806 0.95546126
vt 0.19104990 0.97246110
vt 0.21211353 0.98289770
vt 0.21211353 0.98289770
vt 0.23547985 0.98549712
vt 0.25833061 0.97992575
vt 0.17480806 0.95546126
vt 0.21211353 0.98289770
vt 0.25833061 0.97992575
vt 0.18434361 0.86900151
vt 0.17480806 0.95546126
vt 0.25833061 0.97992575
vt 0.27105364 0.86369795
vt 0.18434361 0.86900151
vt 0.25833061 0.97992575
vt 0.25833061 0.97992575
vt 0.27794710 0.96692795
vt 0.29225844 0.94823360
vt 0.27105364 0.86369795
vt 0.25833061 0.97992575
vt 0.29225844 0.94823360
vt 0.29669043 0.90220499
vt 0.27105364 0.86369795
vt 0.29225844 0.94823360
vt 0.29875851 0.92564458
vt 0.29669043 0.90220499
vt 0.29225844 0.94823360
vt 0.14501998 0.79491127
vt 0.15143549 0.77174842
vt 0.14057474 0.77024126
vt 0.13526481 0.78966165
vt 0.14908437 0.74748200
vt 0.13789915 0.75034875
vt 0.13748363 0.72593153
vt 0.12812389 0.73264480
vt 0.11917534 0.70980841
vt 0.11277050 0.71935534
vt 0.09653085 0.70089984
vt 0.09381177 0.71203816
vt 0.07226750 0.70016533
vt 0.07352014 0.71153778
vt 0.04923740 0.70766217
vt 0.05429502 0.71791762
vt 0.03016105 0.72251356
vt 0.03841859 0.73043108
vt 0.01731274 0.74295932
vt 0.02778085 0.74758685
vt 0.01222663 0.76654756
vt 0.02364013 0.76732469
vt 0.01550369 0.79043943
vt 0.02648063 0.78727096
vt 0.02675499 0.81174624
vt 0.03596431 0.80500638
vt 0.04463458 0.82785112
vt 0.05095156 0.81833464
vt 0.06695037 0.83673298
vt 0.06959246 0.82556844
vt 0.09090669 0.83729160
vt 0.08954757 0.82581282
vt 0.11351891 0.82957107
vt 0.10835752 0.81911349
vt 0.13215193 0.81476879
vt 0.12388736 0.80640709
vt 0.29788187 0.90200275
vt 0.29669043 0.90220499
vt 0.29875851 0.92564458
vt 0.29875851 0.92564458
vt 0.29969060 0.92581129
vt 0.29788187 0.90200275
vt 0.28813553 0.88020140
vt 0.28722626 0.88071477
vt 0.29669043 0.90220499
vt 0.29669043 0.90220499
vt 0.29788187 0.90200275
vt 0.28813553 0.88020140
vt 0.27168289 0.86295199
vt 0.27105364 0.86369795
vt 0.28722626 0.88071477
vt 0.28722626 0.88071477
vt 0.28813553 0.88020140
vt 0.27168289 0.86295199
vt 0.25038746 0.85230076
vt 0.25004476 0.85323507
vt 0.27105364 0.86369795
vt 0.27105364 0.86369795
vt 0.27168289 0.86295199
vt 0.25038746 0.85230076
vt 0.22673987 0.84955609
vt 0.22673412 0.85056984
vt 0.25004476 0.85323507
vt 0.25004476 0.85323507
vt 0.25038746 0.85230076
vt 0.22673987 0.84955609
vt 0.20357391 0.85507935
vt 0.20391408 0.85603362
vt 0.22673412 0.85056984
vt 0.22673412 0.85056984
vt 0.22673987 0.84955609
vt 0.20357391 0.85507935
vt 0.18369879 0.86822486
vt 0.18434361 0.86900151
vt 0.20391408 0.85603362
vt 0.20391408 0.85603362
vt 0.20357391 0.85507935
vt 0.18369879 0.86822486
vt 0.16953962 0.88740855
vt 0.17040928 0.88791543
vt 0.18434361 0.86900151
vt 0.18434361 0.86900151
vt 0.18369879 0.86822486
vt 0.16953962 0.88740855
vt 0.16282012 0.91029739
vt 0.16381383 0.91047585
vt 0.17040928 0.88791543
vt 0.17040928 0.88791543
vt 0.16953962 0.88740855
vt 0.16282012 0.91029739
vt 0.16435005 0.93410957
vt 0.16534643 0.93393636
vt 0.16381383 0.91047585
vt 0.16381383 0.91047585
vt 0.16282012 0.91029739
vt 0.16435005 0.93410957
vt 0.17393376 0.95596409
vt 0.17480806 0.95546126
vt 0.16534643 0.93393636
vt 0.16534643 0.93393636
vt 0.16435005 0.93410957
vt 0.17393376 0.95596409
vt 0.19039944 0.97323221
vt 0.19104990 0.97246110
vt 0.17480806 0.95546126
vt 0.17480806 0.95546126
vt 0.17393376 0.95596409
vt 0.19039944 0.97323221
vt 0.21176621 0.98384315
vt 0.21211353 0.98289770
vt 0.19104990 0.97246110
vt 0.19104990 0.97246110
vt 0.19039944 0.97323221
vt 0.21176621 0.98384315
vt 0.23547830 0.98650813
vt 0.23547985 0.98549712
vt 0.21211353 0.98289770
vt 0.21211353 0.98289770
vt 0.21176621 0.98384315
vt 0.23547830 0.98650813
vt 0.25868332 0.98089868
vt 0.25833061 0.97992575
vt 0.23547985 0.98549712
vt 0.23547985 0.98549712
vt 0.23547830 0.98650813
vt 0.25868332 0.98089868
vt 0.27860972 0.96774232
vt 0.27794710 0.96692795
vt 0.25833061 0.97992575
vt 0.25833061 0.97992575
vt 0.25868332 0.98089868
vt 0.27860972 0.96774232
vt 0.29294741 0.94868129
vt 0.29225844 0.94823360
vt 0.27794710 0.96692795
vt 0.27794710 0.96692795
vt 0.27860972 0.96774232
vt 0.29294741 0.94868129
vt 0.29969060 0.92581129
vt 0.29875851 0.92564458
vt 0.29225844 0.94823360
vt 0.29225844 0.94823360
vt 0.29294741 0.94868129
vt 0.29969060 0.92581129
vt 0.15192823 0.77190942
vt 0.14588502 0.79541665
vt 0.13274215 0.81569731
vt 0.11369193 0.83060873
vt 0.09069228 0.83823645
vt 0.06643789 0.83747458
vt 0.04392056 0.82833791
vt 0.02592564 0.81195557
vt 0.01464444 0.79035747
vt 0.01143710 0.76617914
vt 0.01669613 0.74234688
vt 0.02979729 0.72173738
vt 0.04916667 0.70681858
vt 0.07249627 0.69933975
vt 0.09705460 0.70016575
vt 0.11995827 0.70926505
vt 0.13833290 0.72571743
vt 0.14954449 0.74758840
vt 0.57290661 0.78075576
vt 0.57290661 0.78162491
vt 0.54812634 0.78162491
vt 0.54812634 0.78075576
vt 0.52351069 0.78162491
vt 0.52351069 0.78075576
vt 0.49914300 0.78162491
vt 0.49914300 0.78075576
vt 0.47498927 0.78162491
vt 0.47498927 0.78075576
vt 0.45091924 0.78162491
vt 0.45091924 0.78075576
vt 0.42676580 0.78162491
vt 0.42676580 0.78075576
vt 0.40239817 0.78162491
vt 0.40239817 0.78075576
vt 0.37778229 0.78162491
vt 0.37778229 0.78075576
vt 0.35300207 0.78162491
vt 0.35300207 0.78075576
vt 0.32822213 0.78162491
vt 0.32822213 0.78075576
vt 0.30360621 0.78162491
vt 0.30360621 0.78075576
vt 0.27923861 0.78162491
vt 0.27923861 0.78075576
vt 0.25508502 0.78162491
vt 0.25508502 0.78075576
vt 0.23101513 0.78162491
vt 0.23101513 0.78075576
vt 0.20686151 0.78162491
vt 0.20686151 0.78075576
vt 0.18249373 0.78162491
vt 0.18249373 0.78075576
vt 0.15787795 0.78162491
vt 0.15787795 0.78075576
vt 0.59768701 0.78075576
vt 0.59768701 0.78162491
vt 0.13526481 0.78966165
vt 0.14057474 0.77024126
vt 0.13951313 0.76991749
vt 0.13951313 0.76991749
vt 0.13478319 0.78917754
vt 0.13526481 0.78966165
vt 0.14057474 0.77024126
vt 0.13789915 0.75034875
vt 0.13674448 0.75035810
vt 0.13674448 0.75035810
vt 0.13951313 0.76991749
vt 0.14057474 0.77024126
vt 0.13789915 0.75034875
vt 0.12812389 0.73264480
vt 0.12709802 0.73303938
vt 0.12709802 0.73303938
vt 0.13674448 0.75035810
vt 0.13789915 0.75034875
vt 0.12812389 0.73264480
vt 0.11277050 0.71935534
vt 0.11200707 0.72005773
vt 0.11200707 0.72005773
vt 0.12709802 0.73303938
vt 0.12812389 0.73264480
vt 0.11277050 0.71935534
vt 0.09381177 0.71203816
vt 0.09337601 0.71292973
vt 0.09337601 0.71292973
vt 0.11200707 0.72005773
vt 0.11277050 0.71935534
vt 0.09381177 0.71203816
vt 0.07352014 0.71153778
vt 0.07343325 0.71250057
vt 0.07343325 0.71250057
vt 0.09337601 0.71292973
vt 0.09381177 0.71203816
vt 0.07352014 0.71153778
vt 0.05429502 0.71791762
vt 0.05454919 0.71884310
vt 0.05454919 0.71884310
vt 0.07343325 0.71250057
vt 0.07352014 0.71153778
vt 0.05429502 0.71791762
vt 0.03841859 0.73043108
vt 0.03897810 0.73121560
vt 0.03897810 0.73121560
vt 0.05454919 0.71884310
vt 0.05429502 0.71791762
vt 0.03841859 0.73043108
vt 0.02778085 0.74758685
vt 0.02857471 0.74813557
vt 0.02857471 0.74813557
vt 0.03897810 0.73121560
vt 0.03841859 0.73043108
vt 0.02778085 0.74758685
vt 0.02364013 0.76732469
vt 0.02456339 0.76757276
vt 0.02456339 0.76757276
vt 0.02857471 0.74813557
vt 0.02778085 0.74758685
vt 0.02364013 0.76732469
vt 0.02648063 0.78727096
vt 0.02741471 0.78719813
vt 0.02741471 0.78719813
vt 0.02456339 0.76757276
vt 0.02364013 0.76732469
vt 0.02648063 0.78727096
vt 0.03596431 0.80500638
vt 0.03680546 0.80462861
vt 0.03680546 0.80462861
vt 0.02741471 0.78719813
vt 0.02648063 0.78727096
vt 0.03596431 0.80500638
vt 0.05095156 0.81833464
vt 0.05161983 0.81767595
vt 0.05161983 0.81767595
vt 0.03680546 0.80462861
vt 0.03596431 0.80500638
vt 0.05095156 0.81833464
vt 0.06959246 0.82556844
vt 0.07000726 0.82465196
vt 0.07000726 0.82465196
vt 0.05161983 0.81767595
vt 0.05095156 0.81833464
vt 0.06959246 0.82556844
vt 0.08954757 0.82581282
vt 0.08962767 0.82471848
vt 0.08962767 0.82471848
vt 0.07000726 0.82465196
vt 0.06959246 0.82556844
vt 0.08954757 0.82581282
vt 0.10835752 0.81911349
vt 0.10813862 0.81808090
vt 0.10813862 0.81808090
vt 0.08962767 0.82471848
vt 0.08954757 0.82581282
vt 0.10835752 0.81911349
vt 0.12388736 0.80640709
vt 0.12368441 0.80577588
vt 0.12368441 0.80577588
vt 0.10813862 0.81808090
vt 0.10835752 0.81911349
vt 0.12388736 0.80640709
vt 0.13526481 0.78966165
vt 0.13478319 0.78917754
vt 0.13478319 0.78917754
vt 0.12368441 0.80577588
vt 0.12388736 0.80640709
vt 0.09728138 0.90242743
vt 0.10308994 0.90242743
vt 0.10308994 0.89819729
vt 0.09728138 0.89819729
vt 0.10889865 0.90242743
vt 0.10889865 0.89819729
vt 0.11400656 0.90242743
vt 0.11400656 0.89819729
vt 0.06497587 0.89701951
vt 0.06949423 0.89701951
vt 0.06949423 0.89278936
vt 0.06497587 0.89278936
vt 0.07503672 0.89701951
vt 0.07503672 0.89278936
vt 0.08093497 0.89701951
vt 0.08093497 0.89278936
vt 0.08647747 0.89701951
vt 0.08647747 0.89278936
vt 0.09099567 0.89701951
vt 0.09099567 0.89278936
vt 0.09217337 0.89701951
vt 0.09728138 0.89701951
vt 0.09728138 0.89278936
vt 0.09217337 0.89278936
vt 0.10308994 0.89701951
vt 0.10308994 0.89278936
vt 0.10889865 0.89701951
vt 0.10889865 0.89278936
vt 0.11400656 0.89701951
vt 0.11400656 0.89278936
vt 0.06497587 0.90242743
vt 0.06949423 0.90242743
vt 0.06949423 0.89819729
vt 0.06497587 0.89819729
vt 0.07503672 0.90242743
vt 0.07503672 0.89819729
vt 0.08093497 0.90242743
vt 0.08093497 0.89819729
vt 0.08647747 0.90242743
vt 0.08647747 0.89819729
vt 0.09099567 0.90242743
vt 0.09099567 0.89819729
vt 0.09217337 0.90242743
vt 0.09217337 0.89819729
vn -0.14839157 0.12451480 -0.98105866
vn -0.09685892 0.16776271 -0.98105758
vn -0.03363952 0.19079205 -0.98105389
vn 0.03364026 0.19076742 -0.98105872
vn 0.09685622 0.16774766 -0.98106045
vn 0.14839444 0.12452411 -0.98105699
vn 0.18203221 0.06625456 -0.98105788
vn 0.19373116 -0.00000117 -0.98105466
vn 0.18202955 -0.06625751 -0.98105824
vn 0.14839052 -0.12450940 -0.98105943
vn 0.09684358 -0.16773589 -0.98106372
vn 0.03363563 -0.19073910 -0.98106438
vn -0.03363610 -0.19075778 -0.98106068
vn -0.09684125 -0.16773587 -0.98106390
vn -0.14839225 -0.12452213 -0.98105758
vn -0.18203485 -0.06625661 -0.98105729
vn -0.19373477 0.00000101 -0.98105401
vn -0.18200229 0.06623915 -0.98106450
vn -0.93969208 0.34202164 -0.00000000
vn -0.76604390 0.64278823 -0.00000000
vn -0.76604533 0.64278656 -0.00000000
vn -0.93969280 0.34201989 -0.00000000
vn -0.50000036 0.86602521 -0.00000000
vn -0.50000215 0.86602420 -0.00000000
vn -0.17364782 0.98480785 -0.00000000
vn -0.17364989 0.98480743 -0.00000000
vn 0.17365032 0.98480743 -0.00000000
vn 0.17364825 0.98480779 -0.00000000
vn 0.50000221 0.86602414 -0.00000000
vn 0.50000083 0.86602503 -0.00000000
vn 0.76604480 0.64278716 -0.00000000
vn 0.76604360 0.64278865 -0.00000000
vn 0.93969280 0.34201989 -0.00000000
vn 0.93969208 0.34202164 -0.00000000
vn 1.00000000 -0.00000040 -0.00000000
vn 1.00000000 0.00000155 -0.00000000
vn 0.93969214 -0.34202155 -0.00000000
vn 0.93969268 -0.34201995 -0.00000000
vn 0.76604450 -0.64278769 0.00000049
vn 0.76604646 -0.64278525 -0.00000000
vn 0.49999619 -0.86602759 0.00000200
vn 0.49999899 -0.86602604 0.00000150
vn 0.17364751 -0.98480785 0.00000067
vn 0.17364724 -0.98480791 0.00000067
vn -0.17364679 -0.98480809 -0.00000067
vn -0.17364663 -0.98480803 -0.00000067
vn -0.50000000 -0.86602539 -0.00000150
vn -0.49999765 -0.86602676 -0.00000200
vn -0.76604640 -0.64278531 -0.00000000
vn -0.76604527 -0.64278662 -0.00000049
vn -0.93969268 -0.34201995 -0.00000000
vn -0.93969232 -0.34202111 -0.00000000
vn -1.00000000 0.00000155 -0.00000000
vn -1.00000000 -0.00000040 -0.00000000
vn -0.43609938 0.15872407 -0.88579005
vn -0.35551119 0.29830542 -0.88579100
vn -0.27179131 0.22806124 -0.93494254
vn -0.33340251 0.12134831 -0.93494248
vn -0.23204409 0.40190461 -0.88579243
vn -0.17739889 0.30726448 -0.93494296
vn -0.08058830 0.45703045 -0.88579261
vn -0.06160774 0.34940711 -0.93494338
vn 0.08058285 0.45703235 -0.88579220
vn 0.06161005 0.34940693 -0.93494332
vn 0.23203725 0.40190858 -0.88579243
vn 0.17739859 0.30726287 -0.93494350
vn 0.35550565 0.29831135 -0.88579118
vn 0.27179158 0.22806060 -0.93494260
vn 0.43609354 0.15872929 -0.88579196
vn 0.33340138 0.12134765 -0.93494290
vn 0.46408293 0.00000349 -0.88579178
vn 0.35479870 -0.00000058 -0.93494272
vn 0.43609697 -0.15872182 -0.88579172
vn 0.33340245 -0.12134711 -0.93494260
vn 0.35550955 -0.29830626 -0.88579136
vn 0.27179193 -0.22806078 -0.93494248
vn 0.23204365 -0.40190455 -0.88579267
vn 0.17739862 -0.30726197 -0.93494374
vn 0.08059141 -0.45703948 -0.88578779
vn 0.06161061 -0.34941143 -0.93494159
vn -0.08058591 -0.45703611 -0.88578999
vn -0.06161039 -0.34940869 -0.93494260
vn -0.23203979 -0.40191239 -0.88578999
vn -0.17740040 -0.30726615 -0.93494207
vn -0.35550597 -0.29831037 -0.88579142
vn -0.27179107 -0.22806045 -0.93494284
vn -0.43609780 -0.15873097 -0.88578963
vn -0.33340374 -0.12134964 -0.93494177
vn -0.46408251 -0.00000303 -0.88579208
vn -0.35479790 -0.00000032 -0.93494308
vn -0.14345114 0.12037084 -0.98230982
vn -0.17596903 0.06404589 -0.98231012
vn -0.09363209 0.16217479 -0.98230970
vn -0.03251745 0.18441881 -0.98230970
vn 0.03251724 0.18441541 -0.98231041
vn 0.09363282 0.16217929 -0.98230898
vn 0.14345445 0.12037294 -0.98230916
vn 0.17596871 0.06404772 -0.98231000
vn 0.18726167 -0.00000017 -0.98231006
vn 0.17596863 -0.06404648 -0.98231012
vn 0.14345135 -0.12036982 -0.98230988
vn 0.09363114 -0.16217157 -0.98231041
vn 0.03251842 -0.18441604 -0.98231024
vn -0.03251632 -0.18441287 -0.98231089
vn -0.09363014 -0.16217324 -0.98231024
vn -0.14345123 -0.12037145 -0.98230976
vn -0.17596830 -0.06404828 -0.98231000
vn -0.18726237 -0.00000129 -0.98231000
vn -0.23656467 0.19850677 -0.95112157
vn -0.29017729 0.10561634 -0.95112687
vn -0.15440218 0.26742384 -0.95112801
vn -0.05362068 0.30410719 -0.95112759
vn 0.05362709 0.30414644 -0.95111459
vn 0.15438311 0.26739308 -0.95113975
vn 0.23653784 0.19847471 -0.95113498
vn 0.29019344 0.10562498 -0.95112097
vn 0.30883634 -0.00000210 -0.95111525
vn 0.29019493 -0.10562302 -0.95112073
vn 0.23656857 -0.19850101 -0.95112187
vn 0.15439914 -0.26743251 -0.95112610
vn 0.05362226 -0.30411440 -0.95112514
vn -0.05361878 -0.30411574 -0.95112497
vn -0.15439999 -0.26742253 -0.95112872
vn -0.23657596 -0.19851218 -0.95111769
vn -0.29018101 -0.10561290 -0.95112616
vn -0.30882773 -0.00000067 -0.95111799
vn -0.93073076 0.33879709 -0.13768390
vn -0.75873393 0.63665557 -0.13781388
vn -0.75803876 0.63607520 -0.14417216
vn -0.92984247 0.33849156 -0.14427905
vn -0.49521178 0.85777187 -0.13781428
vn -0.49477953 0.85698366 -0.14412560
vn -0.17199948 0.97540635 -0.13783602
vn -0.17183021 0.97451901 -0.14417723
vn 0.17198409 0.97540712 -0.13784939
vn 0.17183563 0.97451794 -0.14417829
vn 0.49523082 0.85776353 -0.13779785
vn 0.49478516 0.85697728 -0.14414428
vn 0.75872892 0.63666636 -0.13779092
vn 0.75803721 0.63607240 -0.14419246
vn 0.93073303 0.33874995 -0.13778417
vn 0.92987615 0.33844486 -0.14417158
vn 0.99044859 -0.00000214 -0.13788305
vn 0.98955274 -0.00000431 -0.14417152
vn 0.93072718 -0.33875066 -0.13782220
vn 0.92987299 -0.33844700 -0.14418678
vn 0.75873405 -0.63665324 -0.13782321
vn 0.75803906 -0.63607323 -0.14417948
vn 0.49522904 -0.85776490 -0.13779527
vn 0.49477443 -0.85697758 -0.14417924
vn 0.17199600 -0.97540963 -0.13781658
vn 0.17183183 -0.97452313 -0.14414750
vn -0.17198846 -0.97541332 -0.13779981
vn -0.17184184 -0.97452044 -0.14415373
vn -0.49522278 -0.85776442 -0.13782103
vn -0.49477294 -0.85698336 -0.14415012
vn -0.75873369 -0.63665169 -0.13783249
vn -0.75804156 -0.63606882 -0.14418598
vn -0.93072861 -0.33876219 -0.13778381
vn -0.92987680 -0.33843943 -0.14418057
vn -0.99044836 -0.00000297 -0.13788454
vn -0.98955494 0.00000547 -0.14415605
vn -0.93072855 0.33874589 -0.13782503
vn -0.92989922 0.33838913 -0.14415392
vn -0.26397014 0.22149837 -0.93875355
vn -0.32375377 0.11783583 -0.93877488
vn -0.17230496 0.29844293 -0.93874532
vn -0.05983841 0.33939558 -0.93873852
vn 0.05983976 0.33936507 -0.93874949
vn 0.17229104 0.29841077 -0.93875813
vn 0.26398501 0.22151570 -0.93874538
vn 0.32381472 0.11785804 -0.93875104
vn 0.34463426 -0.00000403 -0.93873698
vn 0.32381448 -0.11786696 -0.93875003
vn 0.26398602 -0.22150163 -0.93874830
vn 0.17226787 -0.29838613 -0.93877023
vn 0.05982409 -0.33931002 -0.93877041
vn -0.05983635 -0.33933786 -0.93875951
vn -0.17226501 -0.29838103 -0.93877238
vn -0.26397872 -0.22151184 -0.93874806
vn -0.32382804 -0.11786013 -0.93874615
vn -0.34463388 0.00000396 -0.93873727
vn -0.73317432 0.61521882 -0.28976068
vn -0.89930499 0.32736376 -0.28997183
vn -0.47856665 0.82889372 -0.28967091
vn -0.16618836 0.94255567 -0.28977612
vn 0.16619332 0.94255531 -0.28977454
vn 0.47855431 0.82888776 -0.28970832
vn 0.73316514 0.61520851 -0.28980568
vn 0.89938176 0.32733727 -0.28976339
vn 0.95709813 -0.00000457 -0.28976420
vn 0.89936846 -0.32734731 -0.28979319
vn 0.73317337 -0.61521137 -0.28977880
vn 0.47854260 -0.82887048 -0.28977728
vn 0.16619480 -0.94257367 -0.28971398
vn -0.16620371 -0.94256818 -0.28972679
vn -0.47854915 -0.82888615 -0.28972137
vn -0.73317647 -0.61520088 -0.28979319
vn -0.89937347 -0.32734451 -0.28978080
vn -0.95710742 0.00000684 -0.28973320
vn -0.92988688 0.33840293 -0.14420089
vn -0.89939797 0.32726747 -0.28979191
vn -0.73780602 0.61910456 -0.26898283
vn -0.90510482 0.32950068 -0.26872778
vn -0.48154357 0.83412397 -0.26898524
vn -0.16724589 0.94850093 -0.26902574
vn 0.16723846 0.94849414 -0.26905417
vn 0.48157519 0.83411449 -0.26895785
vn 0.73781383 0.61911237 -0.26894361
vn 0.90518516 0.32948136 -0.26848084
vn 0.96310759 -0.00000651 -0.26911697
vn 0.90505266 -0.32941705 -0.26900604
vn 0.73780543 -0.61909533 -0.26900589
vn 0.48156804 -0.83412057 -0.26895195
vn 0.16725971 -0.94850838 -0.26899108
vn -0.16723843 -0.94852108 -0.26895937
vn -0.48157135 -0.83410305 -0.26900038
vn -0.73780894 -0.61908305 -0.26902437
vn -0.90506744 -0.32944027 -0.26892763
vn -0.96310759 -0.00000334 -0.26911700
vn -0.90505642 0.32941660 -0.26899397
vn -0.37419191 0.31400087 -0.87257314
vn -0.45899355 0.16706295 -0.87259090
vn -0.24424167 0.42299035 -0.87259680
vn -0.08482438 0.48101795 -0.87259758
vn 0.08481491 0.48111314 -0.87254614
vn 0.24418116 0.42292824 -0.87264389
vn 0.37413719 0.31392458 -0.87262404
vn 0.45902866 0.16707836 -0.87256956
vn 0.48852506 -0.00000342 -0.87254983
vn 0.45902854 -0.16707644 -0.87256998
vn 0.37420544 -0.31398386 -0.87257349
vn 0.24421720 -0.42302310 -0.87258774
vn 0.08481008 -0.48104423 -0.87258446
vn -0.08481867 -0.48105082 -0.87258005
vn -0.24421848 -0.42300734 -0.87259507
vn -0.37421820 -0.31401095 -0.87255824
vn -0.45899969 -0.16706339 -0.87258762
vn -0.48820478 0.00003144 -0.87272912
vn -0.99303460 0.00000075 -0.11782292
vn -0.93314707 -0.33963862 -0.11782295
vn -0.93969131 -0.34202373 -0.00000000
vn -1.00000000 -0.00000265 -0.00000000
vn -0.76069838 -0.63833213 -0.11777133
vn -0.76603973 -0.64279330 -0.00000000
vn -0.49650845 -0.85999835 -0.11782292
vn -0.49999622 -0.86602765 -0.00000000
vn -0.17245887 -0.97794467 -0.11782290
vn -0.17364421 -0.98480844 -0.00000000
vn 0.17244028 -0.97794789 -0.11782287
vn 0.17365408 -0.98480672 -0.00000000
vn 0.49651960 -0.85999894 -0.11777145
vn 0.50000310 -0.86602372 -0.00000000
vn 0.76072598 -0.63829935 -0.11777131
vn 0.76604635 -0.64278537 -0.00000000
vn 0.93313980 -0.33965838 -0.11782297
vn 0.93969411 -0.34201613 -0.00000000
vn 0.99303466 0.00000133 -0.11782280
vn 1.00000000 0.00000479 -0.00000000
vn 0.93315363 0.33962038 -0.11782295
vn 0.93969083 0.34202504 -0.00000000
vn 0.76071227 0.63831568 -0.11777132
vn 0.76604110 0.64279163 -0.00000000
vn 0.49651751 0.85999322 -0.11782287
vn 0.49999791 0.86602664 -0.00000000
vn 0.17243655 0.97794861 -0.11782289
vn 0.17364332 0.98480856 -0.00000000
vn -0.17241865 0.97795171 -0.11782294
vn -0.17365055 0.98480737 -0.00000000
vn -0.49651971 0.85999191 -0.11782271
vn -0.50000525 0.86602247 -0.00000000
vn -0.76070851 0.63831061 -0.11782309
vn -0.76604694 0.64278477 -0.00000000
vn -0.93314117 0.33966514 -0.11779256
vn -0.93968099 0.34205210 -0.00000829
vn -0.93316358 0.33959529 -0.11781744
vn -0.93970454 0.34198743 -0.00000833
vn 0.00000000 0.00000500 -1.00000000
vn 0.00000000 0.00000500 -1.00000000
vn 0.00000000 0.00000500 -1.00000000
vn 0.00000128 0.00000000 -1.00000000
vn 0.00000128 0.00000000 -1.00000000
vn 0.00000128 0.00000000 -1.00000000
vn 0.00000000 0.00000250 -1.00000000
vn 0.00000000 0.00000250 -1.00000000
vn 0.00000000 0.00000250 -1.00000000
vn 0.00000077 0.00000137 -1.00000000
vn 0.00000077 0.00000137 -1.00000000
vn 0.00000077 0.00000137 -1.00000000
vn -0.00000735 -0.00000125 -1.00000000
vn -0.00000735 -0.00000125 -1.00000000
vn -0.00000735 -0.00000125 -1.00000000
vn 0.00000000 0.00000000 -1.00000000
vn 0.00000000 0.00000000 -1.00000000
vn 0.00000000 0.00000000 -1.00000000
vn 0.00000155 -0.00000137 -1.00000000
vn 0.00000155 -0.00000137 -1.00000000
vn 0.00000155 -0.00000137 -1.00000000
vn 0.00000128 0.00000000 -1.00000000
vn 0.00000128 0.00000000 -1.00000000
vn 0.00000128 0.00000000 -1.00000000
vn 0.00000000 0.00000000 -1.00000000
vn 0.00000000 0.00000000 -1.00000000
vn 0.00000000 0.00000000 -1.00000000
vn 0.00000050 -0.00000137 -1.00000000
vn 0.00000050 -0.00000137 -1.00000000
vn 0.00000050 -0.00000137 -1.00000000
vn 0.00000021 -0.00000051 -1.00000000
vn 0.00000021 -0.00000051 -1.00000000
vn 0.00000021 -0.00000051 -1.00000000
vn 0.00000007 -0.00000075 -1.00000000
vn 0.00000007 -0.00000075 -1.00000000
vn 0.00000007 -0.00000075 -1.00000000
vn 0.00000000 0.00000125 -1.00000000
vn 0.00000000 0.00000125 -1.00000000
vn 0.00000000 0.00000125 -1.00000000
vn -0.00000075 0.00000027 -1.00000000
vn -0.00000075 0.00000027 -1.00000000
vn -0.00000075 0.00000027 -1.00000000
vn 0.00000101 -0.00000274 -1.00000000
vn 0.00000101 -0.00000274 -1.00000000
vn 0.00000101 -0.00000274 -1.00000000
vn 0.00000647 -0.00000500 -1.00000000
vn 0.00000647 -0.00000500 -1.00000000
vn 0.00000647 -0.00000500 -1.00000000
vn -0.00000271 0.00000352 1.00000000
vn -0.00000271 0.00000352 1.00000000
vn -0.00000271 0.00000352 1.00000000
vn 0.00000107 0.00000000 1.00000000
vn 0.00000107 0.00000000 1.00000000
vn 0.00000107 0.00000000 1.00000000
vn 0.00000107 -0.00000704 1.00000000
vn 0.00000107 -0.00000704 1.00000000
vn 0.00000107 -0.00000704 1.00000000
vn 0.00000028 0.00000097 1.00000000
vn 0.00000028 0.00000097 1.00000000
vn 0.00000028 0.00000097 1.00000000
vn 0.00000000 0.00000088 1.00000000
vn 0.00000000 0.00000088 1.00000000
vn 0.00000000 0.00000088 1.00000000
vn 0.00000000 0.00000000 1.00000000
vn 0.00000000 0.00000000 1.00000000
vn 0.00000000 0.00000000 1.00000000
vn 0.00000000 0.00000000 1.00000000
vn 0.00000000 0.00000704 1.00000000
vn 0.00000000 0.00000704 1.00000000
vn 0.00000000 0.00000704 1.00000000
vn -0.00000107 0.00000000 1.00000000
vn -0.00000107 0.00000000 1.00000000
vn -0.00000107 0.00000000 1.00000000
vn -0.00000042 -0.00000193 1.00000000
vn -0.00000042 -0.00000193 1.00000000
vn -0.00000042 -0.00000193 1.00000000
vn -0.00000029 0.00000000 1.00000000
vn -0.00000029 0.00000000 1.00000000
vn -0.00000029 0.00000000 1.00000000
vn -0.00000004 0.00000000 1.00000000
vn -0.00000004 0.00000000 1.00000000
vn -0.00000004 0.00000000 1.00000000
vn 0.00000000 -0.00000352 1.00000000
vn 0.00000000 -0.00000352 1.00000000
vn 0.00000000 -0.00000352 1.00000000
vn -0.00000026 0.00000038 1.00000000
vn -0.00000026 0.00000038 1.00000000
vn -0.00000026 0.00000038 1.00000000
vn -0.00000085 0.00000000 1.00000000
vn -0.00000085 0.00000000 1.00000000
vn -0.00000085 0.00000000 1.00000000
vn 0.00000000 0.00000000 1.00000000
vn 0.00000000 0.00000000 1.00000000
vn 0.00000000 0.00000000 1.00000000
vn -0.58381319 -0.21249518 -0.78358656
vn -0.62126416 0.00000087 -0.78360122
vn -0.51446795 0.00000207 -0.85750961
vn -0.48343745 -0.17595731 -0.85751235
vn -0.58381444 0.21249232 -0.78358644
vn -0.48343980 0.17595801 -0.85751075
vn -0.47594345 0.39936641 -0.78357148
vn -0.39410120 0.33069330 -0.85751164
vn -0.31064469 0.53806055 -0.78357571
vn -0.25723040 0.44553778 -0.85751301
vn -0.10788262 0.61182290 -0.78360325
vn -0.08933225 0.50664842 -0.85751224
vn 0.10787900 0.61183465 -0.78359461
vn 0.08933555 0.50664657 -0.85751289
vn 0.31065071 0.53805608 -0.78357625
vn 0.25723311 0.44553787 -0.85751218
vn 0.47590813 0.39933795 -0.78360760
vn 0.39410332 0.33068937 -0.85751218
vn 0.58381420 0.21249124 -0.78358692
vn 0.48343521 0.17595644 -0.85751373
vn 0.62126940 0.00000302 -0.78359717
vn 0.51446760 -0.00000297 -0.85750979
vn 0.58381021 -0.21248278 -0.78359228
vn 0.48343891 -0.17595711 -0.85751158
vn 0.47590944 -0.39934632 -0.78360242
vn 0.39410290 -0.33069175 -0.85751146
vn 0.31064451 -0.53803402 -0.78359401
vn 0.25723150 -0.44553947 -0.85751188
vn 0.10788000 -0.61181343 -0.78361100
vn 0.08933619 -0.50664961 -0.85751104
vn -0.10788381 -0.61183363 -0.78359473
vn -0.08933429 -0.50664604 -0.85751337
vn -0.31065401 -0.53805143 -0.78357822
vn -0.25723186 -0.44553801 -0.85751253
vn -0.47591639 -0.39935324 -0.78359467
vn -0.39410454 -0.33069015 -0.85751128
vn -0.69636405 -0.12278352 0.70710778
vn -0.69636405 -0.12278352 0.70710778
vn -0.69636405 -0.12278352 0.70710778
vn -0.69633532 -0.12278457 0.70713586
vn -0.69633532 -0.12278457 0.70713586
vn -0.69633532 -0.12278457 0.70713586
vn -0.61236566 -0.35357773 0.70710051
vn -0.61236566 -0.35357773 0.70710051
vn -0.61236566 -0.35357773 0.70710051
vn -0.61236107 -0.35353559 0.70712554
vn -0.61236107 -0.35353559 0.70712554
vn -0.61236107 -0.35353559 0.70712554
vn -0.45452169 -0.54168922 0.70709467
vn -0.45452169 -0.54168922 0.70709467
vn -0.45452169 -0.54168922 0.70709467
vn -0.45450100 -0.54169106 0.70710659
vn -0.45450100 -0.54169106 0.70710659
vn -0.45450100 -0.54169106 0.70710659
vn -0.24185528 -0.66444683 0.70711845
vn -0.24185528 -0.66444683 0.70711845
vn -0.24185528 -0.66444683 0.70711845
vn -0.24184479 -0.66447008 0.70710021
vn -0.24184479 -0.66447008 0.70710021
vn -0.24184479 -0.66447008 0.70710021
vn -0.00000147 -0.70711195 0.70710164
vn -0.00000147 -0.70711195 0.70710164
vn -0.00000147 -0.70711195 0.70710164
vn 0.00000045 -0.70712292 0.70709062
vn 0.00000045 -0.70712292 0.70709062
vn 0.00000045 -0.70712292 0.70709062
vn 0.24183026 -0.66448027 0.70709556
vn 0.24183026 -0.66448027 0.70709556
vn 0.24183026 -0.66448027 0.70709556
vn 0.24184623 -0.66441208 0.70715415
vn 0.24184623 -0.66441208 0.70715415
vn 0.24184623 -0.66441208 0.70715415
vn 0.45451266 -0.54168797 0.70710140
vn 0.45451266 -0.54168797 0.70710140
vn 0.45451266 -0.54168797 0.70710140
vn 0.45452103 -0.54163343 0.70713776
vn 0.45452103 -0.54163343 0.70713776
vn 0.45452103 -0.54163343 0.70713776
vn 0.61234570 -0.35354069 0.70713633
vn 0.61234570 -0.35354069 0.70713633
vn 0.61234570 -0.35354069 0.70713633
vn 0.61238080 -0.35357222 0.70709008
vn 0.61238080 -0.35357222 0.70709008
vn 0.61238080 -0.35357222 0.70709008
vn 0.69636226 -0.12278381 0.70710945
vn 0.69636226 -0.12278381 0.70710945
vn 0.69636226 -0.12278381 0.70710945
vn 0.69635046 -0.12278664 0.70712060
vn 0.69635046 -0.12278664 0.70712060
vn 0.69635046 -0.12278664 0.70712060
vn 0.69638932 0.12278858 0.70708197
vn 0.69638932 0.12278858 0.70708197
vn 0.69638932 0.12278858 0.70708197
vn 0.69632369 0.12278192 0.70714778
vn 0.69632369 0.12278192 0.70714778
vn 0.69632369 0.12278192 0.70714778
vn 0.61236352 0.35357845 0.70710194
vn 0.61236352 0.35357845 0.70710194
vn 0.61236352 0.35357845 0.70710194
vn 0.61236316 0.35353485 0.70712405
vn 0.61236316 0.35353485 0.70712405
vn 0.61236316 0.35353485 0.70712405
vn 0.45451748 0.54167318 0.70710963
vn 0.45451748 0.54167318 0.70710963
vn 0.45451748 0.54167318 0.70710963
vn 0.45451254 0.54162294 0.70715129
vn 0.45451254 0.54162294 0.70715129
vn 0.45451254 0.54162294 0.70715129
vn 0.24185260 0.66446781 0.70709962
vn 0.24185260 0.66446781 0.70709962
vn 0.24185260 0.66446781 0.70709962
vn 0.24185407 0.66445994 0.70710647
vn 0.24185407 0.66445994 0.70710647
vn 0.24185407 0.66445994 0.70710647
vn -0.00000229 0.70713681 0.70707673
vn -0.00000229 0.70713681 0.70707673
vn -0.00000229 0.70713681 0.70707673
vn 0.00000000 0.70712036 0.70709318
vn 0.00000000 0.70712036 0.70709318
vn 0.00000000 0.70712036 0.70709318
vn -0.24184671 0.66452545 0.70704746
vn -0.24184671 0.66452545 0.70704746
vn -0.24184671 0.66452545 0.70704746
vn -0.24185088 0.66442484 0.70714056
vn -0.24185088 0.66442484 0.70714056
vn -0.24185088 0.66442484 0.70714056
vn -0.45451948 0.54166853 0.70711195
vn -0.45451948 0.54166853 0.70711195
vn -0.45451948 0.54166853 0.70711195
vn -0.45452994 0.54167402 0.70710099
vn -0.45452994 0.54167402 0.70710099
vn -0.45452994 0.54167402 0.70710099
vn -0.61239332 0.35356817 0.70708138
vn -0.61239332 0.35356817 0.70708138
vn -0.61239332 0.35356817 0.70708138
vn -0.61236906 0.35356542 0.70710367
vn -0.61236906 0.35356542 0.70710367
vn -0.61236906 0.35356542 0.70710367
vn -0.69633460 0.12278581 0.70713633
vn -0.69633460 0.12278581 0.70713633
vn -0.69633460 0.12278581 0.70713633
vn -0.69641966 0.12279145 0.70705158
vn -0.69641966 0.12279145 0.70705158
vn -0.69641966 0.12279145 0.70705158
vn -0.87708449 -0.00000560 -0.48033619
vn -0.82421565 -0.29997736 -0.48029399
vn -0.67193729 -0.56381130 -0.48022622
vn -0.43858296 -0.75965118 -0.48018229
vn -0.15232801 -0.86381710 -0.48022515
vn 0.15229228 -0.86379814 -0.48027068
vn 0.43858108 -0.75959754 -0.48026907
vn 0.67190295 -0.56383574 -0.48024538
vn 0.82422209 -0.30000791 -0.48026368
vn 0.87711465 0.00001285 -0.48028111
vn 0.82418591 0.29998747 -0.48033857
vn 0.67196792 0.56378478 -0.48021430
vn 0.43860191 0.75961572 -0.48022109
vn 0.15233019 0.86379188 -0.48026985
vn -0.15228382 0.86378717 -0.48029310
vn -0.43860251 0.75961798 -0.48021710
vn -0.67190111 0.56386894 -0.48020917
vn -0.82424611 0.30003449 -0.48020589
vn -0.99304748 0.00002357 -0.11771415
vn -0.87724137 0.00001984 -0.48004967
vn -0.82423311 -0.29998699 -0.48025802
vn -0.93313998 -0.33961475 -0.11794729
vn -0.67196220 -0.56383228 -0.48016655
vn -0.76071751 -0.63829595 -0.11784395
vn -0.43857011 -0.75965261 -0.48019201
vn -0.49651122 -0.85998970 -0.11787461
vn -0.15229964 -0.86383563 -0.48020092
vn -0.17243077 -0.97794861 -0.11783162
vn 0.15232986 -0.86383629 -0.48019010
vn 0.17244102 -0.97794193 -0.11787166
vn 0.43862465 -0.75965142 -0.48014385
vn 0.49654019 -0.85997361 -0.11787022
vn 0.67199755 -0.56387627 -0.48006558
vn 0.76071125 -0.63832432 -0.11773073
vn 0.82424223 -0.30000994 -0.48022780
vn 0.93313420 -0.33964092 -0.11791771
vn 0.87721336 -0.00001204 -0.48010069
vn 0.99304068 -0.00000317 -0.11777224
vn 0.82422739 0.29999372 -0.48026353
vn 0.93313628 0.33962262 -0.11795391
vn 0.67198879 0.56383353 -0.48012787
vn 0.76072139 0.63829941 -0.11780042
vn 0.43858990 0.75960231 -0.48025334
vn 0.49652958 0.85996956 -0.11794401
vn 0.15233675 0.86382890 -0.48020121
vn 0.17244354 0.97794008 -0.11788322
vn -0.15229975 0.86386007 -0.48015684
vn -0.17244369 0.97794586 -0.11783440
vn -0.43861741 0.75968170 -0.48010254
vn -0.49653894 0.85998738 -0.11777461
vn -0.67193830 0.56384945 -0.48017985
vn -0.76069123 0.63832420 -0.11786017
vn -0.82429004 0.30002859 -0.48013407
vn -0.93313450 0.33967522 -0.11781725
vn -0.93315846 0.33962208 -0.11777988
vn -0.82429916 0.30001125 -0.48012948
vn 0.48294008 0.08516302 -0.87150228
vn 0.48294008 0.08516302 -0.87150228
vn 0.48294008 0.08516302 -0.87150228
vn 0.48298150 0.08515730 -0.87147987
vn 0.48298150 0.08515730 -0.87147987
vn 0.48298150 0.08515730 -0.87147987
vn 0.48295802 -0.08516376 -0.87149233
vn 0.48295802 -0.08516376 -0.87149233
vn 0.48295802 -0.08516376 -0.87149233
vn 0.48293474 -0.08515484 -0.87150604
vn 0.48293474 -0.08515484 -0.87150604
vn 0.48293474 -0.08515484 -0.87150604
vn 0.42467910 -0.24520965 -0.87150443
vn 0.42467910 -0.24520965 -0.87150443
vn 0.42467910 -0.24520965 -0.87150443
vn 0.42470616 -0.24519634 -0.87149495
vn 0.42470616 -0.24519634 -0.87149495
vn 0.42470616 -0.24519634 -0.87149495
vn 0.31521487 -0.37567455 -0.87149775
vn 0.31521487 -0.37567455 -0.87149775
vn 0.31521487 -0.37567455 -0.87149775
vn 0.31521881 -0.37564847 -0.87150747
vn 0.31521881 -0.37564847 -0.87150747
vn 0.31521881 -0.37564847 -0.87150747
vn 0.16771753 -0.46084046 -0.87149119
vn 0.16771753 -0.46084046 -0.87149119
vn 0.16771753 -0.46084046 -0.87149119
vn 0.16772422 -0.46078742 -0.87151796
vn 0.16772422 -0.46078742 -0.87151796
vn 0.16772422 -0.46078742 -0.87151796
vn 0.00000000 -0.49040508 -0.87149471
vn 0.00000000 -0.49040508 -0.87149471
vn 0.00000000 -0.49040508 -0.87149471
vn 0.00000000 -0.49034470 -0.87152857
vn 0.00000000 -0.49034470 -0.87152857
vn 0.00000000 -0.49034470 -0.87152857
vn -0.16772747 -0.46079618 -0.87151271
vn -0.16772747 -0.46079618 -0.87151271
vn -0.16772747 -0.46079618 -0.87151271
vn -0.16772687 -0.46084887 -0.87148488
vn -0.16772687 -0.46084887 -0.87148488
vn -0.16772687 -0.46084887 -0.87148488
vn -0.31523523 -0.37567511 -0.87149018
vn -0.31523523 -0.37567511 -0.87149018
vn -0.31523523 -0.37567511 -0.87149018
vn -0.31522721 -0.37569222 -0.87148565
vn -0.31522721 -0.37569222 -0.87148565
vn -0.31522721 -0.37569222 -0.87148565
vn -0.42473212 -0.24519525 -0.87148261
vn -0.42473212 -0.24519525 -0.87148261
vn -0.42473212 -0.24519525 -0.87148261
vn -0.42470917 -0.24522707 -0.87148476
vn -0.42470917 -0.24522707 -0.87148476
vn -0.42470917 -0.24522707 -0.87148476
vn -0.48293880 -0.08515492 -0.87150371
vn -0.48293880 -0.08515492 -0.87150371
vn -0.48293880 -0.08515492 -0.87150371
vn -0.48297185 -0.08516975 -0.87148398
vn -0.48297185 -0.08516975 -0.87148398
vn -0.48297185 -0.08516975 -0.87148398
vn -0.48300347 0.08516632 -0.87146688
vn -0.48300347 0.08516632 -0.87146688
vn -0.48300347 0.08516632 -0.87146688
vn -0.48293281 0.08516324 -0.87150633
vn -0.48293281 0.08516324 -0.87150633
vn -0.48293281 0.08516324 -0.87150633
vn -0.42471647 0.24520151 -0.87148851
vn -0.42471647 0.24520151 -0.87148851
vn -0.42471647 0.24520151 -0.87148851
vn -0.42472851 0.24522029 -0.87147725
vn -0.42472851 0.24522029 -0.87147725
vn -0.42472851 0.24522029 -0.87147725
vn -0.31522736 0.37566710 -0.87149650
vn -0.31522736 0.37566710 -0.87149650
vn -0.31522736 0.37566710 -0.87149650
vn -0.31522855 0.37570074 -0.87148148
vn -0.31522855 0.37570074 -0.87148148
vn -0.31522855 0.37570074 -0.87148148
vn -0.16772752 0.46083778 -0.87149072
vn -0.16772752 0.46083778 -0.87149072
vn -0.16772752 0.46083778 -0.87149072
vn -0.16772914 0.46080518 -0.87150759
vn -0.16772914 0.46080518 -0.87150759
vn -0.16772914 0.46080518 -0.87150759
vn 0.00000000 0.49038392 -0.87150657
vn 0.00000000 0.49038392 -0.87150657
vn 0.00000000 0.49038392 -0.87150657
vn 0.00000209 0.49043065 -0.87148023
vn 0.00000209 0.49043065 -0.87148023
vn 0.00000209 0.49043065 -0.87148023
vn 0.16773079 0.46082851 -0.87149501
vn 0.16773079 0.46082851 -0.87149501
vn 0.16773079 0.46082851 -0.87149501
vn 0.16772717 0.46083248 -0.87149358
vn 0.16772717 0.46083248 -0.87149358
vn 0.16772717 0.46083248 -0.87149358
vn 0.31523839 0.37568974 -0.87148267
vn 0.31523839 0.37568974 -0.87148267
vn 0.31523839 0.37568974 -0.87148267
vn 0.31523401 0.37566406 -0.87149537
vn 0.31523401 0.37566406 -0.87149537
vn 0.31523401 0.37566406 -0.87149537
vn 0.42471975 0.24520767 -0.87148517
vn 0.42471975 0.24520767 -0.87148517
vn 0.42471975 0.24520767 -0.87148517
vn 0.42472544 0.24522558 -0.87147737
vn 0.42472544 0.24522558 -0.87147737
vn 0.42472544 0.24522558 -0.87147737
vn 0.93969405 0.34201637 -0.00000000
vn 1.00000000 -0.00000272 -0.00000000
vn 1.00000000 0.00000271 -0.00000000
vn 0.93969196 0.34202221 -0.00000000
vn 0.93969136 -0.34202379 -0.00000000
vn 0.93969303 -0.34201902 -0.00000000
vn 0.76606584 -0.64276218 -0.00000001
vn 0.76606584 -0.64276218 -0.00000000
vn 0.76602066 -0.64281601 -0.00000000
vn 0.49999884 -0.86602610 -0.00000000
vn 0.50000191 -0.86602432 -0.00000000
vn 0.76601881 -0.64281815 0.00000001
vn 0.17364490 -0.98480833 -0.00000000
vn 0.17364970 -0.98480749 -0.00000000
vn -0.17364922 -0.98480761 -0.00000000
vn -0.17364414 -0.98480850 -0.00000000
vn -0.50000191 -0.86602432 -0.00000000
vn -0.49999857 -0.86602628 -0.00000000
vn -0.76601881 -0.64281815 -0.00000001
vn -0.76602066 -0.64281601 -0.00000000
vn -0.76606947 -0.64275777 -0.00000000
vn -0.93969351 -0.34201789 -0.00000000
vn -0.93969172 -0.34202269 -0.00000000
vn -0.76607013 -0.64275712 0.00000001
vn -1.00000000 0.00000294 -0.00000000
vn -1.00000000 -0.00000219 -0.00000000
vn -0.93969208 0.34202167 -0.00000000
vn -0.93969363 0.34201744 -0.00000000
vn -0.76606947 0.64275789 -0.00000001
vn -0.76606917 0.64275813 -0.00000000
vn -0.76601928 0.64281762 -0.00000070
vn -0.49999627 0.86602765 -0.00000178
vn -0.50000054 0.86602521 -0.00000130
vn -0.76602042 0.64281631 0.00000001
vn -0.17364679 0.98480809 -0.00000059
vn -0.17365079 0.98480731 -0.00000059
vn 0.17365019 0.98480743 0.00000059
vn 0.17364626 0.98480815 0.00000059
vn 0.49999997 0.86602551 0.00000130
vn 0.49999627 0.86602753 0.00000178
vn 0.76601917 0.64281785 -0.00000001
vn 0.76601899 0.64281803 0.00000093
vn 0.76606882 0.64275855 -0.00000000
vn 0.76606804 0.64275956 0.00000001
f 2978/2978/2978 2979/2979/2979 2980/2980/2980
f 2980/2980/2980 2981/2981/2981 2982/2982/2982
f 2982/2982/2982 2983/2983/2983 2984/2984/2984
f 2980/2980/2980 2982/2982/2982 2984/2984/2984
f 2984/2984/2984 2985/2985/2985 2986/2986/2986
f 2986/2986/2986 2987/2987/2987 2988/2988/2988
f 2984/2984/2984 2986/2986/2986 2988/2988/2988
f 2988/2988/2988 2989/2989/2989 2990/2990/2990
f 2990/2990/2990 2991/2991/2991 2992/2992/2992
f 2988/2988/2988 2990/2990/2990 2992/2992/2992
f 2984/2984/2984 2988/2988/2988 2992/2992/2992
f 2980/2980/2980 2984/2984/2984 2992/2992/2992
f 2992/2992/2992 2993/2993/2993 2994/2994/2994
f 2980/2980/2980 2992/2992/2992 2994/2994/2994
f 2978/2978/2978 2980/2980/2980 2994/2994/2994
f 2995/2995/2995 2978/2978/2978 2994/2994/2994
f 2996/2996/2996 2997/2997/2997 2998/2998/2998
f 2998/2998/2998 2999/2999/2999 2996/2996/2996
f 2997/2997/2997 3000/3000/3000 3001/3001/3001
f 3001/3001/3001 2998/2998/2998 2997/2997/2997
f 3000/3000/3000 3002/3002/3002 3003/3003/3003
f 3003/3003/3003 3001/3001/3001 3000/3000/3000
f 3002/3002/3002 3004/3004/3004 3005/3005/3005
f 3005/3005/3005 3003/3003/3003 3002/3002/3002
f 3004/3004/3004 3006/3006/3006 3007/3007/3007
f 3007/3007/3007 3005/3005/3005 3004/3004/3004
f 3006/3006/3006 3008/3008/3008 3009/3009/3009
f 3009/3009/3009 3007/3007/3007 3006/3006/3006
f 3008/3008/3008 3010/3010/3010 3011/3011/3011
f 3011/3011/3011 3009/3009/3009 3008/3008/3008
f 3010/3010/3010 3012/3012/3012 3013/3013/3013
f 3013/3013/3013 3011/3011/3011 3010/3010/3010
f 3012/3012/3012 3014/3014/3014 3015/3015/3015
f 3015/3015/3015 3013/3013/3013 3012/3012/3012
f 3014/3014/3014 3016/3016/3016 3017/3017/3017
f 3017/3017/3017 3015/3015/3015 3014/3014/3014
f 3016/3016/3016 3018/3018/3018 3019/3019/3019
f 3019/3019/3019 3017/3017/3017 3016/3016/3016
f 3018/3018/3018 3020/3020/3020 3021/3021/3021
f 3021/3021/3021 3019/3019/3019 3018/3018/3018
f 3020/3020/3020 3022/3022/3022 3023/3023/3023
f 3023/3023/3023 3021/3021/3021 3020/3020/3020
f 3022/3022/3022 3024/3024/3024 3025/3025/3025
f 3025/3025/3025 3023/3023/3023 3022/3022/3022
f 3024/3024/3024 3026/3026/3026 3027/3027/3027
f 3027/3027/3027 3025/3025/3025 3024/3024/3024
f 3026/3026/3026 3028/3028/3028 3029/3029/3029
f 3029/3029/3029 3027/3027/3027 3026/3026/3026
f 3028/3028/3028 3030/3030/3030 3031/3031/3031
f 3031/3031/3031 3029/3029/3029 3028/3028/3028
f 3030/3030/3030 2996/2996/2996 2999/2999/2999
f 2999/2999/2999 3031/3031/3031 3030/3030/3030
f 3032/3032/3032 3033/3033/3033 3034/3034/3034
f 3034/3034/3034 3035/3035/3035 3032/3032/3032
f 3033/3033/3033 3036/3036/3036 3037/3037/3037
f 3037/3037/3037 3034/3034/3034 3033/3033/3033
f 3036/3036/3036 3038/3038/3038 3039/3039/3039
f 3039/3039/3039 3037/3037/3037 3036/3036/3036
f 3038/3038/3038 3040/3040/3040 3041/3041/3041
f 3041/3041/3041 3039/3039/3039 3038/3038/3038
f 3040/3040/3040 3042/3042/3042 3043/3043/3043
f 3043/3043/3043 3041/3041/3041 3040/3040/3040
f 3042/3042/3042 3044/3044/3044 3045/3045/3045
f 3045/3045/3045 3043/3043/3043 3042/3042/3042
f 3044/3044/3044 3046/3046/3046 3047/3047/3047
f 3047/3047/3047 3045/3045/3045 3044/3044/3044
f 3046/3046/3046 3048/3048/3048 3049/3049/3049
f 3049/3049/3049 3047/3047/3047 3046/3046/3046
f 3048/3048/3048 3050/3050/3050 3051/3051/3051
f 3051/3051/3051 3049/3049/3049 3048/3048/3048
f 3050/3050/3050 3052/3052/3052 3053/3053/3053
f 3053/3053/3053 3051/3051/3051 3050/3050/3050
f 3052/3052/3052 3054/3054/3054 3055/3055/3055
f 3055/3055/3055 3053/3053/3053 3052/3052/3052
f 3054/3054/3054 3056/3056/3056 3057/3057/3057
f 3057/3057/3057 3055/3055/3055 3054/3054/3054
f 3056/3056/3056 3058/3058/3058 3059/3059/3059
f 3059/3059/3059 3057/3057/3057 3056/3056/3056
f 3058/3058/3058 3060/3060/3060 3061/3061/3061
f 3061/3061/3061 3059/3059/3059 3058/3058/3058
f 3060/3060/3060 3062/3062/3062 3063/3063/3063
f 3063/3063/3063 3061/3061/3061 3060/3060/3060
f 3062/3062/3062 3064/3064/3064 3065/3065/3065
f 3065/3065/3065 3063/3063/3063 3062/3062/3062
f 3064/3064/3064 3066/3066/3066 3067/3067/3067
f 3067/3067/3067 3065/3065/3065 3064/3064/3064
f 3066/3066/3066 3032/3032/3032 3035/3035/3035
f 3035/3035/3035 3067/3067/3067 3066/3066/3066
f 3035/3035/3035 3034/3034/3034 3068/3068/3068
f 3068/3068/3068 3069/3069/3069 3035/3035/3035
f 3034/3034/3034 3037/3037/3037 3070/3070/3070
f 3070/3070/3070 3068/3068/3068 3034/3034/3034
f 3037/3037/3037 3039/3039/3039 3071/3071/3071
f 3071/3071/3071 3070/3070/3070 3037/3037/3037
f 3039/3039/3039 3041/3041/3041 3072/3072/3072
f 3072/3072/3072 3071/3071/3071 3039/3039/3039
f 3041/3041/3041 3043/3043/3043 3073/3073/3073
f 3073/3073/3073 3072/3072/3072 3041/3041/3041
f 3043/3043/3043 3045/3045/3045 3074/3074/3074
f 3074/3074/3074 3073/3073/3073 3043/3043/3043
f 3045/3045/3045 3047/3047/3047 3075/3075/3075
f 3075/3075/3075 3074/3074/3074 3045/3045/3045
f 3047/3047/3047 3049/3049/3049 3076/3076/3076
f 3076/3076/3076 3075/3075/3075 3047/3047/3047
f 3049/3049/3049 3051/3051/3051 3077/3077/3077
f 3077/3077/3077 3076/3076/3076 3049/3049/3049
f 3051/3051/3051 3053/3053/3053 3078/3078/3078
f 3078/3078/3078 3077/3077/3077 3051/3051/3051
f 3053/3053/3053 3055/3055/3055 3079/3079/3079
f 3079/3079/3079 3078/3078/3078 3053/3053/3053
f 3055/3055/3055 3057/3057/3057 3080/3080/3080
f 3080/3080/3080 3079/3079/3079 3055/3055/3055
f 3057/3057/3057 3059/3059/3059 3081/3081/3081
f 3081/3081/3081 3080/3080/3080 3057/3057/3057
f 3059/3059/3059 3061/3061/3061 3082/3082/3082
f 3082/3082/3082 3081/3081/3081 3059/3059/3059
f 3061/3061/3061 3063/3063/3063 3083/3083/3083
f 3083/3083/3083 3082/3082/3082 3061/3061/3061
f 3063/3063/3063 3065/3065/3065 3084/3084/3084
f 3084/3084/3084 3083/3083/3083 3063/3063/3063
f 3065/3065/3065 3067/3067/3067 3085/3085/3085
f 3085/3085/3085 3084/3084/3084 3065/3065/3065
f 3067/3067/3067 3035/3035/3035 3069/3069/3069
f 3069/3069/3069 3085/3085/3085 3067/3067/3067
f 3069/3069/3069 3068/3068/3068 3086/3086/3086
f 3086/3086/3086 3087/3087/3087 3069/3069/3069
f 3068/3068/3068 3070/3070/3070 3088/3088/3088
f 3088/3088/3088 3086/3086/3086 3068/3068/3068
f 3070/3070/3070 3071/3071/3071 3089/3089/3089
f 3089/3089/3089 3088/3088/3088 3070/3070/3070
f 3071/3071/3071 3072/3072/3072 3090/3090/3090
f 3090/3090/3090 3089/3089/3089 3071/3071/3071
f 3072/3072/3072 3073/3073/3073 3091/3091/3091
f 3091/3091/3091 3090/3090/3090 3072/3072/3072
f 3073/3073/3073 3074/3074/3074 3092/3092/3092
f 3092/3092/3092 3091/3091/3091 3073/3073/3073
f 3074/3074/3074 3075/3075/3075 3093/3093/3093
f 3093/3093/3093 3092/3092/3092 3074/3074/3074
f 3075/3075/3075 3076/3076/3076 3094/3094/3094
f 3094/3094/3094 3093/3093/3093 3075/3075/3075
f 3076/3076/3076 3077/3077/3077 3095/3095/3095
f 3095/3095/3095 3094/3094/3094 3076/3076/3076
f 3077/3077/3077 3078/3078/3078 3096/3096/3096
f 3096/3096/3096 3095/3095/3095 3077/3077/3077
f 3078/3078/3078 3079/3079/3079 3097/3097/3097
f 3097/3097/3097 3096/3096/3096 3078/3078/3078
f 3079/3079/3079 3080/3080/3080 3098/3098/3098
f 3098/3098/3098 3097/3097/3097 3079/3079/3079
f 3080/3080/3080 3081/3081/3081 3099/3099/3099
f 3099/3099/3099 3098/3098/3098 3080/3080/3080
f 3081/3081/3081 3082/3082/3082 3100/3100/3100
f 3100/3100/3100 3099/3099/3099 3081/3081/3081
f 3082/3082/3082 3083/3083/3083 3101/3101/3101
f 3101/3101/3101 3100/3100/3100 3082/3082/3082
f 3083/3083/3083 3084/3084/3084 3102/3102/3102
f 3102/3102/3102 3101/3101/3101 3083/3083/3083
f 3084/3084/3084 3085/3085/3085 3103/3103/3103
f 3103/3103/3103 3102/3102/3102 3084/3084/3084
f 3085/3085/3085 3069/3069/3069 3087/3087/3087
f 3087/3087/3087 3103/3103/3103 3085/3085/3085
f 3104/3104/3104 3105/3105/3105 3106/3106/3106
f 3106/3106/3106 3107/3107/3107 3104/3104/3104
f 3105/3105/3105 3108/3108/3108 3109/3109/3109
f 3109/3109/3109 3106/3106/3106 3105/3105/3105
f 3108/3108/3108 3110/3110/3110 3111/3111/3111
f 3111/3111/3111 3109/3109/3109 3108/3108/3108
f 3110/3110/3110 3112/3112/3112 3113/3113/3113
f 3113/3113/3113 3111/3111/3111 3110/3110/3110
f 3112/3112/3112 3114/3114/3114 3115/3115/3115
f 3115/3115/3115 3113/3113/3113 3112/3112/3112
f 3114/3114/3114 3116/3116/3116 3117/3117/3117
f 3117/3117/3117 3115/3115/3115 3114/3114/3114
f 3116/3116/3116 3118/3118/3118 3119/3119/3119
f 3119/3119/3119 3117/3117/3117 3116/3116/3116
f 3118/3118/3118 3120/3120/3120 3121/3121/3121
f 3121/3121/3121 3119/3119/3119 3118/3118/3118
f 3120/3120/3120 3122/3122/3122 3123/3123/3123
f 3123/3123/3123 3121/3121/3121 3120/3120/3120
f 3122/3122/3122 3124/3124/3124 3125/3125/3125
f 3125/3125/3125 3123/3123/3123 3122/3122/3122
f 3124/3124/3124 3126/3126/3126 3127/3127/3127
f 3127/3127/3127 3125/3125/3125 3124/3124/3124
f 3126/3126/3126 3128/3128/3128 3129/3129/3129
f 3129/3129/3129 3127/3127/3127 3126/3126/3126
f 3128/3128/3128 3130/3130/3130 3131/3131/3131
f 3131/3131/3131 3129/3129/3129 3128/3128/3128
f 3130/3130/3130 3132/3132/3132 3133/3133/3133
f 3133/3133/3133 3131/3131/3131 3130/3130/3130
f 3132/3132/3132 3134/3134/3134 3135/3135/3135
f 3135/3135/3135 3133/3133/3133 3132/3132/3132
f 3134/3134/3134 3136/3136/3136 3137/3137/3137
f 3137/3137/3137 3135/3135/3135 3134/3134/3134
f 3136/3136/3136 3138/3138/3138 3139/3139/3139
f 3139/3139/3139 3137/3137/3137 3136/3136/3136
f 3138/3138/3138 3140/3140/3140 3141/3141/3141
f 3141/3141/3141 3139/3139/3139 3138/3138/3138
f 3142/3142/3142 2978/2978/2978 2995/2995/2995
f 2995/2995/2995 3143/3143/3143 3142/3142/3142
f 3144/3144/3144 2979/2979/2979 2978/2978/2978
f 2978/2978/2978 3142/3142/3142 3144/3144/3144
f 3145/3145/3145 2980/2980/2980 2979/2979/2979
f 2979/2979/2979 3144/3144/3144 3145/3145/3145
f 3146/3146/3146 2981/2981/2981 2980/2980/2980
f 2980/2980/2980 3145/3145/3145 3146/3146/3146
f 3147/3147/3147 2982/2982/2982 2981/2981/2981
f 2981/2981/2981 3146/3146/3146 3147/3147/3147
f 3148/3148/3148 2983/2983/2983 2982/2982/2982
f 2982/2982/2982 3147/3147/3147 3148/3148/3148
f 3149/3149/3149 2984/2984/2984 2983/2983/2983
f 2983/2983/2983 3148/3148/3148 3149/3149/3149
f 3150/3150/3150 2985/2985/2985 2984/2984/2984
f 2984/2984/2984 3149/3149/3149 3150/3150/3150
f 3151/3151/3151 2986/2986/2986 2985/2985/2985
f 2985/2985/2985 3150/3150/3150 3151/3151/3151
f 3152/3152/3152 2987/2987/2987 2986/2986/2986
f 2986/2986/2986 3151/3151/3151 3152/3152/3152
f 3153/3153/3153 2988/2988/2988 2987/2987/2987
f 2987/2987/2987 3152/3152/3152 3153/3153/3153
f 3154/3154/3154 2989/2989/2989 2988/2988/2988
f 2988/2988/2988 3153/3153/3153 3154/3154/3154
f 3155/3155/3155 2990/2990/2990 2989/2989/2989
f 2989/2989/2989 3154/3154/3154 3155/3155/3155
f 3156/3156/3156 2991/2991/2991 2990/2990/2990
f 2990/2990/2990 3155/3155/3155 3156/3156/3156
f 3157/3157/3157 2992/2992/2992 2991/2991/2991
f 2991/2991/2991 3156/3156/3156 3157/3157/3157
f 3158/3158/3158 2993/2993/2993 2992/2992/2992
f 2992/2992/2992 3157/3157/3157 3158/3158/3158
f 3159/3159/3159 2994/2994/2994 2993/2993/2993
f 2993/2993/2993 3158/3158/3158 3159/3159/3159
f 3143/3143/3143 2995/2995/2995 2994/2994/2994
f 2994/2994/2994 3159/3159/3159 3143/3143/3143
f 3106/3106/3106 3160/3160/3160 3161/3161/3161
f 3161/3161/3161 3107/3107/3107 3106/3106/3106
f 3109/3109/3109 3162/3162/3162 3160/3160/3160
f 3160/3160/3160 3106/3106/3106 3109/3109/3109
f 3111/3111/3111 3163/3163/3163 3162/3162/3162
f 3162/3162/3162 3109/3109/3109 3111/3111/3111
f 3113/3113/3113 3164/3164/3164 3163/3163/3163
f 3163/3163/3163 3111/3111/3111 3113/3113/3113
f 3115/3115/3115 3165/3165/3165 3164/3164/3164
f 3164/3164/3164 3113/3113/3113 3115/3115/3115
f 3117/3117/3117 3166/3166/3166 3165/3165/3165
f 3165/3165/3165 3115/3115/3115 3117/3117/3117
f 3119/3119/3119 3167/3167/3167 3166/3166/3166
f 3166/3166/3166 3117/3117/3117 3119/3119/3119
f 3121/3121/3121 3168/3168/3168 3167/3167/3167
f 3167/3167/3167 3119/3119/3119 3121/3121/3121
f 3123/3123/3123 3169/3169/3169 3168/3168/3168
f 3168/3168/3168 3121/3121/3121 3123/3123/3123
f 3125/3125/3125 3170/3170/3170 3169/3169/3169
f 3169/3169/3169 3123/3123/3123 3125/3125/3125
f 3127/3127/3127 3171/3171/3171 3170/3170/3170
f 3170/3170/3170 3125/3125/3125 3127/3127/3127
f 3129/3129/3129 3172/3172/3172 3171/3171/3171
f 3171/3171/3171 3127/3127/3127 3129/3129/3129
f 3131/3131/3131 3173/3173/3173 3172/3172/3172
f 3172/3172/3172 3129/3129/3129 3131/3131/3131
f 3133/3133/3133 3174/3174/3174 3173/3173/3173
f 3173/3173/3173 3131/3131/3131 3133/3133/3133
f 3135/3135/3135 3175/3175/3175 3174/3174/3174
f 3174/3174/3174 3133/3133/3133 3135/3135/3135
f 3137/3137/3137 3176/3176/3176 3175/3175/3175
f 3175/3175/3175 3135/3135/3135 3137/3137/3137
f 3139/3139/3139 3177/3177/3177 3176/3176/3176
f 3176/3176/3176 3137/3137/3137 3139/3139/3139
f 3178/3178/3178 3179/3179/3179 3177/3177/3177
f 3177/3177/3177 3139/3139/3139 3178/3178/3178
f 3180/3180/3180 3105/3105/3105 3104/3104/3104
f 3104/3104/3104 3181/3181/3181 3180/3180/3180
f 3182/3182/3182 3108/3108/3108 3105/3105/3105
f 3105/3105/3105 3180/3180/3180 3182/3182/3182
f 3183/3183/3183 3110/3110/3110 3108/3108/3108
f 3108/3108/3108 3182/3182/3182 3183/3183/3183
f 3184/3184/3184 3112/3112/3112 3110/3110/3110
f 3110/3110/3110 3183/3183/3183 3184/3184/3184
f 3185/3185/3185 3114/3114/3114 3112/3112/3112
f 3112/3112/3112 3184/3184/3184 3185/3185/3185
f 3186/3186/3186 3116/3116/3116 3114/3114/3114
f 3114/3114/3114 3185/3185/3185 3186/3186/3186
f 3187/3187/3187 3118/3118/3118 3116/3116/3116
f 3116/3116/3116 3186/3186/3186 3187/3187/3187
f 3188/3188/3188 3120/3120/3120 3118/3118/3118
f 3118/3118/3118 3187/3187/3187 3188/3188/3188
f 3189/3189/3189 3122/3122/3122 3120/3120/3120
f 3120/3120/3120 3188/3188/3188 3189/3189/3189
f 3190/3190/3190 3124/3124/3124 3122/3122/3122
f 3122/3122/3122 3189/3189/3189 3190/3190/3190
f 3191/3191/3191 3126/3126/3126 3124/3124/3124
f 3124/3124/3124 3190/3190/3190 3191/3191/3191
f 3192/3192/3192 3128/3128/3128 3126/3126/3126
f 3126/3126/3126 3191/3191/3191 3192/3192/3192
f 3193/3193/3193 3130/3130/3130 3128/3128/3128
f 3128/3128/3128 3192/3192/3192 3193/3193/3193
f 3194/3194/3194 3132/3132/3132 3130/3130/3130
f 3130/3130/3130 3193/3193/3193 3194/3194/3194
f 3195/3195/3195 3134/3134/3134 3132/3132/3132
f 3132/3132/3132 3194/3194/3194 3195/3195/3195
f 3196/3196/3196 3136/3136/3136 3134/3134/3134
f 3134/3134/3134 3195/3195/3195 3196/3196/3196
f 3197/3197/3197 3138/3138/3138 3136/3136/3136
f 3136/3136/3136 3196/3196/3196 3197/3197/3197
f 3198/3198/3198 3140/3140/3140 3138/3138/3138
f 3138/3138/3138 3197/3197/3197 3198/3198/3198
f 3086/3086/3086 3199/3199/3199 3200/3200/3200
f 3200/3200/3200 3087/3087/3087 3086/3086/3086
f 3088/3088/3088 3201/3201/3201 3199/3199/3199
f 3199/3199/3199 3086/3086/3086 3088/3088/3088
f 3089/3089/3089 3202/3202/3202 3201/3201/3201
f 3201/3201/3201 3088/3088/3088 3089/3089/3089
f 3090/3090/3090 3203/3203/3203 3202/3202/3202
f 3202/3202/3202 3089/3089/3089 3090/3090/3090
f 3091/3091/3091 3204/3204/3204 3203/3203/3203
f 3203/3203/3203 3090/3090/3090 3091/3091/3091
f 3092/3092/3092 3205/3205/3205 3204/3204/3204
f 3204/3204/3204 3091/3091/3091 3092/3092/3092
f 3093/3093/3093 3206/3206/3206 3205/3205/3205
f 3205/3205/3205 3092/3092/3092 3093/3093/3093
f 3094/3094/3094 3207/3207/3207 3206/3206/3206
f 3206/3206/3206 3093/3093/3093 3094/3094/3094
f 3095/3095/3095 3208/3208/3208 3207/3207/3207
f 3207/3207/3207 3094/3094/3094 3095/3095/3095
f 3096/3096/3096 3209/3209/3209 3208/3208/3208
f 3208/3208/3208 3095/3095/3095 3096/3096/3096
f 3097/3097/3097 3210/3210/3210 3209/3209/3209
f 3209/3209/3209 3096/3096/3096 3097/3097/3097
f 3098/3098/3098 3211/3211/3211 3210/3210/3210
f 3210/3210/3210 3097/3097/3097 3098/3098/3098
f 3099/3099/3099 3212/3212/3212 3211/3211/3211
f 3211/3211/3211 3098/3098/3098 3099/3099/3099
f 3100/3100/3100 3213/3213/3213 3212/3212/3212
f 3212/3212/3212 3099/3099/3099 3100/3100/3100
f 3101/3101/3101 3214/3214/3214 3213/3213/3213
f 3213/3213/3213 3100/3100/3100 3101/3101/3101
f 3102/3102/3102 3215/3215/3215 3214/3214/3214
f 3214/3214/3214 3101/3101/3101 3102/3102/3102
f 3103/3103/3103 3216/3216/3216 3215/3215/3215
f 3215/3215/3215 3102/3102/3102 3103/3103/3103
f 3087/3087/3087 3200/3200/3200 3216/3216/3216
f 3216/3216/3216 3103/3103/3103 3087/3087/3087
f 3217/3217/3217 3218/3218/3218 3219/3219/3219
f 3219/3219/3219 3220/3220/3220 3217/3217/3217
f 3218/3218/3218 3221/3221/3221 3222/3222/3222
f 3222/3222/3222 3219/3219/3219 3218/3218/3218
f 3221/3221/3221 3223/3223/3223 3224/3224/3224
f 3224/3224/3224 3222/3222/3222 3221/3221/3221
f 3223/3223/3223 3225/3225/3225 3226/3226/3226
f 3226/3226/3226 3224/3224/3224 3223/3223/3223
f 3225/3225/3225 3227/3227/3227 3228/3228/3228
f 3228/3228/3228 3226/3226/3226 3225/3225/3225
f 3227/3227/3227 3229/3229/3229 3230/3230/3230
f 3230/3230/3230 3228/3228/3228 3227/3227/3227
f 3229/3229/3229 3231/3231/3231 3232/3232/3232
f 3232/3232/3232 3230/3230/3230 3229/3229/3229
f 3231/3231/3231 3233/3233/3233 3234/3234/3234
f 3234/3234/3234 3232/3232/3232 3231/3231/3231
f 3233/3233/3233 3235/3235/3235 3236/3236/3236
f 3236/3236/3236 3234/3234/3234 3233/3233/3233
f 3235/3235/3235 3237/3237/3237 3238/3238/3238
f 3238/3238/3238 3236/3236/3236 3235/3235/3235
f 3237/3237/3237 3239/3239/3239 3240/3240/3240
f 3240/3240/3240 3238/3238/3238 3237/3237/3237
f 3239/3239/3239 3241/3241/3241 3242/3242/3242
f 3242/3242/3242 3240/3240/3240 3239/3239/3239
f 3241/3241/3241 3243/3243/3243 3244/3244/3244
f 3244/3244/3244 3242/3242/3242 3241/3241/3241
f 3243/3243/3243 3245/3245/3245 3246/3246/3246
f 3246/3246/3246 3244/3244/3244 3243/3243/3243
f 3245/3245/3245 3247/3247/3247 3248/3248/3248
f 3248/3248/3248 3246/3246/3246 3245/3245/3245
f 3247/3247/3247 3249/3249/3249 3250/3250/3250
f 3250/3250/3250 3248/3248/3248 3247/3247/3247
f 3249/3249/3249 3251/3251/3251 3252/3252/3252
f 3252/3252/3252 3250/3250/3250 3249/3249/3249
f 3253/3253/3253 3217/3217/3217 3220/3220/3220
f 3220/3220/3220 3254/3254/3254 3253/3253/3253
f 3255/3255/3255 3256/3256/3256 3257/3257/3257
f 3258/3258/3258 3259/3259/3259 3260/3260/3260
f 3261/3261/3261 3262/3262/3262 3263/3263/3263
f 3264/3264/3264 3265/3265/3265 3266/3266/3266
f 3267/3267/3267 3268/3268/3268 3269/3269/3269
f 3270/3270/3270 3271/3271/3271 3272/3272/3272
f 3273/3273/3273 3274/3274/3274 3275/3275/3275
f 3276/3276/3276 3277/3277/3277 3278/3278/3278
f 3279/3279/3279 3280/3280/3280 3281/3281/3281
f 3282/3282/3282 3283/3283/3283 3284/3284/3284
f 3285/3285/3285 3286/3286/3286 3287/3287/3287
f 3288/3288/3288 3289/3289/3289 3290/3290/3290
f 3291/3291/3291 3292/3292/3292 3293/3293/3293
f 3294/3294/3294 3295/3295/3295 3296/3296/3296
f 3297/3297/3297 3298/3298/3298 3299/3299/3299
f 3300/3300/3300 3301/3301/3301 3302/3302/3302
f 3303/3303/3303 3304/3304/3304 3305/3305/3305
f 3306/3306/3306 3307/3307/3307 3308/3308/3308
f 3309/3309/3309 3310/3310/3310 3311/3311/3311
f 3312/3312/3312 3313/3313/3313 3314/3314/3314
f 3315/3315/3315 3316/3316/3316 3317/3317/3317
f 3318/3318/3318 3319/3319/3319 3320/3320/3320
f 3321/3321/3321 3318/3318/3318 3320/3320/3320
f 3322/3322/3322 3323/3323/3323 3324/3324/3324
f 3325/3325/3325 3326/3326/3326 3327/3327/3327
f 3328/3328/3328 3329/3329/3329 3330/3330/3330
f 3331/3331/3331 3332/3332/3332 3333/3333/3333
f 3334/3334/3334 3335/3335/3335 3336/3336/3336
f 3337/3337/3337 3338/3338/3338 3339/3339/3339
f 3340/3340/3340 3341/3341/3341 3342/3342/3342
f 3343/3343/3343 3344/3344/3344 3345/3345/3345
f 3346/3346/3346 3347/3347/3347 3348/3348/3348
f 3349/3349/3349 3350/3350/3350 3351/3351/3351
f 3351/3351/3351 3352/3352/3352 3349/3349/3349
f 3350/3350/3350 3353/3353/3353 3354/3354/3354
f 3354/3354/3354 3351/3351/3351 3350/3350/3350
f 3353/3353/3353 3355/3355/3355 3356/3356/3356
f 3356/3356/3356 3354/3354/3354 3353/3353/3353
f 3355/3355/3355 3357/3357/3357 3358/3358/3358
f 3358/3358/3358 3356/3356/3356 3355/3355/3355
f 3357/3357/3357 3359/3359/3359 3360/3360/3360
f 3360/3360/3360 3358/3358/3358 3357/3357/3357
f 3359/3359/3359 3361/3361/3361 3362/3362/3362
f 3362/3362/3362 3360/3360/3360 3359/3359/3359
f 3361/3361/3361 3363/3363/3363 3364/3364/3364
f 3364/3364/3364 3362/3362/3362 3361/3361/3361
f 3363/3363/3363 3365/3365/3365 3366/3366/3366
f 3366/3366/3366 3364/3364/3364 3363/3363/3363
f 3365/3365/3365 3367/3367/3367 3368/3368/3368
f 3368/3368/3368 3366/3366/3366 3365/3365/3365
f 3367/3367/3367 3369/3369/3369 3370/3370/3370
f 3370/3370/3370 3368/3368/3368 3367/3367/3367
f 3369/3369/3369 3371/3371/3371 3372/3372/3372
f 3372/3372/3372 3370/3370/3370 3369/3369/3369
f 3371/3371/3371 3373/3373/3373 3374/3374/3374
f 3374/3374/3374 3372/3372/3372 3371/3371/3371
f 3373/3373/3373 3375/3375/3375 3376/3376/3376
f 3376/3376/3376 3374/3374/3374 3373/3373/3373
f 3375/3375/3375 3377/3377/3377 3378/3378/3378
f 3378/3378/3378 3376/3376/3376 3375/3375/3375
f 3377/3377/3377 3379/3379/3379 3380/3380/3380
f 3380/3380/3380 3378/3378/3378 3377/3377/3377
f 3379/3379/3379 3381/3381/3381 3382/3382/3382
f 3382/3382/3382 3380/3380/3380 3379/3379/3379
f 3381/3381/3381 3383/3383/3383 3384/3384/3384
f 3384/3384/3384 3382/3382/3382 3381/3381/3381
f 3383/3383/3383 3349/3349/3349 3352/3352/3352
f 3352/3352/3352 3384/3384/3384 3383/3383/3383
f 3385/3385/3385 3386/3386/3386 3387/3387/3387
f 3388/3388/3388 3389/3389/3389 3390/3390/3390
f 3391/3391/3391 3392/3392/3392 3393/3393/3393
f 3394/3394/3394 3395/3395/3395 3396/3396/3396
f 3397/3397/3397 3398/3398/3398 3399/3399/3399
f 3400/3400/3400 3401/3401/3401 3402/3402/3402
f 3403/3403/3403 3404/3404/3404 3405/3405/3405
f 3406/3406/3406 3407/3407/3407 3408/3408/3408
f 3409/3409/3409 3410/3410/3410 3411/3411/3411
f 3412/3412/3412 3413/3413/3413 3414/3414/3414
f 3415/3415/3415 3416/3416/3416 3417/3417/3417
f 3418/3418/3418 3419/3419/3419 3420/3420/3420
f 3421/3421/3421 3422/3422/3422 3423/3423/3423
f 3424/3424/3424 3425/3425/3425 3426/3426/3426
f 3427/3427/3427 3428/3428/3428 3429/3429/3429
f 3430/3430/3430 3431/3431/3431 3432/3432/3432
f 3433/3433/3433 3434/3434/3434 3435/3435/3435
f 3436/3436/3436 3437/3437/3437 3438/3438/3438
f 3439/3439/3439 3440/3440/3440 3441/3441/3441
f 3442/3442/3442 3443/3443/3443 3444/3444/3444
f 3445/3445/3445 3446/3446/3446 3447/3447/3447
f 3448/3448/3448 3449/3449/3449 3450/3450/3450
f 3451/3451/3451 3452/3452/3452 3453/3453/3453
f 3454/3454/3454 3455/3455/3455 3456/3456/3456
f 3457/3457/3457 3458/3458/3458 3459/3459/3459
f 3460/3460/3460 3461/3461/3461 3462/3462/3462
f 3463/3463/3463 3464/3464/3464 3465/3465/3465
f 3466/3466/3466 3467/3467/3467 3468/3468/3468
f 3469/3469/3469 3470/3470/3470 3471/3471/3471
f 3472/3472/3472 3473/3473/3473 3474/3474/3474
f 3475/3475/3475 3476/3476/3476 3477/3477/3477
f 3478/3478/3478 3479/3479/3479 3480/3480/3480
f 3481/3481/3481 3482/3482/3482 3483/3483/3483
f 3484/3484/3484 3485/3485/3485 3486/3486/3486
f 3487/3487/3487 3488/3488/3488 3489/3489/3489
f 3490/3490/3490 3491/3491/3491 3492/3492/3492
f 3493/3493/3493 3350/3350/3350 3349/3349/3349
f 3349/3349/3349 3494/3494/3494 3493/3493/3493
f 3494/3494/3494 3349/3349/3349 3383/3383/3383
f 3383/3383/3383 3495/3495/3495 3494/3494/3494
f 3495/3495/3495 3383/3383/3383 3381/3381/3381
f 3381/3381/3381 3496/3496/3496 3495/3495/3495
f 3496/3496/3496 3381/3381/3381 3379/3379/3379
f 3379/3379/3379 3497/3497/3497 3496/3496/3496
f 3497/3497/3497 3379/3379/3379 3377/3377/3377
f 3377/3377/3377 3498/3498/3498 3497/3497/3497
f 3498/3498/3498 3377/3377/3377 3375/3375/3375
f 3375/3375/3375 3499/3499/3499 3498/3498/3498
f 3499/3499/3499 3375/3375/3375 3373/3373/3373
f 3373/3373/3373 3500/3500/3500 3499/3499/3499
f 3500/3500/3500 3373/3373/3373 3371/3371/3371
f 3371/3371/3371 3501/3501/3501 3500/3500/3500
f 3501/3501/3501 3371/3371/3371 3369/3369/3369
f 3369/3369/3369 3502/3502/3502 3501/3501/3501
f 3502/3502/3502 3369/3369/3369 3367/3367/3367
f 3367/3367/3367 3503/3503/3503 3502/3502/3502
f 3503/3503/3503 3367/3367/3367 3365/3365/3365
f 3365/3365/3365 3504/3504/3504 3503/3503/3503
f 3504/3504/3504 3365/3365/3365 3363/3363/3363
f 3363/3363/3363 3505/3505/3505 3504/3504/3504
f 3505/3505/3505 3363/3363/3363 3361/3361/3361
f 3361/3361/3361 3506/3506/3506 3505/3505/3505
f 3506/3506/3506 3361/3361/3361 3359/3359/3359
f 3359/3359/3359 3507/3507/3507 3506/3506/3506
f 3507/3507/3507 3359/3359/3359 3357/3357/3357
f 3357/3357/3357 3508/3508/3508 3507/3507/3507
f 3508/3508/3508 3357/3357/3357 3355/3355/3355
f 3355/3355/3355 3509/3509/3509 3508/3508/3508
f 3509/3509/3509 3355/3355/3355 3353/3353/3353
f 3353/3353/3353 3510/3510/3510 3509/3509/3509
f 3510/3510/3510 3353/3353/3353 3350/3350/3350
f 3350/3350/3350 3493/3493/3493 3510/3510/3510
f 3511/3511/3511 3512/3512/3512 3513/3513/3513
f 3513/3513/3513 3514/3514/3514 3511/3511/3511
f 3514/3514/3514 3513/3513/3513 3515/3515/3515
f 3515/3515/3515 3516/3516/3516 3514/3514/3514
f 3516/3516/3516 3515/3515/3515 3517/3517/3517
f 3517/3517/3517 3518/3518/3518 3516/3516/3516
f 3518/3518/3518 3517/3517/3517 3519/3519/3519
f 3519/3519/3519 3520/3520/3520 3518/3518/3518
f 3520/3520/3520 3519/3519/3519 3521/3521/3521
f 3521/3521/3521 3522/3522/3522 3520/3520/3520
f 3522/3522/3522 3521/3521/3521 3523/3523/3523
f 3523/3523/3523 3524/3524/3524 3522/3522/3522
f 3524/3524/3524 3523/3523/3523 3525/3525/3525
f 3525/3525/3525 3526/3526/3526 3524/3524/3524
f 3526/3526/3526 3525/3525/3525 3527/3527/3527
f 3527/3527/3527 3528/3528/3528 3526/3526/3526
f 3528/3528/3528 3527/3527/3527 3529/3529/3529
f 3529/3529/3529 3530/3530/3530 3528/3528/3528
f 3530/3530/3530 3529/3529/3529 3531/3531/3531
f 3531/3531/3531 3532/3532/3532 3530/3530/3530
f 3532/3532/3532 3531/3531/3531 3533/3533/3533
f 3533/3533/3533 3534/3534/3534 3532/3532/3532
f 3534/3534/3534 3533/3533/3533 3535/3535/3535
f 3535/3535/3535 3536/3536/3536 3534/3534/3534
f 3536/3536/3536 3535/3535/3535 3537/3537/3537
f 3537/3537/3537 3538/3538/3538 3536/3536/3536
f 3538/3538/3538 3537/3537/3537 3539/3539/3539
f 3539/3539/3539 3540/3540/3540 3538/3538/3538
f 3540/3540/3540 3539/3539/3539 3541/3541/3541
f 3541/3541/3541 3542/3542/3542 3540/3540/3540
f 3542/3542/3542 3541/3541/3541 3543/3543/3543
f 3543/3543/3543 3544/3544/3544 3542/3542/3542
f 3544/3544/3544 3543/3543/3543 3545/3545/3545
f 3545/3545/3545 3546/3546/3546 3544/3544/3544
f 3547/3547/3547 3548/3548/3548 3512/3512/3512
f 3512/3512/3512 3511/3511/3511 3547/3547/3547
f 3549/3549/3549 3550/3550/3550 3551/3551/3551
f 3552/3552/3552 3553/3553/3553 3554/3554/3554
f 3555/3555/3555 3556/3556/3556 3557/3557/3557
f 3558/3558/3558 3559/3559/3559 3560/3560/3560
f 3561/3561/3561 3562/3562/3562 3563/3563/3563
f 3564/3564/3564 3565/3565/3565 3566/3566/3566
f 3567/3567/3567 3568/3568/3568 3569/3569/3569
f 3570/3570/3570 3571/3571/3571 3572/3572/3572
f 3573/3573/3573 3574/3574/3574 3575/3575/3575
f 3576/3576/3576 3577/3577/3577 3578/3578/3578
f 3579/3579/3579 3580/3580/3580 3581/3581/3581
f 3582/3582/3582 3583/3583/3583 3584/3584/3584
f 3585/3585/3585 3586/3586/3586 3587/3587/3587
f 3588/3588/3588 3589/3589/3589 3590/3590/3590
f 3591/3591/3591 3592/3592/3592 3593/3593/3593
f 3594/3594/3594 3595/3595/3595 3596/3596/3596
f 3597/3597/3597 3598/3598/3598 3599/3599/3599
f 3600/3600/3600 3601/3601/3601 3602/3602/3602
f 3603/3603/3603 3604/3604/3604 3605/3605/3605
f 3606/3606/3606 3607/3607/3607 3608/3608/3608
f 3609/3609/3609 3610/3610/3610 3611/3611/3611
f 3612/3612/3612 3613/3613/3613 3614/3614/3614
f 3615/3615/3615 3616/3616/3616 3617/3617/3617
f 3618/3618/3618 3619/3619/3619 3620/3620/3620
f 3621/3621/3621 3622/3622/3622 3623/3623/3623
f 3624/3624/3624 3625/3625/3625 3626/3626/3626
f 3627/3627/3627 3628/3628/3628 3629/3629/3629
f 3630/3630/3630 3631/3631/3631 3632/3632/3632
f 3633/3633/3633 3634/3634/3634 3635/3635/3635
f 3636/3636/3636 3637/3637/3637 3638/3638/3638
f 3639/3639/3639 3640/3640/3640 3641/3641/3641
f 3642/3642/3642 3643/3643/3643 3644/3644/3644
f 3645/3645/3645 3646/3646/3646 3647/3647/3647
f 3648/3648/3648 3649/3649/3649 3650/3650/3650
f 3651/3651/3651 3652/3652/3652 3653/3653/3653
f 3654/3654/3654 3655/3655/3655 3656/3656/3656
f 3657/3657/3657 3658/3658/3658 3659/3659/3659
f 3659/3659/3659 3660/3660/3660 3657/3657/3657
f 3658/3658/3658 3661/3661/3661 3662/3662/3662
f 3662/3662/3662 3659/3659/3659 3658/3658/3658
f 3661/3661/3661 3663/3663/3663 3664/3664/3664
f 3664/3664/3664 3662/3662/3662 3661/3661/3661
f 3665/3665/3665 3666/3666/3666 3667/3667/3667
f 3667/3667/3667 3668/3668/3668 3665/3665/3665
f 3666/3666/3666 3669/3669/3669 3670/3670/3670
f 3670/3670/3670 3667/3667/3667 3666/3666/3666
f 3669/3669/3669 3671/3671/3671 3672/3672/3672
f 3672/3672/3672 3670/3670/3670 3669/3669/3669
f 3671/3671/3671 3673/3673/3673 3674/3674/3674
f 3674/3674/3674 3672/3672/3672 3671/3671/3671
f 3673/3673/3673 3675/3675/3675 3676/3676/3676
f 3676/3676/3676 3674/3674/3674 3673/3673/3673
f 3677/3677/3677 3678/3678/3678 3679/3679/3679
f 3679/3679/3679 3680/3680/3680 3677/3677/3677
f 3678/3678/3678 3681/3681/3681 3682/3682/3682
f 3682/3682/3682 3679/3679/3679 3678/3678/3678
f 3681/3681/3681 3683/3683/3683 3684/3684/3684
f 3684/3684/3684 3682/3682/3682 3681/3681/3681
f 3683/3683/3683 3685/3685/3685 3686/3686/3686
f 3686/3686/3686 3684/3684/3684 3683/3683/3683
f 3687/3687/3687 3688/3688/3688 3689/3689/3689
f 3689/3689/3689 3690/3690/3690 3687/3687/3687
f 3688/3688/3688 3691/3691/3691 3692/3692/3692
f 3692/3692/3692 3689/3689/3689 3688/3688/3688
f 3691/3691/3691 3693/3693/3693 3694/3694/3694
f 3694/3694/3694 3692/3692/3692 3691/3691/3691
f 3693/3693/3693 3695/3695/3695 3696/3696/3696
f 3696/3696/3696 3694/3694/3694 3693/3693/3693
f 3695/3695/3695 3697/3697/3697 3698/3698/3698
f 3698/3698/3698 3696/3696/3696 3695/3695/3695
f 3699/3699/3699 3657/3657/3657 3660/3660/3660
f 3660/3660/3660 3700/3700/3700 3699/3699/3699
