# Simple Safe by avhatar, CC BY 4.0. Animated in Blender; see safe_credits.txt.
mtllib safe.mtl
g Safe_Body
usemtl safe
v 0.06907427 0.02000000 1.44550419
v 0.06907439 0.02000014 0.34594220
v 0.93096662 0.02000014 0.34594232
v 0.93096650 0.02000000 1.44550443
v 0.06907439 1.39344156 0.34594232
v 0.06907427 1.39344132 1.44550431
v 0.93096650 1.39344132 1.44550443
v 0.93096662 1.39344156 0.34594250
v -0.13136345 0.93855095 1.44550443
v -0.13136333 0.93855107 0.34594232
v -0.13136333 0.46083280 0.34594226
v -0.13136345 0.46083269 1.44550431
v 0.93100786 0.93855095 1.46000004
v 0.06904703 0.93855107 1.45999980
v 0.06904703 0.46083283 1.45999980
v 0.06904703 0.46083283 1.45999980
v 0.93100786 0.46083266 1.45999992
v 0.93100786 0.93855095 1.46000004
v 1.13136339 0.93855119 0.34594244
v 1.13136339 0.93855095 1.44550443
v 1.13136339 0.46083269 1.44550443
v 1.13136339 0.46083298 0.34594238
v 1.12436783 0.02290925 1.43917918
v 1.11533153 0.02000000 1.43100882
v 1.11533165 0.02000014 0.36043781
v 1.12436795 0.02290937 0.35226750
v 0.06906119 0.02248207 1.45247483
v 0.93098640 0.02248204 1.45247483
v -0.12436783 0.02290937 0.35226738
v -0.11533153 0.02000014 0.36043769
v -0.11533165 0.02000000 1.43100882
v -0.12436795 0.02290925 1.43917906
v 0.93098652 0.02248219 0.33897179
v 0.06906131 0.02248219 0.33897167
v 0.06906131 1.39095950 0.33897173
v 0.93098652 1.39095950 0.33897191
v -0.12436795 1.39053214 1.43917918
v -0.11533165 1.39344132 1.43100882
v -0.11533153 1.39344156 0.36043787
v -0.12436783 1.39053226 0.35226750
v 0.93098640 1.39095926 1.45247507
v 0.06906119 1.39095926 1.45247483
v 1.12436795 1.39053226 0.35226762
v 1.11533165 1.39344156 0.36043799
v 1.11533153 1.39344132 1.43100905
v 1.12436783 1.39053214 1.43917930
v 1.13136339 0.03548457 1.44550443
v 1.12865114 0.02762569 1.44305205
v 1.12865138 0.02762579 0.34839463
v 1.13136339 0.03548468 0.34594232
v 0.06904703 0.03548462 1.45999980
v 0.06905150 0.02782423 1.45760942
v 0.93100107 0.02782419 1.45760942
v 0.93100786 0.03548457 1.45999980
v -0.13136333 0.03548468 0.34594220
v -0.12865120 0.02762579 0.34839451
v -0.12865132 0.02762569 1.44305193
v -0.13136345 0.03548457 1.44550419
v 0.93100798 0.03548468 0.33144683
v 0.93100119 0.02782433 0.33383721
v 0.06905162 0.02782433 0.33383709
v 0.06904715 0.03548468 0.33144671
v 0.06904715 1.37795687 0.33144683
v 0.06905162 1.38561726 0.33383715
v 0.93100119 1.38561726 0.33383733
v 0.93100798 1.37795687 0.33144701
v -0.13136345 1.37795675 1.44550443
v -0.12865132 1.38581574 1.44305205
v -0.12865120 1.38581586 0.34839463
v -0.13136333 1.37795687 0.34594238
v 0.93100786 1.37795675 1.46000004
v 0.93100107 1.38561726 1.45760965
v 0.06905150 1.38561726 1.45760942
v 0.06904703 1.37795675 1.45999980
v 1.13136339 1.37795687 0.34594250
v 1.12865138 1.38581586 0.34839475
v 1.12865114 1.38581574 1.44305217
v 1.13136339 1.37795675 1.44550443
v -0.12339056 0.93855107 0.33387572
v -0.11533153 0.93855107 0.33144683
v -0.11533153 0.46083283 0.33144677
v -0.12339056 0.46083283 0.33387566
v 1.12339067 0.46083301 0.33387578
v 1.11533165 0.46083301 0.33144689
v 1.11533165 0.93855119 0.33144695
v 1.12339067 0.93855119 0.33387583
v -0.12878793 0.93855095 1.45249057
v -0.12878793 0.46083266 1.45249057
v 1.12339056 0.93855095 1.45757103
v 1.11533153 0.93855095 1.46000004
v 1.11533153 0.46083266 1.45999992
v 1.12339056 0.46083266 1.45757103
v 1.12035990 0.02290940 0.34139585
v 1.11132371 0.02000014 0.34956622
v -0.12610996 0.02767310 0.34144247
v -0.12878782 0.03548468 0.33895600
v 1.12035990 0.02290925 1.45005083
v 1.10833597 0.02290925 1.45367467
v 1.09929967 0.02000000 1.44550443
v 1.11132360 0.02000000 1.44188046
v -0.12061274 0.02771817 1.45517683
v -0.11261946 0.02762568 1.45754743
v -0.11533165 0.03548457 1.45999980
v -0.12339067 0.03548457 1.45757079
v 1.12035990 1.39053226 0.34139597
v 1.10833609 1.39053226 0.33777213
v 1.09929991 1.39344156 0.34594250
v 1.11132371 1.39344156 0.34956634
v -0.12035984 1.39053226 0.34139585
v -0.11132360 1.39344156 0.34956622
v 1.12035990 1.39053214 1.45005095
v 1.11132360 1.39344132 1.44188070
v -0.12035996 1.39053214 1.45005083
v -0.10833609 1.39053214 1.45367467
v -0.09929985 1.39344132 1.44550443
v -0.11132371 1.39344132 1.44188046
v 1.12878799 0.03548468 0.33895612
v 1.12611008 0.02767310 0.34144258
v -0.11132360 0.02000014 0.34956610
v -0.12035984 0.02290940 0.34139574
v 1.12339056 0.03548457 1.45757103
v 1.11533153 0.03548457 1.45999980
v 1.11261940 0.02762568 1.45754755
v 1.12061262 0.02771817 1.45517695
v -0.11132371 0.02000000 1.44188035
v -0.09929985 0.02000000 1.44550419
v -0.10833609 0.02290925 1.45367455
v -0.12035996 0.02290925 1.45005071
v 1.12339067 1.37795687 0.33387583
v 1.11533165 1.37795687 0.33144701
v 1.11261940 1.38581586 0.33389926
v 1.12061262 1.38572335 0.33626992
v -0.12878782 1.37795687 0.33895612
v -0.12610996 1.38576853 0.34144258
v 1.12878776 1.37795675 1.45249069
v 1.12610996 1.38576841 1.45000422
v -0.12339067 1.37795675 1.45757103
v -0.11533165 1.37795675 1.45999980
v -0.11261946 1.38581574 1.45754755
v -0.12061268 1.38572323 1.45517695
v -0.12878782 0.93855107 0.33895612
v -0.12878782 0.46083283 0.33895606
v 1.12878799 0.46083301 0.33895618
v 1.12878799 0.93855119 0.33895624
v -0.11533165 0.93855095 1.45999980
v -0.12339067 0.93855095 1.45757103
v -0.12339067 0.46083266 1.45757091
v -0.11533165 0.46083266 1.45999980
v 1.12878776 0.93855095 1.45249069
v 1.12878776 0.46083266 1.45249057
v 1.10833609 0.02290940 0.33777201
v 1.09929991 0.02000014 0.34594232
v -0.11261934 0.02762583 0.33389902
v -0.12061262 0.02771832 0.33626962
v -0.12339056 0.03548468 0.33387560
v -0.11533153 0.03548468 0.33144671
v -0.12611008 0.02767297 1.45000398
v -0.12878793 0.03548457 1.45249045
v -0.10833597 1.39053226 0.33777201
v -0.09929973 1.39344156 0.34594238
v 1.10833597 1.39053214 1.45367479
v 1.09929967 1.39344132 1.44550443
v 1.11533165 0.03548468 0.33144683
v 1.12339067 0.03548468 0.33387572
v 1.12061274 0.02771832 0.33626974
v 1.11261940 0.02762583 0.33389914
v -0.09929973 0.02000014 0.34594220
v -0.10833597 0.02290940 0.33777189
v 1.12878776 0.03548457 1.45249057
v 1.12610996 0.02767297 1.45000410
v 1.12878799 1.37795687 0.33895624
v 1.12611008 1.38576853 0.34144270
v -0.11533153 1.37795687 0.33144689
v -0.12339056 1.37795687 0.33387572
v -0.12061256 1.38572335 0.33626980
v -0.11261934 1.38581586 0.33389914
v 1.11533153 1.37795675 1.46000004
v 1.12339056 1.37795675 1.45757103
v 1.12061262 1.38572323 1.45517707
v 1.11261940 1.38581574 1.45754766
v -0.12878793 1.37795675 1.45249057
v -0.12611008 1.38576841 1.45000410
v 0.04119220 0.93855131 0.33838850
v 0.04119217 0.93855131 0.41804287
v 0.04119217 0.46083298 0.41804278
v 0.04119220 0.46083301 0.33838844
v 0.93094051 1.23752487 0.33838862
v 0.93094051 1.23752487 0.41804299
v 0.06905958 1.23752487 0.41804290
v 0.06905961 1.23752487 0.33838856
v 0.06905961 0.17591675 0.33838844
v 0.06905958 0.17591673 0.41804275
v 0.93094051 0.17591673 0.41804284
v 0.93094051 0.17591675 0.33838850
v 0.04738703 0.18882850 0.33838844
v 0.04738700 0.18882850 0.41804275
v 0.05410397 0.18211156 0.41804275
v 0.05410400 0.18211158 0.33838844
v 0.05410400 1.23133016 0.33838856
v 0.05410397 1.23133016 0.41804290
v 0.04738700 1.22461319 0.41804290
v 0.04738703 1.22461319 0.33838856
v 0.95261312 1.22461319 0.33838862
v 0.95261306 1.22461319 0.41804299
v 0.94589609 1.23133016 0.41804299
v 0.94589615 1.23133016 0.33838862
v 0.94589615 0.18211158 0.33838850
v 0.94589609 0.18211156 0.41804284
v 0.95261306 0.18882850 0.41804284
v 0.95261312 0.18882850 0.33838850
v 0.05397525 0.17517114 0.33144677
v 0.06905875 0.16897511 0.33144677
v 0.05217886 0.03548468 0.33144671
v 0.03425056 1.20965755 0.33144689
v -0.11533153 1.20965719 0.33144689
v -0.11533153 1.22461331 0.33144689
v 0.04044539 1.22461319 0.33144689
v 0.94589198 1.23827171 0.33144695
v 0.94583535 1.37795687 0.33144695
v 0.95955473 1.22461319 0.33144695
v 1.11533165 1.22461331 0.33144701
v 0.95955473 0.18882850 0.33144683
v 0.96574956 0.20378415 0.33144683
v 1.11533165 0.20378415 0.33144683
v 1.11533165 0.18882854 0.33144683
v 0.04738703 1.22461319 0.33838856
v 0.04738700 1.22461319 0.41804290
v 0.04119217 1.20965755 0.41804290
v 0.04119220 1.20965755 0.33838856
v 0.95261312 0.18882850 0.33838850
v 0.95261306 0.18882850 0.41804284
v 0.95880789 0.20378414 0.41804284
v 0.95880795 0.20378415 0.33838850
v 0.04119220 0.20378415 0.33838844
v 0.04119217 0.20378414 0.41804275
v 0.04738700 0.18882850 0.41804275
v 0.04738703 0.18882850 0.33838844
v 0.95880795 1.20965755 0.33838862
v 0.95880789 1.20965755 0.41804299
v 0.95261306 1.22461319 0.41804299
v 0.95261312 1.22461319 0.33838862
v 0.09617451 0.55373126 0.56981176
v 0.09617451 0.55373132 0.47034436
v 0.09617451 0.83672202 0.47034439
v 0.09617451 0.83672202 0.56981182
v 0.88538539 1.18102193 0.56981194
v 0.11461470 1.18102193 0.56981194
v 0.11461470 1.18102193 0.47034448
v 0.88538539 1.18102193 0.47034454
v 0.90382552 0.83672202 0.56981188
v 0.90382552 0.83672202 0.47034448
v 0.90382552 0.55373132 0.47034442
v 0.90382552 0.55373126 0.56981182
v 0.11461455 0.23241949 0.56981170
v 0.88538551 0.23241949 0.56981176
v 0.88538545 0.23241951 0.47034433
v 0.11461461 0.23241951 0.47034428
v 0.10048613 0.24055010 0.56981170
v 0.10420555 0.23678458 0.56981170
v 0.10420552 0.23678468 0.47034428
v 0.10048613 0.24055012 0.47034428
v 0.10420546 1.17665684 0.56981194
v 0.10048613 1.17289150 0.56981194
v 0.10048613 1.17289150 0.47034448
v 0.10420546 1.17665684 0.47034448
v 0.89951396 1.17289150 0.56981194
v 0.89579463 1.17665684 0.56981194
v 0.89579463 1.17665684 0.47034454
v 0.89951396 1.17289150 0.47034454
v 0.89579451 0.23678458 0.56981176
v 0.89951396 0.24055010 0.56981176
v 0.89951396 0.24055012 0.47034433
v 0.89579451 0.23678468 0.47034433
v 0.10420555 0.23678458 0.56981170
v 0.10420552 0.23678468 0.47034428
v 0.09617451 1.16235292 0.56981194
v 0.09617451 1.16235292 0.47034448
v 0.89579463 1.17665684 0.56981194
v 0.89579463 1.17665684 0.47034454
v 0.90382552 0.25108859 0.56981176
v 0.90382552 0.25108862 0.47034433
v 0.09617451 0.25108859 0.56981170
v 0.09617451 0.25108862 0.47034428
v 0.10420546 1.17665684 0.56981194
v 0.10420546 1.17665684 0.47034448
v 0.90382552 1.16235292 0.56981194
v 0.90382552 1.16235292 0.47034454
v 0.89579451 0.23678458 0.56981176
v 0.89579451 0.23678468 0.47034433
v 0.04707125 0.85270691 0.42579830
v 0.04707125 0.93753970 0.42579833
v 0.08586040 0.93086529 0.42579827
v 0.08586040 0.85279977 0.42579824
v 0.04707125 1.20459938 0.42579836
v 0.05294254 1.21920180 0.42579836
v 0.09073955 1.18238533 0.42579836
v 0.08586040 1.17122698 0.42579836
v 0.05934367 1.22561228 0.42579836
v 0.09501299 1.18668818 0.42579836
v 0.07392731 1.23148739 0.42579836
v 0.10607475 1.19161439 0.42579836
v 0.92607272 1.23148739 0.42579845
v 0.89392531 1.19161439 0.42579842
v 0.94065642 1.22561228 0.42579845
v 0.90498710 1.18668818 0.42579842
v 0.94705749 1.21920180 0.42579845
v 0.90926051 1.18238533 0.42579842
v 0.95292878 1.20459938 0.42579842
v 0.91413963 1.17122698 0.42579842
v 0.95292878 0.53413945 0.42579833
v 0.95292878 0.46184465 0.42579833
v 0.91413963 0.46851915 0.42579827
v 0.91413963 0.53442514 0.42579827
v 0.95292878 0.20884222 0.42579830
v 0.94705749 0.19423990 0.42579830
v 0.90926051 0.23105639 0.42579821
v 0.91413963 0.24221475 0.42579821
v 0.94065642 0.18782933 0.42579830
v 0.90498698 0.22675350 0.42579821
v 0.92607272 0.18195429 0.42579830
v 0.89392531 0.22182725 0.42579821
v 0.07392731 0.18195429 0.42579821
v 0.10607475 0.22182725 0.42579815
v 0.05934367 0.18782933 0.42579821
v 0.09501305 0.22675350 0.42579815
v 0.05294254 0.19423990 0.42579821
v 0.09073955 0.23105639 0.42579815
v 0.04707125 0.20884222 0.42579821
v 0.08586040 0.24221475 0.42579815
v 0.09359598 0.83681083 0.42919976
v 0.09617451 0.83672202 0.43940437
v 0.09617451 0.55373132 0.43940434
v 0.09359598 0.55364263 0.42919973
v 0.09804949 1.17526507 0.42919987
v 0.10048613 1.17289162 0.43940446
v 0.09617451 1.16235304 0.43940446
v 0.09359598 1.16457164 0.42919987
v 0.10190734 1.17916477 0.42919987
v 0.10420546 1.17665696 0.43940446
v 0.11247972 1.18367016 0.42919987
v 0.11461470 1.18102205 0.43940446
v 0.10420546 1.17665696 0.43940446
v 0.10190734 1.17916477 0.42919987
v 0.88752031 1.18367016 0.42919993
v 0.88538539 1.18102205 0.43940452
v 0.89809275 1.17916477 0.42919993
v 0.89579463 1.17665696 0.43940452
v 0.90195060 1.17526507 0.42919993
v 0.89951396 1.17289162 0.43940452
v 0.89579463 1.17665696 0.43940452
v 0.89809275 1.17916477 0.42919993
v 0.90640408 1.16457164 0.42919993
v 0.90382552 1.16235304 0.43940452
v 0.90640402 0.55364251 0.42919978
v 0.90382552 0.55373132 0.43940440
v 0.90382552 0.83672202 0.43940446
v 0.90640408 0.83681059 0.42919984
v 0.90195060 0.23817669 0.42919973
v 0.89951396 0.24055012 0.43940431
v 0.90382552 0.25108862 0.43940431
v 0.90640408 0.24887015 0.42919973
v 0.89809275 0.23427692 0.42919973
v 0.89579463 0.23678473 0.43940431
v 0.88752031 0.22977145 0.42919973
v 0.88538539 0.23241951 0.43940431
v 0.89579463 0.23678473 0.43940431
v 0.89809275 0.23427692 0.42919973
v 0.11247972 0.22977145 0.42919967
v 0.11461470 0.23241951 0.43940425
v 0.10190734 0.23427692 0.42919967
v 0.10420546 0.23678473 0.43940425
v 0.09804949 0.23817669 0.42919967
v 0.10048613 0.24055012 0.43940425
v 0.10420546 0.23678473 0.43940425
v 0.10190734 0.23427692 0.42919967
v 0.09359598 0.24887015 0.42919967
v 0.09617451 0.25108862 0.43940425
v 0.08586040 0.83707690 0.42579824
v 0.09359598 0.83681083 0.42919976
v 0.09359598 0.55364263 0.42919973
v 0.08586040 0.55337638 0.42579821
v 0.09804949 1.17526507 0.42919987
v 0.09359598 1.16457164 0.42919987
v 0.10190734 1.17916477 0.42919987
v 0.11247972 1.18367016 0.42919987
v 0.88752031 1.18367016 0.42919993
v 0.89809275 1.17916477 0.42919993
v 0.90195060 1.17526507 0.42919993
v 0.90640408 1.16457164 0.42919993
v 0.91413963 0.55337632 0.42579827
v 0.90640402 0.55364251 0.42919978
v 0.90640408 0.83681059 0.42919984
v 0.91413963 0.83707690 0.42579833
v 0.90195060 0.23817669 0.42919973
v 0.90640408 0.24887015 0.42919973
v 0.89809275 0.23427692 0.42919973
v 0.88752031 0.22977145 0.42919973
v 0.11247972 0.22977145 0.42919967
v 0.10190734 0.23427692 0.42919967
v 0.09804949 0.23817669 0.42919967
v 0.09359598 0.24887015 0.42919967
v 0.04266194 0.93829846 0.42385948
v 0.04707125 0.83734763 0.42579830
v 0.04707125 0.55243057 0.42579827
v 0.04707125 0.53328097 0.42579827
v 0.04707125 0.46184462 0.42579824
v 0.04266194 0.46108595 0.42385939
v 0.92972350 1.23601556 0.42385960
v 0.07027653 1.23601556 0.42385951
v 0.95733809 0.46108595 0.42385948
v 0.95292878 0.55338496 0.42579836
v 0.95292878 0.83713198 0.42579839
v 0.95292878 0.85282004 0.42579839
v 0.95292878 0.93753970 0.42579839
v 0.95733809 0.93829846 0.42385954
v 0.07027653 0.17742613 0.42385936
v 0.92972350 0.17742613 0.42385945
v 0.04877588 0.19018133 0.42385936
v 0.05541387 0.18354100 0.42385936
v 0.05541387 1.22990060 0.42385951
v 0.04877588 1.22326028 0.42385951
v 0.95122421 1.22326028 0.42385960
v 0.94458616 1.22990060 0.42385960
v 0.94458616 0.18354100 0.42385945
v 0.95122421 0.19018133 0.42385945
v 0.04266194 1.20839310 0.42385951
v 0.95733809 0.20504865 0.42385945
v 0.04266194 0.20504865 0.42385936
v 0.95733809 1.20839310 0.42385960
v 0.04119217 0.93855131 0.41804287
v 0.04266194 0.93829846 0.42385948
v 0.04266194 0.46108595 0.42385939
v 0.04266194 0.46108595 0.42385939
v 0.04119217 0.46083298 0.41804278
v 0.04119217 0.93855131 0.41804287
v 0.93094051 1.23752487 0.41804299
v 0.92972350 1.23601556 0.42385960
v 0.07027653 1.23601556 0.42385951
v 0.06905958 1.23752487 0.41804290
v 0.95880789 0.46083304 0.41804287
v 0.95733809 0.46108595 0.42385948
v 0.95733809 0.93829846 0.42385954
v 0.95880789 0.93855143 0.41804293
v 0.06905958 0.17591673 0.41804275
v 0.07027653 0.17742613 0.42385936
v 0.92972350 0.17742613 0.42385945
v 0.93094051 0.17591673 0.41804284
v 0.04738700 0.18882850 0.41804275
v 0.04877588 0.19018133 0.42385936
v 0.05541387 0.18354100 0.42385936
v 0.05410397 0.18211156 0.41804275
v 0.05410397 1.23133016 0.41804290
v 0.05541387 1.22990060 0.42385951
v 0.04877588 1.22326028 0.42385951
v 0.04738700 1.22461319 0.41804290
v 0.95261306 1.22461319 0.41804299
v 0.95122421 1.22326028 0.42385960
v 0.94458616 1.22990060 0.42385960
v 0.94589609 1.23133016 0.41804299
v 0.94589609 0.18211156 0.41804284
v 0.94458616 0.18354100 0.42385945
v 0.95122421 0.19018133 0.42385945
v 0.95261306 0.18882850 0.41804284
v 0.05410397 0.18211156 0.41804275
v 0.05541387 0.18354100 0.42385936
v 0.04266194 1.20839310 0.42385951
v 0.04119217 1.20965755 0.41804290
v 0.94589609 1.23133016 0.41804299
v 0.94458616 1.22990060 0.42385960
v 0.95733809 0.20504865 0.42385945
v 0.95880789 0.20378414 0.41804284
v 0.04119217 0.20378414 0.41804275
v 0.04266194 0.20504865 0.42385936
v 0.05541387 1.22990060 0.42385951
v 0.05410397 1.23133016 0.41804290
v 0.95880789 1.20965755 0.41804299
v 0.95733809 1.20839310 0.42385960
v 0.94458616 0.18354100 0.42385945
v 0.94589609 0.18211156 0.41804284
v 0.05223587 0.02000014 0.34594220
v 0.05223575 0.02000000 1.44550419
v 0.94577587 0.02000000 1.44550443
v 0.94577599 0.02000014 0.34594232
v 0.05223575 1.39344132 1.44550431
v 0.05223587 1.39344156 0.34594232
v 0.94577599 1.39344156 0.34594244
v 0.94577587 1.39344132 1.44550443
v 0.94583523 0.93855107 1.45999992
v 0.94583523 0.46083283 1.45999992
v 0.94583523 0.93855107 1.45999992
v 0.93100786 0.93855095 1.46000004
v 0.93100786 0.46083266 1.45999992
v 0.93100786 0.46083266 1.45999992
v 0.94583523 0.46083283 1.45999992
v 0.94583523 0.93855107 1.45999992
v 0.05217874 0.46083283 1.45999980
v 0.05217874 0.93855107 1.45999980
v 0.06904703 0.46083283 1.45999980
v 0.06904703 0.93855107 1.45999980
v 0.05220830 0.02248208 1.45247483
v 0.94580442 0.02248205 1.45247483
v 0.94580454 0.02248220 0.33897179
v 0.05220842 0.02248219 0.33897167
v 0.05220842 1.39095950 0.33897173
v 0.94580454 1.39095950 0.33897185
v 0.94580442 1.39095926 1.45247507
v 0.05220830 1.39095926 1.45247483
v 0.05217874 0.03548462 1.45999980
v 0.05218813 0.02782423 1.45760942
v 0.94583523 0.03548457 1.45999980
v 0.94582546 0.02782419 1.45760942
v 0.94583535 0.03548468 0.33144683
v 0.94582558 0.02782433 0.33383721
v 0.05218825 0.02782433 0.33383709
v 0.05217886 1.37795687 0.33144683
v 0.05218825 1.38561726 0.33383715
v 0.94582558 1.38561726 0.33383727
v 0.94583523 1.37795675 1.45999992
v 0.94582546 1.38561726 1.45760965
v 0.05217874 1.37795675 1.45999980
v 0.05218813 1.38561726 1.45760942
v 0.93094528 1.24446654 0.33144695
v 0.93094528 0.16897511 0.33144683
v 0.94589210 0.17516994 0.33144683
v 0.06905875 1.24446654 0.33144689
v 0.05397525 1.23827052 0.33144689
v 0.04044539 0.18882850 0.33144677
v -0.11533153 0.18882850 0.33144671
v -0.13136333 1.22461331 0.34594238
v -0.13136345 1.22461307 1.44550443
v -0.13136333 1.20965719 0.34594238
v -0.13136345 1.20965695 1.44550443
v -0.13136345 0.18882835 1.44550419
v -0.13136333 0.18882850 0.34594220
v -0.13136345 0.20378391 1.44550419
v -0.13136333 0.20378406 0.34594220
v 0.06904703 1.22461307 1.45999980
v 0.93100786 1.22461307 1.46000004
v 0.93100786 1.22461307 1.46000004
v 0.06904703 1.22461307 1.45999980
v 0.06904703 1.20965707 1.45999980
v 0.93100786 1.20965695 1.46000004
v 0.93100786 0.18882835 1.45999980
v 0.06904703 0.18882839 1.45999980
v 0.93100786 0.20378391 1.45999980
v 0.06904703 0.20378406 1.45999980
v 1.13136339 1.22461307 1.44550455
v 1.13136339 1.22461331 0.34594250
v 1.13136339 1.20965695 1.44550455
v 1.13136339 1.20965731 0.34594250
v 1.13136339 0.18882854 0.34594232
v 1.13136339 0.18882835 1.44550443
v 1.13136339 0.20378415 0.34594232
v 1.13136339 0.20378391 1.44550443
v -0.12339056 1.22461331 0.33387578
v -0.12339056 1.20965719 0.33387578
v -0.12339056 0.18882850 0.33387560
v -0.12339056 0.20378406 0.33387560
v -0.11533153 0.20378406 0.33144671
v 1.12339067 0.18882854 0.33387572
v 1.12339067 0.20378415 0.33387572
v 1.12339067 1.22461331 0.33387589
v 1.12339067 1.20965731 0.33387583
v 1.11533165 1.20965731 0.33144695
v -0.12878793 1.22461307 1.45249057
v -0.12878793 1.20965695 1.45249057
v -0.12878793 0.18882835 1.45249045
v -0.12878793 0.20378391 1.45249045
v 1.11533153 1.22461307 1.46000004
v 1.12339056 1.22461307 1.45757115
v 1.11533153 1.20965695 1.46000004
v 1.12339056 1.20965695 1.45757103
v 1.12339056 0.18882835 1.45757103
v 1.11533153 0.18882835 1.45999980
v 1.12339056 0.20378391 1.45757103
v 1.11533153 0.20378391 1.45999980
v -0.12878782 1.22461331 0.33895618
v -0.12878782 1.20965719 0.33895618
v -0.12878782 0.18882850 0.33895600
v -0.12878782 0.20378406 0.33895600
v 1.12878799 0.18882854 0.33895612
v 1.12878799 0.20378415 0.33895612
v 1.12878799 1.22461331 0.33895630
v 1.12878799 1.20965731 0.33895630
v -0.12339067 1.22461307 1.45757103
v -0.11533165 1.22461307 1.45999992
v -0.12339067 1.20965695 1.45757103
v -0.11533165 1.20965695 1.45999992
v -0.11533165 0.18882835 1.45999980
v -0.12339067 0.18882835 1.45757079
v -0.11533165 0.20378391 1.45999980
v -0.12339067 0.20378391 1.45757079
v 1.12878776 1.22461307 1.45249081
v 1.12878776 1.20965695 1.45249081
v 1.12878776 0.18882835 1.45249057
v 1.12878776 0.20378391 1.45249057
v 0.94583523 1.22461307 1.45999992
v 0.94583523 1.20965719 1.45999992
v 0.94583523 0.18882841 1.45999980
v 0.94583523 0.20378402 1.45999980
v 0.94583523 1.22461307 1.45999992
v 0.93100786 1.22461307 1.46000004
v 0.93100786 1.20965695 1.46000004
v 0.94583523 1.20965719 1.45999992
v 0.94583523 0.20378402 1.45999980
v 0.05217874 0.18882839 1.45999980
v 0.05217874 0.20378406 1.45999980
v 0.05217874 1.22461307 1.45999980
v 0.05217874 1.20965707 1.45999980
v 0.06904703 1.22461307 1.45999980
v 0.05217874 1.22461307 1.45999980
v 0.05217874 1.20965707 1.45999980
v 0.06904703 1.20965707 1.45999980
v 0.03425056 0.93855131 0.33144683
v 0.03425056 0.46083301 0.33144677
v 0.03425056 0.20378415 0.33144677
v 0.96574956 0.46083307 0.33144689
v 0.96574956 0.93855143 0.33144695
v 0.96574956 1.20965755 0.33144695
v 0.09617445 0.55373120 1.34334457
v 0.09617451 0.55373126 0.56981176
v 0.09617451 0.83672202 0.56981182
v 0.09617445 0.83672190 1.34334457
v 0.88538527 1.18102181 1.34334469
v 0.11461464 1.18102181 1.34334469
v 0.90382552 0.83672190 1.34334469
v 0.90382552 0.83672202 0.56981188
v 0.90382552 0.55373126 0.56981182
v 0.90382552 0.55373120 1.34334457
v 0.11461440 0.23241939 1.34334445
v 0.88538551 0.23241939 1.34334457
v 0.10048607 0.24055000 1.34334445
v 0.10420555 0.23678443 1.34334445
v 0.10420540 1.17665672 1.34334469
v 0.10048607 1.17289138 1.34334469
v 0.89951384 1.17289138 1.34334469
v 0.89579451 1.17665672 1.34334469
v 0.89579439 0.23678443 1.34334457
v 0.89951384 0.24055000 1.34334457
v 0.10420555 0.23678443 1.34334445
v 0.09617445 1.16235280 1.34334469
v 0.89579451 1.17665672 1.34334469
v 0.90382552 0.25108850 1.34334457
v 0.09617445 0.25108850 1.34334445
v 0.10420540 1.17665672 1.34334469
v 0.90382552 1.16235280 1.34334469
v 0.89579439 0.23678443 1.34334457
v 0.89906210 0.55376863 1.34810805
v 0.10093784 0.55376863 1.34810793
v 0.10093784 0.83668435 1.34810793
v 0.89906210 0.83668435 1.34810805
v 0.09736529 0.55374050 1.34691715
v 0.09617445 0.55373120 1.34334457
v 0.09617445 0.83672190 1.34334457
v 0.09736529 0.83671236 1.34691715
v 0.10149899 0.24121913 1.34691703
v 0.10048607 0.24055000 1.34334445
v 0.09617445 0.25108850 1.34334445
v 0.09736529 0.25132269 1.34691703
v 0.10488552 0.23779058 1.34691703
v 0.10420555 0.23678443 1.34334445
v 0.11485401 0.23361024 1.34691703
v 0.11461440 0.23241939 1.34334445
v 0.10420555 0.23678443 1.34334445
v 0.10488552 0.23779058 1.34691703
v 0.88514590 0.23361024 1.34691703
v 0.88538551 0.23241939 1.34334457
v 0.89511442 0.23779058 1.34691703
v 0.89579439 0.23678443 1.34334457
v 0.89850092 0.24121913 1.34691703
v 0.89951384 0.24055000 1.34334457
v 0.89579439 0.23678443 1.34334457
v 0.89511442 0.23779058 1.34691703
v 0.90263462 0.25132269 1.34691703
v 0.90382552 0.25108850 1.34334457
v 0.90263462 0.83671236 1.34691715
v 0.90382552 0.83672190 1.34334469
v 0.90382552 0.55373120 1.34334457
v 0.90263462 0.55374050 1.34691715
v 0.89850092 1.17222226 1.34691727
v 0.89951384 1.17289138 1.34334469
v 0.90382552 1.16235280 1.34334469
v 0.90263462 1.16211867 1.34691727
v 0.89511454 1.17565060 1.34691727
v 0.89579451 1.17665672 1.34334469
v 0.88514572 1.17983103 1.34691727
v 0.88538527 1.18102181 1.34334469
v 0.89579451 1.17665672 1.34334469
v 0.89511454 1.17565060 1.34691727
v 0.11485422 1.17983103 1.34691727
v 0.11461464 1.18102181 1.34334469
v 0.10488540 1.17565060 1.34691727
v 0.10420540 1.17665672 1.34334469
v 0.10149899 1.17222226 1.34691727
v 0.10048607 1.17289138 1.34334469
v 0.10420540 1.17665672 1.34334469
v 0.10488540 1.17565060 1.34691727
v 0.09736529 1.16211867 1.34691727
v 0.09617445 1.16235280 1.34334469
v 0.09736529 0.55374050 1.34691715
v 0.09736529 0.83671236 1.34691715
v 0.10453770 0.24322651 1.34810781
v 0.10149899 0.24121913 1.34691703
v 0.09736529 0.25132269 1.34691703
v 0.10093784 0.25202522 1.34810781
v 0.10692552 0.24080907 1.34810781
v 0.10488552 0.23779058 1.34691703
v 0.11557275 0.23718278 1.34810781
v 0.11485401 0.23361024 1.34691703
v 0.88442719 0.23718278 1.34810793
v 0.88514590 0.23361024 1.34691703
v 0.89307439 0.24080907 1.34810793
v 0.89511442 0.23779058 1.34691703
v 0.89546227 0.24322651 1.34810793
v 0.89850092 0.24121913 1.34691703
v 0.89906210 0.25202522 1.34810793
v 0.90263462 0.25132269 1.34691703
v 0.90263462 0.83671236 1.34691715
v 0.90263462 0.55374050 1.34691715
v 0.89546227 1.17021477 1.34810805
v 0.89850092 1.17222226 1.34691727
v 0.90263462 1.16211867 1.34691727
v 0.89906210 1.16141605 1.34810805
v 0.89307457 1.17263210 1.34810805
v 0.89511454 1.17565060 1.34691727
v 0.88442695 1.17625844 1.34810805
v 0.88514572 1.17983103 1.34691727
v 0.11557299 1.17625844 1.34810805
v 0.11485422 1.17983103 1.34691727
v 0.10692537 1.17263210 1.34810805
v 0.10488540 1.17565060 1.34691727
v 0.10453770 1.17021477 1.34810805
v 0.10149899 1.17222226 1.34691727
v 0.10093784 1.16141605 1.34810805
v 0.09736529 1.16211867 1.34691727
v -0.13136333 1.04693270 0.34594232
v -0.13136345 1.04693258 1.44550443
v -0.13136345 0.35395879 1.44550431
v -0.13136333 0.35395890 0.34594226
v 0.06904703 1.04693270 1.45999980
v 0.93100786 1.04693258 1.46000004
v 0.93100786 0.35395876 1.45999980
v 0.06904703 0.35395890 1.45999980
v 0.93100786 0.46083266 1.45999992
v 0.06904703 0.46083283 1.45999980
v 0.06904703 0.35395890 1.45999980
v 1.13136339 1.04693258 1.44550443
v 1.13136339 1.04693282 0.34594244
v 1.13136339 0.35395905 0.34594238
v 1.13136339 0.35395879 1.44550443
v -0.11533153 1.04693270 0.33144683
v -0.12339056 1.04693270 0.33387572
v -0.12339056 0.35395893 0.33387566
v -0.11533153 0.35395893 0.33144677
v 1.11533165 0.35395908 0.33144689
v 1.12339067 0.35395908 0.33387578
v 1.12339067 1.04693282 0.33387583
v 1.11533165 1.04693282 0.33144695
v -0.12878793 1.04693258 1.45249057
v -0.12878793 0.35395876 1.45249057
v 1.11533153 1.04693258 1.46000004
v 1.12339056 1.04693258 1.45757103
v 1.12339056 0.35395876 1.45757103
v 1.11533153 0.35395876 1.45999992
v -0.12878782 1.04693270 0.33895612
v -0.12878782 0.35395893 0.33895606
v 1.12878799 0.35395908 0.33895618
v 1.12878799 1.04693282 0.33895624
v -0.12339067 1.04693258 1.45757103
v -0.11533165 1.04693258 1.45999980
v -0.11533165 0.35395876 1.45999980
v -0.12339067 0.35395876 1.45757091
v 1.12878776 1.04693258 1.45249069
v 1.12878776 0.35395876 1.45249057
v 0.04119217 1.04693282 0.41804287
v 0.04119220 1.04693282 0.33838856
v 0.04119220 1.04693282 0.33838856
v 0.04119217 1.04693282 0.41804287
v 0.04119217 0.93855131 0.41804287
v 0.04119217 0.93855131 0.41804287
v 0.04119220 0.93855131 0.33838850
v 0.04119220 1.04693282 0.33838856
v 0.04119220 0.35395911 0.33838844
v 0.04119217 0.35395908 0.41804278
v 0.04119217 0.35395908 0.41804278
v 0.04119220 0.35395911 0.33838844
v 0.04119220 0.46083301 0.33838844
v 0.04119220 0.46083301 0.33838844
v 0.04119217 0.46083298 0.41804278
v 0.04119217 0.35395908 0.41804278
v 0.95880789 0.35395914 0.41804287
v 0.95880795 0.35395917 0.33838850
v 0.95880795 0.35395917 0.33838850
v 0.95880789 0.35395914 0.41804287
v 0.95880789 0.46083304 0.41804287
v 0.95880789 0.46083304 0.41804287
v 0.95880795 0.46083307 0.33838856
v 0.95880795 1.04693282 0.33838862
v 0.95880789 1.04693282 0.41804296
v 0.95880789 1.04693282 0.41804296
v 0.95880795 1.04693282 0.33838862
v 0.95880795 0.93855143 0.33838862
v 0.95880789 0.93855143 0.41804293
v 0.09617451 0.38234177 0.47034428
v 0.09617451 0.38234174 0.56981170
v 0.01954705 0.38795987 0.56419361
v 0.01954705 0.38795990 0.47596243
v 0.01954705 0.46467581 0.47596246
v 0.01954705 0.46467578 0.56419361
v 0.09617451 1.01855016 0.56981182
v 0.09617451 1.01855016 0.47034445
v 0.01954705 1.01293206 0.47596261
v 0.01954705 1.01293206 0.56419373
v 0.01954705 0.93470871 0.56419373
v 0.01954705 0.93470871 0.47596255
v 0.90382552 1.01855016 0.47034451
v 0.90382552 1.01855016 0.56981194
v 0.90382552 0.92909050 0.47034448
v 0.90382552 0.92909050 0.56981188
v 0.90382552 0.38234174 0.56981182
v 0.90382552 0.38234177 0.47034436
v 0.90382552 0.38234177 0.47034436
v 0.90382552 0.38234174 0.56981182
v 0.90382552 0.47029391 0.56981182
v 0.90382552 0.47029391 0.56981182
v 0.90382552 0.47029394 0.47034442
v 0.90382552 0.38234177 0.47034436
v 0.04707125 1.04389799 0.42579833
v 0.08586040 1.02387464 0.42579833
v 0.04707125 0.35699391 0.42579824
v 0.08586040 0.37701747 0.42579815
v 0.08586040 0.46851918 0.42579821
v 0.95292878 0.35699394 0.42579833
v 0.91413963 0.37701741 0.42579824
v 0.95292878 1.04389811 0.42579842
v 0.91413963 1.02387452 0.42579842
v 0.91413963 0.93086517 0.42579833
v 0.09359598 1.01988137 0.42919984
v 0.09617451 1.01855016 0.43940443
v 0.09359598 0.92953420 0.42919978
v 0.09617451 0.92909050 0.43940440
v 0.09359598 0.38101074 0.42919967
v 0.09617451 0.38234177 0.43940425
v 0.09359598 0.46985027 0.42919973
v 0.09617451 0.47029394 0.43940434
v 0.90640408 0.38101068 0.42919976
v 0.90382552 0.38234177 0.43940434
v 0.90640408 0.46985021 0.42919978
v 0.90382552 0.47029394 0.43940440
v 0.90640408 1.01988137 0.42919993
v 0.90382552 1.01855016 0.43940449
v 0.90640408 0.92953408 0.42919984
v 0.90382552 0.92909050 0.43940446
v 0.09359598 1.01988137 0.42919984
v 0.09359598 0.92953420 0.42919978
v 0.09359598 0.38101074 0.42919967
v 0.09359598 0.46985027 0.42919973
v 0.90640408 0.38101068 0.42919976
v 0.90640408 0.46985021 0.42919978
v 0.90640408 1.01988137 0.42919993
v 0.90640408 0.92953408 0.42919984
v 0.04266194 1.04617429 0.42385948
v 0.04266194 0.35471779 0.42385939
v 0.95733809 0.35471776 0.42385948
v 0.95733809 1.04617429 0.42385957
v 0.04119217 1.04693282 0.41804287
v 0.04266194 1.04617429 0.42385948
v 0.04119217 0.93855131 0.41804287
v 0.04119217 1.04693282 0.41804287
v 0.04266194 1.04617429 0.42385948
v 0.04266194 1.04617429 0.42385948
v 0.04266194 0.93829846 0.42385948
v 0.04119217 0.93855131 0.41804287
v 0.04119217 0.35395908 0.41804278
v 0.04266194 0.35471779 0.42385939
v 0.04266194 0.35471779 0.42385939
v 0.04119217 0.35395908 0.41804278
v 0.04119217 0.46083298 0.41804278
v 0.04119217 0.46083298 0.41804278
v 0.04266194 0.46108595 0.42385939
v 0.04266194 0.35471779 0.42385939
v 0.95880789 0.35395914 0.41804287
v 0.95733809 0.35471776 0.42385948
v 0.95880789 1.04693282 0.41804296
v 0.95733809 1.04617429 0.42385957
v 0.94583523 1.04693270 1.45999992
v 0.94583523 0.35395890 1.45999980
v 0.93100786 1.04693258 1.46000004
v 0.94583523 1.04693270 1.45999992
v 0.93100786 0.93855095 1.46000004
v 0.94583523 0.93855107 1.45999992
v 0.94583523 0.35395890 1.45999980
v 0.94583523 0.46083283 1.45999992
v 0.93100786 0.46083266 1.45999992
v 0.93100786 0.35395876 1.45999980
v 0.05217874 0.35395890 1.45999980
v 0.05217874 1.04693270 1.45999980
v 0.06904703 1.04693270 1.45999980
v 0.03425056 1.04693282 0.33144689
v 0.03425056 0.35395911 0.33144677
v 0.96574956 0.35395917 0.33144683
v 0.96574956 1.04693282 0.33144695
v 0.09617445 0.38234165 1.34334445
v 0.09617451 0.47029391 0.56981176
v 0.09617445 0.47029382 1.34334457
v 0.09617445 1.01855004 1.34334469
v 0.09617445 0.92909038 1.34334457
v 0.09617451 0.92909050 0.56981182
v 0.09617451 0.92909050 0.47034442
v 0.09617451 0.47029394 0.47034436
v 0.90382552 1.01855004 1.34334469
v 0.90382552 0.92909038 1.34334469
v 0.90382552 0.38234165 1.34334457
v 0.90382552 0.47029382 1.34334457
v 0.90382552 0.47029391 0.56981182
v 0.90382552 0.47029394 0.47034442
v 0.10093784 0.38290372 1.34810781
v 0.89906210 0.38290370 1.34810793
v 0.10093784 0.47048116 1.34810793
v 0.89906210 0.47048116 1.34810805
v 0.89906210 1.01798809 1.34810805
v 0.10093784 1.01798809 1.34810805
v 0.89906210 0.92890298 1.34810805
v 0.10093784 0.92890298 1.34810805
v 0.09617445 0.38234165 1.34334445
v 0.09736529 0.38248217 1.34691703
v 0.09617445 0.47029382 1.34334457
v 0.09736529 0.47034067 1.34691715
v 0.09736529 1.01840961 1.34691715
v 0.09617445 1.01855004 1.34334469
v 0.09736529 0.92904341 1.34691715
v 0.09617445 0.92909038 1.34334457
v 0.90382552 1.01855004 1.34334469
v 0.90263462 1.01840961 1.34691727
v 0.90382552 0.92909038 1.34334469
v 0.90263462 0.92904341 1.34691715
v 0.90263462 0.38248214 1.34691715
v 0.90382552 0.38234165 1.34334457
v 0.90263462 0.47034067 1.34691715
v 0.90382552 0.47029382 1.34334457
v 0.09736529 0.38248217 1.34691703
v 0.09736529 0.47034067 1.34691715
v 0.09736529 1.01840961 1.34691715
v 0.09736529 0.92904341 1.34691715
v 0.90263462 1.01840961 1.34691727
v 0.90263462 0.92904341 1.34691715
v 0.90263462 0.38248214 1.34691715
v 0.90263462 0.47034067 1.34691715
v 0.09617451 0.38626730 0.56588614
v 0.09617451 0.46636838 0.56588626
v 0.09617451 0.38626733 0.47426984
v 0.09617451 0.46636841 0.47426990
v 0.09617451 0.93301606 0.56588626
v 0.09617451 1.01462460 0.56588626
v 0.09617451 0.93301606 0.47426996
v 0.09617451 1.01462460 0.47427002
v 0.09378085 0.46467578 0.56419361
v 0.09378085 0.38795987 0.56419361
v 0.01954705 0.38795987 0.56419361
v 0.01954705 0.46467578 0.56419361
v 0.09378085 0.38795987 0.56419361
v 0.09378085 0.38795990 0.47596243
v 0.01954705 0.38795990 0.47596243
v 0.01954705 0.38795987 0.56419361
v 0.09378085 0.38795990 0.47596243
v 0.09378085 0.46467581 0.47596249
v 0.01954705 0.46467581 0.47596246
v 0.01954705 0.38795990 0.47596243
v 0.09378085 0.46467581 0.47596249
v 0.09378085 0.46467578 0.56419361
v 0.01954705 0.46467578 0.56419361
v 0.01954705 0.46467581 0.47596246
v 0.09378085 1.01293206 0.56419373
v 0.09378085 0.93470871 0.56419373
v 0.01954705 0.93470871 0.56419373
v 0.01954705 1.01293206 0.56419373
v 0.09378085 0.93470871 0.56419373
v 0.09378085 0.93470871 0.47596255
v 0.01954705 0.93470871 0.47596255
v 0.01954705 0.93470871 0.56419373
v 0.09378085 0.93470871 0.47596255
v 0.09378085 1.01293206 0.47596261
v 0.01954705 1.01293206 0.47596261
v 0.01954705 0.93470871 0.47596255
v 0.09378085 1.01293206 0.47596261
v 0.09378085 1.01293206 0.56419373
v 0.01954705 1.01293206 0.56419373
v 0.01954705 1.01293206 0.47596261
v 0.09557611 0.38753673 0.56461668
v 0.09557611 0.46509892 0.56461680
v 0.09557611 0.38753676 0.47553930
v 0.09557611 0.38753673 0.56461668
v 0.09557611 0.46509895 0.47553936
v 0.09557611 0.38753676 0.47553930
v 0.09557611 0.46509892 0.56461680
v 0.09557611 0.46509895 0.47553936
v 0.09557611 0.93428552 0.56461680
v 0.09557611 1.01335526 0.56461686
v 0.09557611 0.93428552 0.47553942
v 0.09557611 0.93428552 0.56461680
v 0.09557611 1.01335526 0.47553948
v 0.09557611 0.93428552 0.47553942
v 0.09557611 1.01335526 0.56461686
v 0.09557611 1.01335526 0.47553948
v 0.09617451 0.38626730 0.56588614
v 0.09557611 0.38753673 0.56461668
v 0.09557611 0.46509892 0.56461680
v 0.09617451 0.46636838 0.56588626
v 0.09617451 0.38626733 0.47426984
v 0.09557611 0.38753676 0.47553930
v 0.09617451 0.46636841 0.47426990
v 0.09557611 0.46509895 0.47553936
v 0.09557611 0.93428552 0.56461680
v 0.09557611 1.01335526 0.56461686
v 0.09557611 0.93428552 0.47553942
v 0.09557611 1.01335526 0.47553948
v 0.03945681 0.35395911 0.33318222
v 0.04119220 0.35395911 0.33838844
v 0.04119220 0.20378415 0.33838844
v 0.03945681 0.20378415 0.33318222
v 0.93094170 1.23926032 0.33318239
v 0.93094051 1.23752487 0.33838862
v 0.06905961 1.23752487 0.33838856
v 0.06905937 1.23926032 0.33318233
v 0.96054327 1.04693282 0.33318239
v 0.95880795 1.04693282 0.33838862
v 0.95880795 1.20965755 0.33838862
v 0.96054327 1.20965755 0.33318239
v 0.06905937 0.17418134 0.33318222
v 0.06905961 0.17591675 0.33838844
v 0.93094051 0.17591675 0.33838850
v 0.93094170 0.17418134 0.33318228
v 0.05407181 0.18037647 0.33318222
v 0.05397525 0.17517114 0.33144677
v 0.04044539 0.18882850 0.33144677
v 0.04565161 0.18882850 0.33318222
v 0.04565161 1.22461319 0.33318233
v 0.04044539 1.22461319 0.33144689
v 0.05397525 1.23827052 0.33144689
v 0.05407181 1.23306525 0.33318233
v 0.94589508 1.23306549 0.33318239
v 0.94589198 1.23827171 0.33144695
v 0.95955473 1.22461319 0.33144695
v 0.95434850 1.22461319 0.33318239
v 0.95434850 0.18882850 0.33318228
v 0.95955473 0.18882850 0.33144683
v 0.94589210 0.17516994 0.33144683
v 0.94589508 0.18037617 0.33318228
v 0.03425056 0.20378415 0.33144677
v 0.03945681 0.20378415 0.33318222
v 0.06905937 0.17418134 0.33318222
v 0.06905875 0.16897511 0.33144677
v 0.06905875 1.24446654 0.33144689
v 0.06905937 1.23926032 0.33318233
v 0.03945681 1.20965755 0.33318233
v 0.03425056 1.20965755 0.33144689
v 0.96574956 1.20965755 0.33144695
v 0.96054327 1.20965755 0.33318239
v 0.93094170 1.23926032 0.33318239
v 0.93094528 1.24446654 0.33144695
v 0.93094528 0.16897511 0.33144683
v 0.93094170 0.17418134 0.33318228
v 0.96054327 0.20378415 0.33318228
v 0.96574956 0.20378415 0.33144683
v 0.03945681 0.46083301 0.33318222
v 0.04119220 0.46083301 0.33838844
v 0.04119220 0.35395911 0.33838844
v 0.04119220 0.35395911 0.33838844
v 0.03945681 0.35395911 0.33318222
v 0.03945681 0.46083301 0.33318222
v 0.03945681 0.93855131 0.33318228
v 0.04119220 0.93855131 0.33838850
v 0.04119220 0.46083301 0.33838844
v 0.04119220 0.46083301 0.33838844
v 0.03945681 0.46083301 0.33318222
v 0.03945681 0.93855131 0.33318228
v 0.03945681 1.04693282 0.33318233
v 0.04119220 1.04693282 0.33838856
v 0.04119220 0.93855131 0.33838850
v 0.04119220 0.93855131 0.33838850
v 0.03945681 0.93855131 0.33318228
v 0.03945681 1.04693282 0.33318233
v 0.03945681 1.20965755 0.33318233
v 0.04119220 1.20965755 0.33838856
v 0.04119220 1.04693282 0.33838856
v 0.03945681 1.04693282 0.33318233
v 0.96054327 0.93855143 0.33318239
v 0.95880795 0.93855143 0.33838862
v 0.95880795 1.04693282 0.33838862
v 0.95880795 1.04693282 0.33838862
v 0.96054327 1.04693282 0.33318239
v 0.96054327 0.93855143 0.33318239
v 0.96054327 0.46083307 0.33318233
v 0.95880795 0.46083307 0.33838856
v 0.95880795 0.93855143 0.33838862
v 0.95880795 0.93855143 0.33838862
v 0.96054327 0.93855143 0.33318239
v 0.96054327 0.46083307 0.33318233
v 0.96054327 0.35395917 0.33318228
v 0.95880795 0.35395917 0.33838850
v 0.95880795 0.46083307 0.33838856
v 0.95880795 0.46083307 0.33838856
v 0.96054327 0.46083307 0.33318233
v 0.96054327 0.35395917 0.33318228
v 0.96054327 0.20378415 0.33318228
v 0.95880795 0.20378415 0.33838850
v 0.95880795 0.35395917 0.33838850
v 0.96054327 0.35395917 0.33318228
v 0.03425056 0.35395911 0.33144677
v 0.03945681 0.35395911 0.33318222
v 0.96574956 1.04693282 0.33144695
v 0.96054327 1.04693282 0.33318239
v 0.05410400 0.18211158 0.33838844
v 0.05407181 0.18037647 0.33318222
v 0.04565161 0.18882850 0.33318222
v 0.04738703 0.18882850 0.33838844
v 0.04738703 1.22461319 0.33838856
v 0.04565161 1.22461319 0.33318233
v 0.05407181 1.23306525 0.33318233
v 0.05410400 1.23133016 0.33838856
v 0.94589615 1.23133016 0.33838862
v 0.94589508 1.23306549 0.33318239
v 0.95434850 1.22461319 0.33318239
v 0.95261312 1.22461319 0.33838862
v 0.95261312 0.18882850 0.33838850
v 0.95434850 0.18882850 0.33318228
v 0.94589508 0.18037617 0.33318228
v 0.94589615 0.18211158 0.33838850
v 0.05407181 0.18037647 0.33318222
v 0.05410400 0.18211158 0.33838844
v 0.05410400 1.23133016 0.33838856
v 0.05407181 1.23306525 0.33318233
v 0.95261312 1.22461319 0.33838862
v 0.95434850 1.22461319 0.33318239
v 0.95434850 0.18882850 0.33318228
v 0.95261312 0.18882850 0.33838850
v 0.03425056 0.46083301 0.33144677
v 0.03945681 0.46083301 0.33318222
v 0.03945681 0.35395911 0.33318222
v 0.03425056 0.35395911 0.33144677
v 0.03425056 0.93855131 0.33144683
v 0.03945681 0.93855131 0.33318228
v 0.03945681 0.46083301 0.33318222
v 0.03945681 0.46083301 0.33318222
v 0.03425056 0.46083301 0.33144677
v 0.03425056 0.93855131 0.33144683
v 0.03425056 1.04693282 0.33144689
v 0.03945681 1.04693282 0.33318233
v 0.03945681 0.93855131 0.33318228
v 0.03945681 0.93855131 0.33318228
v 0.03425056 0.93855131 0.33144683
v 0.03425056 1.04693282 0.33144689
v 0.03945681 1.04693282 0.33318233
v 0.03425056 1.04693282 0.33144689
v 0.96574956 0.93855143 0.33144695
v 0.96054327 0.93855143 0.33318239
v 0.96054327 1.04693282 0.33318239
v 0.96574956 1.04693282 0.33144695
v 0.96574956 0.46083307 0.33144689
v 0.96054327 0.46083307 0.33318233
v 0.96054327 0.93855143 0.33318239
v 0.96054327 0.93855143 0.33318239
v 0.96574956 0.93855143 0.33144695
v 0.96574956 0.46083307 0.33144689
v 0.96574956 0.35395917 0.33144683
v 0.96054327 0.35395917 0.33318228
v 0.96054327 0.46083307 0.33318233
v 0.96054327 0.46083307 0.33318233
v 0.96574956 0.46083307 0.33144689
v 0.96574956 0.35395917 0.33144683
v 0.96054327 0.35395917 0.33318228
v 0.96574956 0.35395917 0.33144683
v 0.09617451 0.47029391 0.56981176
v 0.09617451 0.47029394 0.47034436
v 0.09617451 0.53549004 0.47034436
v 0.09617451 0.53549004 0.47034436
v 0.09617451 0.53549004 0.56981176
v 0.09617451 0.47029391 0.56981176
v 0.08586189 0.53762043 0.56981176
v 0.08586189 0.53762043 0.47034436
v 0.08586189 0.55160093 0.47034436
v 0.08586189 0.55160093 0.56981176
v 0.09617451 0.92909050 0.47034442
v 0.09617451 0.92909050 0.56981182
v 0.09617451 0.85173500 0.56981182
v 0.09617451 0.85173500 0.47034439
v 0.08586186 0.84960461 0.47034439
v 0.08586186 0.84960461 0.56981182
v 0.08586186 0.83885241 0.56981182
v 0.08586186 0.83885241 0.47034439
v 0.90382552 0.85173500 0.47034448
v 0.90382552 0.85173500 0.56981188
v 0.91413832 0.84960461 0.56981188
v 0.91413832 0.84960461 0.47034448
v 0.91413832 0.83885241 0.47034448
v 0.91413832 0.83885241 0.56981188
v 0.90382552 0.53549004 0.56981182
v 0.90382552 0.53549004 0.47034442
v 0.09359598 0.85200119 0.42919976
v 0.09617451 0.85173500 0.43940437
v 0.08585870 0.84987235 0.42913321
v 0.08586186 0.84960461 0.43937826
v 0.08586186 0.83885241 0.43941307
v 0.08586186 0.83885241 0.43941307
v 0.08585885 0.83894098 0.42922196
v 0.08585870 0.84987235 0.42913321
v 0.09359598 0.53522384 0.42919973
v 0.09617451 0.53549004 0.43940434
v 0.08586186 0.53762043 0.43937823
v 0.08585876 0.53735268 0.42913318
v 0.08585894 0.55151236 0.42922193
v 0.08586189 0.55160093 0.43941304
v 0.90640402 0.53522384 0.42919978
v 0.90382552 0.53549004 0.43940440
v 0.90640408 0.85200107 0.42919984
v 0.90382552 0.85173500 0.43940446
v 0.91413838 0.84960461 0.43937835
v 0.91414082 0.84987223 0.42913330
v 0.91414070 0.83894074 0.42922205
v 0.91414070 0.83894074 0.42922205
v 0.91413832 0.83885241 0.43941313
v 0.91413838 0.84960461 0.43937835
v 0.09359598 0.85200119 0.42919976
v 0.08586040 0.83707690 0.42579824
v 0.08586040 0.85279977 0.42579824
v 0.08585870 0.84987235 0.42913321
v 0.08585870 0.84987235 0.42913321
v 0.08585885 0.83894098 0.42922196
v 0.08586040 0.83707690 0.42579824
v 0.08586040 0.53442514 0.42579821
v 0.09359598 0.53522384 0.42919973
v 0.08585876 0.53735268 0.42913318
v 0.08586040 0.53442514 0.42579821
v 0.08586040 0.55337638 0.42579821
v 0.08586040 0.55337638 0.42579821
v 0.08585894 0.55151236 0.42922193
v 0.08585876 0.53735268 0.42913318
v 0.90640402 0.53522384 0.42919978
v 0.91413963 0.85279977 0.42579833
v 0.90640408 0.85200107 0.42919984
v 0.91414082 0.84987223 0.42913330
v 0.91413963 0.85279977 0.42579833
v 0.91413963 0.83707690 0.42579833
v 0.91413963 0.83707690 0.42579833
v 0.91414070 0.83894074 0.42922205
v 0.91414082 0.84987223 0.42913330
v 0.09617451 0.53549004 0.56981176
v 0.09617445 0.53548992 1.34334457
v 0.08586183 0.53762031 1.34121418
v 0.08586189 0.53762043 0.56981176
v 0.08586189 0.55160093 0.56981176
v 0.08586189 0.55160093 0.56981176
v 0.08586183 0.55160081 1.34121418
v 0.08586183 0.53762031 1.34121418
v 0.09617445 0.85173488 1.34334457
v 0.09617451 0.85173500 0.56981182
v 0.08586186 0.84960461 0.56981182
v 0.08586180 0.84960449 1.34121418
v 0.08586180 0.83885229 1.34121418
v 0.08586180 0.83885229 1.34121418
v 0.08586186 0.83885241 0.56981182
v 0.08586186 0.84960461 0.56981182
v 0.08586186 0.84960461 0.43937826
v 0.08586186 0.83885241 0.43941307
v 0.08586189 0.53762043 0.47034436
v 0.08586186 0.53762043 0.43937823
v 0.08586189 0.55160093 0.43941304
v 0.08586189 0.55160093 0.43941304
v 0.90382552 0.85173488 1.34334469
v 0.91413832 0.84960449 1.34121430
v 0.91413832 0.83885229 1.34121430
v 0.90382552 0.53548992 1.34334457
v 0.91413832 0.84960461 0.47034448
v 0.91413838 0.84960461 0.43937835
v 0.91413832 0.83885241 0.43941313
v 0.91413832 0.83885241 0.43941313
v 0.10093784 0.53560233 1.34810793
v 0.89906210 0.53560233 1.34810805
v 0.89906210 0.85162246 1.34810805
v 0.10093784 0.85162246 1.34810793
v 0.09617445 0.53548992 1.34334457
v 0.09736529 0.53551799 1.34691715
v 0.09736529 0.85170662 1.34691715
v 0.09617445 0.85173488 1.34334457
v 0.90382552 0.85173488 1.34334469
v 0.90263462 0.85170662 1.34691715
v 0.90263462 0.53551799 1.34691715
v 0.90382552 0.53548992 1.34334457
v 0.09736529 0.53551799 1.34691715
v 0.09736529 0.85170662 1.34691715
v 0.90263462 0.85170662 1.34691715
v 0.90263462 0.53551799 1.34691715
v 0.09617445 0.55373120 1.34334457
v 0.09617445 0.53548992 1.34334457
v 0.08586183 0.53762031 1.34121418
v 0.08586183 0.53762031 1.34121418
v 0.08586183 0.55160081 1.34121418
v 0.09617445 0.55373120 1.34334457
v 0.09617445 0.53548992 1.34334457
v 0.09617451 0.53549004 0.56981176
v 0.08586189 0.53762043 0.56981176
v 0.08586189 0.53762043 0.56981176
v 0.08586183 0.53762031 1.34121418
v 0.09617445 0.53548992 1.34334457
v 0.09617451 0.53549004 0.56981176
v 0.09617451 0.53549004 0.47034436
v 0.08586189 0.53762043 0.47034436
v 0.08586189 0.53762043 0.47034436
v 0.08586189 0.53762043 0.56981176
v 0.09617451 0.53549004 0.56981176
v 0.09617451 0.53549004 0.47034436
v 0.09617451 0.53549004 0.43940434
v 0.08586186 0.53762043 0.43937823
v 0.08586189 0.53762043 0.47034436
v 0.09359598 0.53522384 0.42919973
v 0.08585876 0.53735268 0.42913318
v 0.08586040 0.53442514 0.42579821
v 0.08586040 0.55337638 0.42579821
v 0.09359598 0.55364263 0.42919973
v 0.08585894 0.55151236 0.42922193
v 0.09617451 0.55373132 0.43940434
v 0.08586189 0.55160093 0.43941304
v 0.09617451 0.55373132 0.47034436
v 0.08586189 0.55160093 0.47034436
v 0.09617451 0.55373132 0.47034436
v 0.09617451 0.55373126 0.56981176
v 0.08586189 0.55160093 0.56981176
v 0.08586189 0.55160093 0.56981176
v 0.08586189 0.55160093 0.47034436
v 0.09617451 0.55373132 0.47034436
v 0.09617451 0.55373126 0.56981176
v 0.09617445 0.55373120 1.34334457
v 0.08586183 0.55160081 1.34121418
v 0.08586183 0.55160081 1.34121418
v 0.08586189 0.55160093 0.56981176
v 0.09617451 0.55373126 0.56981176
v 0.09617445 0.85173488 1.34334457
v 0.09617445 0.83672190 1.34334457
v 0.08586180 0.83885229 1.34121418
v 0.08586180 0.83885229 1.34121418
v 0.08586180 0.84960449 1.34121418
v 0.09617445 0.85173488 1.34334457
v 0.09617445 0.83672190 1.34334457
v 0.09617451 0.83672202 0.56981182
v 0.08586186 0.83885241 0.56981182
v 0.08586186 0.83885241 0.56981182
v 0.08586180 0.83885229 1.34121418
v 0.09617445 0.83672190 1.34334457
v 0.09617451 0.83672202 0.56981182
v 0.09617451 0.83672202 0.47034439
v 0.08586186 0.83885241 0.47034439
v 0.08586186 0.83885241 0.47034439
v 0.08586186 0.83885241 0.56981182
v 0.09617451 0.83672202 0.56981182
v 0.09617451 0.83672202 0.47034439
v 0.09617451 0.83672202 0.43940437
v 0.08586186 0.83885241 0.43941307
v 0.08586186 0.83885241 0.47034439
v 0.09359598 0.83681083 0.42919976
v 0.08585885 0.83894098 0.42922196
v 0.08586040 0.83707690 0.42579824
v 0.08586040 0.85279977 0.42579824
v 0.09359598 0.85200119 0.42919976
v 0.08585870 0.84987235 0.42913321
v 0.09617451 0.85173500 0.43940437
v 0.08586186 0.84960461 0.43937826
v 0.09617451 0.85173500 0.47034439
v 0.08586186 0.84960461 0.47034439
v 0.09617451 0.85173500 0.47034439
v 0.09617451 0.85173500 0.56981182
v 0.08586186 0.84960461 0.56981182
v 0.08586186 0.84960461 0.56981182
v 0.08586186 0.84960461 0.47034439
v 0.09617451 0.85173500 0.47034439
v 0.09617451 0.85173500 0.56981182
v 0.09617445 0.85173488 1.34334457
v 0.08586180 0.84960449 1.34121418
v 0.08586180 0.84960449 1.34121418
v 0.08586186 0.84960461 0.56981182
v 0.09617451 0.85173500 0.56981182
v 0.90382552 0.83672190 1.34334469
v 0.90382552 0.85173488 1.34334469
v 0.91413832 0.84960449 1.34121430
v 0.91413832 0.84960449 1.34121430
v 0.91413832 0.83885229 1.34121430
v 0.90382552 0.83672190 1.34334469
v 0.90382552 0.85173488 1.34334469
v 0.90382552 0.85173500 0.56981188
v 0.91413832 0.84960461 0.56981188
v 0.91413832 0.84960461 0.56981188
v 0.91413832 0.84960449 1.34121430
v 0.90382552 0.85173488 1.34334469
v 0.90382552 0.85173500 0.56981188
v 0.90382552 0.85173500 0.47034448
v 0.91413832 0.84960461 0.47034448
v 0.91413832 0.84960461 0.47034448
v 0.91413832 0.84960461 0.56981188
v 0.90382552 0.85173500 0.56981188
v 0.90382552 0.85173500 0.47034448
v 0.90382552 0.85173500 0.43940446
v 0.91413838 0.84960461 0.43937835
v 0.91413832 0.84960461 0.47034448
v 0.90640408 0.85200107 0.42919984
v 0.91414082 0.84987223 0.42913330
v 0.91413963 0.85279977 0.42579833
v 0.91413963 0.83707690 0.42579833
v 0.90640408 0.83681059 0.42919984
v 0.91414070 0.83894074 0.42922205
v 0.90382552 0.83672202 0.43940446
v 0.91413832 0.83885241 0.43941313
v 0.90382552 0.83672202 0.47034448
v 0.91413832 0.83885241 0.47034448
v 0.90382552 0.83672202 0.47034448
v 0.90382552 0.83672202 0.56981188
v 0.91413832 0.83885241 0.56981188
v 0.91413832 0.83885241 0.56981188
v 0.91413832 0.83885241 0.47034448
v 0.90382552 0.83672202 0.47034448
v 0.90382552 0.83672202 0.56981188
v 0.90382552 0.83672190 1.34334469
v 0.91413832 0.83885229 1.34121430
v 0.91413832 0.83885229 1.34121430
v 0.91413832 0.83885241 0.56981188
v 0.90382552 0.83672202 0.56981188
v 1.00795770 0.54674131 0.36304402
v 1.00795770 0.53751159 0.35568362
v 1.00795770 0.52600247 0.35305679
v 1.00795770 0.55186343 0.37368017
v 1.00795770 0.54674131 0.36304402
v 1.00795770 0.52600247 0.35305679
v 1.00795770 0.51449329 0.35568362
v 1.00795770 0.50526345 0.36304402
v 1.00795770 0.50014150 0.37368011
v 1.00795770 0.52600247 0.35305679
v 1.00795770 0.51449329 0.35568362
v 1.00795770 0.50014150 0.37368011
v 1.00795770 0.50014150 0.37368011
v 1.00795770 0.55186349 0.38548535
v 1.00795770 0.55186349 0.38548535
v 1.00795770 0.50014150 0.37368011
v 1.00795770 0.50014138 0.38548541
v 1.00795770 0.54674137 0.39612147
v 1.00795770 0.55186349 0.38548535
v 1.00795770 0.50014138 0.38548541
v 1.00795770 0.54674137 0.39612147
v 1.00795770 0.50014138 0.38548541
v 1.00795770 0.50526345 0.39612144
v 1.00795770 0.53751171 0.40348202
v 1.00795770 0.54674137 0.39612147
v 1.00795770 0.50526345 0.39612144
v 1.00795770 0.53751171 0.40348202
v 1.00795770 0.50526345 0.39612144
v 1.00795770 0.51449317 0.40348196
v 1.00795770 0.51449317 0.40348196
v 1.00795770 0.52600241 0.40610886
v 1.00795770 0.63417637 0.40348196
v 1.00795770 0.64568579 0.40610880
v 1.00795770 0.65719497 0.40348196
v 1.00795770 0.63417637 0.40348196
v 1.00795770 0.65719497 0.40348196
v 1.00795770 0.65857840 0.40237865
v 1.00795770 0.62494671 0.39612144
v 1.00795770 0.65857840 0.40237865
v 1.00795770 0.61997926 0.38580656
v 1.00795770 0.61997926 0.38580656
v 1.00795770 0.65857840 0.40237865
v 1.00795770 0.66642463 0.39612153
v 1.00795770 0.61997926 0.38580656
v 1.00795770 0.66642463 0.39612153
v 1.00795770 0.67154670 0.38548541
v 1.00795770 0.61982465 0.38548541
v 1.00795770 0.67154670 0.38548541
v 1.00795770 0.61982477 0.37368011
v 1.00795770 0.67154670 0.37368017
v 1.00795770 0.61982477 0.37368011
v 1.00795770 0.67154670 0.37368017
v 1.00795770 0.66650796 0.36321700
v 1.00795770 0.65719485 0.35568362
v 1.00795770 0.64568579 0.35305673
v 1.00795770 0.63417649 0.35568357
v 1.00795770 0.65767121 0.35606354
v 1.00795770 0.65767121 0.35606354
v 1.00795770 0.63417649 0.35568357
v 1.00795770 0.62494671 0.36304402
v 1.00795770 0.66650796 0.36321700
v 1.00795770 0.62494671 0.36304402
v 1.00795770 0.75706422 0.35495222
v 1.00795770 0.75391078 0.35564286
v 1.00795770 0.75385988 0.35568362
v 0.95880789 0.89656162 0.40348196
v 0.95880789 0.88508081 0.40610230
v 0.95880789 0.88480544 0.40616521
v 0.95880789 0.88480544 0.40616521
v 0.95880789 0.78745329 0.39332783
v 0.95880789 0.78610790 0.39612156
v 0.95880789 0.88480544 0.40616521
v 0.95880789 0.78610790 0.39612156
v 0.95880789 0.77687824 0.40348199
v 0.95880789 0.88480544 0.40616521
v 0.95880789 0.77687824 0.40348199
v 0.95880789 0.76536894 0.40610892
v 0.95880789 0.76536894 0.40610892
v 0.95880789 0.65857840 0.40237865
v 0.95880789 0.65719497 0.40348196
v 0.95880789 0.76536894 0.40610892
v 0.95880789 0.65719497 0.40348196
v 0.95880789 0.64568579 0.40610880
v 0.95880789 0.64568579 0.40610880
v 0.95880789 0.53751171 0.40348199
v 0.95880789 0.52600241 0.40610883
v 0.95880789 0.76536894 0.40610892
v 0.95880789 0.64568579 0.40610880
v 0.95880789 0.52600241 0.40610883
v 0.95880789 0.54674137 0.39612147
v 0.95880789 0.53751171 0.40348199
v 0.95880789 0.55186349 0.38548535
v 0.95880789 0.55186349 0.38548535
v 0.95880789 0.64568579 0.40610880
v 0.95880789 0.63417637 0.40348196
v 0.95880795 0.55186343 0.37368017
v 0.95880789 0.55186349 0.38548535
v 0.95880789 0.63417637 0.40348196
v 0.95880795 0.54674131 0.36304402
v 0.95880795 0.55186343 0.37368017
v 0.95880789 0.63417637 0.40348196
v 0.95880795 0.53751159 0.35568362
v 0.95880795 0.54674131 0.36304402
v 0.95880789 0.63417637 0.40348196
v 0.95880795 0.53751159 0.35568362
v 0.95880789 0.63417637 0.40348196
v 0.95880789 0.62494671 0.39612144
v 0.95880789 0.62494671 0.39612144
v 0.95880789 0.61997926 0.38580656
v 0.95880789 0.61982465 0.38548541
v 0.95880795 0.53751159 0.35568362
v 0.95880789 0.62494671 0.39612144
v 0.95880789 0.61982465 0.38548541
v 0.95880795 0.53751159 0.35568362
v 0.95880789 0.61982465 0.38548541
v 0.95880795 0.61982477 0.37368011
v 0.95880795 0.52600247 0.35305679
v 0.95880795 0.53751159 0.35568362
v 0.95880795 0.61982477 0.37368011
v 0.95880795 0.65767121 0.35606354
v 0.95880795 0.66650796 0.36321700
v 0.95880795 0.74462998 0.36304402
v 0.95880795 0.65719485 0.35568362
v 0.95880795 0.65767121 0.35606354
v 0.95880795 0.74462998 0.36304402
v 0.95880795 0.64568579 0.35305673
v 0.95880795 0.64568579 0.35305673
v 0.95880795 0.74462998 0.36304402
v 0.95880795 0.75385988 0.35568362
v 0.95880795 0.64568579 0.35305673
v 0.95880795 0.75385988 0.35568362
v 0.95880795 0.75391078 0.35564286
v 0.95880795 0.75391078 0.35564286
v 0.95880795 0.75706422 0.35495222
v 0.95880795 0.76536906 0.35305679
v 0.95880795 0.64568579 0.35305673
v 0.95880795 0.75391078 0.35564286
v 0.95880795 0.76536906 0.35305679
v 0.95880789 0.79122996 0.38534653
v 0.95880789 0.78745329 0.39332783
v 0.95880789 0.88480544 0.40616521
v 0.95880789 0.88508081 0.40610230
v 0.95880789 0.87360513 0.40353182
v 0.95880789 0.79122996 0.38534653
v 0.95880789 0.88480544 0.40616521
v 0.95880789 0.87360513 0.40353182
v 0.95880795 0.79122996 0.37368017
v 0.95880789 0.79122996 0.38534653
v 0.95880789 0.87360513 0.40353182
v 0.95880795 0.78610790 0.36304408
v 0.95880795 0.79122996 0.37368017
v 0.95880789 0.87360513 0.40353182
v 0.95880795 0.77687824 0.35568357
v 0.95880795 0.78610790 0.36304408
v 0.95880789 0.87360513 0.40353182
v 0.95880795 0.77687824 0.35568357
v 0.95880789 0.87360513 0.40353182
v 0.95880789 0.86431336 0.39612156
v 0.95880795 0.77687824 0.35568357
v 0.95880789 0.86431336 0.39612156
v 0.95880789 0.85919118 0.38548541
v 0.95880795 0.77687824 0.35568357
v 0.95880789 0.85919118 0.38548541
v 0.95880795 0.85919118 0.37368023
v 0.95880795 0.76536906 0.35305679
v 0.95880795 0.77687824 0.35568357
v 0.95880795 0.85919118 0.37368023
v 0.95880795 0.76536906 0.35305679
v 0.95880795 0.85919118 0.37368023
v 0.95880795 0.86431336 0.36304408
v 0.95880795 0.76536906 0.35305679
v 0.95880795 0.86431336 0.36304408
v 0.95880795 0.87354290 0.35568362
v 0.95880795 0.76536906 0.35305679
v 0.95880795 0.87354290 0.35568362
v 0.95880795 0.88505220 0.35305685
v 0.95880795 0.88505220 0.35305685
v 0.95880795 0.89656150 0.35568368
v 0.95880795 0.76536906 0.35305679
v 0.95880795 0.88505220 0.35305685
v 0.95880795 0.46083307 0.33838856
v 0.95880795 0.63417649 0.35568357
v 0.95880795 0.62494671 0.36304402
v 0.95880795 0.61982477 0.37368011
v 0.95880795 0.52600247 0.35305679
v 0.95880795 0.51449329 0.35568362
v 0.95880795 0.50526345 0.36304402
v 0.95880795 0.50014150 0.37368011
v 0.95880795 0.50526345 0.36304402
v 0.95880795 0.46083307 0.33838856
v 0.95880789 0.50014138 0.38548541
v 0.95880795 0.50014150 0.37368011
v 0.95880795 0.46083307 0.33838856
v 0.95880789 0.50526345 0.39612144
v 0.95880789 0.50014138 0.38548541
v 0.95880795 0.46083307 0.33838856
v 0.95880789 0.50526345 0.39612144
v 0.95880795 0.46083307 0.33838856
v 0.95880789 0.51449317 0.40348193
v 0.95880789 0.52600241 0.40610883
v 0.95880789 0.76536894 0.40610892
v 0.95880789 0.90579104 0.39612150
v 0.95880795 0.93855143 0.33838862
v 0.95880795 0.89656150 0.35568368
v 0.95880795 0.90579104 0.36304414
v 0.95880795 0.93855143 0.33838862
v 0.95880795 0.90579104 0.36304414
v 0.95880795 0.91091323 0.37368023
v 0.95880789 0.91091323 0.38548547
v 1.00795770 0.90579104 0.36304414
v 1.00795770 0.89656150 0.35568368
v 1.00795770 0.88505220 0.35305685
v 1.00795770 0.91091323 0.37368023
v 1.00795770 0.90579104 0.36304414
v 1.00795770 0.88505220 0.35305685
v 1.00795770 0.91091323 0.38548547
v 1.00795770 0.87354290 0.35568368
v 1.00795770 0.86431336 0.36304414
v 1.00795770 0.91091323 0.38548547
v 1.00795770 0.88505220 0.35305685
v 1.00795770 0.86431336 0.36304414
v 1.00795770 0.90579104 0.39612150
v 1.00795770 0.91091323 0.38548547
v 1.00795770 0.86431336 0.36304414
v 1.00795770 0.90579104 0.39612150
v 1.00795770 0.86431336 0.36304414
v 1.00795770 0.85919118 0.37368029
v 1.00795770 0.90579104 0.39612150
v 1.00795770 0.85919118 0.37368029
v 1.00795770 0.85919118 0.38548547
v 1.00795770 0.89656162 0.40348196
v 1.00795770 0.89656162 0.40348196
v 1.00795770 0.85919118 0.38548547
v 1.00795770 0.86431336 0.39612156
v 1.00795770 0.86431336 0.39612156
v 1.00795770 0.87360513 0.40353182
v 1.00795770 0.88508081 0.40610230
v 1.00795770 0.89656162 0.40348196
v 1.00795770 0.86431336 0.39612156
v 1.00795770 0.88508081 0.40610230
v 0.95880795 0.52600247 0.35305679
v 0.95880795 0.51449329 0.35568362
v 1.00795770 0.51449329 0.35568362
v 1.00795770 0.52600247 0.35305679
v 0.95880795 0.50526345 0.36304402
v 1.00795770 0.50526345 0.36304402
v 0.95880795 0.50526345 0.36304402
v 0.95880795 0.50014150 0.37368011
v 1.00795770 0.50014150 0.37368011
v 1.00795770 0.50526345 0.36304402
v 0.95880789 0.50014138 0.38548541
v 1.00795770 0.50014138 0.38548541
v 0.95880789 0.50526345 0.39612144
v 1.00795770 0.50526345 0.39612144
v 0.95880789 0.50526345 0.39612144
v 0.95880789 0.51449317 0.40348193
v 1.00795770 0.51449317 0.40348196
v 1.00795770 0.50526345 0.39612144
v 0.95880789 0.52600241 0.40610883
v 1.00795770 0.52600241 0.40610886
v 0.95880789 0.53751171 0.40348199
v 1.00795770 0.53751171 0.40348202
v 0.95880789 0.54674137 0.39612147
v 1.00795770 0.54674137 0.39612147
v 0.95880789 0.54674137 0.39612147
v 0.95880789 0.55186349 0.38548535
v 1.00795770 0.55186349 0.38548535
v 1.00795770 0.54674137 0.39612147
v 0.95880795 0.55186343 0.37368017
v 1.00795770 0.55186343 0.37368017
v 0.95880795 0.54674131 0.36304402
v 1.00795770 0.54674131 0.36304402
v 0.95880795 0.54674131 0.36304402
v 0.95880795 0.53751159 0.35568362
v 1.00795770 0.53751159 0.35568362
v 1.00795770 0.54674131 0.36304402
v 0.95880795 0.64568579 0.35305673
v 0.95880795 0.63417649 0.35568357
v 1.00795770 0.63417649 0.35568357
v 1.00795770 0.64568579 0.35305673
v 0.95880795 0.62494671 0.36304402
v 1.00795770 0.62494671 0.36304402
v 0.95880795 0.62494671 0.36304402
v 0.95880795 0.61982477 0.37368011
v 1.00795770 0.61982477 0.37368011
v 1.00795770 0.62494671 0.36304402
v 0.95880789 0.61982465 0.38548541
v 1.00795770 0.61982465 0.38548541
v 0.95880789 0.61997926 0.38580656
v 1.00795770 0.61997926 0.38580656
v 0.95880789 0.62494671 0.39612144
v 1.00795770 0.62494671 0.39612144
v 0.95880789 0.62494671 0.39612144
v 0.95880789 0.63417637 0.40348196
v 1.00795770 0.63417637 0.40348196
v 1.00795770 0.62494671 0.39612144
v 0.95880789 0.64568579 0.40610880
v 1.00795770 0.64568579 0.40610880
v 0.95880789 0.65719497 0.40348196
v 1.00795770 0.65719497 0.40348196
v 0.95880789 0.65857840 0.40237865
v 1.00795770 0.65857840 0.40237865
v 0.95880789 0.66642463 0.39612153
v 1.00795770 0.66642463 0.39612153
v 0.95880789 0.66642463 0.39612153
v 0.95880789 0.67154670 0.38548541
v 1.00795770 0.67154670 0.38548541
v 1.00795770 0.66642463 0.39612153
v 0.95880795 0.67154670 0.37368017
v 1.00795770 0.67154670 0.37368017
v 0.95880795 0.66650796 0.36321700
v 1.00795770 0.66650796 0.36321700
v 0.95880795 0.66650796 0.36321700
v 0.95880795 0.65767121 0.35606354
v 1.00795770 0.65767121 0.35606354
v 1.00795770 0.66650796 0.36321700
v 0.95880795 0.65719485 0.35568362
v 1.00795770 0.65719485 0.35568362
v 0.95880795 0.76536906 0.35305679
v 0.95880795 0.75706422 0.35495222
v 1.00795770 0.75706422 0.35495222
v 1.00795770 0.76536906 0.35305679
v 0.95880795 0.75391078 0.35564286
v 1.00795770 0.75391078 0.35564286
v 0.95880795 0.75385988 0.35568362
v 1.00795770 0.75385988 0.35568362
v 0.95880795 0.74462998 0.36304402
v 1.00795770 0.74462998 0.36304402
v 0.95880795 0.74462998 0.36304402
v 0.95880795 0.73950803 0.37368006
v 1.00795770 0.73950803 0.37368006
v 1.00795770 0.74462998 0.36304402
v 0.95880789 0.73950791 0.38548541
v 1.00795770 0.73950791 0.38548541
v 0.95880789 0.74462998 0.39612147
v 1.00795770 0.74462998 0.39612150
v 0.95880789 0.74462998 0.39612147
v 0.95880789 0.75385976 0.40348202
v 1.00795770 0.75385976 0.40348205
v 1.00795770 0.74462998 0.39612150
v 0.95880789 0.76536894 0.40610892
v 1.00795770 0.76536894 0.40610892
v 0.95880789 0.77687824 0.40348199
v 1.00795770 0.77687824 0.40348199
v 0.95880789 0.78610790 0.39612156
v 1.00795770 0.78610790 0.39612156
v 0.95880789 0.78610790 0.39612156
v 0.95880789 0.78745329 0.39332783
v 1.00795770 0.78745329 0.39332783
v 1.00795770 0.78610790 0.39612156
v 0.95880789 0.79122996 0.38534653
v 1.00795770 0.79122996 0.38548523
v 1.00795770 0.79122996 0.37368017
v 1.00795770 0.78610790 0.36304408
v 1.00795770 0.77687824 0.35568357
v 1.00795770 0.77687824 0.35568357
v 1.00795770 0.76536906 0.35305679
v 1.00795770 0.75706422 0.35495222
v 1.00795770 0.79122996 0.37368017
v 1.00795770 0.77687824 0.35568357
v 1.00795770 0.75706422 0.35495222
v 1.00795770 0.75706422 0.35495222
v 1.00795770 0.75385988 0.35568362
v 1.00795770 0.74462998 0.36304402
v 1.00795770 0.74462998 0.36304402
v 1.00795770 0.73950803 0.37368006
v 1.00795770 0.73950791 0.38548541
v 1.00795770 0.75706422 0.35495222
v 1.00795770 0.74462998 0.36304402
v 1.00795770 0.73950791 0.38548541
v 1.00795770 0.73950791 0.38548541
v 1.00795770 0.74462998 0.39612150
v 1.00795770 0.75385976 0.40348205
v 1.00795770 0.75385976 0.40348205
v 1.00795770 0.76536894 0.40610892
v 1.00795770 0.77687824 0.40348199
v 1.00795770 0.77687824 0.40348199
v 1.00795770 0.75706422 0.35495222
v 1.00795770 0.77687824 0.40348199
v 1.00795770 0.78610790 0.39612156
v 1.00795770 0.78745329 0.39332783
v 1.00795770 0.77687824 0.40348199
v 1.00795770 0.78745329 0.39332783
v 1.00795770 0.79122996 0.38548523
v 1.00795770 0.75706422 0.35495222
v 1.00795770 0.77687824 0.40348199
v 1.00795770 0.79122996 0.38548523
v 1.00795770 0.79122996 0.37368017
v 1.00795770 0.79122996 0.38548523
v 0.95880795 0.79122996 0.37368017
v 0.95880795 0.78610790 0.36304408
v 1.00795770 0.78610790 0.36304408
v 1.00795770 0.79122996 0.37368017
v 0.95880795 0.78610790 0.36304408
v 0.95880795 0.77687824 0.35568357
v 1.00795770 0.77687824 0.35568357
v 1.00795770 0.78610790 0.36304408
v 0.95880795 0.88505220 0.35305685
v 0.95880795 0.87354290 0.35568362
v 1.00795770 0.87354290 0.35568368
v 1.00795770 0.88505220 0.35305685
v 0.95880795 0.86431336 0.36304408
v 1.00795770 0.86431336 0.36304414
v 0.95880795 0.86431336 0.36304408
v 0.95880795 0.85919118 0.37368023
v 1.00795770 0.85919118 0.37368029
v 1.00795770 0.86431336 0.36304414
v 0.95880789 0.85919118 0.38548541
v 1.00795770 0.85919118 0.38548547
v 0.95880789 0.86431336 0.39612156
v 1.00795770 0.86431336 0.39612156
v 0.95880789 0.86431336 0.39612156
v 0.95880789 0.87360513 0.40353182
v 1.00795770 0.87360513 0.40353182
v 1.00795770 0.86431336 0.39612156
v 0.95880789 0.88508081 0.40610230
v 1.00795770 0.88508081 0.40610230
v 0.95880789 0.89656162 0.40348196
v 1.00795770 0.89656162 0.40348196
v 0.95880789 0.90579104 0.39612150
v 1.00795770 0.90579104 0.39612150
v 0.95880789 0.90579104 0.39612150
v 0.95880789 0.91091323 0.38548547
v 1.00795770 0.91091323 0.38548547
v 1.00795770 0.90579104 0.39612150
v 0.95880795 0.91091323 0.37368023
v 1.00795770 0.91091323 0.37368023
v 0.95880795 0.90579104 0.36304414
v 1.00795770 0.90579104 0.36304414
v 0.95880795 0.90579104 0.36304414
v 0.95880795 0.89656150 0.35568368
v 1.00795770 0.89656150 0.35568368
v 1.00795770 0.90579104 0.36304414
v 0.95880789 0.66642463 0.39612153
v 0.95880789 0.65857840 0.40237865
v 0.95880789 0.76536894 0.40610892
v 0.95880789 0.67154670 0.38548541
v 0.95880789 0.66642463 0.39612153
v 0.95880789 0.76536894 0.40610892
v 0.95880789 0.67154670 0.38548541
v 0.95880789 0.75385976 0.40348202
v 0.95880795 0.67154670 0.37368017
v 0.95880789 0.67154670 0.38548541
v 0.95880789 0.75385976 0.40348202
v 0.95880795 0.66650796 0.36321700
v 0.95880795 0.67154670 0.37368017
v 0.95880789 0.75385976 0.40348202
v 0.95880795 0.66650796 0.36321700
v 0.95880789 0.75385976 0.40348202
v 0.95880789 0.74462998 0.39612147
v 0.95880795 0.66650796 0.36321700
v 0.95880789 0.74462998 0.39612147
v 0.95880789 0.73950791 0.38548541
v 0.95880795 0.66650796 0.36321700
v 0.95880789 0.73950791 0.38548541
v 0.95880795 0.73950803 0.37368006
v 0.95880795 0.66650796 0.36321700
v 0.95880795 0.73950803 0.37368006
v 0.95880795 0.74462998 0.36304402
v 0.90566206 0.84192002 1.33820784
v 0.90566206 0.84611583 1.33820784
v 0.09487784 0.84611583 1.33820772
v 0.09487784 0.84192002 1.33820772
v 0.90566230 0.84192002 0.43627450
v 0.09487790 0.84192002 0.43627450
v 0.09487790 0.84611583 0.43627450
v 0.90566230 0.84611583 0.43627450
v 0.90326840 0.83952630 1.33581400
v 0.09727147 0.83952630 1.33581400
v 0.09267560 0.83952630 1.33428216
v 0.09114376 0.83952630 1.32968628
v 0.09114382 0.83952641 0.44479600
v 0.09267566 0.83952641 0.44020015
v 0.09727153 0.83952641 0.43866795
v 0.90326846 0.83952641 0.43866795
v 0.90786433 0.83952641 0.44020015
v 0.90939629 0.83952641 0.44479600
v 0.90786421 0.83952630 1.33428216
v 0.90939605 0.83952630 1.32968640
v 0.08874997 0.84192002 1.33208013
v 0.08874997 0.84611583 1.33208013
v 0.08875021 0.84611583 0.44240218
v 0.08875021 0.84192002 0.44240218
v 0.09727147 0.84850955 1.33581400
v 0.90326840 0.84850955 1.33581412
v 0.90786421 0.84850955 1.33428228
v 0.90939605 0.84850955 1.32968640
v 0.90939629 0.84850955 0.44479600
v 0.90786433 0.84850955 0.44020015
v 0.90326846 0.84850955 0.43866795
v 0.09727153 0.84850955 0.43866795
v 0.09267566 0.84850955 0.44020015
v 0.09114382 0.84850955 0.44479600
v 0.09267560 0.84850955 1.33428216
v 0.09114376 0.84850955 1.32968628
v 0.91178989 0.84611583 1.33208013
v 0.91178989 0.84192002 1.33208013
v 0.91178995 0.84192002 0.44240218
v 0.91178995 0.84611583 0.44240218
v 0.09547630 0.84791112 1.33760917
v 0.90506357 0.84791112 1.33760929
v 0.90506357 0.84012473 1.33760929
v 0.09547630 0.84012473 1.33760917
v 0.09547636 0.84012473 0.43687278
v 0.90506381 0.84012473 0.43687275
v 0.90506381 0.84791112 0.43687275
v 0.09547636 0.84791112 0.43687278
v 0.08934864 0.84012473 0.44300047
v 0.08934841 0.84012473 1.33148146
v 0.91119146 0.84012473 1.33148158
v 0.91119146 0.84012473 0.44300047
v 0.08934864 0.84791112 0.44300047
v 0.08934841 0.84791112 1.33148146
v 0.91119146 0.84791112 0.44300047
v 0.91119146 0.84791112 1.33148170
v 0.09547630 0.84791112 1.33760917
v 0.90506357 0.84791112 1.33760929
v 0.90506357 0.84012473 1.33760929
v 0.09547630 0.84012473 1.33760917
v 0.09547636 0.84012473 0.43687278
v 0.90506381 0.84012473 0.43687275
v 0.90506381 0.84791112 0.43687275
v 0.09547636 0.84791112 0.43687278
v 0.08934864 0.84012473 0.44300047
v 0.08934841 0.84012473 1.33148146
v 0.91119146 0.84012473 1.33148158
v 0.91119146 0.84012473 0.44300047
v 0.08934864 0.84791112 0.44300047
v 0.08934841 0.84791112 1.33148146
v 0.91119146 0.84791112 0.44300047
v 0.91119146 0.84791112 1.33148170
v 0.91025788 0.84611583 1.33667564
v 0.91025788 0.84192002 1.33667564
v 0.09028196 0.84192002 1.33667564
v 0.09028196 0.84611583 1.33667564
v 0.09028202 0.84611583 0.43780634
v 0.09028202 0.84192002 0.43780634
v 0.91025811 0.84192002 0.43780634
v 0.91025811 0.84611583 0.43780634
v 0.90965945 0.84012473 1.33607745
v 0.91025788 0.84192002 1.33667564
v 0.09088042 0.84012473 1.33607733
v 0.90965945 0.84791112 1.33607745
v 0.09088042 0.84791112 1.33607733
v 0.90965968 0.84012473 0.43840498
v 0.09088048 0.84012473 0.43840498
v 0.90965968 0.84791112 0.43840498
v 0.09088048 0.84791112 0.43840498
v 0.90965945 0.84012473 1.33607745
v 0.09028196 0.84192002 1.33667564
v 0.09088042 0.84012473 1.33607733
v 0.91025788 0.84611583 1.33667564
v 0.90965945 0.84791112 1.33607745
v 0.09088042 0.84791112 1.33607733
v 0.90965968 0.84012473 0.43840498
v 0.09088048 0.84012473 0.43840498
v 0.90965968 0.84791112 0.43840498
v 0.09088048 0.84791112 0.43840498
v 0.09028196 0.84611583 1.33667564
v 0.09028202 0.84611583 0.43780634
v 0.09028202 0.84192002 0.43780634
v 0.91025811 0.84192002 0.43780634
v 0.91025811 0.84611583 0.43780634
v 0.90965945 0.84012473 1.33607745
v 0.90965968 0.84012473 0.43840498
v 0.09088048 0.84791112 0.43840498
v 0.09088042 0.84012473 1.33607733
v 0.90965945 0.84791112 1.33607745
v 0.09088042 0.84791112 1.33607733
v 0.09088048 0.84012473 0.43840498
v 0.90965968 0.84791112 0.43840498
v 0.91413808 0.53762043 0.56981182
v 0.91413808 0.55160093 0.56981182
v 0.91413808 0.55160093 0.47034442
v 0.91413808 0.53762043 0.47034442
v 0.91413820 0.53762043 0.43937829
v 0.91413808 0.55160093 0.43941310
v 0.91414112 0.55151236 0.42922199
v 0.91414112 0.55151236 0.42922199
v 0.91414130 0.53735268 0.42913324
v 0.91413820 0.53762043 0.43937829
v 0.91414130 0.53735268 0.42913324
v 0.91414112 0.55151236 0.42922199
v 0.91413963 0.55337632 0.42579827
v 0.91413963 0.55337632 0.42579827
v 0.91413963 0.53442514 0.42579827
v 0.91414130 0.53735268 0.42913324
v 0.91413802 0.53762031 1.34121418
v 0.91413802 0.55160081 1.34121418
v 0.91413808 0.55160093 0.56981182
v 0.91413802 0.53762031 1.34121418
v 0.91413808 0.55160093 0.43941310
v 0.91413808 0.55160093 0.43941310
v 0.91413820 0.53762043 0.43937829
v 0.91413808 0.53762043 0.47034442
v 0.90382552 0.55373120 1.34334457
v 0.91413802 0.55160081 1.34121418
v 0.91413802 0.53762031 1.34121418
v 0.91413802 0.53762031 1.34121418
v 0.90382552 0.53548992 1.34334457
v 0.90382552 0.55373120 1.34334457
v 0.90382552 0.53548992 1.34334457
v 0.91413802 0.53762031 1.34121418
v 0.91413808 0.53762043 0.56981182
v 0.91413808 0.53762043 0.56981182
v 0.90382552 0.53549004 0.56981182
v 0.90382552 0.53548992 1.34334457
v 0.90382552 0.53549004 0.56981182
v 0.91413808 0.53762043 0.56981182
v 0.91413808 0.53762043 0.47034442
v 0.91413808 0.53762043 0.47034442
v 0.90382552 0.53549004 0.47034442
v 0.90382552 0.53549004 0.56981182
v 0.90382552 0.53549004 0.47034442
v 0.91413808 0.53762043 0.47034442
v 0.91413820 0.53762043 0.43937829
v 0.90382552 0.53549004 0.43940440
v 0.91414130 0.53735268 0.42913324
v 0.90640402 0.53522384 0.42919978
v 0.91413963 0.53442514 0.42579827
v 0.91413963 0.55337632 0.42579827
v 0.91414112 0.55151236 0.42922199
v 0.90640402 0.55364251 0.42919978
v 0.91413808 0.55160093 0.43941310
v 0.90382552 0.55373132 0.43940440
v 0.91413808 0.55160093 0.47034442
v 0.90382552 0.55373132 0.47034442
v 0.90382552 0.55373132 0.47034442
v 0.91413808 0.55160093 0.47034442
v 0.91413808 0.55160093 0.56981182
v 0.91413808 0.55160093 0.56981182
v 0.90382552 0.55373126 0.56981182
v 0.90382552 0.55373132 0.47034442
v 0.90382552 0.55373126 0.56981182
v 0.91413808 0.55160093 0.56981182
v 0.91413802 0.55160081 1.34121418
v 0.91413802 0.55160081 1.34121418
v 0.90382552 0.55373120 1.34334457
v 0.90382552 0.55373126 0.56981182
v 0.90566206 0.54316473 1.33820784
v 0.90566206 0.54736054 1.33820784
v 0.09487784 0.54736054 1.33820772
v 0.09487784 0.54316473 1.33820772
v 0.90566230 0.54316473 0.43627444
v 0.09487790 0.54316473 0.43627447
v 0.09487790 0.54736054 0.43627447
v 0.90566230 0.54736054 0.43627444
v 0.90326840 0.54077113 1.33581400
v 0.09727147 0.54077113 1.33581400
v 0.09267560 0.54077113 1.33428216
v 0.09114376 0.54077113 1.32968628
v 0.09114382 0.54077113 0.44479597
v 0.09267566 0.54077113 0.44020012
v 0.09727153 0.54077113 0.43866792
v 0.90326846 0.54077113 0.43866789
v 0.90786433 0.54077113 0.44020009
v 0.90939629 0.54077113 0.44479594
v 0.90786421 0.54077113 1.33428216
v 0.90939605 0.54077113 1.32968628
v 0.08874997 0.54316473 1.33208001
v 0.08874997 0.54736054 1.33208001
v 0.08875021 0.54736054 0.44240215
v 0.08875021 0.54316473 0.44240215
v 0.09727147 0.54975426 1.33581400
v 0.90326840 0.54975426 1.33581412
v 0.90786421 0.54975426 1.33428228
v 0.90939605 0.54975426 1.32968640
v 0.90939629 0.54975426 0.44479594
v 0.90786433 0.54975426 0.44020009
v 0.90326846 0.54975426 0.43866789
v 0.09727153 0.54975426 0.43866792
v 0.09267566 0.54975426 0.44020012
v 0.09114382 0.54975426 0.44479597
v 0.09267560 0.54975426 1.33428216
v 0.09114376 0.54975426 1.32968628
v 0.91178989 0.54736054 1.33208013
v 0.91178989 0.54316473 1.33208013
v 0.91178995 0.54316473 0.44240212
v 0.91178995 0.54736054 0.44240212
v 0.09547630 0.54915583 1.33760905
v 0.90506357 0.54915583 1.33760929
v 0.90506357 0.54136944 1.33760917
v 0.09547630 0.54136944 1.33760905
v 0.09547636 0.54136944 0.43687275
v 0.90506381 0.54136944 0.43687269
v 0.90506381 0.54915583 0.43687269
v 0.09547636 0.54915583 0.43687275
v 0.08934864 0.54136944 0.44300044
v 0.08934841 0.54136944 1.33148146
v 0.91119146 0.54136944 1.33148146
v 0.91119146 0.54136944 0.44300041
v 0.08934864 0.54915583 0.44300044
v 0.08934841 0.54915583 1.33148146
v 0.91119146 0.54915583 0.44300041
v 0.91119146 0.54915583 1.33148158
v 0.09547630 0.54915583 1.33760905
v 0.90506357 0.54915583 1.33760929
v 0.90506357 0.54136944 1.33760917
v 0.09547630 0.54136944 1.33760905
v 0.09547636 0.54136944 0.43687275
v 0.90506381 0.54136944 0.43687269
v 0.90506381 0.54915583 0.43687269
v 0.09547636 0.54915583 0.43687275
v 0.08934864 0.54136944 0.44300044
v 0.08934841 0.54136944 1.33148146
v 0.91119146 0.54136944 1.33148146
v 0.91119146 0.54136944 0.44300041
v 0.08934864 0.54915583 0.44300044
v 0.08934841 0.54915583 1.33148146
v 0.91119146 0.54915583 0.44300041
v 0.91119146 0.54915583 1.33148158
v 0.91025788 0.54736054 1.33667564
v 0.91025788 0.54316473 1.33667564
v 0.09028196 0.54316473 1.33667552
v 0.09028196 0.54736054 1.33667552
v 0.09028202 0.54736054 0.43780631
v 0.09028202 0.54316473 0.43780631
v 0.91025811 0.54316473 0.43780628
v 0.91025811 0.54736054 0.43780628
v 0.90965945 0.54136944 1.33607733
v 0.91025788 0.54316473 1.33667564
v 0.09088042 0.54136944 1.33607721
v 0.90965945 0.54915583 1.33607745
v 0.09088042 0.54915583 1.33607721
v 0.90965968 0.54136944 0.43840492
v 0.09088048 0.54136944 0.43840495
v 0.90965968 0.54915583 0.43840492
v 0.09088048 0.54915583 0.43840495
v 0.90965945 0.54136944 1.33607733
v 0.09028196 0.54316473 1.33667552
v 0.09088042 0.54136944 1.33607721
v 0.91025788 0.54736054 1.33667564
v 0.90965945 0.54915583 1.33607745
v 0.09088042 0.54915583 1.33607721
v 0.90965968 0.54136944 0.43840492
v 0.09088048 0.54136944 0.43840495
v 0.90965968 0.54915583 0.43840492
v 0.09088048 0.54915583 0.43840495
v 0.09028196 0.54736054 1.33667552
v 0.09028202 0.54736054 0.43780631
v 0.09028202 0.54316473 0.43780631
v 0.91025811 0.54316473 0.43780628
v 0.91025811 0.54736054 0.43780628
v 0.90965945 0.54136944 1.33607733
v 0.90965968 0.54136944 0.43840492
v 0.09088048 0.54915583 0.43840495
v 0.09088042 0.54136944 1.33607721
v 0.90965945 0.54915583 1.33607745
v 0.09088042 0.54915583 1.33607721
v 0.09088048 0.54136944 0.43840495
v 0.90965968 0.54915583 0.43840492
v 1.12035990 0.02290940 0.34139585
v 1.12061274 0.02771832 0.33626974
v 1.12611008 0.02767310 0.34144258
v -0.12610996 0.02767310 0.34144247
v -0.12061262 0.02771832 0.33626962
v -0.12035984 0.02290940 0.34139574
v 1.12035990 0.02290925 1.45005083
v 1.12610996 0.02767297 1.45000410
v 1.12061262 0.02771817 1.45517695
v -0.12061274 0.02771817 1.45517683
v -0.12611008 0.02767297 1.45000398
v -0.12035996 0.02290925 1.45005071
v 1.12035990 1.39053226 0.34139597
v 1.12611008 1.38576853 0.34144270
v 1.12061262 1.38572335 0.33626992
v -0.12035984 1.39053226 0.34139585
v -0.12061256 1.38572335 0.33626980
v -0.12610996 1.38576853 0.34144258
v 1.12035990 1.39053214 1.45005095
v 1.12061262 1.38572323 1.45517707
v 1.12610996 1.38576841 1.45000422
v -0.12035996 1.39053214 1.45005083
v -0.12611008 1.38576841 1.45000410
v -0.12061268 1.38572323 1.45517695
v 1.12436795 0.02290937 0.35226750
v 1.12436783 0.02290925 1.43917918
v 1.10833597 0.02290925 1.45367467
v 0.94580442 0.02248205 1.45247483
v -0.12436795 0.02290925 1.43917906
v -0.12436783 0.02290937 0.35226738
v -0.10833597 0.02290940 0.33777189
v 0.05220842 0.02248219 0.33897167
v 1.10833609 1.39053226 0.33777213
v 0.94580454 1.39095950 0.33897185
v -0.12436783 1.39053226 0.35226750
v -0.12436795 1.39053214 1.43917918
v -0.10833609 1.39053214 1.45367467
v 0.05220830 1.39095926 1.45247483
v 1.12436783 1.39053214 1.43917930
v 1.12436795 1.39053226 0.35226762
v 1.10833609 0.02290940 0.33777201
v 1.12035990 0.02290940 0.34139585
v -0.11261934 0.02762583 0.33389902
v -0.12061262 0.02771832 0.33626962
v 1.12436783 0.02290925 1.43917918
v 1.12035990 0.02290925 1.45005083
v -0.12865132 0.02762569 1.44305193
v -0.12611008 0.02767297 1.45000398
v 1.12436795 1.39053226 0.35226762
v 1.12035990 1.39053226 0.34139597
v -0.10833597 1.39053226 0.33777201
v -0.12035984 1.39053226 0.34139585
v 1.10833597 1.39053214 1.45367479
v 1.12035990 1.39053214 1.45005095
v -0.12436795 1.39053214 1.43917918
v -0.12035996 1.39053214 1.45005083
v 1.12035990 0.02290940 0.34139585
v 1.12436795 0.02290937 0.35226750
v -0.12610996 0.02767310 0.34144247
v -0.12865120 0.02762579 0.34839451
v 1.12035990 0.02290925 1.45005083
v 1.10833597 0.02290925 1.45367467
v -0.12061274 0.02771817 1.45517683
v -0.11261946 0.02762568 1.45754743
v 1.12035990 1.39053226 0.34139597
v 1.10833609 1.39053226 0.33777213
v -0.12035984 1.39053226 0.34139585
v -0.12436783 1.39053226 0.35226750
v 1.12035990 1.39053214 1.45005095
v 1.12436783 1.39053214 1.43917930
v -0.12035996 1.39053214 1.45005083
v -0.10833609 1.39053214 1.45367467
v -0.12339056 0.03548468 0.33387560
v -0.12339056 0.18882850 0.33387560
v 1.12339067 1.37795687 0.33387583
v 1.12339067 1.22461331 0.33387589
v -0.12878793 0.03548457 1.45249045
v -0.12878793 0.18882835 1.45249045
v 1.12339056 0.03548457 1.45757103
v 1.12339056 0.18882835 1.45757103
v -0.12878782 0.03548468 0.33895600
v -0.12610996 0.02767310 0.34144247
v -0.12339067 0.03548457 1.45757079
v -0.12061274 0.02771817 1.45517683
v 1.12611008 0.02767310 0.34144258
v 1.12878799 0.03548468 0.33895612
v 1.12061262 0.02771817 1.45517695
v 1.12339056 0.03548457 1.45757103
v 1.12061262 1.38572335 0.33626992
v 1.12339067 1.37795687 0.33387583
v -0.12610996 1.38576853 0.34144258
v -0.12878782 1.37795687 0.33895612
v 1.12610996 1.38576841 1.45000422
v 1.12878776 1.37795675 1.45249069
v -0.12061268 1.38572323 1.45517695
v -0.12339067 1.37795675 1.45757103
v 0.94580442 0.02248205 1.45247483
v 0.93098640 0.02248204 1.45247483
v 0.93098640 0.02248204 1.45247483
v 0.06906119 0.02248207 1.45247483
v 0.06906119 0.02248207 1.45247483
v 0.05220830 0.02248208 1.45247483
v 0.05220830 0.02248208 1.45247483
v -0.10833609 0.02290925 1.45367455
v 0.05220842 0.02248219 0.33897167
v 0.06906131 0.02248219 0.33897167
v 0.06906131 0.02248219 0.33897167
v 0.93098652 0.02248219 0.33897179
v 0.93098652 0.02248219 0.33897179
v 0.94580454 0.02248220 0.33897179
v 0.94580454 0.02248220 0.33897179
v 1.10833609 0.02290940 0.33777201
v 0.94580454 1.39095950 0.33897185
v 0.93098652 1.39095950 0.33897191
v 0.93098652 1.39095950 0.33897191
v 0.06906131 1.39095950 0.33897173
v 0.06906131 1.39095950 0.33897173
v 0.05220842 1.39095950 0.33897173
v 0.05220842 1.39095950 0.33897173
v -0.10833597 1.39053226 0.33777201
v 0.05220830 1.39095926 1.45247483
v 0.06906119 1.39095926 1.45247483
v 0.06906119 1.39095926 1.45247483
v 0.93098640 1.39095926 1.45247507
v 0.93098640 1.39095926 1.45247507
v 0.94580442 1.39095926 1.45247507
v 0.94580442 1.39095926 1.45247507
v 1.10833597 1.39053214 1.45367479
v -0.12339056 0.18882850 0.33387560
v -0.12339056 0.20378406 0.33387560
v -0.12339056 0.20378406 0.33387560
v -0.12339056 0.35395893 0.33387566
v -0.12339056 1.20965719 0.33387578
v -0.12339056 1.22461331 0.33387578
v -0.12339056 1.22461331 0.33387578
v -0.12339056 1.37795687 0.33387572
v 1.12339067 1.22461331 0.33387589
v 1.12339067 1.20965731 0.33387583
v 1.12339067 1.20965731 0.33387583
v 1.12339067 1.04693282 0.33387583
v 1.12339067 0.20378415 0.33387572
v 1.12339067 0.18882854 0.33387572
v 1.12339067 0.18882854 0.33387572
v 1.12339067 0.03548468 0.33387572
v -0.12878793 0.18882835 1.45249045
v -0.12878793 0.20378391 1.45249045
v -0.12878793 0.20378391 1.45249045
v -0.12878793 0.35395876 1.45249057
v -0.12878793 1.20965695 1.45249057
v -0.12878793 1.22461307 1.45249057
v -0.12878793 1.22461307 1.45249057
v -0.12878793 1.37795675 1.45249057
v 1.12339056 0.18882835 1.45757103
v 1.12339056 0.20378391 1.45757103
v 1.12339056 0.20378391 1.45757103
v 1.12339056 0.35395876 1.45757103
v 1.12339056 1.20965695 1.45757103
v 1.12339056 1.22461307 1.45757115
v 1.12339056 1.22461307 1.45757115
v 1.12339056 1.37795675 1.45757103
v -0.12339056 0.46083283 0.33387566
v -0.12339056 0.46083283 0.33387566
v -0.12339056 0.93855107 0.33387572
v -0.12339056 0.93855107 0.33387572
v -0.12339056 1.04693270 0.33387572
v 1.12339067 1.04693282 0.33387583
v 1.12339067 0.93855119 0.33387583
v 1.12339067 0.93855119 0.33387583
v 1.12339067 0.46083301 0.33387578
v 1.12339067 0.46083301 0.33387578
v 1.12339067 0.35395908 0.33387578
v 1.12339067 0.20378415 0.33387572
v -0.12878793 0.35395876 1.45249057
v -0.12878793 0.46083266 1.45249057
v -0.12878793 0.46083266 1.45249057
v -0.12878793 0.93855095 1.45249057
v -0.12878793 0.93855095 1.45249057
v -0.12878793 1.04693258 1.45249057
v 1.12339056 0.46083266 1.45757103
v 1.12339056 0.46083266 1.45757103
v 1.12339056 0.93855095 1.45757103
v 1.12339056 0.93855095 1.45757103
v 1.12339056 1.04693258 1.45757103
vt 0.50629824 0.45463943
vt 0.50629824 0.31706727
vt 0.39846218 0.31706727
vt 0.39846218 0.45463943
vt 0.34168202 0.45463943
vt 0.34168202 0.31706727
vt 0.23384592 0.31706715
vt 0.23384592 0.45463943
vt 0.45328727 0.49112439
vt 0.45328727 0.62869656
vt 0.51305705 0.62869656
vt 0.51305705 0.49112439
vt 0.07956904 0.49583077
vt 0.07956904 0.60367548
vt 0.13933887 0.60367548
vt 0.13933887 0.60367548
vt 0.13933887 0.49583077
vt 0.07956904 0.49583077
vt 0.07956904 0.31706727
vt 0.07956904 0.45463943
vt 0.13933887 0.45463943
vt 0.13933887 0.31706727
vt 0.37426475 0.45384806
vt 0.37539518 0.45282578
vt 0.37539518 0.31888080
vt 0.37426475 0.31785858
vt 0.50629997 0.45551151
vt 0.39845970 0.45551151
vt 0.53050101 0.31785858
vt 0.52937037 0.31888080
vt 0.52937037 0.45282578
vt 0.53050101 0.45384806
vt 0.39845970 0.31619519
vt 0.50629997 0.31619519
vt 0.34168372 0.45551151
vt 0.23384343 0.45551151
vt 0.36588454 0.31785858
vt 0.36475411 0.31888080
vt 0.36475411 0.45282578
vt 0.36588454 0.45384806
vt 0.23384343 0.31619513
vt 0.34168372 0.31619519
vt 0.20964831 0.45384806
vt 0.21077891 0.45282578
vt 0.21077891 0.31888080
vt 0.20964831 0.31785858
vt 0.19255647 0.45463943
vt 0.19353981 0.45433259
vt 0.19353981 0.31737405
vt 0.19255647 0.31706727
vt 0.19255647 0.60367548
vt 0.19351497 0.60367495
vt 0.19351497 0.49583167
vt 0.19255647 0.49583077
vt 0.56627464 0.62869656
vt 0.56725800 0.62838972
vt 0.56725800 0.49143118
vt 0.56627464 0.49112439
vt 0.37869155 0.60368228
vt 0.37965006 0.60368150
vt 0.37965006 0.49583822
vt 0.37869155 0.49583769
vt 0.21072762 0.49583769
vt 0.20976911 0.49583822
vt 0.20976911 0.60368150
vt 0.21072762 0.60368228
vt 0.39831072 0.49112439
vt 0.39732739 0.49143118
vt 0.39732739 0.62838972
vt 0.39831072 0.62869656
vt 0.02459252 0.49583077
vt 0.02363403 0.49583167
vt 0.02363403 0.60367495
vt 0.02459252 0.60367548
vt 0.02459252 0.31706715
vt 0.02360919 0.31737399
vt 0.02360919 0.45433259
vt 0.02459252 0.45463943
vt 0.26570415 0.47176075
vt 0.26570415 0.47276902
vt 0.32547396 0.47276902
vt 0.32547396 0.47176075
vt 0.32547396 0.62775242
vt 0.32547396 0.62674409
vt 0.26570415 0.62674409
vt 0.26570415 0.62775242
vt 0.45328727 0.49025023
vt 0.51305705 0.49025023
vt 0.07956904 0.47176075
vt 0.07956904 0.47276902
vt 0.13933887 0.47276902
vt 0.13933887 0.47176075
vt 0.37476620 0.31649840
vt 0.37589663 0.31752062
vt 0.56760210 0.62952495
vt 0.56627464 0.62957060
vt 0.37476620 0.45520830
vt 0.37627044 0.45566165
vt 0.37740105 0.45463943
vt 0.37589663 0.45418602
vt 0.19388391 0.62766027
vt 0.19353981 0.62640476
vt 0.19255647 0.62674409
vt 0.19255647 0.62775242
vt 0.21014978 0.45520830
vt 0.21165419 0.45566165
vt 0.21278480 0.45463943
vt 0.21128038 0.45418602
vt 0.36538306 0.45520830
vt 0.36425263 0.45418602
vt 0.21014978 0.31649840
vt 0.21128038 0.31752062
vt 0.36538306 0.31649840
vt 0.36387882 0.31604505
vt 0.36274821 0.31706715
vt 0.36425263 0.31752062
vt 0.19255647 0.31619322
vt 0.19388391 0.31623888
vt 0.52886891 0.31752062
vt 0.52999938 0.31649840
vt 0.19255647 0.47176075
vt 0.19255647 0.47276902
vt 0.19353981 0.47310835
vt 0.19388391 0.47185296
vt 0.52886891 0.45418602
vt 0.52736449 0.45463943
vt 0.52849513 0.45566165
vt 0.52999938 0.45520830
vt 0.21072762 0.62775242
vt 0.21072762 0.62674409
vt 0.20974429 0.62640476
vt 0.20940019 0.62766027
vt 0.39831072 0.62957060
vt 0.39698330 0.62952495
vt 0.02459252 0.45551348
vt 0.02326511 0.45546782
vt 0.02459252 0.62775242
vt 0.02459252 0.62674409
vt 0.02360919 0.62640476
vt 0.02326511 0.62766027
vt 0.45328727 0.62957060
vt 0.51305705 0.62957060
vt 0.13933887 0.31619322
vt 0.07956904 0.31619322
vt 0.07956904 0.62674409
vt 0.07956904 0.62775242
vt 0.13933887 0.62775242
vt 0.13933887 0.62674409
vt 0.07956904 0.45551348
vt 0.13933887 0.45551348
vt 0.37627044 0.31604505
vt 0.37740105 0.31706727
vt 0.37967488 0.47310835
vt 0.38001898 0.47185296
vt 0.37869155 0.47176075
vt 0.37869155 0.47276902
vt 0.56760210 0.49029601
vt 0.56627464 0.49025023
vt 0.36387882 0.45566165
vt 0.36274821 0.45463943
vt 0.21165419 0.31604505
vt 0.21278480 0.31706715
vt 0.37869155 0.62674409
vt 0.37869155 0.62775242
vt 0.38001898 0.62766027
vt 0.37967488 0.62640476
vt 0.52736449 0.31706727
vt 0.52849513 0.31604505
vt 0.19255647 0.45551348
vt 0.19388391 0.45546782
vt 0.02459252 0.31619316
vt 0.02326511 0.31623888
vt 0.21072762 0.47276902
vt 0.21072762 0.47176075
vt 0.20940019 0.47185296
vt 0.20974429 0.47310835
vt 0.02459252 0.47276902
vt 0.02459252 0.47176075
vt 0.02326511 0.47185296
vt 0.02360919 0.47310835
vt 0.39831072 0.49025023
vt 0.39698330 0.49029601
vt 0.37234402 0.04079545
vt 0.37234402 0.05308950
vt 0.29861137 0.05308950
vt 0.29861137 0.04079545
vt 0.11403236 0.04093742
vt 0.11403236 0.05323148
vt 0.24705777 0.05323148
vt 0.24705777 0.04093742
vt 0.28116167 0.03550959
vt 0.28116167 0.02321541
vt 0.41418722 0.02321541
vt 0.41418722 0.03550959
vt 0.27781665 0.03550959
vt 0.27781665 0.02321541
vt 0.27885342 0.02321541
vt 0.27885342 0.03550959
vt 0.24936604 0.04093742
vt 0.24936604 0.05323148
vt 0.25040278 0.05323148
vt 0.25040278 0.04093742
vt 0.11068735 0.04093742
vt 0.11068735 0.05323148
vt 0.11172408 0.05323148
vt 0.11172408 0.04093742
vt 0.41649526 0.03550959
vt 0.41649526 0.02321541
vt 0.41753197 0.02321541
vt 0.41753197 0.03550959
vt 0.36121464 0.49395198
vt 0.36198980 0.49583912
vt 0.37869155 0.49372721
vt 0.23178437 0.49148405
vt 0.23178461 0.47276902
vt 0.22991338 0.47276902
vt 0.22991338 0.49225914
vt 0.22820430 0.60554457
vt 0.21072762 0.60553747
vt 0.22991338 0.60725397
vt 0.22991338 0.62674409
vt 0.35950604 0.60725397
vt 0.35763481 0.60802907
vt 0.35763481 0.62674409
vt 0.35950604 0.62674409
vt 0.41649526 0.04079545
vt 0.41649526 0.05308950
vt 0.41418722 0.05308950
vt 0.41418722 0.04079545
vt 0.26876208 0.03503466
vt 0.26876208 0.02274060
vt 0.26645380 0.02274060
vt 0.26645380 0.03503466
vt 0.25893742 0.04079545
vt 0.25893742 0.05308950
vt 0.25662914 0.05308950
vt 0.25662914 0.04079545
vt 0.11120413 0.03503466
vt 0.11120413 0.02274060
vt 0.10889585 0.02274060
vt 0.10889585 0.03503466
vt 0.37531590 0.19638526
vt 0.37531787 0.18294013
vt 0.33707419 0.18295813
vt 0.33707517 0.19639015
vt 0.17961784 0.30209923
vt 0.17903396 0.19779801
vt 0.16555375 0.19795537
vt 0.16621323 0.30213690
vt 0.47437951 0.28189898
vt 0.47437805 0.29534400
vt 0.51262170 0.29532611
vt 0.51262021 0.28189397
vt 0.12584504 0.19907773
vt 0.12642819 0.30337906
vt 0.13990816 0.30322111
vt 0.13924941 0.19903970
vt 0.41757429 0.19630754
vt 0.41841584 0.19630051
vt 0.41840029 0.18285060
vt 0.41764867 0.18284726
vt 0.29104382 0.19656706
vt 0.29203269 0.19657147
vt 0.29152998 0.18309808
vt 0.29070085 0.18313599
vt 0.42903790 0.28195846
vt 0.42819589 0.28196657
vt 0.42820317 0.29541719
vt 0.42895186 0.29542053
vt 0.55566764 0.28184962
vt 0.55506146 0.28186047
vt 0.55514216 0.29530311
vt 0.55585384 0.29527235
vt 0.12581125 0.19766116
vt 0.13919252 0.19750035
vt 0.29350379 0.19665658
vt 0.29304463 0.18305457
vt 0.17965138 0.30351567
vt 0.16626987 0.30367661
vt 0.55349457 0.28187084
vt 0.55354798 0.29533362
vt 0.41610801 0.19632959
vt 0.41611144 0.18286061
vt 0.17901622 0.19645536
vt 0.16553406 0.19646442
vt 0.43049055 0.28193295
vt 0.43048033 0.29540539
vt 0.12644570 0.30472302
vt 0.13992760 0.30471265
vt 0.48787501 0.02821767
vt 0.47497600 0.02821767
vt 0.47599086 0.03411543
vt 0.48786092 0.03411543
vt 0.43436936 0.02821767
vt 0.43214908 0.02911031
vt 0.43774694 0.03485751
vt 0.43944365 0.03411543
vt 0.43117434 0.03008378
vt 0.43709284 0.03550732
vt 0.43028101 0.03230107
vt 0.43634367 0.03718925
vt 0.43028101 0.16187084
vt 0.43634367 0.15698278
vt 0.43117434 0.16408837
vt 0.43709284 0.15866470
vt 0.43214908 0.16506159
vt 0.43774694 0.15931451
vt 0.43436936 0.16595435
vt 0.43944365 0.16005635
vt 0.53631341 0.16595435
vt 0.54730594 0.16595435
vt 0.54629111 0.16005635
vt 0.53627014 0.16005635
vt 0.58577526 0.16595435
vt 0.58799553 0.16506159
vt 0.58239764 0.15931451
vt 0.58070093 0.16005635
vt 0.58897024 0.16408837
vt 0.58305180 0.15866470
vt 0.58986354 0.16187084
vt 0.58380091 0.15698278
vt 0.58986354 0.03230107
vt 0.58380091 0.03718925
vt 0.58897024 0.03008378
vt 0.58305180 0.03550732
vt 0.58799553 0.02911031
vt 0.58239764 0.03485751
vt 0.58577526 0.02821767
vt 0.58070093 0.03411543
vt 0.33705717 0.17731285
vt 0.33706835 0.17880368
vt 0.37530571 0.17873681
vt 0.37531590 0.17738485
vt 0.29099667 0.17745423
vt 0.29124826 0.17889643
vt 0.29284358 0.17879057
vt 0.29255530 0.17732120
vt 0.29025334 0.17755926
vt 0.29044488 0.17898083
vt 0.15966249 0.19775200
vt 0.16120701 0.19799042
vt 0.16128820 0.19644427
vt 0.15981416 0.19622970
vt 0.16081370 0.30245650
vt 0.16216767 0.30218792
vt 0.16083704 0.30398524
vt 0.16220096 0.30377162
vt 0.42872775 0.30113983
vt 0.42887700 0.29964471
vt 0.42814922 0.29960930
vt 0.42802864 0.30106735
vt 0.43024603 0.30123901
vt 0.43046138 0.29967761
vt 0.51263821 0.30097115
vt 0.51262754 0.29948032
vt 0.47438970 0.29954708
vt 0.47437999 0.30089903
vt 0.55540562 0.30090046
vt 0.55522525 0.29947889
vt 0.55359030 0.29954243
vt 0.55384266 0.30097115
vt 0.55614114 0.30083752
vt 0.55600703 0.29942024
vt 0.14579943 0.30342448
vt 0.14425442 0.30318582
vt 0.14417420 0.30473185
vt 0.14564775 0.30494654
vt 0.14464918 0.19871998
vt 0.14329523 0.19898844
vt 0.14462608 0.19719124
vt 0.14326216 0.19740510
vt 0.41785818 0.17713094
vt 0.41771430 0.17862606
vt 0.41844547 0.17865920
vt 0.41855973 0.17720079
vt 0.41633797 0.17703712
vt 0.41612601 0.17859817
vt 0.49025160 0.03411543
vt 0.49029195 0.03529179
vt 0.53334808 0.03529179
vt 0.53338850 0.03411543
vt 0.43882963 0.03596890
vt 0.44045559 0.03529179
vt 0.43823677 0.03655553
vt 0.43755177 0.03816295
vt 0.43755177 0.15600884
vt 0.43823677 0.15761650
vt 0.43882963 0.15820301
vt 0.44045559 0.15888023
vt 0.53338850 0.16005635
vt 0.53334808 0.15888023
vt 0.49029195 0.15888023
vt 0.49025160 0.16005635
vt 0.58131492 0.15820301
vt 0.57968903 0.15888023
vt 0.58190787 0.15761650
vt 0.58259308 0.15600884
vt 0.58259308 0.03816295
vt 0.58190787 0.03655553
vt 0.58131492 0.03596890
vt 0.57968903 0.03529179
vt 0.47486079 0.02754724
vt 0.49021029 0.02821767
vt 0.53353238 0.02821767
vt 0.53644395 0.02821767
vt 0.54730594 0.02821767
vt 0.54742146 0.02754724
vt 0.42959261 0.16242588
vt 0.42959261 0.03174591
vt 0.54742146 0.16662478
vt 0.53338724 0.16595435
vt 0.49024311 0.16595435
vt 0.48785776 0.16595435
vt 0.47497600 0.16595435
vt 0.47486079 0.16662478
vt 0.59055221 0.03174591
vt 0.59055221 0.16242588
vt 0.58861268 0.02847672
vt 0.58962244 0.02948606
vt 0.43052214 0.02948606
vt 0.43153191 0.02847672
vt 0.43153191 0.16569507
vt 0.43052214 0.16468585
vt 0.58962244 0.16468585
vt 0.58861268 0.16569507
vt 0.43379253 0.02754724
vt 0.58635205 0.16662478
vt 0.58635205 0.02754724
vt 0.43379253 0.16662478
vt 0.37234402 0.05308950
vt 0.37230489 0.05398726
vt 0.29865026 0.05398726
vt 0.29865026 0.05398726
vt 0.29861137 0.05308950
vt 0.37234402 0.05308950
vt 0.11403236 0.05323148
vt 0.11422014 0.05412912
vt 0.24686986 0.05412912
vt 0.24705777 0.05323148
vt 0.22678009 0.02274060
vt 0.22674096 0.02184284
vt 0.15308659 0.02184284
vt 0.15304756 0.02274060
vt 0.28116167 0.02321541
vt 0.28134960 0.02231765
vt 0.41399932 0.02231765
vt 0.41418722 0.02321541
vt 0.25662914 0.05308950
vt 0.25683820 0.05398726
vt 0.25581312 0.05398726
vt 0.25559264 0.05308950
vt 0.41753197 0.05308950
vt 0.41731152 0.05398726
vt 0.41628671 0.05398726
vt 0.41649526 0.05308950
vt 0.10889585 0.02274060
vt 0.10910466 0.02184284
vt 0.10807970 0.02184284
vt 0.10785912 0.02274060
vt 0.26979882 0.02274060
vt 0.26957810 0.02184284
vt 0.26855329 0.02184284
vt 0.26876208 0.02274060
vt 0.27885342 0.02321541
vt 0.27905566 0.02231765
vt 0.41399202 0.05398726
vt 0.41418722 0.05308950
vt 0.11172408 0.05323148
vt 0.11192620 0.05412912
vt 0.26625860 0.02184284
vt 0.26645380 0.02274060
vt 0.25893742 0.05308950
vt 0.25913286 0.05398726
vt 0.24916381 0.05412912
vt 0.24936604 0.05323148
vt 0.11120413 0.02274060
vt 0.11139932 0.02184284
vt 0.41629326 0.02231765
vt 0.41649526 0.02321541
vt 0.50840497 0.31706727
vt 0.50840497 0.45463943
vt 0.39660919 0.45463943
vt 0.39660919 0.31706727
vt 0.34378877 0.31706727
vt 0.34378877 0.45463943
vt 0.23199293 0.45463943
vt 0.23199293 0.31706727
vt 0.07956904 0.49397564
vt 0.13933887 0.49397564
vt 0.07956904 0.49397564
vt 0.07956904 0.49583077
vt 0.13933887 0.49583077
vt 0.13933887 0.49583077
vt 0.13933887 0.49397564
vt 0.07956904 0.49397564
vt 0.13933887 0.60578591
vt 0.07956904 0.60578591
vt 0.13933887 0.60367548
vt 0.07956904 0.60367548
vt 0.50840843 0.45551151
vt 0.39660576 0.45551151
vt 0.39660576 0.31619519
vt 0.50840843 0.31619519
vt 0.34379220 0.45551151
vt 0.23198935 0.45551151
vt 0.23198935 0.31619519
vt 0.34379220 0.31619519
vt 0.19255647 0.60578591
vt 0.19351497 0.60578477
vt 0.19255647 0.49397564
vt 0.19351497 0.49397689
vt 0.37869155 0.60553747
vt 0.37965006 0.60553628
vt 0.37965006 0.49372840
vt 0.21072762 0.49372721
vt 0.20976911 0.49372840
vt 0.20976911 0.60553628
vt 0.02459252 0.49397564
vt 0.02363403 0.49397689
vt 0.02459252 0.60578591
vt 0.02363403 0.60578477
vt 0.22742936 0.60367453
vt 0.36198980 0.60367453
vt 0.36121488 0.60554457
vt 0.22742936 0.49583912
vt 0.22820455 0.49395198
vt 0.35950604 0.49225914
vt 0.35950604 0.47276902
vt 0.41749650 0.62869656
vt 0.41749650 0.49112439
vt 0.41936773 0.62869656
vt 0.41936773 0.49112439
vt 0.54708916 0.49112439
vt 0.54708916 0.62869656
vt 0.54521793 0.49112439
vt 0.54521793 0.62869656
vt 0.04377830 0.60367548
vt 0.04377830 0.49583077
vt 0.04377830 0.49583077
vt 0.04377830 0.60367548
vt 0.04564929 0.60367548
vt 0.04564953 0.49583077
vt 0.17337094 0.49583077
vt 0.17337094 0.60367548
vt 0.17149971 0.49583077
vt 0.17149971 0.60367548
vt 0.04377830 0.45463943
vt 0.04377830 0.31706727
vt 0.04564953 0.45463943
vt 0.04564929 0.31706727
vt 0.17337094 0.31706727
vt 0.17337094 0.45463943
vt 0.17149971 0.31706727
vt 0.17149971 0.45463943
vt 0.22991338 0.47176075
vt 0.23178461 0.47176075
vt 0.35950604 0.47176075
vt 0.35763481 0.47176075
vt 0.35763481 0.47276902
vt 0.35950604 0.62775242
vt 0.35763481 0.62775242
vt 0.22991338 0.62775242
vt 0.23178437 0.62775242
vt 0.23178437 0.62674409
vt 0.41749650 0.49025023
vt 0.41936773 0.49025023
vt 0.54708916 0.49025023
vt 0.54521793 0.49025023
vt 0.04377830 0.47276902
vt 0.04377830 0.47176075
vt 0.04564953 0.47276902
vt 0.04564953 0.47176075
vt 0.17337094 0.47176075
vt 0.17337094 0.47276902
vt 0.17149971 0.47176075
vt 0.17149971 0.47276902
vt 0.41749650 0.62957060
vt 0.41936773 0.62957060
vt 0.54708916 0.62957060
vt 0.54521793 0.62957060
vt 0.17337094 0.31619322
vt 0.17149971 0.31619322
vt 0.04377830 0.31619322
vt 0.04564929 0.31619322
vt 0.04377830 0.62775242
vt 0.04377830 0.62674409
vt 0.04564953 0.62775242
vt 0.04564953 0.62674409
vt 0.17337094 0.62674409
vt 0.17337094 0.62775242
vt 0.17149971 0.62674409
vt 0.17149971 0.62775242
vt 0.04377830 0.45551348
vt 0.04564953 0.45551348
vt 0.17337094 0.45551348
vt 0.17149971 0.45551348
vt 0.04377830 0.49397564
vt 0.04564929 0.49397564
vt 0.17337094 0.49397564
vt 0.17149971 0.49397564
vt 0.04377830 0.49397564
vt 0.04377830 0.49583077
vt 0.04564953 0.49583077
vt 0.04564929 0.49397564
vt 0.17149971 0.49397564
vt 0.17337094 0.60578591
vt 0.17149971 0.60578591
vt 0.04377830 0.60578591
vt 0.04564929 0.60578591
vt 0.04377830 0.60367548
vt 0.04377830 0.60578591
vt 0.04564929 0.60578591
vt 0.04564929 0.60367548
vt 0.26570415 0.49148405
vt 0.32547396 0.49148405
vt 0.35763481 0.49148405
vt 0.32547396 0.60802907
vt 0.26570415 0.60802907
vt 0.23178437 0.60802907
vt 0.37531590 0.30091310
vt 0.37531590 0.19638526
vt 0.33707517 0.19639015
vt 0.33707565 0.30091488
vt 0.28412616 0.30129337
vt 0.28357413 0.19737434
vt 0.47437999 0.17737091
vt 0.47437951 0.28189898
vt 0.51262021 0.28189397
vt 0.51261973 0.17736924
vt 0.02133650 0.19988275
vt 0.02188730 0.30380106
vt 0.41799188 0.30083537
vt 0.41855925 0.30082953
vt 0.29268947 0.30106914
vt 0.29291457 0.30107069
vt 0.42863733 0.17743075
vt 0.42806023 0.17743731
vt 0.55506337 0.17732942
vt 0.55431950 0.17733610
vt 0.02131438 0.19831502
vt 0.29450625 0.30106807
vt 0.28414828 0.30286145
vt 0.55298257 0.17734194
vt 0.41639632 0.30085468
vt 0.28355664 0.19563568
vt 0.43026447 0.17741072
vt 0.02190506 0.30553794
vt 0.06470525 0.07713950
vt 0.06470525 0.18493986
vt 0.10291779 0.18493986
vt 0.10291779 0.07713950
vt 0.06470281 0.18546855
vt 0.06470281 0.18599713
vt 0.10292557 0.18599713
vt 0.10292292 0.18546855
vt 0.02249134 0.18518925
vt 0.02240241 0.18599713
vt 0.02382585 0.18599713
vt 0.02385622 0.18546855
vt 0.02198720 0.18446314
vt 0.02189386 0.18599713
vt 0.02169043 0.18304181
vt 0.02133286 0.18303788
vt 0.02145267 0.18468201
vt 0.02198720 0.18446314
vt 0.02146289 0.07908869
vt 0.02091813 0.07908738
vt 0.02199817 0.07764006
vt 0.02103871 0.07738388
vt 0.02249014 0.07721543
vt 0.02239996 0.07673275
vt 0.02189118 0.07673275
vt 0.02202708 0.07721531
vt 0.02385503 0.07693624
vt 0.02382320 0.07673275
vt 0.10292169 0.07693624
vt 0.10292292 0.07673287
vt 0.06470037 0.07673287
vt 0.06470159 0.07693624
vt 0.14823800 0.07721543
vt 0.14832842 0.07673287
vt 0.14690495 0.07673287
vt 0.14687335 0.07693624
vt 0.14870107 0.07754183
vt 0.14883694 0.07673287
vt 0.14898352 0.07900512
vt 0.14918552 0.07895863
vt 0.14918552 0.07754755
vt 0.14870107 0.07754183
vt 0.14898401 0.18323684
vt 0.14918673 0.18344605
vt 0.14870228 0.18486285
vt 0.14918673 0.18485713
vt 0.14823946 0.18518925
vt 0.14833085 0.18599713
vt 0.14883938 0.18599713
vt 0.14870228 0.18486285
vt 0.14687456 0.18546855
vt 0.14690739 0.18599713
vt 0.06470281 0.18546855
vt 0.10292292 0.18546855
vt 0.02276140 0.18445361
vt 0.02249134 0.18518925
vt 0.02385622 0.18546855
vt 0.02394983 0.18493986
vt 0.02243495 0.18413115
vt 0.02198720 0.18446314
vt 0.02194491 0.18296313
vt 0.02169043 0.18304181
vt 0.02194491 0.07911623
vt 0.02146289 0.07908869
vt 0.02243495 0.07794821
vt 0.02199817 0.07764006
vt 0.02276140 0.07762587
vt 0.02249014 0.07721543
vt 0.02394983 0.07713950
vt 0.02385503 0.07693624
vt 0.10292169 0.07693624
vt 0.06470159 0.07693624
vt 0.14796697 0.07762587
vt 0.14823800 0.07721543
vt 0.14687335 0.07693624
vt 0.14677855 0.07713950
vt 0.14829342 0.07794821
vt 0.14870107 0.07754183
vt 0.14878322 0.07911623
vt 0.14898352 0.07900512
vt 0.14878322 0.18296313
vt 0.14898401 0.18323684
vt 0.14829342 0.18413115
vt 0.14870228 0.18486285
vt 0.14796697 0.18445361
vt 0.14823946 0.18518925
vt 0.14677855 0.18493986
vt 0.14687456 0.18546855
vt 0.43972707 0.62869656
vt 0.43972707 0.49112439
vt 0.52642858 0.49112439
vt 0.52642858 0.62869656
vt 0.06600863 0.60367548
vt 0.06600887 0.49583077
vt 0.15271041 0.49583077
vt 0.15271041 0.60367548
vt 0.13933887 0.49583077
vt 0.13933887 0.60367548
vt 0.15271041 0.60367548
vt 0.06600887 0.45463943
vt 0.06600863 0.31706727
vt 0.15271041 0.31706727
vt 0.15271041 0.45463943
vt 0.25214398 0.47276902
vt 0.25214398 0.47176075
vt 0.33884549 0.47176075
vt 0.33884549 0.47276902
vt 0.33884549 0.62674409
vt 0.33884549 0.62775242
vt 0.25214374 0.62775242
vt 0.25214374 0.62674409
vt 0.43972707 0.49025023
vt 0.52642858 0.49025023
vt 0.06600887 0.47276902
vt 0.06600887 0.47176075
vt 0.15271041 0.47176075
vt 0.15271041 0.47276902
vt 0.43972707 0.62957060
vt 0.52642858 0.62957060
vt 0.15271041 0.31619322
vt 0.06600863 0.31619322
vt 0.06600887 0.62775242
vt 0.06600887 0.62674409
vt 0.15271041 0.62674409
vt 0.15271041 0.62775242
vt 0.06600887 0.45551348
vt 0.15271041 0.45551348
vt 0.38907176 0.05308950
vt 0.38907176 0.04079545
vt 0.38907176 0.04079545
vt 0.38907176 0.05308950
vt 0.37234402 0.05308950
vt 0.37234402 0.05308950
vt 0.37234402 0.04079545
vt 0.38907176 0.04079545
vt 0.28211600 0.04079545
vt 0.28211600 0.05308950
vt 0.28211600 0.05308950
vt 0.28211600 0.04079545
vt 0.29861137 0.04079545
vt 0.29861137 0.04079545
vt 0.29861137 0.05308950
vt 0.28211600 0.05308950
vt 0.24327523 0.02274060
vt 0.24327523 0.03503466
vt 0.24327523 0.03503466
vt 0.24327523 0.02274060
vt 0.22678009 0.02274060
vt 0.22678009 0.02274060
vt 0.22678009 0.03503466
vt 0.13631958 0.03503466
vt 0.13631958 0.02274060
vt 0.13631958 0.02274060
vt 0.13631958 0.03503466
vt 0.15304756 0.03503466
vt 0.15304756 0.02274060
vt 0.39837199 0.18297315
vt 0.39838171 0.19640934
vt 0.58977604 0.41182673
vt 0.58977604 0.38930845
vt 0.57019675 0.38930845
vt 0.57019675 0.41182673
vt 0.31203324 0.19636297
vt 0.31215674 0.18285334
vt 0.54163057 0.38930845
vt 0.54163057 0.41182673
vt 0.56159467 0.41182673
vt 0.56159467 0.38930845
vt 0.44990385 0.29528975
vt 0.44989702 0.28187001
vt 0.46198341 0.29523551
vt 0.46196592 0.28182662
vt 0.53573418 0.28191817
vt 0.53577554 0.29534113
vt 0.53577554 0.29534113
vt 0.53573418 0.28191817
vt 0.52382576 0.28193653
vt 0.52382576 0.28193653
vt 0.52385879 0.29536319
vt 0.53577554 0.29534113
vt 0.45880419 0.02821767
vt 0.46184877 0.03411543
vt 0.56324857 0.02821767
vt 0.56020403 0.03411543
vt 0.54629111 0.03411543
vt 0.56324857 0.16595435
vt 0.56020403 0.16005635
vt 0.45880419 0.16595435
vt 0.46184877 0.16005635
vt 0.47599086 0.16005635
vt 0.31209838 0.17731369
vt 0.31225395 0.17868960
vt 0.32430437 0.17733300
vt 0.32435495 0.17878115
vt 0.39852417 0.17750967
vt 0.39837345 0.17886889
vt 0.38653889 0.17757750
vt 0.38648540 0.17891562
vt 0.53597486 0.30092597
vt 0.53579688 0.29949093
vt 0.52395797 0.30095959
vt 0.52388501 0.29953289
vt 0.44975314 0.30075502
vt 0.44990334 0.29939604
vt 0.46194112 0.30070221
vt 0.46199071 0.29936290
vt 0.46245596 0.03529179
vt 0.47619337 0.03529179
vt 0.55959678 0.03529179
vt 0.54608864 0.03529179
vt 0.55959678 0.15888023
vt 0.54608864 0.15888023
vt 0.46245596 0.15888023
vt 0.47619337 0.15888023
vt 0.45845804 0.02754724
vt 0.56359470 0.02754724
vt 0.56359470 0.16662478
vt 0.45845804 0.16662478
vt 0.38907176 0.05308950
vt 0.38895485 0.05398726
vt 0.37234402 0.05308950
vt 0.38907176 0.05308950
vt 0.38895485 0.05398726
vt 0.38895485 0.05398726
vt 0.37230489 0.05398726
vt 0.37234402 0.05308950
vt 0.28211600 0.05308950
vt 0.28223318 0.05398726
vt 0.28223318 0.05398726
vt 0.28211600 0.05308950
vt 0.29861137 0.05308950
vt 0.29861137 0.05308950
vt 0.29865026 0.05398726
vt 0.28223318 0.05398726
vt 0.24327523 0.02274060
vt 0.24315830 0.02184284
vt 0.13631958 0.02274060
vt 0.13643675 0.02184284
vt 0.06600863 0.49397564
vt 0.15271041 0.49397564
vt 0.06600887 0.49583077
vt 0.06600863 0.49397564
vt 0.07956904 0.49583077
vt 0.07956904 0.49397564
vt 0.15271041 0.49397564
vt 0.13933887 0.49397564
vt 0.13933887 0.49583077
vt 0.15271041 0.49583077
vt 0.15271041 0.60578591
vt 0.06600863 0.60578591
vt 0.06600863 0.60367548
vt 0.25214374 0.49148405
vt 0.33884549 0.49148405
vt 0.33884549 0.60802907
vt 0.25214374 0.60802907
vt 0.39866030 0.30093575
vt 0.38654327 0.19646013
vt 0.38669837 0.30098224
vt 0.31519473 0.30082679
vt 0.32724708 0.30063272
vt 0.32410139 0.19617403
vt 0.32420713 0.18292129
vt 0.38649562 0.18304586
vt 0.44973853 0.17734206
vt 0.46186772 0.17730486
vt 0.53539968 0.17739522
vt 0.52362591 0.17741466
vt 0.52382576 0.28193653
vt 0.52385879 0.29536319
vt 0.04162705 0.18493986
vt 0.04162705 0.07713950
vt 0.05345601 0.18493986
vt 0.05345601 0.07713950
vt 0.12740609 0.07713950
vt 0.12740609 0.18493986
vt 0.11537367 0.07713950
vt 0.11537367 0.18493986
vt 0.04155388 0.18599713
vt 0.04157138 0.18546855
vt 0.05343318 0.18599713
vt 0.05343828 0.18546855
vt 0.12746421 0.18546855
vt 0.12748437 0.18599713
vt 0.11539385 0.18546855
vt 0.11540139 0.18599713
vt 0.12748194 0.07673287
vt 0.12746298 0.07693624
vt 0.11539894 0.07673287
vt 0.11539263 0.07693624
vt 0.04157019 0.07693624
vt 0.04155120 0.07673275
vt 0.05343705 0.07693624
vt 0.05343050 0.07673287
vt 0.04157138 0.18546855
vt 0.05343828 0.18546855
vt 0.12746421 0.18546855
vt 0.11539385 0.18546855
vt 0.12746298 0.07693624
vt 0.11539263 0.07693624
vt 0.04157019 0.07693624
vt 0.05343705 0.07693624
vt 0.39786154 0.19589841
vt 0.38705179 0.19591904
vt 0.39785326 0.18352044
vt 0.38703430 0.18354630
vt 0.32364538 0.19589019
vt 0.31248391 0.19562459
vt 0.32352602 0.18340635
vt 0.31290251 0.18350673
vt 0.57030469 0.38425744
vt 0.58988398 0.38425744
vt 0.58988398 0.36531162
vt 0.57030469 0.36531162
vt 0.54173851 0.36069250
vt 0.56425691 0.36069250
vt 0.56425691 0.34174669
vt 0.54173851 0.34174669
vt 0.59232259 0.31864738
vt 0.57274330 0.31864738
vt 0.57274330 0.33759332
vt 0.59232259 0.33759332
vt 0.56863379 0.36069250
vt 0.59115189 0.36069250
vt 0.59115189 0.34174669
vt 0.56863379 0.34174669
vt 0.54173851 0.38425744
vt 0.56170261 0.38425744
vt 0.56170261 0.36531162
vt 0.54173851 0.36531162
vt 0.54173851 0.36069250
vt 0.56425691 0.36069250
vt 0.56425691 0.34174669
vt 0.54173851 0.34174669
vt 0.56414115 0.31864738
vt 0.54417706 0.31864738
vt 0.54417706 0.33759332
vt 0.56414115 0.33759332
vt 0.56863379 0.36069250
vt 0.59115189 0.36069250
vt 0.59115189 0.34174669
vt 0.56863379 0.34174669
vt 0.58999217 0.38471568
vt 0.57019675 0.38471568
vt 0.56436479 0.36115068
vt 0.54163057 0.36115068
vt 0.57263529 0.31818926
vt 0.59243071 0.31818926
vt 0.59125984 0.36115068
vt 0.56852555 0.36115068
vt 0.56181049 0.38471568
vt 0.54163057 0.38471568
vt 0.56436479 0.36115068
vt 0.54163057 0.36115068
vt 0.54406917 0.31818926
vt 0.56424910 0.31818926
vt 0.59125984 0.36115068
vt 0.56852579 0.36115068
vt 0.59020805 0.41225863
vt 0.58988398 0.41193473
vt 0.57008886 0.41193473
vt 0.56976479 0.41225863
vt 0.59020805 0.38887644
vt 0.58988398 0.38920045
vt 0.56976479 0.38887650
vt 0.57008886 0.38920045
vt 0.32399082 0.19511592
vt 0.31336945 0.19604647
vt 0.32286096 0.18316555
vt 0.31238133 0.18414962
vt 0.28211600 0.03999186
vt 0.28211600 0.04079545
vt 0.25893742 0.04079545
vt 0.25893742 0.03999186
vt 0.11403212 0.04013383
vt 0.11403236 0.04093742
vt 0.24705777 0.04093742
vt 0.24705777 0.04013383
vt 0.13631958 0.03583813
vt 0.13631958 0.03503466
vt 0.11120413 0.03503466
vt 0.11120413 0.03583813
vt 0.28116167 0.03631306
vt 0.28116167 0.03550959
vt 0.41418722 0.03550959
vt 0.41418746 0.03631306
vt 0.36056343 0.49396408
vt 0.36121464 0.49395198
vt 0.35950604 0.49225914
vt 0.35950604 0.49291056
vt 0.22991338 0.49291056
vt 0.22991338 0.49225914
vt 0.22820455 0.49395198
vt 0.22885574 0.49396408
vt 0.22885574 0.60554492
vt 0.22820430 0.60554457
vt 0.22991338 0.60725397
vt 0.22991338 0.60660261
vt 0.35950604 0.60660261
vt 0.35950604 0.60725397
vt 0.36121488 0.60554457
vt 0.36056343 0.60554492
vt 0.35763481 0.49148405
vt 0.35763481 0.49213552
vt 0.36133862 0.49583918
vt 0.36198980 0.49583912
vt 0.22742936 0.49583912
vt 0.22808081 0.49583918
vt 0.23178437 0.49213552
vt 0.23178437 0.49148405
vt 0.23178437 0.60802907
vt 0.23178437 0.60737765
vt 0.22808081 0.60367405
vt 0.22742936 0.60367453
vt 0.36198980 0.60367453
vt 0.36133862 0.60367405
vt 0.35763481 0.60737765
vt 0.35763481 0.60802907
vt 0.29861137 0.03999186
vt 0.29861137 0.04079545
vt 0.28211600 0.04079545
vt 0.28211600 0.04079545
vt 0.28211600 0.03999186
vt 0.29861137 0.03999186
vt 0.37234402 0.03999186
vt 0.37234402 0.04079545
vt 0.29861137 0.04079545
vt 0.29861137 0.04079545
vt 0.29861137 0.03999186
vt 0.37234402 0.03999186
vt 0.38907176 0.03999186
vt 0.38907176 0.04079545
vt 0.37234402 0.04079545
vt 0.37234402 0.04079545
vt 0.37234402 0.03999186
vt 0.38907176 0.03999186
vt 0.41418722 0.03999186
vt 0.41418722 0.04079545
vt 0.38907176 0.04079545
vt 0.38907176 0.03999186
vt 0.15304756 0.03583813
vt 0.15304756 0.03503466
vt 0.13631958 0.03503466
vt 0.13631958 0.03503466
vt 0.13631958 0.03583813
vt 0.15304756 0.03583813
vt 0.22678009 0.03583813
vt 0.22678009 0.03503466
vt 0.15304756 0.03503466
vt 0.15304756 0.03503466
vt 0.15304756 0.03583813
vt 0.22678009 0.03583813
vt 0.24327523 0.03583813
vt 0.24327523 0.03503466
vt 0.22678009 0.03503466
vt 0.22678009 0.03503466
vt 0.22678009 0.03583813
vt 0.24327523 0.03583813
vt 0.26645380 0.03583813
vt 0.26645380 0.03503466
vt 0.24327523 0.03503466
vt 0.24327523 0.03583813
vt 0.33884549 0.49148405
vt 0.33884549 0.49213552
vt 0.25214374 0.60802907
vt 0.25214374 0.60737765
vt 0.25559264 0.04079545
vt 0.25532478 0.03999186
vt 0.25662914 0.03999186
vt 0.25662914 0.04079545
vt 0.41649526 0.04079545
vt 0.41649526 0.03999186
vt 0.41779986 0.03999186
vt 0.41753197 0.04079545
vt 0.11172408 0.04093742
vt 0.11172420 0.04013383
vt 0.11041947 0.04013383
vt 0.11068735 0.04093742
vt 0.41753197 0.03550959
vt 0.41779986 0.03631306
vt 0.41649503 0.03631306
vt 0.41649526 0.03550959
vt 0.27884853 0.03631306
vt 0.27885342 0.03550959
vt 0.24936604 0.04093742
vt 0.24937092 0.04013383
vt 0.10889585 0.03503466
vt 0.10889585 0.03583813
vt 0.26876208 0.03583813
vt 0.26876208 0.03503466
vt 0.32547396 0.49148405
vt 0.32547396 0.49213552
vt 0.33884549 0.49213552
vt 0.33884549 0.49148405
vt 0.26570415 0.49148405
vt 0.26570415 0.49213552
vt 0.32547396 0.49213552
vt 0.32547396 0.49213552
vt 0.32547396 0.49148405
vt 0.26570415 0.49148405
vt 0.25214374 0.49148405
vt 0.25214374 0.49213552
vt 0.26570415 0.49213552
vt 0.26570415 0.49213552
vt 0.26570415 0.49148405
vt 0.25214374 0.49148405
vt 0.25214374 0.49213552
vt 0.25214374 0.49148405
vt 0.26570415 0.60802907
vt 0.26570415 0.60737765
vt 0.25214374 0.60737765
vt 0.25214374 0.60802907
vt 0.32547396 0.60802907
vt 0.32547396 0.60737765
vt 0.26570415 0.60737765
vt 0.26570415 0.60737765
vt 0.26570415 0.60802907
vt 0.32547396 0.60802907
vt 0.33884549 0.60802907
vt 0.33884549 0.60737765
vt 0.32547396 0.60737765
vt 0.32547396 0.60737765
vt 0.32547396 0.60802907
vt 0.33884549 0.60802907
vt 0.33884549 0.60737765
vt 0.33884549 0.60802907
vt 0.38654327 0.19646013
vt 0.38649562 0.18304586
vt 0.37770635 0.18308425
vt 0.37770635 0.18308425
vt 0.37774426 0.19648635
vt 0.38654327 0.19646013
vt 0.59340990 0.26809764
vt 0.57352865 0.26809764
vt 0.57352865 0.27090132
vt 0.59340990 0.27090132
vt 0.32420713 0.18292129
vt 0.32410139 0.19617403
vt 0.33541638 0.19605184
vt 0.33491904 0.18284070
vt 0.73826718 0.24872041
vt 0.71858823 0.24875808
vt 0.71874785 0.25085139
vt 0.73840034 0.25085139
vt 0.47242707 0.29521656
vt 0.47240812 0.28180647
vt 0.71865451 0.26080072
vt 0.73833382 0.26083839
vt 0.73846698 0.25870740
vt 0.71881425 0.25870740
vt 0.51498199 0.28194499
vt 0.51502526 0.29538536
vt 0.33476931 0.17730308
vt 0.33480769 0.17870951
vt 0.74642074 0.24867880
vt 0.74439371 0.24870884
vt 0.74451160 0.25085139
vt 0.74451160 0.25085139
vt 0.74652505 0.25084233
vt 0.74642074 0.24867880
vt 0.37771705 0.17754662
vt 0.37768787 0.17892885
vt 0.56726980 0.26809764
vt 0.56522214 0.26807129
vt 0.56523991 0.27089226
vt 0.56727690 0.27090132
vt 0.51511860 0.30103481
vt 0.51506126 0.29959083
vt 0.47240812 0.30074024
vt 0.47243875 0.29935968
vt 0.74446034 0.26085007
vt 0.74648714 0.26088011
vt 0.74659193 0.25871634
vt 0.74659193 0.25871634
vt 0.74457824 0.25870740
vt 0.74446034 0.26085007
vt 0.48798221 0.03529179
vt 0.74720156 0.25102663
vt 0.74708045 0.24838817
vt 0.74642074 0.24867880
vt 0.74642074 0.24867880
vt 0.74652505 0.25084233
vt 0.74720156 0.25102663
vt 0.53627014 0.03411543
vt 0.53614867 0.03529179
vt 0.56522214 0.26807129
vt 0.56453156 0.26757836
vt 0.56441224 0.27126932
vt 0.56441224 0.27126932
vt 0.56523991 0.27089226
vt 0.56522214 0.26807129
vt 0.53614867 0.15888023
vt 0.48786092 0.16005635
vt 0.48798221 0.15888023
vt 0.74648714 0.26088011
vt 0.74726820 0.26145887
vt 0.74726820 0.25853217
vt 0.74726820 0.25853217
vt 0.74659193 0.25871634
vt 0.74648714 0.26088011
vt 0.37774426 0.19648635
vt 0.37784004 0.30100429
vt 0.74752390 0.26809764
vt 0.59340990 0.26809764
vt 0.59340990 0.27090132
vt 0.59340990 0.27090132
vt 0.74752390 0.27090132
vt 0.74752390 0.26809764
vt 0.33654672 0.30056787
vt 0.33541638 0.19605184
vt 0.71858823 0.24875808
vt 0.56537282 0.24936807
vt 0.56622577 0.25085151
vt 0.56622577 0.25085151
vt 0.71874785 0.25085139
vt 0.71858823 0.24875808
vt 0.74439371 0.24870884
vt 0.74451160 0.25085139
vt 0.57352865 0.26809764
vt 0.56726980 0.26809764
vt 0.56727690 0.27090132
vt 0.56727690 0.27090132
vt 0.47235027 0.17728698
vt 0.56554908 0.26019096
vt 0.56640208 0.25870740
vt 0.51490176 0.17741930
vt 0.73833382 0.26083839
vt 0.74446034 0.26085007
vt 0.74457824 0.25870740
vt 0.74457824 0.25870740
vt 0.06225160 0.18493986
vt 0.06225160 0.07713950
vt 0.10493559 0.07713950
vt 0.10493559 0.18493986
vt 0.06223896 0.18599713
vt 0.06224164 0.18546855
vt 0.10494825 0.18546855
vt 0.10495335 0.18599713
vt 0.10495067 0.07673287
vt 0.10494703 0.07693624
vt 0.06224042 0.07693624
vt 0.06223652 0.07673287
vt 0.06224164 0.18546855
vt 0.10494825 0.18546855
vt 0.10494703 0.07693624
vt 0.06224042 0.07693624
vt 0.74932289 0.27145040
vt 0.74934208 0.26782429
vt 0.74752390 0.26809764
vt 0.74752390 0.26809764
vt 0.74752390 0.27090132
vt 0.74932289 0.27145040
vt 0.74794948 0.26602292
vt 0.59334010 0.26602292
vt 0.59340990 0.26809764
vt 0.59340990 0.26809764
vt 0.74752390 0.26809764
vt 0.74794948 0.26602292
vt 0.59334010 0.26602292
vt 0.57345939 0.26602292
vt 0.57352865 0.26809764
vt 0.57352865 0.26809764
vt 0.59340990 0.26809764
vt 0.59334010 0.26602292
vt 0.57345939 0.26602292
vt 0.56727517 0.26602292
vt 0.56726980 0.26809764
vt 0.57352865 0.26809764
vt 0.56523550 0.26653826
vt 0.56522214 0.26807129
vt 0.56453156 0.26757836
vt 0.56441224 0.27126932
vt 0.56523550 0.27244294
vt 0.56523991 0.27089226
vt 0.56727517 0.27295828
vt 0.56727690 0.27090132
vt 0.57345915 0.27295828
vt 0.57352865 0.27090132
vt 0.57345915 0.27295828
vt 0.59334010 0.27295828
vt 0.59340990 0.27090132
vt 0.59340990 0.27090132
vt 0.57352865 0.27090132
vt 0.57345915 0.27295828
vt 0.59334010 0.27295828
vt 0.74758685 0.27242255
vt 0.74752390 0.27090132
vt 0.74752390 0.27090132
vt 0.59340990 0.27090132
vt 0.59334010 0.27295828
vt 0.56308186 0.25170958
vt 0.56580508 0.25288475
vt 0.56622577 0.25085151
vt 0.56622577 0.25085151
vt 0.56537282 0.24936807
vt 0.56308186 0.25170958
vt 0.56580508 0.25288475
vt 0.71874785 0.25288475
vt 0.71874785 0.25085139
vt 0.71874785 0.25085139
vt 0.56622577 0.25085151
vt 0.56580508 0.25288475
vt 0.71874785 0.25288475
vt 0.73840034 0.25288475
vt 0.73840034 0.25085139
vt 0.73840034 0.25085139
vt 0.71874785 0.25085139
vt 0.71874785 0.25288475
vt 0.73840034 0.25288475
vt 0.74451327 0.25288475
vt 0.74451160 0.25085139
vt 0.73840034 0.25085139
vt 0.74652994 0.25237525
vt 0.74652505 0.25084233
vt 0.74720156 0.25102663
vt 0.74708045 0.24838817
vt 0.74627984 0.24714637
vt 0.74642074 0.24867880
vt 0.74425590 0.24664330
vt 0.74439371 0.24870884
vt 0.73812640 0.24666667
vt 0.73826718 0.24872041
vt 0.73812640 0.24666667
vt 0.71842074 0.24674189
vt 0.71858823 0.24875808
vt 0.71858823 0.24875808
vt 0.73826718 0.24872041
vt 0.73812640 0.24666667
vt 0.71842074 0.24674189
vt 0.56517470 0.24732625
vt 0.56537282 0.24936807
vt 0.56537282 0.24936807
vt 0.71858823 0.24875808
vt 0.71842074 0.24674189
vt 0.56598127 0.25667417
vt 0.56325781 0.25784945
vt 0.56554908 0.26019096
vt 0.56554908 0.26019096
vt 0.56640208 0.25870740
vt 0.56598127 0.25667417
vt 0.56524134 0.26223278
vt 0.71848702 0.26281714
vt 0.71865451 0.26080072
vt 0.71865451 0.26080072
vt 0.56554908 0.26019096
vt 0.56524134 0.26223278
vt 0.71848702 0.26281714
vt 0.73819304 0.26289225
vt 0.73833382 0.26083839
vt 0.73833382 0.26083839
vt 0.71865451 0.26080072
vt 0.71848702 0.26281714
vt 0.73819304 0.26289225
vt 0.74432254 0.26291573
vt 0.74446034 0.26085007
vt 0.73833382 0.26083839
vt 0.74634612 0.26241243
vt 0.74648714 0.26088011
vt 0.74702585 0.26088262
vt 0.74726820 0.25853217
vt 0.74659598 0.25718355
vt 0.74659193 0.25871634
vt 0.74457991 0.25667417
vt 0.74457824 0.25870740
vt 0.73846698 0.25667417
vt 0.73846698 0.25870740
vt 0.73846698 0.25667417
vt 0.71881425 0.25667417
vt 0.71881425 0.25870740
vt 0.71881425 0.25870740
vt 0.73846698 0.25870740
vt 0.73846698 0.25667417
vt 0.71881425 0.25667417
vt 0.56598127 0.25667417
vt 0.56640208 0.25870740
vt 0.56640208 0.25870740
vt 0.71881425 0.25870740
vt 0.71881425 0.25667417
vt 0.47126955 0.66989797
vt 0.47571886 0.67344612
vt 0.48126692 0.67471242
vt 0.46880034 0.66477072
vt 0.47126955 0.66989797
vt 0.48126692 0.67471242
vt 0.48681495 0.67344612
vt 0.49126428 0.66989797
vt 0.49373347 0.66477072
vt 0.48126692 0.67471242
vt 0.48681495 0.67344612
vt 0.49373347 0.66477072
vt 0.49373347 0.66477072
vt 0.46880034 0.65907991
vt 0.46880034 0.65907991
vt 0.49373347 0.66477072
vt 0.49373347 0.65907991
vt 0.47126955 0.65395260
vt 0.46880034 0.65907991
vt 0.49373347 0.65907991
vt 0.47126955 0.65395260
vt 0.49373347 0.65907991
vt 0.49126428 0.65395260
vt 0.47571838 0.65040439
vt 0.47126955 0.65395260
vt 0.49126428 0.65395260
vt 0.47571838 0.65040439
vt 0.49126428 0.65395260
vt 0.48681495 0.65040445
vt 0.48681495 0.65040445
vt 0.48126692 0.64913815
vt 0.45200890 0.64964151
vt 0.44646060 0.64837515
vt 0.44091234 0.64964151
vt 0.45200890 0.64964151
vt 0.44091234 0.64964151
vt 0.44024557 0.65017337
vt 0.45645824 0.65318978
vt 0.44024557 0.65017337
vt 0.45885256 0.65816218
vt 0.45885256 0.65816218
vt 0.44024557 0.65017337
vt 0.43646324 0.65318972
vt 0.45885256 0.65816218
vt 0.43646324 0.65318972
vt 0.43399405 0.65831697
vt 0.45892742 0.65831697
vt 0.43399405 0.65831697
vt 0.45892695 0.66400784
vt 0.43399405 0.66400778
vt 0.45892695 0.66400784
vt 0.43399405 0.66400778
vt 0.43642315 0.66905165
vt 0.44091234 0.67268324
vt 0.44646060 0.67394954
vt 0.45200890 0.67268324
vt 0.44068286 0.67250007
vt 0.44068286 0.67250007
vt 0.45200890 0.67268324
vt 0.45645824 0.66913509
vt 0.43642315 0.66905165
vt 0.45645824 0.66913509
vt 0.41718364 0.67379874
vt 0.41870385 0.67346585
vt 0.41872817 0.67344612
vt 0.15952830 0.02498806
vt 0.16130036 0.02458358
vt 0.16134289 0.02457392
vt 0.16134289 0.02457392
vt 0.17636847 0.02655518
vt 0.17657618 0.02612400
vt 0.16134289 0.02457392
vt 0.17657618 0.02612400
vt 0.17800063 0.02498794
vt 0.16134289 0.02457392
vt 0.17800063 0.02498794
vt 0.17977706 0.02458262
vt 0.17977706 0.02458262
vt 0.19625941 0.02515829
vt 0.19647296 0.02498794
vt 0.17977706 0.02458262
vt 0.19647296 0.02498794
vt 0.19824938 0.02458262
vt 0.19824938 0.02458262
vt 0.21494529 0.02498794
vt 0.21672159 0.02458262
vt 0.17977706 0.02458262
vt 0.19824938 0.02458262
vt 0.21672159 0.02458262
vt 0.21352060 0.02612400
vt 0.21494529 0.02498794
vt 0.21273011 0.02776575
vt 0.21273011 0.02776575
vt 0.19824938 0.02458262
vt 0.20002569 0.02498794
vt 0.21273011 0.02958763
vt 0.21273011 0.02776575
vt 0.20002569 0.02498794
vt 0.21352060 0.03122938
vt 0.21273011 0.02958763
vt 0.20002569 0.02498794
vt 0.21494529 0.03236532
vt 0.21352060 0.03122938
vt 0.20002569 0.02498794
vt 0.21494529 0.03236532
vt 0.20002569 0.02498794
vt 0.20145026 0.02612400
vt 0.20145026 0.02612400
vt 0.20221692 0.02771616
vt 0.20224075 0.02776563
vt 0.21494529 0.03236532
vt 0.20145026 0.02612400
vt 0.20224075 0.02776563
vt 0.21494529 0.03236532
vt 0.20224075 0.02776563
vt 0.20224075 0.02958763
vt 0.21672159 0.03277075
vt 0.21494529 0.03236532
vt 0.20224075 0.02958763
vt 0.19639944 0.03230667
vt 0.19503564 0.03120267
vt 0.18297793 0.03122938
vt 0.19647296 0.03236532
vt 0.19639944 0.03230667
vt 0.18297793 0.03122938
vt 0.19824938 0.03277075
vt 0.19824938 0.03277075
vt 0.18297793 0.03122938
vt 0.18155336 0.03236532
vt 0.19824938 0.03277075
vt 0.18155336 0.03236532
vt 0.18154547 0.03237164
vt 0.18154547 0.03237164
vt 0.18105881 0.03247821
vt 0.17977706 0.03277075
vt 0.19824938 0.03277075
vt 0.18154547 0.03237164
vt 0.17977706 0.03277075
vt 0.17578557 0.02778709
vt 0.17636847 0.02655518
vt 0.16134289 0.02457392
vt 0.16130036 0.02458358
vt 0.16307142 0.02498031
vt 0.17578557 0.02778709
vt 0.16134289 0.02457392
vt 0.16307142 0.02498031
vt 0.17578557 0.02958763
vt 0.17578557 0.02778709
vt 0.16307142 0.02498031
vt 0.17657618 0.03122938
vt 0.17578557 0.02958763
vt 0.16307142 0.02498031
vt 0.17800063 0.03236532
vt 0.17657618 0.03122938
vt 0.16307142 0.02498031
vt 0.17800063 0.03236532
vt 0.16307142 0.02498031
vt 0.16450560 0.02612400
vt 0.17800063 0.03236532
vt 0.16450560 0.02612400
vt 0.16529621 0.02776563
vt 0.17800063 0.03236532
vt 0.16529621 0.02776563
vt 0.16529621 0.02958763
vt 0.17977706 0.03277075
vt 0.17800063 0.03236532
vt 0.16529621 0.02958763
vt 0.17977706 0.03277075
vt 0.16529621 0.02958763
vt 0.16450560 0.03122938
vt 0.17977706 0.03277075
vt 0.16450560 0.03122938
vt 0.16308115 0.03236532
vt 0.17977706 0.03277075
vt 0.16308115 0.03236532
vt 0.16130473 0.03277075
vt 0.16130473 0.03277075
vt 0.15952830 0.03236532
vt 0.17977706 0.03277075
vt 0.16130473 0.03277075
vt 0.22678009 0.03503466
vt 0.20002569 0.03236532
vt 0.20145026 0.03122938
vt 0.20224075 0.02958763
vt 0.21672159 0.03277075
vt 0.21849790 0.03236532
vt 0.21992245 0.03122938
vt 0.22071308 0.02958763
vt 0.21992245 0.03122938
vt 0.22678009 0.03503466
vt 0.22071308 0.02776563
vt 0.22071308 0.02958763
vt 0.22678009 0.03503466
vt 0.21992245 0.02612400
vt 0.22071308 0.02776563
vt 0.22678009 0.03503466
vt 0.21992245 0.02612400
vt 0.22678009 0.03503466
vt 0.21849790 0.02498794
vt 0.21672159 0.02458262
vt 0.17977706 0.02458262
vt 0.15810385 0.02612400
vt 0.15304756 0.03503466
vt 0.15952830 0.03236532
vt 0.15810385 0.03122938
vt 0.15304756 0.03503466
vt 0.15810385 0.03122938
vt 0.15731324 0.02958763
vt 0.15731324 0.02776563
vt 0.19621846 0.66712081
vt 0.20066778 0.67066902
vt 0.20621583 0.67193526
vt 0.19374926 0.66199356
vt 0.19621846 0.66712081
vt 0.20621583 0.67193526
vt 0.19374926 0.65630269
vt 0.21176387 0.67066902
vt 0.21621320 0.66712081
vt 0.19374926 0.65630269
vt 0.20621583 0.67193526
vt 0.21621320 0.66712081
vt 0.19621846 0.65117550
vt 0.19374926 0.65630269
vt 0.21621320 0.66712081
vt 0.19621846 0.65117550
vt 0.21621320 0.66712081
vt 0.21868239 0.66199356
vt 0.19621846 0.65117550
vt 0.21868239 0.66199356
vt 0.21868239 0.65630269
vt 0.20066778 0.64762735
vt 0.20066778 0.64762735
vt 0.21868239 0.65630269
vt 0.21621320 0.65117550
vt 0.21621320 0.65117550
vt 0.21173397 0.64760333
vt 0.20620221 0.64636421
vt 0.20066778 0.64762735
vt 0.21621320 0.65117550
vt 0.20620221 0.64636421
vt 0.17514615 0.67135191
vt 0.18069419 0.67135191
vt 0.18069419 0.64765882
vt 0.17514615 0.64765882
vt 0.18514352 0.67135191
vt 0.18514352 0.64765882
vt 0.08240142 0.66271281
vt 0.08240142 0.65758556
vt 0.05870822 0.65758556
vt 0.05870822 0.66271281
vt 0.08240142 0.65189469
vt 0.05870822 0.65189469
vt 0.08240142 0.64676744
vt 0.05870822 0.64676744
vt 0.35299101 0.64801699
vt 0.34854168 0.64801699
vt 0.34854168 0.67171013
vt 0.35299101 0.67171013
vt 0.34299365 0.64801699
vt 0.34299365 0.67171013
vt 0.33744514 0.64801699
vt 0.33744514 0.67171013
vt 0.33299631 0.64801699
vt 0.33299631 0.67171013
vt 0.25024891 0.67126846
vt 0.25024891 0.66614115
vt 0.22655573 0.66614115
vt 0.22655573 0.67126846
vt 0.25024891 0.66045040
vt 0.22655573 0.66045040
vt 0.25024891 0.65532315
vt 0.22655573 0.65532315
vt 0.16514878 0.67135191
vt 0.16959812 0.67135191
vt 0.16959812 0.64765882
vt 0.16514878 0.64765882
vt 0.14033963 0.67058897
vt 0.14588815 0.67058897
vt 0.14588815 0.64689589
vt 0.14033963 0.64689589
vt 0.15033747 0.67058897
vt 0.15033747 0.64689589
vt 0.08240142 0.66271281
vt 0.08240142 0.65758556
vt 0.05870822 0.65758556
vt 0.05870822 0.66271281
vt 0.08240142 0.65189469
vt 0.05870822 0.65189469
vt 0.08240142 0.65173990
vt 0.05870822 0.65173990
vt 0.08240142 0.64676750
vt 0.05870822 0.64676750
vt 0.31818497 0.64725405
vt 0.31373566 0.64725405
vt 0.31373566 0.67094719
vt 0.31818497 0.67094719
vt 0.30818713 0.64725405
vt 0.30818713 0.67094719
vt 0.30263907 0.64725405
vt 0.30263907 0.67094719
vt 0.30197233 0.64725405
vt 0.30197233 0.67094719
vt 0.29818976 0.64725405
vt 0.29818976 0.67094719
vt 0.25024891 0.67126846
vt 0.25024891 0.66614115
vt 0.22655573 0.66614115
vt 0.22655573 0.67126846
vt 0.25024891 0.66045040
vt 0.22655573 0.66045040
vt 0.25024891 0.65540648
vt 0.22655573 0.65540648
vt 0.13030240 0.67058897
vt 0.13456210 0.67058897
vt 0.13456210 0.64689589
vt 0.13030240 0.64689589
vt 0.13479158 0.67058897
vt 0.13479158 0.64689589
vt 0.10705939 0.67135191
vt 0.11106290 0.67135191
vt 0.11106290 0.64765882
vt 0.10705939 0.64765882
vt 0.11258313 0.67135191
vt 0.11258313 0.64765882
vt 0.11260743 0.67135191
vt 0.11260743 0.64765882
vt 0.11705676 0.67135191
vt 0.11705676 0.64765882
vt 0.08240142 0.66271281
vt 0.08240142 0.65758556
vt 0.05870822 0.65758556
vt 0.05870822 0.66271281
vt 0.08240142 0.65189469
vt 0.05870822 0.65189469
vt 0.08240142 0.64676744
vt 0.05870822 0.64676744
vt 0.28490424 0.64801699
vt 0.28045517 0.64801699
vt 0.28045517 0.67171013
vt 0.28490424 0.67171013
vt 0.27490687 0.64801699
vt 0.27490687 0.67171013
vt 0.26935884 0.64801699
vt 0.26935884 0.67171013
vt 0.26490951 0.64801699
vt 0.26490951 0.67171013
vt 0.25024891 0.67126846
vt 0.25024891 0.66992176
vt 0.22655573 0.66992176
vt 0.22655573 0.67126846
vt 0.25024891 0.66607428
vt 0.22655573 0.66614115
vt 0.40071356 0.66477072
vt 0.40318277 0.66989797
vt 0.40763211 0.67344618
vt 0.40763211 0.67344618
vt 0.41318014 0.67471242
vt 0.41718364 0.67379874
vt 0.40071356 0.66477072
vt 0.40763211 0.67344618
vt 0.41718364 0.67379874
vt 0.41718364 0.67379874
vt 0.41872817 0.67344612
vt 0.42317751 0.66989797
vt 0.42317751 0.66989797
vt 0.42564669 0.66477084
vt 0.42564669 0.65907991
vt 0.41718364 0.67379874
vt 0.42317751 0.66989797
vt 0.42564669 0.65907991
vt 0.42564669 0.65907991
vt 0.42317751 0.65395260
vt 0.41872817 0.65040439
vt 0.41872817 0.65040439
vt 0.41318014 0.64913809
vt 0.40763211 0.65040445
vt 0.40763211 0.65040445
vt 0.41718364 0.67379874
vt 0.40763211 0.65040445
vt 0.40318277 0.65395260
vt 0.40253425 0.65529937
vt 0.40763211 0.65040445
vt 0.40253425 0.65529937
vt 0.40071356 0.65907997
vt 0.41718364 0.67379874
vt 0.40763211 0.65040445
vt 0.40071356 0.65907997
vt 0.40071356 0.66477072
vt 0.40071356 0.65907997
vt 0.25024891 0.66045040
vt 0.25024891 0.65532315
vt 0.22655573 0.65532315
vt 0.22655573 0.66045040
vt 0.09706202 0.67135191
vt 0.10151136 0.67135191
vt 0.10151136 0.64765882
vt 0.09706202 0.64765882
vt 0.37235713 0.67238963
vt 0.37790519 0.67238963
vt 0.37790519 0.64869642
vt 0.37235713 0.64869642
vt 0.38235450 0.67238963
vt 0.38235450 0.64869642
vt 0.08240142 0.66271281
vt 0.08240142 0.65758550
vt 0.05870822 0.65758550
vt 0.05870822 0.66271281
vt 0.08240142 0.65189469
vt 0.05870822 0.65189469
vt 0.08240142 0.64676744
vt 0.05870822 0.64676744
vt 0.04589647 0.64600283
vt 0.04141751 0.64600283
vt 0.04141751 0.66969597
vt 0.04589647 0.66969597
vt 0.03588527 0.64600283
vt 0.03588527 0.66969597
vt 0.03035083 0.64600283
vt 0.03035083 0.66969597
vt 0.02590176 0.64600283
vt 0.02590176 0.66969597
vt 0.25024891 0.67126846
vt 0.25024891 0.66614127
vt 0.22655573 0.66614127
vt 0.22655573 0.67126846
vt 0.25024891 0.66045040
vt 0.22655573 0.66045040
vt 0.25024891 0.65532315
vt 0.22655573 0.65532315
vt 0.36235979 0.67238963
vt 0.36680913 0.67238963
vt 0.36680913 0.64869642
vt 0.36235979 0.64869642
vt 0.19504839 0.02612400
vt 0.19625941 0.02515829
vt 0.17977706 0.02458262
vt 0.19425778 0.02776575
vt 0.19504839 0.02612400
vt 0.17977706 0.02458262
vt 0.19425778 0.02776575
vt 0.18155336 0.02498794
vt 0.19425778 0.02958763
vt 0.19425778 0.02776575
vt 0.18155336 0.02498794
vt 0.19503564 0.03120267
vt 0.19425778 0.02958763
vt 0.18155336 0.02498794
vt 0.19503564 0.03120267
vt 0.18155336 0.02498794
vt 0.18297793 0.02612400
vt 0.19503564 0.03120267
vt 0.18297793 0.02612400
vt 0.18376842 0.02776563
vt 0.19503564 0.03120267
vt 0.18376842 0.02776563
vt 0.18376842 0.02958763
vt 0.19503564 0.03120267
vt 0.18376842 0.02958763
vt 0.18297793 0.03122938
vt 0.55996263 0.04679000
vt 0.55996263 0.04624188
vt 0.45403230 0.04624188
vt 0.45403230 0.04679000
vt 0.45403230 0.05101538
vt 0.55996263 0.05101538
vt 0.55996263 0.05046713
vt 0.45403230 0.05046713
vt 0.27878535 0.18320858
vt 0.27878535 0.07790387
vt 0.27858517 0.07730341
vt 0.27798462 0.07710326
vt 0.16237246 0.07710326
vt 0.16177218 0.07730341
vt 0.16157188 0.07790387
vt 0.16157188 0.18320858
vt 0.16177218 0.18380892
vt 0.16237246 0.18400919
vt 0.27858517 0.18380892
vt 0.27798462 0.18400919
vt 0.57027018 0.05524075
vt 0.57027018 0.05469251
vt 0.45403230 0.05469251
vt 0.45403230 0.05524075
vt 0.29370350 0.06410420
vt 0.29370350 0.16940892
vt 0.29390365 0.17000937
vt 0.29450393 0.17020953
vt 0.41011637 0.17020953
vt 0.41071677 0.17000937
vt 0.41091707 0.16940892
vt 0.41091707 0.06410420
vt 0.41071677 0.06350374
vt 0.41011637 0.06330359
vt 0.29390365 0.06350374
vt 0.29450393 0.06330359
vt 0.45403230 0.05891788
vt 0.45403230 0.05946612
vt 0.57027018 0.05946612
vt 0.57027018 0.05891788
vt 0.45411056 0.04600728
vt 0.55988437 0.04600728
vt 0.55988437 0.04702449
vt 0.45411056 0.04702449
vt 0.55988437 0.05124986
vt 0.45411056 0.05124986
vt 0.45411056 0.05023265
vt 0.55988437 0.05023265
vt 0.16213788 0.07686865
vt 0.27821934 0.07686865
vt 0.27821934 0.18424368
vt 0.16213788 0.18424368
vt 0.45411056 0.05445790
vt 0.57019210 0.05445790
vt 0.41035092 0.17044413
vt 0.29426950 0.17044413
vt 0.29346904 0.06386960
vt 0.29346904 0.16964352
vt 0.27901992 0.18344319
vt 0.27901992 0.07766938
vt 0.16133742 0.07766938
vt 0.16133742 0.18344319
vt 0.41115165 0.16964352
vt 0.41115165 0.06386960
vt 0.45411056 0.05547523
vt 0.57019210 0.05547523
vt 0.45411056 0.05970061
vt 0.57019210 0.05970061
vt 0.41035092 0.06306899
vt 0.29426950 0.06306899
vt 0.57019210 0.05868340
vt 0.45411056 0.05868340
vt 0.56056303 0.04624188
vt 0.56056303 0.04679000
vt 0.45343214 0.04679000
vt 0.45343214 0.04624188
vt 0.56056303 0.05046713
vt 0.56056303 0.05101538
vt 0.45343214 0.05101538
vt 0.45343214 0.05046713
vt 0.45351017 0.05970061
vt 0.45343214 0.05946612
vt 0.27881974 0.07706881
vt 0.29366910 0.17024398
vt 0.29366910 0.06326914
vt 0.45351017 0.05124986
vt 0.16153748 0.07706881
vt 0.41095135 0.17024410
vt 0.56048501 0.05023265
vt 0.27881974 0.18404353
vt 0.57087058 0.05524075
vt 0.57079256 0.05547523
vt 0.45343214 0.05891788
vt 0.45351017 0.05868340
vt 0.45351017 0.04600728
vt 0.16153748 0.18404365
vt 0.56048501 0.05124986
vt 0.45351017 0.05023265
vt 0.41095135 0.06326914
vt 0.57087058 0.05469251
vt 0.45343214 0.05469251
vt 0.45343214 0.05524075
vt 0.57087058 0.05946612
vt 0.57087058 0.05891788
vt 0.56048477 0.04702449
vt 0.57079256 0.05970061
vt 0.45351017 0.05445790
vt 0.45351017 0.04702449
vt 0.56048477 0.04600728
vt 0.57079256 0.05445790
vt 0.45351017 0.05547523
vt 0.57079256 0.05868340
vt 0.59340990 0.26809764
vt 0.59340990 0.27090132
vt 0.57352865 0.27090132
vt 0.57352865 0.26809764
vt 0.56726980 0.26809764
vt 0.56727690 0.27090132
vt 0.56523991 0.27089226
vt 0.56523991 0.27089226
vt 0.56522214 0.26807129
vt 0.56726980 0.26809764
vt 0.56522214 0.26807129
vt 0.56523991 0.27089226
vt 0.56441224 0.27126932
vt 0.56441224 0.27126932
vt 0.56453156 0.26757836
vt 0.56522214 0.26807129
vt 0.74752390 0.26809764
vt 0.74752390 0.27090132
vt 0.59340990 0.27090132
vt 0.74752390 0.26809764
vt 0.56727690 0.27090132
vt 0.56727690 0.27090132
vt 0.56726980 0.26809764
vt 0.57352865 0.26809764
vt 0.74932289 0.27145040
vt 0.74752390 0.27090132
vt 0.74752390 0.26809764
vt 0.74752390 0.26809764
vt 0.74934208 0.26782429
vt 0.74932289 0.27145040
vt 0.74794948 0.26602292
vt 0.74752390 0.26809764
vt 0.59340990 0.26809764
vt 0.59340990 0.26809764
vt 0.59334010 0.26602292
vt 0.74794948 0.26602292
vt 0.59334010 0.26602292
vt 0.59340990 0.26809764
vt 0.57352865 0.26809764
vt 0.57352865 0.26809764
vt 0.57345939 0.26602292
vt 0.59334010 0.26602292
vt 0.57345939 0.26602292
vt 0.57352865 0.26809764
vt 0.56726980 0.26809764
vt 0.56727517 0.26602292
vt 0.56522214 0.26807129
vt 0.56523550 0.26653826
vt 0.56453156 0.26757836
vt 0.56441224 0.27126932
vt 0.56523991 0.27089226
vt 0.56523550 0.27244294
vt 0.56727690 0.27090132
vt 0.56727517 0.27295828
vt 0.57352865 0.27090132
vt 0.57345915 0.27295828
vt 0.57345915 0.27295828
vt 0.57352865 0.27090132
vt 0.59340990 0.27090132
vt 0.59340990 0.27090132
vt 0.59334010 0.27295828
vt 0.57345915 0.27295828
vt 0.59334010 0.27295828
vt 0.59340990 0.27090132
vt 0.74752390 0.27090132
vt 0.74752390 0.27090132
vt 0.74758685 0.27242255
vt 0.59334010 0.27295828
vt 0.55996263 0.04679000
vt 0.55996263 0.04624188
vt 0.45403230 0.04624188
vt 0.45403230 0.04679000
vt 0.45403230 0.05101538
vt 0.55996263 0.05101538
vt 0.55996263 0.05046713
vt 0.45403230 0.05046713
vt 0.27878535 0.18320858
vt 0.27878535 0.07790387
vt 0.27858517 0.07730341
vt 0.27798462 0.07710326
vt 0.16237246 0.07710326
vt 0.16177218 0.07730341
vt 0.16157188 0.07790387
vt 0.16157188 0.18320858
vt 0.16177218 0.18380892
vt 0.16237246 0.18400919
vt 0.27858517 0.18380892
vt 0.27798462 0.18400919
vt 0.57027018 0.05524075
vt 0.57027018 0.05469251
vt 0.45403230 0.05469251
vt 0.45403230 0.05524075
vt 0.29370350 0.06410420
vt 0.29370350 0.16940892
vt 0.29390365 0.17000937
vt 0.29450393 0.17020953
vt 0.41011637 0.17020953
vt 0.41071677 0.17000937
vt 0.41091707 0.16940892
vt 0.41091707 0.06410420
vt 0.41071677 0.06350374
vt 0.41011637 0.06330359
vt 0.29390365 0.06350374
vt 0.29450393 0.06330359
vt 0.45403230 0.05891788
vt 0.45403230 0.05946612
vt 0.57027018 0.05946612
vt 0.57027018 0.05891788
vt 0.45411056 0.04600728
vt 0.55988437 0.04600728
vt 0.55988437 0.04702449
vt 0.45411056 0.04702449
vt 0.55988437 0.05124986
vt 0.45411056 0.05124986
vt 0.45411056 0.05023265
vt 0.55988437 0.05023265
vt 0.16213788 0.07686865
vt 0.27821934 0.07686865
vt 0.27821934 0.18424368
vt 0.16213788 0.18424368
vt 0.45411056 0.05445790
vt 0.57019210 0.05445790
vt 0.41035092 0.17044413
vt 0.29426950 0.17044413
vt 0.29346904 0.06386960
vt 0.29346904 0.16964352
vt 0.27901992 0.18344319
vt 0.27901992 0.07766938
vt 0.16133742 0.07766938
vt 0.16133742 0.18344319
vt 0.41115165 0.16964352
vt 0.41115165 0.06386960
vt 0.45411056 0.05547523
vt 0.57019210 0.05547523
vt 0.45411056 0.05970061
vt 0.57019210 0.05970061
vt 0.41035092 0.06306899
vt 0.29426950 0.06306899
vt 0.57019210 0.05868340
vt 0.45411056 0.05868340
vt 0.56056303 0.04624188
vt 0.56056303 0.04679000
vt 0.45343214 0.04679000
vt 0.45343214 0.04624188
vt 0.56056303 0.05046713
vt 0.56056303 0.05101538
vt 0.45343214 0.05101538
vt 0.45343214 0.05046713
vt 0.45351017 0.05970061
vt 0.45343214 0.05946612
vt 0.27881974 0.07706881
vt 0.29366910 0.17024398
vt 0.29366910 0.06326914
vt 0.45351017 0.05124986
vt 0.16153748 0.07706881
vt 0.41095135 0.17024410
vt 0.56048501 0.05023265
vt 0.27881974 0.18404353
vt 0.57087058 0.05524075
vt 0.57079256 0.05547523
vt 0.45343214 0.05891788
vt 0.45351017 0.05868340
vt 0.45351017 0.04600728
vt 0.16153748 0.18404365
vt 0.56048501 0.05124986
vt 0.45351017 0.05023265
vt 0.41095135 0.06326914
vt 0.57087058 0.05469251
vt 0.45343214 0.05469251
vt 0.45343214 0.05524075
vt 0.57087058 0.05946612
vt 0.57087058 0.05891788
vt 0.56048477 0.04702449
vt 0.57079256 0.05970061
vt 0.45351017 0.05445790
vt 0.45351017 0.04702449
vt 0.56048477 0.04600728
vt 0.57079256 0.05445790
vt 0.45351017 0.05547523
vt 0.57079256 0.05868340
vt 0.37476620 0.31649840
vt 0.37399974 0.31630081
vt 0.37393641 0.31728250
vt 0.56760210 0.62952495
vt 0.56693059 0.62899715
vt 0.56707466 0.62987691
vt 0.37476620 0.45520830
vt 0.37393638 0.45442414
vt 0.37399974 0.45540589
vt 0.19388391 0.62766027
vt 0.19311847 0.62704313
vt 0.19336323 0.62801725
vt 0.21014978 0.45520830
vt 0.20931996 0.45442414
vt 0.20938331 0.45540589
vt 0.36538306 0.45520830
vt 0.36409289 0.45453709
vt 0.36388731 0.45539016
vt 0.21014978 0.31649840
vt 0.20938334 0.31630081
vt 0.20931999 0.31728250
vt 0.36538306 0.31649840
vt 0.36388731 0.31631649
vt 0.36409289 0.31716961
vt 0.19434145 0.31785858
vt 0.19434145 0.45384806
vt 0.19430794 0.47364426
vt 0.19444042 0.49397951
vt 0.56805962 0.49191570
vt 0.56805962 0.62790513
vt 0.38044301 0.47364426
vt 0.38057551 0.49373090
vt 0.20897616 0.62586886
vt 0.20884366 0.60553366
vt 0.39652577 0.62790519
vt 0.39652574 0.49191570
vt 0.02284108 0.62586880
vt 0.02270857 0.60578221
vt 0.02280756 0.45384806
vt 0.02280756 0.31785858
vt 0.38234538 0.62485391
vt 0.38248804 0.62737823
vt 0.52909732 0.31533879
vt 0.53010249 0.31563890
vt 0.19579196 0.45351452
vt 0.19583949 0.45552236
vt 0.53124768 0.45440727
vt 0.53091866 0.45528865
vt 0.02135723 0.31819218
vt 0.02130964 0.31618446
vt 0.20707409 0.47465920
vt 0.20693135 0.47213513
vt 0.02093902 0.47465920
vt 0.02079628 0.47213513
vt 0.39507526 0.49224925
vt 0.39502776 0.49024147
vt 0.19583951 0.31618434
vt 0.19579197 0.31819212
vt 0.53091860 0.31641799
vt 0.53124768 0.31729937
vt 0.19635281 0.47213519
vt 0.19621004 0.47465926
vt 0.53010249 0.45606774
vt 0.52909738 0.45636791
vt 0.20693122 0.62737828
vt 0.20707387 0.62485403
vt 0.39502773 0.62957948
vt 0.39507526 0.62757170
vt 0.02130956 0.45552236
vt 0.02135708 0.45351458
vt 0.02079614 0.62737823
vt 0.02093879 0.62485403
vt 0.56627464 0.63049990
vt 0.54708916 0.63049990
vt 0.02459252 0.31526387
vt 0.04377830 0.31526393
vt 0.19255647 0.62867725
vt 0.17337094 0.62867725
vt 0.19255647 0.45644277
vt 0.17337094 0.45644277
vt 0.37903902 0.46854174
vt 0.38056791 0.46852589
vt 0.56641400 0.48792619
vt 0.56761450 0.48798382
vt 0.38056770 0.63098752
vt 0.37903881 0.63097167
vt 0.19389628 0.45777988
vt 0.19269580 0.45783752
vt 0.02325260 0.31392694
vt 0.02445307 0.31386930
vt 0.20885144 0.46852601
vt 0.21038029 0.46854186
vt 0.02271636 0.46852607
vt 0.02424519 0.46854186
vt 0.39697096 0.48798394
vt 0.39817142 0.48792624
vt 0.19444042 0.49397951
vt 0.19444044 0.49583346
vt 0.19444044 0.49583346
vt 0.19444044 0.60367370
vt 0.19444041 0.60367370
vt 0.19444041 0.60578221
vt 0.19444044 0.60578221
vt 0.19430794 0.62586880
vt 0.38057551 0.49373090
vt 0.38057551 0.49583942
vt 0.38057551 0.49583942
vt 0.38057551 0.60367966
vt 0.38057554 0.60367966
vt 0.38057554 0.60553366
vt 0.38057551 0.60553366
vt 0.38044301 0.62586886
vt 0.20884365 0.60553366
vt 0.20884365 0.60367966
vt 0.20884366 0.60367966
vt 0.20884365 0.49583942
vt 0.20884366 0.49583942
vt 0.20884366 0.49373090
vt 0.20884366 0.49373090
vt 0.20897616 0.47364426
vt 0.02270861 0.60578221
vt 0.02270860 0.60367370
vt 0.02270857 0.60367370
vt 0.02270856 0.49583346
vt 0.02270858 0.49583346
vt 0.02270858 0.49397951
vt 0.02270858 0.49397951
vt 0.02284108 0.47364426
vt 0.54708916 0.63049996
vt 0.54521793 0.63049996
vt 0.54521793 0.63049990
vt 0.52642858 0.63049990
vt 0.41936773 0.63049990
vt 0.41749650 0.63049990
vt 0.41749650 0.63049990
vt 0.39831072 0.63049990
vt 0.04377830 0.31526405
vt 0.04564929 0.31526405
vt 0.04564929 0.31526393
vt 0.06600863 0.31526393
vt 0.17149971 0.31526387
vt 0.17337094 0.31526387
vt 0.17337094 0.31526393
vt 0.19255647 0.31526393
vt 0.17337094 0.62867737
vt 0.17149971 0.62867737
vt 0.17149971 0.62867731
vt 0.15271041 0.62867731
vt 0.04564953 0.62867725
vt 0.04377830 0.62867725
vt 0.04377830 0.62867731
vt 0.02459252 0.62867731
vt 0.17337094 0.45644283
vt 0.17149971 0.45644283
vt 0.17149971 0.45644277
vt 0.15271041 0.45644277
vt 0.04564953 0.45644277
vt 0.04377830 0.45644277
vt 0.04377830 0.45644277
vt 0.02459252 0.45644277
vt 0.51305705 0.63049990
vt 0.51305705 0.63049990
vt 0.45328727 0.63049996
vt 0.45328727 0.63049990
vt 0.43972707 0.63049990
vt 0.06600863 0.31526387
vt 0.07956904 0.31526387
vt 0.07956904 0.31526393
vt 0.13933887 0.31526387
vt 0.13933887 0.31526393
vt 0.15271041 0.31526393
vt 0.17149971 0.31526393
vt 0.15271041 0.62867725
vt 0.13933887 0.62867725
vt 0.13933887 0.62867725
vt 0.07956904 0.62867737
vt 0.07956904 0.62867725
vt 0.06600887 0.62867725
vt 0.13933887 0.45644277
vt 0.13933887 0.45644277
vt 0.07956904 0.45644283
vt 0.07956904 0.45644277
vt 0.06600887 0.45644277
vn -0.00000002 -0.98540932 0.17020139
vn 0.00000001 -0.98540831 -0.17020713
vn 0.00000001 -0.98540866 -0.17020485
vn -0.00000001 -0.98540795 0.17020929
vn 0.00000003 0.98540872 -0.17020500
vn -0.00000010 0.98540938 0.17020096
vn -0.00000006 0.98540848 0.17020610
vn 0.00000184 0.98540878 -0.17020477
vn -0.98444611 0.00000000 0.17568696
vn -0.98444670 0.00000001 -0.17568332
vn -0.98444647 0.00000001 -0.17568496
vn -0.98444712 0.00000000 0.17568117
vn -0.00000028 0.00000000 1.00000000
vn -0.00000028 0.00000000 1.00000000
vn -0.00000028 0.00000000 1.00000000
vn -0.00000014 -0.00000058 1.00000000
vn -0.00000014 -0.00000058 1.00000000
vn -0.00000014 -0.00000058 1.00000000
vn 0.98444843 0.00000001 -0.17567420
vn 0.98444629 0.00000000 0.17568626
vn 0.98444277 0.00000000 0.17570564
vn 0.98444843 0.00000001 -0.17567380
vn 0.51646423 -0.85279655 0.07747857
vn 0.15800121 -0.98729801 0.01667993
vn 0.15800270 -0.98729783 -0.01668220
vn 0.51639146 -0.85287404 -0.07710857
vn -0.00001106 -0.83997142 0.54263067
vn 0.00001099 -0.83996373 0.54264253
vn -0.51645881 -0.85279918 -0.07748478
vn -0.15799980 -0.98729825 -0.01668095
vn -0.15800434 -0.98729748 0.01668201
vn -0.51636529 -0.85288852 0.07712428
vn 0.00001103 -0.83996731 -0.54263699
vn -0.00001098 -0.83994073 -0.54267824
vn 0.00001108 0.83996749 -0.54263675
vn 0.00001004 0.83996898 -0.54263437
vn -0.51646107 0.85280108 0.07744829
vn -0.15799518 0.98729897 0.01668037
vn -0.15800285 0.98729771 -0.01668212
vn -0.51634401 0.85290313 -0.07710489
vn 0.00001094 0.83993983 0.54267955
vn 0.00001094 0.83997327 0.54262787
vn 0.51647621 0.85279179 -0.07744996
vn 0.15800814 0.98729694 -0.01668127
vn 0.15799782 0.98729855 0.01668218
vn 0.51638561 0.85287815 0.07710281
vn 0.96537155 -0.18545103 0.18348205
vn 0.82268775 -0.54887408 0.14806142
vn 0.82318038 -0.54824722 -0.14764506
vn 0.96537852 -0.18543486 -0.18346177
vn -0.00000000 -0.15065685 0.98858613
vn -0.00000001 -0.50900179 0.86076558
vn -0.00000001 -0.50900906 0.86076117
vn -0.00000000 -0.15066102 0.98858547
vn -0.96537369 -0.18544656 -0.18347524
vn -0.82269579 -0.54885793 -0.14807670
vn -0.82318974 -0.54823458 0.14764012
vn -0.96537602 -0.18543914 0.18347056
vn 0.00000005 -0.15066013 -0.98858559
vn 0.00000006 -0.50900733 -0.86076224
vn 0.00000006 -0.50900537 -0.86076343
vn 0.00000007 -0.15065843 -0.98858589
vn 0.00000009 0.15065482 -0.98858643
vn 0.00000004 0.50899982 -0.86076659
vn -0.00000296 0.50899571 -0.86076909
vn -0.00000210 0.15065442 -0.98858654
vn -0.96537387 0.18544488 0.18347619
vn -0.82268697 0.54887134 0.14807616
vn -0.82317621 0.54825354 -0.14764485
vn -0.96537560 0.18544085 -0.18347150
vn 0.00000221 0.15065989 0.98858571
vn -0.00000011 0.50900781 0.86076194
vn -0.00000013 0.50900263 0.86076498
vn -0.00000014 0.15065268 0.98858678
vn 0.96537584 0.18543829 -0.18347226
vn 0.82269561 0.54885930 -0.14807245
vn 0.82317901 0.54825002 0.14764261
vn 0.96537489 0.18544421 0.18347159
vn -0.50025034 -0.00001093 -0.86588091
vn -0.14584491 0.00000006 -0.98930746
vn -0.14584203 0.00000006 -0.98930788
vn -0.50025052 -0.00001094 -0.86588079
vn 0.50024891 0.00001105 -0.86588168
vn 0.14584416 0.00000006 -0.98930758
vn 0.14584367 0.00000006 -0.98930764
vn 0.50025350 0.00001104 -0.86587900
vn -0.83406526 -0.00001099 0.55166590
vn -0.83406842 -0.00001099 0.55166107
vn 0.50026143 -0.00001099 0.86587447
vn 0.14585099 -0.00000002 0.98930657
vn 0.14584187 -0.00000024 0.98930800
vn 0.50024885 -0.00001099 0.86588168
vn 0.35550508 -0.84952533 -0.38977277
vn 0.09964337 -0.98844564 -0.11422075
vn -0.69916528 -0.56676698 -0.43582463
vn -0.81318867 -0.20879979 -0.54325593
vn 0.35631207 -0.84958166 0.38891220
vn 0.06598303 -0.83482844 0.54654175
vn 0.01308615 -0.98496026 0.17228496
vn 0.09964263 -0.98844564 0.11422202
vn -0.39532954 -0.54722613 0.73773849
vn -0.12727441 -0.52074969 0.84416890
vn -0.15486544 -0.17185974 0.97287256
vn -0.49703875 -0.20296225 0.84365809
vn 0.35630837 0.84958321 -0.38891205
vn 0.06597237 0.83485645 -0.54650021
vn 0.01308614 0.98496056 -0.17228301
vn 0.09964955 0.98844451 -0.11422572
vn -0.35551003 0.84952295 -0.38977355
vn -0.09964607 0.98844522 -0.11422285
vn 0.35553393 0.84950054 0.38980040
vn 0.09964322 0.98844558 0.11422157
vn -0.35630846 0.84958518 0.38890788
vn -0.06596927 0.83486110 0.54649341
vn -0.01308546 0.98496121 0.17227927
vn -0.09963966 0.98844618 0.11421926
vn 0.81340915 -0.20847340 -0.54305112
vn 0.69929105 -0.56644028 -0.43604761
vn -0.09964239 -0.98844552 -0.11422352
vn -0.35629824 -0.84958071 -0.38892710
vn 0.49718857 -0.20335223 0.84347588
vn 0.15485503 -0.17184439 0.97287697
vn 0.12697132 -0.51931930 0.84509516
vn 0.39666438 -0.54613274 0.73783219
vn -0.09964221 -0.98844582 0.11422097
vn -0.01308565 -0.98496109 0.17228009
vn -0.06526807 -0.83394825 0.54796934
vn -0.35552987 -0.84950334 0.38979807
vn 0.49724397 0.20333612 -0.84344709
vn 0.15485816 0.17185348 -0.97287476
vn 0.12697279 0.51931292 -0.84509891
vn 0.39666781 0.54612768 -0.73783416
vn -0.81341386 0.20847555 -0.54304314
vn -0.69929242 0.56644088 -0.43604460
vn 0.81341034 0.20846973 0.54305071
vn 0.69931233 0.56641781 0.43604261
vn -0.49724603 0.20334941 0.84344256
vn -0.15485485 0.17185144 0.97287571
vn -0.12697095 0.51931155 0.84510005
vn -0.39666218 0.54612797 0.73783702
vn -0.83403534 0.00000003 -0.55171120
vn -0.83403540 0.00000003 -0.55171096
vn 0.83404070 0.00000004 -0.55170292
vn 0.83403838 0.00000003 -0.55170643
vn -0.14583585 -0.00000012 0.98930883
vn -0.50029820 -0.00000012 0.86585319
vn -0.50029981 -0.00000014 0.86585236
vn -0.14584503 0.00000000 0.98930752
vn 0.83403540 -0.00000000 0.55171090
vn 0.83402723 -0.00000014 0.55172324
vn 0.06529336 -0.83396590 -0.54793960
vn 0.01308625 -0.98496085 -0.17228165
vn -0.12696521 -0.51929808 -0.84510911
vn -0.39672610 -0.54607999 -0.73783809
vn -0.49725014 -0.20336887 -0.84343559
vn -0.15486051 -0.17185876 -0.97287345
vn -0.69929618 -0.56640536 0.43608457
vn -0.81340194 -0.20853618 0.54303789
vn -0.06525331 0.83396733 -0.54794210
vn -0.01308898 0.98496056 -0.17228293
vn 0.06529230 0.83396947 0.54793411
vn 0.01308532 0.98496163 0.17227697
vn 0.15486054 -0.17186131 -0.97287303
vn 0.49700886 -0.20301157 -0.84366369
vn 0.39532757 -0.54720664 -0.73775411
vn 0.12729013 -0.52078086 -0.84414721
vn -0.01308622 -0.98496085 -0.17228140
vn -0.06599235 -0.83483833 -0.54652554
vn 0.81316745 -0.20882979 0.54327607
vn 0.69915420 -0.56678486 0.43581918
vn 0.81317073 0.20883481 -0.54326916
vn 0.69915378 0.56677967 -0.43582657
vn -0.15486081 0.17185718 -0.97287369
vn -0.49700794 0.20300800 -0.84366512
vn -0.39533347 0.54720318 -0.73775345
vn -0.12729236 0.52078629 -0.84414351
vn 0.15486549 0.17185892 0.97287273
vn 0.49701932 0.20300849 0.84365833
vn 0.39536524 0.54722732 0.73771852
vn 0.12729722 0.52079129 0.84413975
vn -0.81317919 0.20882764 0.54325938
vn -0.69915104 0.56677979 0.43583074
vn 1.00000000 -0.00000000 0.00000039
vn 1.00000000 -0.00000000 0.00000039
vn 1.00000000 -0.00000000 0.00000039
vn 1.00000000 -0.00000000 0.00000039
vn -0.19509158 -0.98078507 -0.00000000
vn -0.19508171 -0.98078704 -0.00000032
vn 0.19508669 -0.98078609 0.00000007
vn 0.19508538 -0.98078626 0.00000009
vn 0.19508985 0.98078537 0.00000026
vn 0.19508830 0.98078573 0.00000026
vn -0.19508950 0.98078543 0.00000010
vn -0.19508855 0.98078561 -0.00000023
vn 0.83144474 0.55560762 0.00000043
vn 0.83144534 0.55560660 0.00000030
vn 0.55557013 0.83146966 0.00000032
vn 0.55557162 0.83146870 0.00000036
vn 0.55557013 -0.83146971 0.00000021
vn 0.55556679 -0.83147192 0.00000023
vn 0.83144242 -0.55561090 0.00000031
vn 0.83144891 -0.55560130 0.00000023
vn -0.83144218 -0.55561119 -0.00000009
vn -0.83144885 -0.55560136 -0.00000121
vn -0.55556583 -0.83147252 -0.00000095
vn -0.55556977 -0.83147001 -0.00000005
vn -0.55556917 0.83147037 -0.00000037
vn -0.55557281 0.83146793 -0.00000005
vn -0.83144629 0.55560523 -0.00000001
vn -0.83144325 0.55560976 -0.00000000
vn 0.00000014 0.00000022 -1.00000000
vn 0.00000016 0.00000026 -1.00000000
vn 0.00000002 -0.15066068 -0.98858553
vn 0.00000000 0.00000000 -1.00000000
vn -0.14583977 0.00000012 -0.98930824
vn -0.14584352 -0.00000009 -0.98930770
vn 0.00000000 0.00000030 -1.00000000
vn 0.00000010 0.00000019 -1.00000000
vn -0.00000115 0.15065615 -0.98858625
vn 0.00000018 0.00000005 -1.00000000
vn 0.14584319 0.00000255 -0.98930770
vn 0.00000000 -0.00000079 -1.00000000
vn 0.00000000 0.00000000 -1.00000000
vn 0.14583954 0.00000018 -0.98930830
vn 0.14584611 0.00000000 -0.98930728
vn 0.83149350 -0.55553448 0.00000034
vn 0.83149165 -0.55553728 0.00000035
vn 0.98078555 -0.19508889 0.00000037
vn 0.98078477 -0.19509284 0.00000037
vn -0.83149290 0.55553555 -0.00000020
vn -0.83149284 0.55553550 -0.00000142
vn -0.98078567 0.19508807 -0.00000064
vn -0.98078489 0.19509271 -0.00000000
vn 0.98078579 0.19508800 0.00000038
vn 0.98078477 0.19509274 0.00000037
vn 0.83149284 0.55553555 0.00000032
vn 0.83149284 0.55553555 0.00000035
vn -0.98078555 -0.19508889 -0.00000009
vn -0.98078477 -0.19509287 -0.00000108
vn -0.83149356 -0.55553448 -0.00000124
vn -0.83149165 -0.55553722 -0.00000000
vn 1.00000000 0.00000000 -0.00000000
vn 1.00000000 0.00000000 -0.00000000
vn 1.00000000 0.00000000 -0.00000000
vn 1.00000000 0.00000000 -0.00000000
vn -0.19723508 -0.98035622 -0.00000009
vn 0.19723766 -0.98035568 -0.00000007
vn 0.19722408 -0.98035842 -0.00000189
vn -0.19723584 -0.98035616 -0.00000189
vn -1.00000000 0.00000000 -0.00000000
vn -1.00000000 0.00000000 -0.00000000
vn -1.00000000 0.00000000 -0.00000000
vn -1.00000000 0.00000000 -0.00000000
vn 0.19723982 0.98035526 0.00000021
vn -0.19723663 0.98035592 0.00000034
vn -0.19723912 0.98035550 -0.00000001
vn 0.19724095 0.98035502 0.00000054
vn 0.83437675 0.55119455 0.00000021
vn 0.55996233 0.82851803 -0.00000883
vn 0.55995458 0.82852322 -0.00000904
vn 0.83437502 0.55119735 0.00000001
vn 0.55994314 -0.82853103 -0.00000946
vn 0.83437061 -0.55120403 -0.00000001
vn 0.83436561 -0.55121142 -0.00000116
vn 0.55993658 -0.82853544 -0.00001083
vn -0.83437794 -0.55119264 -0.00000003
vn -0.55995971 -0.82851982 0.00000931
vn -0.56001818 -0.82848024 0.00000697
vn -0.83438468 -0.55118245 -0.00000208
vn -0.55995500 0.82852304 0.00000930
vn -0.83437610 0.55119556 0.00000023
vn -0.83437121 0.55120295 -0.00000002
vn -0.55998683 0.82850152 0.00000982
vn 0.55992979 0.82854009 0.00000964
vn 0.55989265 0.82856512 -0.00000861
vn 0.98120672 -0.19295953 0.00000002
vn 0.98120731 -0.19295689 -0.00000042
vn -0.55992222 -0.82854527 -0.00000951
vn -0.55992317 -0.82854462 -0.00001115
vn -0.98120737 0.19295648 0.00000006
vn -0.98120773 0.19295441 -0.00000018
vn 0.98120737 0.19295666 0.00000005
vn 0.98120719 0.19295707 0.00000007
vn 0.55993152 -0.82853895 0.00000934
vn 0.55990815 -0.82855463 0.00000796
vn -0.98120785 -0.19295399 0.00000002
vn -0.98120815 -0.19295231 -0.00000081
vn -0.55992860 0.82854098 -0.00000893
vn -0.55989355 0.82856458 0.00000822
vn 0.20565964 0.00000022 -0.97862357
vn 0.20565708 0.00000000 -0.97862417
vn 0.20565830 0.00000043 -0.97862381
vn 0.14218427 0.00000043 -0.98984021
vn 0.21017841 -0.02590495 -0.97731978
vn 0.15627459 -0.09710513 -0.98292875
vn 0.11708004 -0.08187090 -0.98974210
vn 0.14874007 -0.03940437 -0.98809087
vn 0.09763696 -0.15391980 -0.98324758
vn 0.08259071 -0.11634060 -0.98976946
vn 0.02584251 -0.20570299 -0.97827321
vn 0.03847677 -0.14757375 -0.98830235
vn -0.02628253 -0.20578106 -0.97824508
vn -0.03882292 -0.14633280 -0.98847336
vn -0.09727947 -0.15473373 -0.98315519
vn -0.08192259 -0.11628527 -0.98983151
vn -0.15536727 -0.09740949 -0.98304248
vn -0.11727262 -0.08259065 -0.98965949
vn -0.21010043 -0.02544387 -0.97734874
vn -0.15017423 -0.03901613 -0.98788947
vn -0.20564291 0.00000126 -0.97862715
vn -0.20565273 0.00000000 -0.97862512
vn -0.20565911 0.00000016 -0.97862369
vn -0.14218403 0.00000000 -0.98984027
vn -0.21017519 0.02590552 -0.97732049
vn -0.15627186 0.09710417 -0.98292929
vn -0.11707643 0.08187064 -0.98974258
vn -0.14874013 0.03940607 -0.98809087
vn -0.09763696 0.15392117 -0.98324740
vn -0.08258976 0.11634156 -0.98976952
vn -0.02584174 0.20570260 -0.97827339
vn -0.03847543 0.14757192 -0.98830265
vn 0.02628228 0.20577683 -0.97824603
vn 0.03882217 0.14633666 -0.98847276
vn 0.09727756 0.15473604 -0.98315507
vn 0.08192372 0.11628446 -0.98983151
vn 0.15536755 0.09741341 -0.98304200
vn 0.11727348 0.08258823 -0.98965955
vn 0.21010351 0.02544553 -0.97734803
vn 0.15017188 0.03901654 -0.98788977
vn 0.96952748 0.00000008 -0.24498248
vn 0.99231160 0.00000004 -0.12376489
vn 0.99231142 0.00000000 -0.12376611
vn 0.96952748 0.00000000 -0.24498259
vn 0.78782570 -0.53040081 -0.31305844
vn 0.82563895 -0.54092157 -0.16038743
vn 0.97316378 -0.18195784 -0.14086716
vn 0.93729609 -0.20548844 -0.28151488
vn 0.53795135 -0.78247643 -0.31359041
vn 0.55068463 -0.81875825 -0.16242395
vn 0.20689565 -0.93606770 -0.28455514
vn 0.18576209 -0.97192025 -0.14444223
vn 0.55064493 -0.81878173 -0.16243933
vn 0.53791672 -0.78250778 -0.31357196
vn -0.20820273 -0.93525815 -0.28625858
vn -0.18647407 -0.97186941 -0.14386587
vn -0.53650802 -0.78301132 -0.31472591
vn -0.54999459 -0.81937069 -0.16167144
vn -0.78749323 -0.53176367 -0.31157935
vn -0.82503986 -0.54155040 -0.16134539
vn -0.55003965 -0.81933916 -0.16167790
vn -0.53659099 -0.78295499 -0.31472471
vn -0.93818045 -0.20403606 -0.27961922
vn -0.97321796 -0.18118863 -0.14148280
vn -0.96952438 0.00000008 -0.24499510
vn -0.99231076 0.00000004 -0.12377147
vn -0.99231154 0.00000013 -0.12376586
vn -0.96952748 0.00000025 -0.24498270
vn -0.78782684 0.53040320 -0.31305194
vn -0.82563990 0.54092091 -0.16038473
vn -0.97316378 0.18195756 -0.14086822
vn -0.93729770 0.20548542 -0.28151187
vn -0.53796071 0.78247231 -0.31358472
vn -0.55073059 0.81872797 -0.16241989
vn -0.20689832 0.93606758 -0.28455344
vn -0.18577242 0.97191888 -0.14443767
vn -0.55065227 0.81877720 -0.16243787
vn -0.53789777 0.78251737 -0.31358045
vn 0.20820685 0.93525815 -0.28625563
vn 0.18648034 0.97186863 -0.14386247
vn 0.53651786 0.78301442 -0.31470159
vn 0.55000639 0.81936276 -0.16167186
vn 0.78749925 0.53175563 -0.31157783
vn 0.82504791 0.54153854 -0.16134416
vn 0.55006254 0.81932431 -0.16167557
vn 0.53660780 0.78294516 -0.31472051
vn 0.93818045 0.20403595 -0.27961898
vn 0.97321755 0.18119106 -0.14148295
vn 0.13491765 0.00000000 -0.99085683
vn 0.40252706 0.00000000 -0.91540807
vn 0.40252706 0.00000019 -0.91540813
vn 0.13491254 0.00000007 -0.99085754
vn 0.27309632 -0.17194781 -0.94649482
vn 0.36879307 -0.04759801 -0.92829204
vn 0.17513733 -0.26597178 -0.94793773
vn 0.04791226 -0.36027232 -0.93161595
vn -0.04918712 -0.36055979 -0.93143833
vn -0.17435877 -0.26840642 -0.94739485
vn -0.27025664 -0.17253004 -0.94720370
vn -0.36849764 -0.04623938 -0.92847806
vn -0.13491523 0.00000017 -0.99085718
vn -0.40252650 0.00000017 -0.91540831
vn -0.40252754 0.00000019 -0.91540790
vn -0.13491319 0.00000008 -0.99085748
vn -0.27309871 0.17194650 -0.94649440
vn -0.36879537 0.04759756 -0.92829120
vn -0.17514513 0.26597366 -0.94793576
vn -0.04791083 0.36026621 -0.93161839
vn 0.04918636 0.36057085 -0.93143409
vn 0.17435905 0.26840478 -0.94739527
vn 0.27025846 0.17252752 -0.94720358
vn 0.36849171 0.04623933 -0.92848039
vn 0.40252140 0.00000000 -0.91541064
vn 0.20565452 0.00000000 -0.97862464
vn 0.20564964 0.00000000 -0.97862566
vn 0.20566612 0.00000069 -0.97862226
vn 0.20565729 0.00000048 -0.97862417
vn 0.40252206 0.00000005 -0.91541028
vn -0.08319203 -0.33481774 -0.93860334
vn 0.08247124 -0.33638772 -0.93810552
vn -0.40251476 0.00000001 -0.91541356
vn -0.20566118 0.00000019 -0.97862327
vn -0.20567493 0.00000000 -0.97862035
vn -0.20566265 0.00000000 -0.97862297
vn -0.20565729 0.00000033 -0.97862417
vn -0.40252188 0.00000025 -0.91541040
vn 0.08319198 0.33481216 -0.93860525
vn -0.08247027 0.33639294 -0.93810362
vn 0.26318187 0.18245414 -0.94733620
vn 0.18010117 0.26252368 -0.94796884
vn 0.18103303 -0.26254287 -0.94778597
vn 0.26301572 -0.18149747 -0.94756603
vn -0.26318219 -0.18245247 -0.94733638
vn -0.18010448 -0.26252756 -0.94796711
vn -0.18103179 0.26254395 -0.94778591
vn -0.26301217 0.18149722 -0.94756716
vn 0.33867002 -0.08526725 -0.93703377
vn -0.33866894 0.08527084 -0.93703383
vn 0.34043044 0.08448633 -0.93646634
vn -0.34042516 -0.08448516 -0.93646836
vn 0.96952718 0.00000004 -0.24498411
vn 0.96952718 0.00000004 -0.24498411
vn 0.96952718 0.00000004 -0.24498411
vn 0.96952718 0.00000008 -0.24498349
vn 0.96952718 0.00000008 -0.24498349
vn 0.96952718 0.00000008 -0.24498349
vn -0.20327048 -0.93655849 -0.28555080
vn -0.16886823 -0.94506860 -0.27987301
vn 0.16804488 -0.94506335 -0.28038582
vn 0.20242877 -0.93699926 -0.28470188
vn -0.98638380 -0.00000009 -0.16445938
vn -0.96952206 0.00000000 -0.24500418
vn -0.96952736 0.00000002 -0.24498318
vn -0.98638588 0.00000009 -0.16444750
vn 0.20327106 0.93655562 -0.28556007
vn 0.16887130 0.94506598 -0.27987999
vn -0.16804056 0.94506007 -0.28039941
vn -0.20242736 0.93699658 -0.28471139
vn 0.78646761 0.53318244 -0.31174546
vn 0.79421699 0.52157223 -0.31173995
vn 0.52175432 0.79375291 -0.31261581
vn 0.53134394 0.78690714 -0.31376892
vn 0.53215021 -0.78659230 -0.31319121
vn 0.52246052 -0.79302728 -0.31327751
vn 0.79497045 -0.52090633 -0.31093180
vn 0.78670716 -0.53240317 -0.31247172
vn -0.78646374 -0.53318548 -0.31174996
vn -0.79421353 -0.52157575 -0.31174287
vn -0.52174991 -0.79375494 -0.31261849
vn -0.53134263 -0.78690201 -0.31378403
vn -0.53214544 0.78659225 -0.31319970
vn -0.52244610 0.79304016 -0.31326914
vn -0.79497302 0.52090144 -0.31093341
vn -0.78671491 0.53239042 -0.31247413
vn 0.53128821 0.78693843 -0.31378460
vn 0.52167714 0.79380822 -0.31260443
vn 0.94665283 -0.16801320 -0.27499107
vn 0.93754715 -0.20454107 -0.28136891
vn -0.53128457 -0.78693593 -0.31379709
vn -0.52167171 -0.79380071 -0.31263256
vn -0.94665486 0.16801213 -0.27498469
vn -0.93754935 0.20454326 -0.28135988
vn 0.93802130 0.20363276 -0.28044567
vn 0.94665009 0.16713192 -0.27553710
vn 0.52238238 -0.79307228 -0.31329381
vn 0.53206623 -0.78664517 -0.31320113
vn -0.93802208 -0.20362945 -0.28044540
vn -0.94665003 -0.16713126 -0.27553743
vn -0.52238834 0.79307359 -0.31328073
vn -0.53207564 0.78664714 -0.31318018
vn -0.00000005 -0.98540866 -0.17020512
vn -0.00000009 -0.98540908 0.17020261
vn -0.00000000 -0.98540789 0.17020974
vn 0.00000005 -0.98540843 -0.17020629
vn 0.00000025 0.98540819 0.17020762
vn 0.00000036 0.98540896 -0.17020321
vn 0.00000222 0.98540866 -0.17020509
vn 0.00000002 0.98540884 0.17020407
vn -0.00000070 0.00000000 1.00000000
vn -0.00000008 -0.00000097 1.00000000
vn 0.00000804 -0.00000053 1.00000000
vn 0.00000804 -0.00000053 1.00000000
vn 0.00000804 -0.00000053 1.00000000
vn 0.00000000 0.00000000 1.00000000
vn 0.00000000 0.00000000 1.00000000
vn 0.00000000 0.00000000 1.00000000
vn 0.00000000 0.00000000 1.00000000
vn 0.00000000 0.00000000 1.00000000
vn 0.00000000 0.00000000 1.00000000
vn 0.00000000 0.00000000 1.00000000
vn 0.00017475 -0.83999550 0.54259342
vn -0.00088566 -0.84024912 0.54219973
vn -0.00016394 -0.83999181 -0.54259914
vn 0.00089678 -0.84025466 -0.54219139
vn 0.00017495 0.84002101 -0.54255372
vn -0.00088617 0.84025490 -0.54219085
vn -0.00016394 0.84002024 0.54255491
vn 0.00089699 0.84027690 0.54215670
vn -0.00000004 -0.15065932 0.98858577
vn 0.00014479 -0.50892425 0.86081129
vn -0.00000010 -0.15066069 0.98858553
vn -0.00088168 -0.50852984 0.86104393
vn -0.00000002 -0.15065949 -0.98858571
vn -0.00014324 -0.50892889 -0.86080861
vn 0.00089214 -0.50852180 -0.86104876
vn -0.00000009 0.15065673 -0.98858613
vn 0.00014503 0.50892115 -0.86081314
vn -0.00088138 0.50851727 -0.86105132
vn 0.00000301 0.15065624 0.98858619
vn -0.00014225 0.50893378 0.86080563
vn 0.00000012 0.15065761 0.98858601
vn 0.00089217 0.50852537 0.86104661
vn 0.00000013 0.00000057 -1.00000000
vn 0.00000003 -0.00000015 -1.00000000
vn 0.00000000 -0.00000069 -1.00000000
vn 0.00000019 -0.00000023 -1.00000000
vn -0.00000003 -0.00000003 -1.00000000
vn 0.00000030 -0.00000019 -1.00000000
vn -0.14584190 0.00000000 -0.98930800
vn -0.98444706 0.00000000 -0.17568158
vn -0.98444682 0.00000000 0.17568320
vn -0.98444676 0.00000003 -0.17568365
vn -0.98444682 0.00000000 0.17568281
vn -0.98444742 0.00000000 0.17567952
vn -0.98444676 0.00000000 -0.17568366
vn -0.98444700 -0.00000011 0.17568222
vn -0.98444706 0.00000003 -0.17568138
vn -0.00000014 0.00000000 1.00000000
vn 0.00000388 0.00000000 1.00000000
vn -0.00000028 0.00000000 1.00000000
vn -0.00000028 0.00000000 1.00000000
vn -0.00000028 0.00000000 1.00000000
vn -0.00000028 0.00000000 1.00000000
vn 0.00000000 0.00000000 1.00000000
vn 0.00000000 0.00000000 1.00000000
vn 0.00000000 0.00000000 1.00000000
vn 0.00000000 0.00000000 1.00000000
vn 0.98444581 0.00000010 0.17568846
vn 0.98444897 -0.00000003 -0.17567070
vn 0.98444432 -0.00000010 0.17569715
vn 0.98444825 0.00000002 -0.17567524
vn 0.98444808 0.00000000 -0.17567612
vn 0.98444599 0.00000000 0.17568749
vn 0.98444784 0.00000003 -0.17567708
vn 0.98444539 0.00000000 0.17569076
vn -0.50025088 -0.00001114 -0.86588055
vn -0.50024903 -0.00001082 -0.86588162
vn -0.50025064 -0.00001099 -0.86588067
vn -0.50025070 -0.00001084 -0.86588073
vn -0.14584260 0.00000017 -0.98930782
vn 0.50025457 0.00001099 -0.86587834
vn 0.50024903 0.00001117 -0.86588156
vn 0.50025046 0.00001252 -0.86588079
vn 0.50025034 0.00001279 -0.86588085
vn 0.14584342 0.00000245 -0.98930770
vn -0.83406651 0.00001097 0.55166405
vn -0.83406484 -0.00001099 0.55166656
vn -0.83406895 -0.00001099 0.55166018
vn -0.83406794 -0.00001136 0.55166173
vn 0.14584246 0.00000000 0.98930782
vn 0.50025183 -0.00001104 0.86587989
vn 0.14584556 0.00000000 0.98930740
vn 0.50026160 -0.00001046 0.86587441
vn 0.50024080 -0.00001099 0.86588633
vn 0.14583378 0.00000000 0.98930913
vn 0.50023830 -0.00001099 0.86588788
vn 0.14583512 -0.00000001 0.98930895
vn -0.83403683 -0.00000005 -0.55170882
vn -0.83403283 0.00000008 -0.55171478
vn -0.83403361 0.00000000 -0.55171371
vn -0.83403695 0.00000008 -0.55170864
vn 0.83403724 0.00000000 -0.55170810
vn 0.83403689 0.00000008 -0.55170870
vn 0.83404046 -0.00000008 -0.55170333
vn 0.83403957 0.00000051 -0.55170465
vn -0.50030297 0.00000036 0.86585045
vn -0.14584039 0.00000036 0.98930818
vn -0.50030547 0.00000000 0.86584908
vn -0.14584221 -0.00000001 0.98930794
vn -0.14584938 0.00000000 0.98930675
vn -0.50030702 0.00000000 0.86584818
vn -0.14584702 0.00000000 0.98930717
vn -0.50030279 0.00000000 0.86585051
vn 0.83403331 0.00000011 0.55171406
vn 0.83402175 -0.00000010 0.55173153
vn 0.83403707 0.00000000 0.55170840
vn 0.83403277 0.00000000 0.55171496
vn 0.00000221 0.00000000 1.00000000
vn -0.00000070 0.00000000 1.00000000
vn 0.00000000 0.00000000 1.00000000
vn -0.00000019 0.00000000 1.00000000
vn 0.00000804 0.00000000 1.00000000
vn 0.00000804 0.00000000 1.00000000
vn 0.00000804 0.00000000 1.00000000
vn 0.00000804 0.00000000 1.00000000
vn 0.00000000 0.00000000 1.00000000
vn 0.00000000 0.00000000 1.00000000
vn 0.00000000 0.00000000 1.00000000
vn 0.00000047 0.00000000 1.00000000
vn 0.00000053 0.00000000 1.00000000
vn 0.00000000 0.00000000 1.00000000
vn 0.00000000 0.00000000 1.00000000
vn 0.00000000 0.00000000 1.00000000
vn 0.00000000 0.00000000 1.00000000
vn 0.00000012 0.00000033 -1.00000000
vn -0.00000000 0.00000005 -1.00000000
vn 0.00000031 -0.00000027 -1.00000000
vn 0.00000012 0.00000019 -1.00000000
vn 0.00000000 0.00000005 -1.00000000
vn 0.00000000 -0.00000023 -1.00000000
vn 0.97700632 0.00000002 -0.21321031
vn 1.00000000 -0.00000000 0.00000007
vn 1.00000000 -0.00000000 0.00000007
vn 0.97700632 0.00000006 -0.21321030
vn -0.19470215 -0.96773958 -0.15990955
vn 0.19472030 -0.96773493 -0.15991621
vn -0.97700626 0.00000003 -0.21321054
vn -1.00000000 0.00000000 0.00000027
vn -1.00000000 0.00000000 0.00000015
vn -0.97700626 0.00000000 -0.21321064
vn 0.19470410 0.96773940 -0.15990894
vn -0.19466755 0.96774560 -0.15991572
vn 0.82364857 0.54410332 -0.15985817
vn 0.55276859 0.81785417 -0.15987968
vn 0.55279446 -0.81783277 -0.15989950
vn 0.82365566 -0.54409170 -0.15986125
vn -0.82362461 -0.54413944 -0.15985842
vn -0.55275214 -0.81786531 -0.15987952
vn -0.55278099 0.81784379 -0.15988934
vn -0.82364142 0.54411304 -0.15986183
vn 0.55269814 0.81789815 -0.15989845
vn 0.96859324 -0.19048275 -0.15982339
vn -0.55269468 -0.81790042 -0.15989861
vn -0.96859765 0.19046059 -0.15982316
vn 0.96858895 0.19047080 -0.15986371
vn 0.55270869 -0.81789458 -0.15987985
vn -0.96859133 -0.19047421 -0.15984499
vn -0.55271113 0.81789285 -0.15987991
vn -0.16019103 0.00000000 -0.98708606
vn 0.16017373 0.00000000 -0.98708886
vn 0.16017380 0.00000000 -0.98708886
vn -0.16018942 0.00000000 -0.98708630
vn 0.94868475 0.00000000 -0.31622344
vn 0.97698933 -0.00000511 -0.21328813
vn 0.97698921 -0.00000511 -0.21328902
vn 0.94868457 0.00000000 -0.31622413
vn 0.79001343 0.52188599 -0.32173586
vn 0.82365066 0.54408318 -0.15991606
vn 0.96857941 0.19048049 -0.15990984
vn 0.92905903 0.18271504 -0.32165909
vn 0.53019804 0.78441602 -0.32184118
vn 0.55279768 0.81782097 -0.15994930
vn 0.18673760 0.92817336 -0.32190588
vn 0.19471228 0.96772939 -0.15995929
vn 0.55269647 0.81788957 -0.15994763
vn 0.53011006 0.78448731 -0.32181236
vn -0.18672867 0.92817265 -0.32191285
vn -0.19468911 0.96772867 -0.15999225
vn -0.53013122 0.78446233 -0.32183838
vn -0.55271041 0.81787884 -0.15995446
vn -0.79001665 0.52187932 -0.32173848
vn -0.82364327 0.54409128 -0.15992630
vn -0.55277336 0.81783372 -0.15996760
vn -0.53019643 0.78442103 -0.32183129
vn -0.92905110 0.18270113 -0.32169005
vn -0.96856850 0.19048443 -0.15997115
vn -0.94868195 0.00000000 -0.31623203
vn -0.97698677 0.00000507 -0.21329983
vn -0.97698718 0.00000511 -0.21329807
vn -0.94868165 0.00000000 -0.31623283
vn -0.79000038 -0.52190149 -0.32174256
vn -0.82363492 -0.54409349 -0.15996183
vn -0.96858108 -0.19047707 -0.15990356
vn -0.92906183 -0.18271585 -0.32165059
vn -0.53017366 -0.78443587 -0.32183275
vn -0.55277115 -0.81784058 -0.15993971
vn -0.18674022 -0.92817873 -0.32188877
vn -0.19470964 -0.96773374 -0.15993640
vn -0.55272919 -0.81787491 -0.15990973
vn -0.53012359 -0.78447413 -0.32182181
vn 0.18674104 -0.92817575 -0.32189694
vn 0.19469708 -0.96773642 -0.15993515
vn 0.53013146 -0.78448093 -0.32179233
vn 0.55271429 -0.81788814 -0.15989356
vn 0.79000568 -0.52189845 -0.32173461
vn 0.82363003 -0.54411244 -0.15992208
vn 0.55275065 -0.81785154 -0.15995464
vn 0.53018427 -0.78443480 -0.32181793
vn 0.92906231 -0.18269995 -0.32165831
vn 0.96858215 -0.19047937 -0.15989415
vn 0.31621155 0.00000000 -0.94868869
vn 0.31621093 0.00000000 -0.94868892
vn 0.14711674 0.09716853 -0.98433477
vn 0.25930640 0.17130430 -0.95048153
vn 0.30500576 0.05998421 -0.95045960
vn 0.17292087 0.03400847 -0.98434842
vn 0.09879287 0.14616168 -0.98431545
vn 0.17396276 0.25740933 -0.95051432
vn 0.03481607 0.17302524 -0.98430187
vn 0.06126362 0.30446896 -0.95055008
vn -0.03481945 0.17304018 -0.98429918
vn -0.06126817 0.30449489 -0.95054144
vn -0.09880187 0.14618966 -0.98431033
vn -0.17397952 0.25742796 -0.95050615
vn -0.14712675 0.09719775 -0.98433042
vn -0.25932726 0.17132843 -0.95047146
vn -0.17294413 0.03401101 -0.98434424
vn -0.30504361 0.05998996 -0.95044702
vn -0.31624249 0.00000000 -0.94867837
vn -0.31624570 0.00000000 -0.94867730
vn -0.14711328 -0.09717125 -0.98433501
vn -0.25930166 -0.17132132 -0.95047975
vn -0.30501387 -0.05996784 -0.95045805
vn -0.17292619 -0.03399267 -0.98434806
vn -0.09879357 -0.14617613 -0.98431313
vn -0.17396513 -0.25743502 -0.95050693
vn -0.03481434 -0.17305413 -0.98429680
vn -0.06126083 -0.30451915 -0.95053422
vn 0.03481337 -0.17303373 -0.98430043
vn 0.06125981 -0.30449089 -0.95054328
vn 0.09879909 -0.14619884 -0.98430926
vn 0.17396380 -0.25744206 -0.95050520
vn 0.14711456 -0.09718891 -0.98433316
vn 0.25929657 -0.17132370 -0.95048070
vn 0.17292166 -0.03401275 -0.98434812
vn 0.30500081 -0.05998809 -0.95046091
vn -0.98444670 0.00000005 -0.17568341
vn -0.98444647 0.00000000 0.17568526
vn -0.98444688 -0.00000021 0.17568249
vn -0.98444676 0.00000005 -0.17568333
vn -0.00000028 0.00000000 1.00000000
vn -0.00000028 0.00000000 1.00000000
vn 0.00000000 0.00000000 1.00000000
vn 0.00000000 0.00000000 1.00000000
vn -0.00000014 0.00000000 1.00000000
vn -0.00000014 0.00000000 1.00000000
vn -0.00000014 0.00000000 1.00000000
vn 0.98444551 -0.00000020 0.17569010
vn 0.98444802 0.00000005 -0.17567654
vn 0.98444873 0.00000005 -0.17567225
vn 0.98444486 0.00000000 0.17569388
vn -0.14584202 0.00000026 -0.98930788
vn -0.50025046 -0.00001085 -0.86588073
vn -0.50025052 -0.00001081 -0.86588073
vn -0.14584103 0.00000013 -0.98930806
vn 0.14584291 0.00000031 -0.98930770
vn 0.50025117 0.00001114 -0.86588031
vn 0.50024956 0.00001099 -0.86588132
vn 0.14584081 0.00000000 -0.98930812
vn -0.83406413 -0.00001099 0.55166745
vn -0.83406800 -0.00001139 0.55166179
vn 0.14584886 0.00000000 0.98930687
vn 0.50026160 -0.00001099 0.86587441
vn 0.50024891 -0.00001168 0.86588168
vn 0.14584024 -0.00000037 0.98930818
vn -0.83403552 0.00000015 -0.55171078
vn -0.83403492 0.00000016 -0.55171168
vn 0.83404022 0.00000011 -0.55170369
vn 0.83403701 0.00000005 -0.55170846
vn -0.50029868 -0.00000034 0.86585289
vn -0.14583428 -0.00000034 0.98930901
vn -0.14584309 0.00000000 0.98930776
vn -0.50030011 0.00000000 0.86585218
vn 0.83403140 -0.00000019 0.55171698
vn 0.83403355 0.00000000 0.55171382
vn 1.00000000 0.00000000 0.00000036
vn 1.00000000 0.00000000 0.00000036
vn 1.00000000 0.00000000 0.00000043
vn 1.00000000 0.00000000 0.00000043
vn 1.00000000 0.00000000 0.00000043
vn 1.00000000 -0.00000000 0.00000032
vn 1.00000000 -0.00000000 0.00000032
vn 1.00000000 -0.00000000 0.00000032
vn 1.00000000 0.00000000 0.00000034
vn 1.00000000 0.00000000 0.00000031
vn 1.00000000 0.00000000 0.00000044
vn 1.00000000 0.00000000 0.00000044
vn 1.00000000 0.00000000 0.00000044
vn 1.00000000 0.00000000 0.00000033
vn 1.00000000 0.00000000 0.00000033
vn 1.00000000 0.00000000 0.00000033
vn -1.00000000 0.00000000 -0.00000000
vn -1.00000000 0.00000000 -0.00000000
vn -1.00000000 0.00000000 -0.00000175
vn -1.00000000 0.00000000 -0.00000175
vn -1.00000000 0.00000000 -0.00000175
vn -1.00000000 0.00000000 -0.00000000
vn -1.00000000 0.00000000 -0.00000000
vn -1.00000000 0.00000000 -0.00000163
vn -1.00000000 0.00000000 -0.00000230
vn -1.00000000 0.00000000 -0.00000000
vn -1.00000000 0.00000000 -0.00000000
vn -1.00000000 0.00000000 -0.00000000
vn -1.00000000 0.00000000 -0.00000000
vn 1.00000000 0.00000000 -0.00000026
vn 1.00000000 -0.00000000 -0.00000036
vn 1.00000000 0.00000000 -0.00000000
vn 1.00000000 0.00000000 -0.00000000
vn 1.00000000 0.00000000 -0.00000000
vn 1.00000000 0.00000000 -0.00000000
vn 1.00000000 -0.00000000 -0.00000035
vn 1.00000000 0.00000000 -0.00000027
vn 1.00000000 0.00000000 -0.00000000
vn 1.00000000 0.00000000 -0.00000000
vn 1.00000000 0.00000000 -0.00000000
vn 1.00000000 0.00000000 -0.00000000
vn -1.00000000 0.00000000 -0.00000000
vn -1.00000000 0.00000000 -0.00000000
vn -1.00000000 0.00000000 -0.00000000
vn -1.00000000 0.00000000 -0.00000000
vn -1.00000000 0.00000000 0.00000007
vn -1.00000000 0.00000000 0.00000038
vn -1.00000000 0.00000000 -0.00000170
vn -1.00000000 0.00000000 -0.00000170
vn -1.00000000 0.00000000 -0.00000170
vn -1.00000000 0.00000000 0.00000170
vn -1.00000000 0.00000000 0.00000170
vn -1.00000000 0.00000000 0.00000170
vn 0.20565946 0.00000024 -0.97862363
vn 0.20566228 0.00000035 -0.97862303
vn 0.20565863 0.00000006 -0.97862387
vn 0.20566131 0.00000026 -0.97862327
vn 0.20565853 0.00000065 -0.97862381
vn -0.20566118 0.00000020 -0.97862327
vn -0.20566194 0.00000013 -0.97862309
vn -0.20565668 0.00000015 -0.97862428
vn -0.20566407 0.00000029 -0.97862273
vn -0.20565751 0.00000042 -0.97862411
vn 0.96952736 0.00000023 -0.24498321
vn 0.99235237 0.00000012 -0.12343713
vn 0.96952748 0.00000002 -0.24498248
vn 0.99235231 0.00000000 -0.12343768
vn 0.96952742 0.00000000 -0.24498294
vn 0.99235249 0.00000000 -0.12343647
vn 0.96952736 0.00000012 -0.24498338
vn 0.99235231 0.00000006 -0.12343798
vn -0.96952766 0.00000011 -0.24498187
vn -0.99235249 0.00000007 -0.12343651
vn -0.96952611 -0.00000036 -0.24498799
vn -0.99235213 -0.00000017 -0.12343986
vn -0.96952683 0.00000011 -0.24498521
vn -0.99235237 0.00000006 -0.12343727
vn -0.96952903 0.00000001 -0.24497673
vn -0.99235272 0.00000000 -0.12343492
vn 0.40252662 0.00000052 -0.91540837
vn 0.40252647 0.00000064 -0.91540837
vn 0.40252677 0.00000039 -0.91540825
vn 0.40252686 0.00000028 -0.91540819
vn -0.40252879 0.00000002 -0.91540730
vn -0.40252838 0.00000028 -0.91540754
vn -0.40252987 0.00000074 -0.91540682
vn -0.40252569 0.00000027 -0.91540879
vn 0.40252146 0.00000019 -0.91541064
vn 0.40252119 0.00000021 -0.91541064
vn -0.40252271 0.00000000 -0.91541004
vn -0.40251270 0.00000016 -0.91541439
vn 0.96952718 0.00000000 -0.24498403
vn 0.96952713 0.00000000 -0.24498406
vn 0.96952718 0.00000000 -0.24498379
vn 0.96952718 0.00000000 -0.24498379
vn 0.96952718 0.00000000 -0.24498379
vn 0.96952718 0.00000000 -0.24498369
vn 0.96952718 0.00000000 -0.24498369
vn 0.96952718 0.00000000 -0.24498369
vn 0.96952730 0.00000000 -0.24498318
vn 0.96952736 0.00000000 -0.24498317
vn 0.96952748 0.00000000 -0.24498294
vn 0.96952748 0.00000000 -0.24498294
vn 0.96952748 0.00000000 -0.24498294
vn 0.96952730 0.00000000 -0.24498324
vn 0.96952730 0.00000000 -0.24498324
vn 0.96952730 0.00000000 -0.24498324
vn -0.96952724 0.00000007 -0.24498388
vn -0.96952724 0.00000006 -0.24498340
vn -0.96952170 0.00000006 -0.24500544
vn -0.96952188 0.00000006 -0.24500488
vn -0.00000070 0.00000000 1.00000000
vn -0.00000048 -0.00000053 1.00000000
vn 0.00000804 0.00000000 1.00000000
vn 0.00000804 0.00000000 1.00000000
vn 0.00000804 0.00000000 1.00000000
vn 0.00000804 0.00000000 1.00000000
vn 0.00000000 0.00000000 1.00000000
vn 0.00000000 -0.00000235 1.00000000
vn 0.00000000 -0.00000235 1.00000000
vn 0.00000000 -0.00000235 1.00000000
vn 0.00000000 0.00000000 1.00000000
vn 0.00000000 0.00000000 1.00000000
vn 0.00000000 0.00000000 1.00000000
vn 0.00000030 0.00000054 -1.00000000
vn 0.00000000 0.00000000 -1.00000000
vn 0.00000030 0.00000040 -1.00000000
vn 0.00000000 0.00000000 -1.00000000
vn 0.98709422 -0.00000767 -0.16014063
vn 1.00000000 -0.00000000 0.00000034
vn 0.98709422 -0.00000745 -0.16014065
vn 0.98709422 0.00000789 -0.16014065
vn 0.98709422 0.00000768 -0.16014065
vn 1.00000000 0.00000000 0.00000042
vn 1.00000000 0.00000000 0.00000052
vn 1.00000000 0.00000000 0.00000059
vn -0.98709422 -0.00000768 -0.16014072
vn -0.98709422 -0.00000768 -0.16014072
vn -0.98709422 0.00000767 -0.16014072
vn -0.98709422 0.00000767 -0.16014072
vn -1.00000000 0.00000000 -0.00000000
vn -1.00000000 0.00000000 -0.00000000
vn 0.16017590 0.00000110 -0.98708850
vn -0.16017003 0.00000086 -0.98708946
vn 0.16017380 0.00000086 -0.98708880
vn -0.16019019 0.00000086 -0.98708618
vn -0.16017978 0.00000075 -0.98708785
vn 0.16018772 0.00000000 -0.98708665
vn -0.16019145 0.00000000 -0.98708594
vn 0.16018799 0.00000083 -0.98708653
vn 0.98708147 0.00000814 -0.16021900
vn 0.94868481 0.00000071 -0.31622326
vn 0.98708147 -0.00000732 -0.16021910
vn 0.94868487 0.00000035 -0.31622314
vn 0.94868207 0.00000000 -0.31623152
vn 0.98708004 -0.00000768 -0.16022776
vn 0.94868416 0.00000000 -0.31622523
vn 0.98708123 0.00000746 -0.16022108
vn -0.98707634 0.00000768 -0.16025072
vn -0.94867450 0.00000000 -0.31625423
vn -0.98707896 -0.00000767 -0.16023473
vn -0.94867975 0.00000000 -0.31623825
vn -0.94868100 0.00000000 -0.31623495
vn -0.98707980 -0.00000767 -0.16022970
vn -0.94868070 0.00000000 -0.31623560
vn -0.98707938 0.00000768 -0.16023163
vn 0.31621152 0.00000000 -0.94868881
vn 0.31621018 0.00000000 -0.94868916
vn 0.31623879 0.00000001 -0.94867963
vn 0.31623933 0.00000151 -0.94867945
vn -0.31621867 0.00000129 -0.94868642
vn -0.31624413 0.00000004 -0.94867790
vn -0.31620598 0.00000000 -0.94869065
vn -0.31624559 0.00000000 -0.94867736
vn 0.99674320 0.05702016 -0.05702433
vn 0.99674332 -0.05702281 -0.05701919
vn 0.99674332 0.05702284 0.05701896
vn 0.99674314 -0.05702013 0.05702452
vn 0.99673969 0.05705345 -0.05705211
vn 0.99673915 -0.05705657 -0.05705926
vn 0.99673927 0.05705768 0.05705518
vn 0.99673921 -0.05705693 0.05705628
vn 0.12321988 0.00000000 -0.99237943
vn 0.12319088 0.00000000 -0.99238306
vn 0.00000000 0.00000000 -1.00000000
vn 0.00000000 0.00000000 -1.00000000
vn 0.12320578 0.99238116 0.00000035
vn 0.12321128 0.99238050 0.00000032
vn 0.00000000 1.00000000 0.00000034
vn 0.00000000 1.00000000 0.00000034
vn 0.12320367 -0.00000044 0.99238139
vn 0.12320748 -0.00000044 0.99238092
vn -0.00000020 0.00000000 1.00000000
vn 0.00000000 0.00000000 1.00000000
vn 0.12318376 -0.99238396 -0.00000035
vn 0.12321253 -0.99238038 -0.00000032
vn 0.00000036 -1.00000000 -0.00000034
vn 0.00000082 -1.00000000 -0.00000034
vn 0.12320383 0.00000085 -0.99238139
vn 0.12319247 0.00000000 -0.99238282
vn 0.00000000 0.00000000 -1.00000000
vn 0.00000000 0.00000000 -1.00000000
vn 0.12322874 0.99237835 -0.00000000
vn 0.12318762 0.99238342 -0.00000000
vn 0.00000000 1.00000000 -0.00000000
vn 0.00000000 1.00000000 -0.00000000
vn 0.12320419 -0.00000074 0.99238133
vn 0.12320898 -0.00000043 0.99238074
vn 0.00000000 -0.00000062 1.00000000
vn 0.00000000 -0.00000128 1.00000000
vn 0.12323017 -0.99237812 -0.00000000
vn 0.12323492 -0.99237758 -0.00000000
vn 0.00000000 -1.00000000 -0.00000000
vn 0.00000000 -1.00000000 -0.00000000
vn 0.22937952 0.00000000 -0.97333705
vn 0.22943954 0.00000000 -0.97332293
vn 0.22941600 0.97332847 0.00000030
vn 0.22941355 0.97332907 0.00000035
vn 0.22940940 -0.00000082 0.97333002
vn 0.22940902 -0.00000081 0.97333014
vn 0.22941583 -0.97332859 -0.00000030
vn 0.22937045 -0.97333926 -0.00000035
vn 0.22938007 0.00000003 -0.97333699
vn 0.22940764 0.00000160 -0.97333044
vn 0.22937395 0.97333837 -0.00000000
vn 0.22945683 0.97331882 -0.00000000
vn 0.22940999 -0.00000081 0.97332996
vn 0.22940792 -0.00000080 0.97333038
vn 0.22945949 -0.97331822 -0.00000000
vn 0.22945668 -0.97331887 -0.00000000
vn 0.99673861 0.05705120 -0.05707330
vn 0.94868785 0.22359829 -0.22359632
vn 0.94868988 -0.22358924 -0.22359642
vn 0.99673742 -0.05707640 -0.05706745
vn 0.99673671 0.05708739 0.05707110
vn 0.94868690 0.22360295 0.22359566
vn 0.99673516 -0.05710847 0.05707680
vn 0.94868785 -0.22359690 0.22359768
vn 0.94868845 0.22359684 -0.22359504
vn 0.94868106 -0.22361729 -0.22360593
vn 0.94868320 0.22361481 0.22359915
vn 0.94868141 -0.22362551 0.22359610
vn 0.94868445 0.00000000 -0.31622446
vn 0.94868445 0.00000000 -0.31622446
vn 0.93084240 0.19303019 -0.31027719
vn 0.93342561 0.17863220 -0.31113881
vn -0.17868398 -0.93339956 -0.31118703
vn -0.19302575 -0.93083096 -0.31031394
vn 0.19301993 -0.93083835 -0.31029549
vn 0.17854872 -0.93336546 -0.31136706
vn -0.94868904 0.00000000 -0.31621057
vn -0.94868898 0.00000000 -0.31621054
vn -0.93084806 -0.19302981 -0.31026030
vn -0.93343031 -0.17863272 -0.31112427
vn 0.17832261 0.93347603 -0.31116506
vn 0.19271031 0.93082947 -0.31051451
vn -0.19300285 0.93083483 -0.31031680
vn -0.17866078 0.93341357 -0.31115821
vn 0.24127841 0.30319917 -0.92187583
vn 0.18164454 0.30824676 -0.93380362
vn 0.31074890 0.18160498 -0.93298167
vn 0.30676123 0.24293090 -0.92026198
vn 0.30656415 -0.24174899 -0.92063886
vn 0.31098145 -0.18148929 -0.93292665
vn 0.18098116 -0.30826783 -0.93392545
vn 0.23999165 -0.30319360 -0.92221344
vn -0.24372599 -0.30681840 -0.92003268
vn -0.18211654 -0.31102672 -0.93278933
vn -0.31095329 -0.18210663 -0.93281585
vn -0.30670261 -0.24367473 -0.92008489
vn -0.30671144 0.24370952 -0.92007267
vn -0.31094587 0.18211873 -0.93281585
vn -0.18215363 0.31102839 -0.93278152
vn -0.24375565 0.30680493 -0.92002928
vn 0.31573057 0.05634546 -0.94717449
vn 0.31541303 0.07195728 -0.94622236
vn 0.07134406 0.31521749 -0.94633400
vn 0.05596007 0.31573573 -0.94719559
vn 0.05614315 -0.31552440 -0.94725513
vn 0.07179093 -0.31541118 -0.94623560
vn 0.31541196 -0.07195611 -0.94622284
vn 0.31572944 -0.05634437 -0.94717491
vn -0.31572759 -0.05634440 -0.94717550
vn -0.31540889 -0.07195636 -0.94622391
vn -0.07195932 -0.31538609 -0.94623125
vn -0.05639084 -0.31569740 -0.94718277
vn -0.05637665 0.31571385 -0.94717818
vn -0.07192703 0.31537393 -0.94623768
vn -0.31541133 0.07195875 -0.94622284
vn -0.31572846 0.05634720 -0.94717503
vn 0.94868416 0.00000000 -0.31622514
vn 0.94868416 0.00000000 -0.31622514
vn 0.94868416 0.00000000 -0.31622514
vn 0.94868469 0.00000000 -0.31622359
vn 0.94868469 0.00000000 -0.31622359
vn 0.94868469 0.00000000 -0.31622359
vn 0.94868457 0.00000004 -0.31622410
vn 0.94868457 0.00000004 -0.31622410
vn 0.94868457 0.00000004 -0.31622410
vn 0.94868451 0.00000004 -0.31622419
vn 0.94868451 0.00000004 -0.31622419
vn 0.94868451 0.00000004 -0.31622419
vn 0.94868422 0.00000020 -0.31622499
vn 0.94868422 0.00000020 -0.31622499
vn 0.94868422 0.00000020 -0.31622499
vn 0.94868469 0.00000020 -0.31622350
vn 0.94868469 0.00000020 -0.31622350
vn 0.94868469 0.00000020 -0.31622350
vn 0.93342513 -0.17863771 -0.31113681
vn 0.93084234 -0.19303004 -0.31027716
vn 0.94868463 0.00000000 -0.31622371
vn 0.94868463 0.00000000 -0.31622368
vn -0.94868517 0.00000000 -0.31622213
vn -0.94868517 0.00000000 -0.31622213
vn -0.94868517 0.00000000 -0.31622213
vn -0.94868511 0.00000000 -0.31622261
vn -0.94868511 0.00000000 -0.31622261
vn -0.94868511 0.00000000 -0.31622261
vn -0.94868958 0.00000004 -0.31620875
vn -0.94868958 0.00000004 -0.31620875
vn -0.94868958 0.00000004 -0.31620875
vn -0.94868279 0.00000004 -0.31622925
vn -0.94868279 0.00000004 -0.31622925
vn -0.94868279 0.00000004 -0.31622925
vn -0.94868851 0.00000020 -0.31621212
vn -0.94868851 0.00000020 -0.31621212
vn -0.94868851 0.00000020 -0.31621212
vn -0.94868839 0.00000020 -0.31621248
vn -0.94868839 0.00000020 -0.31621248
vn -0.94868839 0.00000020 -0.31621248
vn -0.93342572 0.17863803 -0.31113473
vn -0.93084300 0.19302990 -0.31027532
vn -0.94869167 0.00000000 -0.31620273
vn -0.94869196 0.00000000 -0.31620201
vn 0.31623253 0.00000000 -0.94868165
vn 0.31623256 0.00000000 -0.94868177
vn -0.31623119 0.00000000 -0.94868213
vn -0.31623119 0.00000000 -0.94868213
vn 0.55408347 0.78890967 -0.26573133
vn 0.51873398 0.81019276 -0.27295226
vn 0.81150615 0.51769078 -0.27102396
vn 0.78958577 0.55433023 -0.26319641
vn 0.78988576 -0.55356276 -0.26391053
vn 0.81187546 -0.51731861 -0.27062836
vn 0.51806700 -0.81065345 -0.27285111
vn 0.55316848 -0.78936183 -0.26629409
vn -0.55432981 -0.78962129 -0.26309082
vn -0.51798403 -0.81152743 -0.27039936
vn -0.81145024 -0.51806349 -0.27047908
vn -0.78956997 -0.55436170 -0.26317763
vn -0.78957570 0.55436450 -0.26315439
vn -0.81144822 0.51808864 -0.27043658
vn -0.51801735 0.81149995 -0.27041790
vn -0.55437446 0.78958261 -0.26311263
vn 0.51869196 0.81020623 -0.27299151
vn 0.55403620 0.78892899 -0.26577225
vn 0.55308586 -0.78941464 -0.26630929
vn 0.51802772 -0.81067312 -0.27286685
vn -0.78961313 -0.55428702 -0.26320556
vn -0.81148911 -0.51799530 -0.27049252
vn -0.81149125 0.51799488 -0.27048713
vn -0.78959465 0.55432713 -0.26317653
vn 0.31623259 0.00000000 -0.94868171
vn 0.31623259 0.00000000 -0.94868171
vn 0.31623259 0.00000000 -0.94868171
vn 0.31623259 0.00000000 -0.94868171
vn 0.31623238 0.00000018 -0.94868183
vn 0.31623238 0.00000018 -0.94868183
vn 0.31623238 0.00000018 -0.94868183
vn 0.31623280 0.00000009 -0.94868171
vn 0.31623280 0.00000009 -0.94868171
vn 0.31623280 0.00000009 -0.94868171
vn 0.31623250 0.00000039 -0.94868177
vn 0.31623250 0.00000039 -0.94868177
vn 0.31623250 0.00000039 -0.94868177
vn 0.31623295 0.00000039 -0.94868165
vn 0.31623295 0.00000039 -0.94868165
vn 0.31623295 0.00000039 -0.94868165
vn 0.31623247 0.00000000 -0.94868171
vn 0.31623247 0.00000000 -0.94868177
vn -0.31623223 0.00000000 -0.94868183
vn -0.31623223 0.00000000 -0.94868183
vn -0.31623223 0.00000000 -0.94868183
vn -0.31623223 0.00000000 -0.94868183
vn -0.31623283 0.00000018 -0.94868159
vn -0.31623283 0.00000018 -0.94868159
vn -0.31623283 0.00000018 -0.94868159
vn -0.31623283 0.00000009 -0.94868159
vn -0.31623283 0.00000009 -0.94868159
vn -0.31623283 0.00000009 -0.94868159
vn -0.31622705 0.00000040 -0.94868362
vn -0.31622705 0.00000040 -0.94868362
vn -0.31622705 0.00000040 -0.94868362
vn -0.31623453 0.00000040 -0.94868112
vn -0.31623453 0.00000040 -0.94868112
vn -0.31623453 0.00000040 -0.94868112
vn -0.31622753 0.00000000 -0.94868344
vn -0.31622750 0.00000000 -0.94868338
vn 1.00000000 0.00000000 -0.00000014
vn 1.00000000 0.00000000 -0.00000014
vn 1.00000000 0.00000000 -0.00000014
vn 1.00000000 0.00000000 -0.00000000
vn 1.00000000 0.00000000 -0.00000000
vn 1.00000000 0.00000000 -0.00000000
vn 1.00000000 0.00000000 -0.00000000
vn 1.00000000 0.00000000 -0.00000000
vn 1.00000000 0.00000000 -0.00000000
vn 1.00000000 0.00000000 -0.00000000
vn 1.00000000 0.00000000 -0.00000000
vn 1.00000000 0.00000000 -0.00000000
vn 1.00000000 0.00000000 -0.00000000
vn 1.00000000 0.00000000 -0.00000000
vn 1.00000000 0.00000000 -0.00000000
vn 1.00000000 0.00000000 -0.00000000
vn 1.00000000 0.00000000 -0.00000000
vn 1.00000000 0.00000000 -0.00000000
vn -1.00000000 0.00000000 -0.00000000
vn -1.00000000 0.00000000 -0.00000000
vn -1.00000000 0.00000000 -0.00000000
vn -1.00000000 0.00000000 -0.00000000
vn -1.00000000 0.00000000 -0.00000000
vn -1.00000000 0.00000000 -0.00000000
vn -1.00000000 0.00000000 -0.00000000
vn -1.00000000 0.00000000 -0.00000000
vn 0.96952754 0.00000000 -0.24498245
vn 0.99247652 0.00000000 -0.12243465
vn 1.00000000 0.00000103 0.00002695
vn 0.99999994 -0.00000100 -0.00030861
vn 0.99999994 -0.00000100 -0.00030861
vn 0.99999994 0.00001123 -0.00029471
vn 1.00000000 0.00000961 0.00018467
vn 1.00000000 -0.00000094 0.00018452
vn 0.96952772 0.00000000 -0.24498178
vn 0.99247634 0.00000000 -0.12243652
vn 0.99999994 -0.00000704 -0.00029682
vn 1.00000000 -0.00000822 0.00017759
vn 1.00000000 -0.00000824 0.00004126
vn 1.00000000 -0.00000141 -0.00028925
vn -0.96952850 -0.00000010 -0.24497864
vn -0.99247688 0.00000000 -0.12243229
vn -0.96952671 0.00000000 -0.24498574
vn -0.99247587 0.00000000 -0.12244034
vn -1.00000000 -0.00000483 0.00008575
vn -1.00000000 0.00000386 0.00008600
vn -1.00000000 0.00000982 0.00008604
vn -1.00000000 0.00000479 -0.00023799
vn -1.00000000 0.00000479 -0.00023799
vn -1.00000000 0.00000479 -0.00023799
vn 0.40252706 0.00000000 -0.91540819
vn 0.99999988 0.00000000 0.00050620
vn 0.99999988 0.00000000 0.00050620
vn 0.99999988 0.00000000 0.00050620
vn 1.00000000 -0.00000656 0.00011045
vn 1.00000000 0.00000860 0.00010972
vn 0.99999988 0.00001723 0.00044517
vn 0.14218625 0.00000000 -0.98983991
vn 0.40252626 0.00000000 -0.91540849
vn 1.00000000 -0.00000545 0.00015444
vn 0.99999988 0.00000000 0.00048996
vn 0.99999988 0.00000000 0.00048996
vn 0.99999994 -0.00001525 0.00041642
vn 0.99999994 -0.00001525 0.00041642
vn 0.99999994 -0.00001525 0.00041642
vn -0.40252185 0.00000000 -0.91541046
vn -0.14218554 0.00000000 -0.98983997
vn -0.40252122 0.00000000 -0.91541058
vn -1.00000000 0.00000725 0.00001974
vn -1.00000000 0.00000000 0.00035523
vn -1.00000000 0.00000000 0.00035523
vn -1.00000000 0.00001339 0.00029729
vn -1.00000000 0.00001339 0.00029729
vn -1.00000000 0.00001339 0.00029729
vn 1.00000000 0.00000000 0.00000007
vn 0.97700632 0.00000006 -0.21321031
vn 1.00000000 0.00000000 0.00000009
vn 1.00000000 0.00000000 0.00000009
vn 1.00000000 0.00000000 0.00000009
vn 1.00000000 0.00000000 0.00000006
vn 1.00000000 0.00000000 0.00000006
vn 1.00000000 0.00000000 0.00000006
vn 0.97700632 0.00000003 -0.21321033
vn 1.00000000 0.00000000 0.00000009
vn 1.00000000 0.00000000 0.00000007
vn 1.00000000 0.00000000 0.00000007
vn 1.00000000 0.00000000 0.00000007
vn 1.00000000 0.00000000 0.00000008
vn 1.00000000 0.00000000 0.00000008
vn 1.00000000 0.00000000 0.00000008
vn 1.00000000 0.00000000 -0.00000000
vn 1.00000000 0.00000000 -0.00000000
vn 1.00000000 -0.00000213 -0.00000108
vn 1.00000000 -0.00000213 -0.00000108
vn 1.00000000 -0.00000213 -0.00000108
vn 1.00000000 -0.00000567 -0.00033552
vn -0.97700632 0.00000004 -0.21321039
vn -1.00000000 0.00000000 -0.00000000
vn -1.00000000 0.00000000 -0.00000000
vn -0.97700632 0.00000003 -0.21321039
vn -1.00000000 0.00000554 -0.00000000
vn -0.99999994 0.00003456 -0.00033431
vn -0.99999994 0.00002882 -0.00033476
vn -1.00000000 0.00000000 -0.00000000
vn 0.16017318 0.00000000 -0.98708898
vn -0.16018681 0.00000000 -0.98708671
vn -0.16018693 0.00000000 -0.98708677
vn 0.16017318 0.00000003 -0.98708892
vn 0.97698957 -0.00000511 -0.21328720
vn 0.94868511 0.00000000 -0.31622246
vn 0.94868499 0.00000000 -0.31622261
vn 0.97698945 -0.00000511 -0.21328750
vn -0.97698212 0.00000511 -0.21332163
vn -0.94867450 0.00000000 -0.31625414
vn -0.94867468 0.00000000 -0.31625360
vn -0.97698265 0.00000511 -0.21331865
vn 0.31621164 0.00000000 -0.94868875
vn 0.31621033 0.00000000 -0.94868910
vn -0.31623983 0.00000000 -0.94867927
vn -0.31623983 0.00000000 -0.94867933
vn 0.20230944 0.00000000 -0.97932172
vn 0.20230944 0.00000000 -0.97932172
vn 0.20230944 0.00000000 -0.97932172
vn 0.20230909 0.00000000 -0.97932166
vn 0.20230909 0.00000000 -0.97932166
vn 0.20230909 0.00000000 -0.97932166
vn 0.20231187 0.97932112 0.00000017
vn 0.20231187 0.97932112 0.00000017
vn 0.20231187 0.97932112 0.00000017
vn 0.20230655 0.97932225 0.00000017
vn 0.20230655 0.97932225 0.00000017
vn 0.20230655 0.97932225 0.00000017
vn 0.20231387 0.97932070 -0.00000000
vn 0.20231387 0.97932070 -0.00000000
vn 0.20231387 0.97932070 -0.00000000
vn 0.20230688 0.97932220 -0.00000000
vn 0.20230688 0.97932220 -0.00000000
vn 0.20230688 0.97932220 -0.00000000
vn 0.20231166 0.97932118 -0.00000021
vn 0.21456805 0.97640002 -0.02456625
vn 0.20232578 0.97923434 -0.01282434
vn 0.20231266 0.97932106 -0.00000027
vn 0.26019180 0.93857455 -0.22666760
vn 0.23322426 0.90602332 -0.35316873
vn 0.20783047 0.73515660 -0.64525294
vn 0.23378666 -0.85397428 -0.46483526
vn 0.23812813 -0.96472633 -0.11224141
vn 0.25806007 -0.93961531 -0.22478446
vn 0.20225334 -0.97913897 -0.01950546
vn 0.21576230 -0.97638929 -0.01051509
vn 0.20230088 -0.97932351 -0.00000000
vn 0.20230304 -0.97932303 -0.00000000
vn 0.20230688 -0.97932220 -0.00000058
vn 0.20230688 -0.97932220 -0.00000058
vn 0.20230688 -0.97932220 -0.00000058
vn 0.20230706 -0.97932220 -0.00000000
vn 0.20230706 -0.97932220 -0.00000000
vn 0.20230706 -0.97932220 -0.00000000
vn 0.20229942 -0.97932374 -0.00000006
vn 0.20229942 -0.97932374 -0.00000006
vn 0.20229942 -0.97932374 -0.00000006
vn 0.20231286 -0.97932094 -0.00000014
vn 0.20231286 -0.97932094 -0.00000014
vn 0.20231286 -0.97932094 -0.00000014
vn 0.20230855 0.00000000 -0.97932190
vn 0.20230855 0.00000000 -0.97932190
vn 0.20230855 0.00000000 -0.97932190
vn 0.20231035 0.00000000 -0.97932148
vn 0.20231035 0.00000000 -0.97932148
vn 0.20231035 0.00000000 -0.97932148
vn 0.20231131 0.97932130 0.00000016
vn 0.20231131 0.97932130 0.00000016
vn 0.20231131 0.97932130 0.00000016
vn 0.20231494 0.97932059 0.00000017
vn 0.20231494 0.97932059 0.00000017
vn 0.20231494 0.97932059 0.00000017
vn 0.20231317 0.97932088 -0.00000000
vn 0.20231317 0.97932088 -0.00000000
vn 0.20231317 0.97932088 -0.00000000
vn 0.20231335 0.97932088 -0.00000000
vn 0.20231335 0.97932088 -0.00000000
vn 0.20231335 0.97932088 -0.00000000
vn 0.20230298 0.97932297 -0.00000000
vn 0.21453838 0.97667331 -0.00908884
vn 0.20231372 0.97931170 0.00422645
vn 0.20230038 0.97932351 -0.00000000
vn 0.26223633 0.95402294 -0.14516367
vn 0.23980403 0.94032079 -0.24143535
vn 0.23378244 0.85396707 -0.46485052
vn 0.20781660 -0.73517978 -0.64523095
vn 0.23663241 -0.95186073 -0.19484925
vn 0.25247857 -0.90713972 -0.33667800
vn 0.20226942 -0.97870129 -0.03508513
vn 0.21575096 -0.97606295 -0.02743612
vn 0.20231184 -0.97932124 -0.00000000
vn 0.20231184 -0.97932118 -0.00000000
vn 0.20231335 -0.97932088 -0.00000000
vn 0.20231335 -0.97932088 -0.00000000
vn 0.20231335 -0.97932088 -0.00000000
vn 0.20229952 -0.97932369 -0.00000000
vn 0.20229952 -0.97932369 -0.00000000
vn 0.20229952 -0.97932369 -0.00000000
vn 0.20231640 -0.97932029 -0.00000014
vn 0.20231640 -0.97932029 -0.00000014
vn 0.20231640 -0.97932029 -0.00000014
vn 0.20231234 -0.97932106 -0.00000014
vn 0.20231234 -0.97932106 -0.00000014
vn 0.20231234 -0.97932106 -0.00000014
vn -0.20230760 0.00000000 -0.97932202
vn -0.20230760 0.00000000 -0.97932202
vn -0.20230760 0.00000000 -0.97932202
vn -0.20230491 0.00000000 -0.97932261
vn -0.20230491 0.00000000 -0.97932261
vn -0.20230491 0.00000000 -0.97932261
vn -0.20229448 -0.97932482 -0.00000014
vn -0.20229448 -0.97932482 -0.00000014
vn -0.20229448 -0.97932482 -0.00000014
vn -0.20231463 -0.97932053 -0.00000014
vn -0.20231463 -0.97932053 -0.00000014
vn -0.20231463 -0.97932053 -0.00000014
vn -0.20229669 -0.97932422 -0.00000000
vn -0.20229669 -0.97932422 -0.00000000
vn -0.20229669 -0.97932422 -0.00000000
vn -0.20231053 -0.97932142 -0.00000000
vn -0.20231053 -0.97932142 -0.00000000
vn -0.20231053 -0.97932142 -0.00000000
vn -0.20230924 -0.97932172 -0.00000000
vn -0.21456626 -0.97640073 -0.02455838
vn -0.20231777 -0.97923613 -0.01281270
vn -0.20230982 -0.97932166 -0.00000000
vn -0.26020613 -0.93857098 -0.22666556
vn -0.23322833 -0.90602267 -0.35316786
vn -0.20783728 -0.73515064 -0.64525747
vn -0.23378429 0.85398138 -0.46482331
vn -0.23812623 0.96472627 -0.11224605
vn -0.25805974 0.93961477 -0.22478701
vn -0.20224954 0.97913975 -0.01950992
vn -0.21575812 0.97639024 -0.01051999
vn -0.20230842 0.97932184 -0.00000000
vn -0.20230787 0.97932202 -0.00000000
vn -0.20231053 0.97932142 -0.00000000
vn -0.20231053 0.97932142 -0.00000000
vn -0.20231053 0.97932142 -0.00000000
vn -0.20229669 0.97932422 -0.00000000
vn -0.20229669 0.97932422 -0.00000000
vn -0.20229669 0.97932422 -0.00000000
vn -0.20231111 0.97932124 0.00000014
vn -0.20231111 0.97932124 0.00000014
vn -0.20231111 0.97932124 0.00000014
vn -0.20229545 0.97932458 0.00000014
vn -0.20229545 0.97932458 0.00000014
vn -0.20229545 0.97932458 0.00000014
vn -1.00000000 0.00000000 0.00003080
vn -1.00000000 0.00000000 0.00003080
vn -1.00000000 0.00000000 0.00003080
vn -1.00000000 0.00000000 -0.00000000
vn -1.00000000 0.00000000 -0.00000000
vn -1.00000000 0.00000000 -0.00000000
vn -1.00000000 0.00000000 0.00001540
vn -1.00000000 0.00000000 0.00001540
vn -1.00000000 0.00000000 0.00001540
vn -1.00000000 0.00000000 0.00001099
vn -1.00000000 0.00000000 0.00001099
vn -1.00000000 0.00000000 0.00001099
vn -1.00000000 0.00000000 -0.00000000
vn -1.00000000 0.00000000 -0.00000000
vn -1.00000000 0.00000000 -0.00000311
vn -1.00000000 0.00000000 -0.00000311
vn -1.00000000 0.00000000 -0.00000311
vn -1.00000000 0.00000000 0.00001354
vn -1.00000000 0.00000000 0.00001354
vn -1.00000000 0.00000000 0.00001354
vn -1.00000000 0.00000000 -0.00001056
vn -1.00000000 0.00000000 -0.00001056
vn -1.00000000 0.00000000 -0.00001056
vn -1.00000000 0.00000000 -0.00000000
vn -1.00000000 0.00000000 -0.00000000
vn -1.00000000 0.00000000 -0.00000000
vn -1.00000000 0.00000000 0.00001099
vn -1.00000000 0.00000000 0.00001099
vn -1.00000000 0.00000000 0.00001099
vn -1.00000000 0.00000000 -0.00000000
vn -1.00000000 0.00000000 -0.00000000
vn -1.00000000 0.00000000 -0.00000000
vn -1.00000000 0.00000000 -0.00000000
vn -1.00000000 0.00000000 -0.00000000
vn -1.00000000 0.00000000 -0.00010085
vn -1.00000000 0.00000000 -0.00010085
vn -1.00000000 0.00000000 -0.00010085
vn -1.00000000 0.00000000 -0.00000000
vn -1.00000000 0.00000000 -0.00000000
vn -1.00000000 0.00000000 -0.00000000
vn -1.00000000 0.00000000 0.00001003
vn -1.00000000 0.00000000 0.00001003
vn -1.00000000 0.00000000 0.00001003
vn -1.00000000 0.00000000 -0.00000852
vn -1.00000000 0.00000000 -0.00000852
vn -1.00000000 0.00000000 -0.00000852
vn -1.00000000 0.00000000 -0.00000000
vn -1.00000000 0.00000000 -0.00000000
vn -1.00000000 0.00000000 -0.00000000
vn -1.00000000 0.00000000 -0.00000000
vn -1.00000000 0.00000000 0.00000860
vn -1.00000000 0.00000000 0.00000860
vn -1.00000000 0.00000000 0.00000860
vn -1.00000000 0.00000000 -0.00000000
vn -1.00000000 0.00000000 -0.00000000
vn -1.00000000 0.00000000 -0.00000000
vn -1.00000000 0.00000000 -0.00000000
vn -1.00000000 0.00000000 0.00002111
vn -1.00000000 0.00000000 0.00002111
vn -1.00000000 0.00000000 0.00002111
vn -1.00000000 0.00000000 -0.00000000
vn -1.00000000 0.00000000 -0.00000000
vn -0.99999291 -0.00057556 -0.00374233
vn -0.99999291 -0.00057554 -0.00374241
vn -0.99999291 -0.00057468 -0.00374229
vn -1.00000000 0.00000000 0.00007399
vn -0.64125216 -0.12607935 0.75690132
vn -1.00000000 0.00000000 -0.00000904
vn -1.00000000 0.00000000 0.00001610
vn -1.00000000 0.00000000 0.00001610
vn -1.00000000 0.00000000 0.00001610
vn -1.00000000 0.00000000 0.00000227
vn -1.00000000 0.00000000 0.00000227
vn -1.00000000 0.00000000 0.00000227
vn -1.00000000 0.00000000 -0.00001777
vn -1.00000000 0.00000000 -0.00001777
vn -1.00000000 0.00000000 -0.00001777
vn -1.00000000 0.00000000 -0.00005490
vn -1.00000000 0.00000000 -0.00005490
vn -1.00000000 0.00000000 -0.00005490
vn -1.00000000 0.00000000 -0.00000000
vn -1.00000000 0.00000000 -0.00000000
vn -1.00000000 0.00000000 -0.00000000
vn -1.00000000 0.00000000 -0.00001777
vn -1.00000000 0.00000000 -0.00001777
vn -1.00000000 0.00000000 -0.00001777
vn -0.76738852 0.00000000 0.64118242
vn -0.76738852 0.00000000 0.64118242
vn -0.76738852 0.00000000 0.64118242
vn -1.00000000 0.00000000 -0.00000000
vn -1.00000000 0.00000000 -0.00000000
vn -1.00000000 0.00000000 -0.00000000
vn -0.99999994 0.00000000 0.00040977
vn -0.99999994 0.00000000 0.00040977
vn -0.99999994 0.00000000 0.00040977
vn -1.00000000 0.00000110 -0.00000000
vn -1.00000000 0.00000110 -0.00000000
vn -1.00000000 0.00000110 -0.00000000
vn -1.00000000 -0.00000088 -0.00000000
vn -1.00000000 -0.00000088 -0.00000000
vn -1.00000000 -0.00000088 -0.00000000
vn -1.00000000 -0.00000162 -0.00000000
vn -1.00000000 -0.00000162 -0.00000000
vn -1.00000000 -0.00000162 -0.00000000
vn -1.00000000 -0.00000162 0.00000689
vn -1.00000000 -0.00000162 0.00000689
vn -1.00000000 -0.00000162 0.00000689
vn 0.50589377 0.04273448 -0.86153662
vn 0.34719518 -0.53676122 0.76898825
vn -0.86434191 0.43356496 0.25482237
vn -1.00000000 -0.00000088 0.00000902
vn -1.00000000 -0.00000088 0.00000902
vn -1.00000000 -0.00000088 0.00000902
vn -1.00000000 0.00000110 -0.00001011
vn -1.00000000 0.00000110 -0.00001011
vn -1.00000000 0.00000110 -0.00001011
vn -0.99999869 0.00000000 0.00163733
vn -0.99999869 0.00000000 0.00163733
vn -0.99999869 0.00000000 0.00163733
vn -1.00000000 0.00000000 -0.00002659
vn -1.00000000 0.00000000 -0.00002659
vn -1.00000000 0.00000000 -0.00002659
vn -1.00000000 0.00000000 -0.00000000
vn -1.00000000 0.00000000 -0.00000000
vn -1.00000000 0.00000000 -0.00000000
vn -1.00000000 0.00000000 -0.00000000
vn -1.00000000 0.00000000 -0.00000681
vn -1.00000000 0.00000000 -0.00000681
vn -1.00000000 0.00000000 -0.00000681
vn -0.99999821 0.00000000 0.00188790
vn -0.99999821 0.00000000 0.00188790
vn -0.99999821 0.00000000 0.00188790
vn -0.99997020 -0.00057465 -0.00770691
vn -0.99997020 -0.00057525 -0.00770684
vn -0.99997020 -0.00057588 -0.00770684
vn -1.00000000 0.00000000 -0.00001805
vn -1.00000000 0.00000000 -0.00001805
vn -1.00000000 0.00000000 -0.00001805
vn -1.00000000 0.00000000 -0.00000000
vn -1.00000000 0.00000000 -0.00000000
vn -1.00000000 0.00000000 -0.00000000
vn -1.00000000 0.00000000 -0.00000000
vn -1.00000000 0.00000000 -0.00000000
vn -1.00000000 0.00000000 0.00028126
vn -1.00000000 0.00000000 0.00028126
vn -1.00000000 0.00000000 0.00028126
vn -1.00000000 0.00000113 -0.00001551
vn -1.00000000 0.00000113 -0.00001551
vn -1.00000000 0.00000113 -0.00001551
vn -1.00000000 -0.00000088 -0.00000000
vn -1.00000000 -0.00000088 -0.00000000
vn -1.00000000 -0.00000088 -0.00000000
vn -1.00000000 -0.00000162 -0.00000000
vn -1.00000000 -0.00000162 -0.00000000
vn -1.00000000 -0.00000162 -0.00000000
vn -1.00000000 -0.00000162 0.00002737
vn -1.00000000 -0.00000162 0.00002737
vn -1.00000000 -0.00000162 0.00002737
vn -1.00000000 -0.00000088 0.00000129
vn -1.00000000 -0.00000088 0.00000129
vn -1.00000000 -0.00000088 0.00000129
vn -1.00000000 0.00000110 -0.00000000
vn -1.00000000 0.00000110 -0.00000000
vn -1.00000000 0.00000110 -0.00000000
vn -1.00000000 0.00000000 -0.00000000
vn -1.00000000 0.00000000 -0.00000000
vn -1.00000000 0.00000000 -0.00000000
vn -1.00000000 0.00000000 -0.00000084
vn -1.00000000 0.00000000 -0.00000084
vn -1.00000000 0.00000000 -0.00000084
vn -1.00000000 0.00000000 -0.00000681
vn -1.00000000 0.00000000 -0.00000681
vn -1.00000000 0.00000000 -0.00000681
vn -1.00000000 0.00000000 0.00002370
vn -1.00000000 0.00000000 0.00002370
vn -1.00000000 0.00000000 0.00002370
vn -1.00000000 0.00000000 -0.00000000
vn -1.00000000 0.00000000 -0.00000000
vn -1.00000000 0.00000000 0.00003395
vn -1.00000000 0.00000000 0.00003395
vn -1.00000000 0.00000000 0.00003395
vn -1.00000000 0.00000000 -0.00000000
vn -1.00000000 0.00000000 -0.00000000
vn -1.00000000 0.00000000 -0.00000000
vn -1.00000000 0.00000000 -0.00000000
vn -1.00000000 0.00000000 -0.00000000
vn -1.00000000 0.00000000 -0.00000000
vn -1.00000000 0.00000000 0.00001244
vn -1.00000000 0.00000000 0.00001244
vn -1.00000000 0.00000000 0.00001244
vn -1.00000000 0.00000453 -0.00000000
vn -1.00000000 0.00000453 -0.00000000
vn -1.00000000 0.00000453 -0.00000000
vn -1.00000000 -0.00000358 -0.00000000
vn -1.00000000 -0.00000358 -0.00000000
vn -1.00000000 -0.00000358 -0.00000000
vn -1.00000000 -0.00000015 -0.00000057
vn -1.00000000 -0.00000037 -0.00000141
vn -1.00000000 0.00000000 0.00001784
vn -1.00000000 0.00000000 -0.00000397
vn -1.00000000 0.00000000 -0.00000010
vn -1.00000000 0.00000000 0.00000385
vn -1.00000000 0.00000000 0.00000397
vn -1.00000000 0.00000000 0.00000397
vn -1.00000000 0.00000000 0.00000397
vn -1.00000000 -0.00000056 -0.00000000
vn -1.00000000 -0.00000101 -0.00000070
vn -1.00000000 -0.00000710 -0.00001356
vn -1.00000000 0.00000404 -0.00000516
vn -1.00000000 0.00000000 0.00003080
vn -1.00000000 0.00000000 0.00003080
vn -1.00000000 0.00000000 0.00003080
vn -1.00000000 0.00000000 -0.00000000
vn -1.00000000 0.00000000 -0.00000000
vn -1.00000000 0.00000000 -0.00000000
vn -1.00000000 0.00000000 -0.00000000
vn -1.00000000 0.00000000 0.00003080
vn -1.00000000 0.00000000 0.00003080
vn -1.00000000 0.00000000 -0.00000400
vn -1.00000000 0.00000000 -0.00000400
vn -1.00000000 0.00000000 -0.00000400
vn -1.00000000 0.00000000 0.00001220
vn -1.00000000 0.00000000 0.00001220
vn -1.00000000 0.00000000 0.00001220
vn -1.00000000 0.00000000 -0.00000763
vn -1.00000000 0.00000000 -0.00000763
vn -1.00000000 0.00000000 -0.00000763
vn -1.00000000 0.00000000 -0.00000000
vn -1.00000000 0.00000000 -0.00000000
vn -1.00000000 0.00000000 -0.00000000
vn -1.00000000 0.00000000 -0.00000000
vn -1.00000000 0.00000000 -0.00000915
vn -1.00000000 0.00000000 -0.00000915
vn -1.00000000 0.00000000 -0.00000915
vn -1.00000000 0.00000000 -0.00000000
vn -1.00000000 0.00000000 -0.00000000
vn -1.00000000 0.00000000 -0.00000000
vn -1.00000000 0.00000000 0.00002204
vn -1.00000000 0.00000000 0.00002204
vn -1.00000000 0.00000000 0.00002204
vn 0.00000000 -0.00000480 1.00000000
vn 0.00000000 0.43387350 0.90097380
vn 0.00000000 0.43388125 0.90097004
vn 0.00000000 0.00000379 1.00000000
vn -0.00000001 0.78179675 0.62353337
vn 0.00000000 0.78179681 0.62353343
vn 0.00000000 0.78186715 0.62344503
vn 0.00000000 0.97492701 0.22252488
vn 0.00000000 0.97492868 0.22251771
vn 0.00000001 0.78186655 0.62344587
vn 0.00000000 0.97492963 -0.22251327
vn 0.00000000 0.97492796 -0.22252099
vn -0.00000001 0.78186023 -0.62345380
vn 0.00000000 0.78186011 -0.62345386
vn 0.00000057 0.78180265 -0.62352598
vn 0.00000068 0.43388772 -0.90096694
vn 0.00000032 0.43388361 -0.90096897
vn 0.00000001 0.78180385 -0.62352461
vn 0.00000066 0.00000741 -1.00000000
vn 0.00000055 -0.00000120 -1.00000000
vn 0.00000040 -0.43388036 -0.90097052
vn 0.00000078 -0.43389070 -0.90096551
vn -0.00000001 -0.78180802 -0.62351936
vn 0.00000080 -0.78180802 -0.62351918
vn 0.00000000 -0.78185916 -0.62345505
vn 0.00000000 -0.97492713 -0.22252457
vn 0.00000000 -0.97492909 -0.22251613
vn 0.00000001 -0.78185922 -0.62345505
vn 0.00000000 -0.97492820 0.22251987
vn 0.00000000 -0.97492635 0.22252780
vn -0.00000001 -0.78186017 0.62345392
vn 0.00000000 -0.78186071 0.62345314
vn 0.00000000 -0.78180051 0.62352860
vn 0.00000000 -0.43388429 0.90096861
vn 0.00000000 -0.43387678 0.90097219
vn 0.00000001 -0.78180057 0.62352872
vn 0.00000000 -0.00000889 1.00000000
vn 0.00000000 0.43387538 0.90097290
vn 0.00000000 0.43388355 0.90096897
vn 0.00000000 0.00000205 1.00000000
vn -0.00000001 0.78180116 0.62352788
vn 0.00000000 0.78179860 0.62353104
vn 0.00000000 0.78186715 0.62344503
vn 0.00000000 0.97492701 0.22252488
vn 0.00000000 0.97492868 0.22251771
vn 0.00000001 0.78186655 0.62344587
vn 0.00000000 0.97493994 -0.22246844
vn 0.00000000 0.97493923 -0.22247174
vn 0.00000000 0.90098912 -0.43384165
vn 0.00000000 0.90098947 -0.43384114
vn -0.00000001 0.78185767 -0.62345701
vn 0.00000000 0.78185838 -0.62345606
vn 0.00000000 0.78180504 -0.62352300
vn 0.00000000 0.43388513 -0.90096831
vn 0.00000000 0.43388057 -0.90097040
vn 0.00000001 0.78180504 -0.62352300
vn 0.00000000 -0.00000077 -1.00000000
vn 0.00000000 -0.00000372 -1.00000000
vn 0.00000000 -0.43390420 -0.90095901
vn 0.00000000 -0.43388987 -0.90096593
vn 0.00000000 -0.62350625 -0.78181833
vn 0.00000000 -0.62349182 -0.78182983
vn -0.00000001 -0.78180063 -0.62352854
vn 0.00000000 -0.78179812 -0.62353158
vn 0.00000000 -0.78186077 -0.62345302
vn 0.00000000 -0.97492665 -0.22252625
vn 0.00000000 -0.97492921 -0.22251555
vn 0.00000001 -0.78186351 -0.62344962
vn 0.00000000 -0.97492939 0.22251448
vn 0.00000000 -0.97492778 0.22252162
vn -0.00000001 -0.78413022 0.62059641
vn 0.00000000 -0.78413153 0.62059456
vn 0.00000000 -0.78408754 0.62065017
vn 0.00000000 -0.62638348 0.77951503
vn 0.00000000 -0.62634367 0.77954715
vn 0.00000001 -0.78408504 0.62065357
vn 0.00000000 -0.43393114 0.90094608
vn 0.00000000 -0.43388438 0.90096855
vn 0.00000000 0.00000169 1.00000000
vn 0.00000000 0.21823016 0.97589731
vn 0.00000000 0.21822596 0.97589833
vn 0.00000000 0.00000013 1.00000000
vn 0.00000000 0.43050423 0.90258855
vn 0.00000000 0.43091330 0.90239334
vn 0.00000000 0.62399381 0.78142929
vn 0.00000000 0.62434757 0.78114671
vn -0.00000001 0.78179437 0.62353647
vn 0.00000000 0.78179425 0.62353647
vn 0.00000000 0.78186578 0.62344688
vn 0.00000000 0.97492665 0.22252622
vn 0.00000000 0.97492868 0.22251795
vn 0.00000001 0.78186649 0.62344599
vn -0.00000024 0.97492993 -0.22251211
vn 0.00000000 0.97492796 -0.22252099
vn -0.00000056 0.78186190 -0.62345177
vn -0.00000008 0.78186053 -0.62345338
vn 0.00000041 0.78180176 -0.62352705
vn 0.00000023 0.43388674 -0.90096736
vn 0.00000048 0.43388176 -0.90096992
vn 0.00000054 0.78180432 -0.62352389
vn 0.00000000 0.00000244 -1.00000000
vn 0.00000018 -0.00000315 -1.00000000
vn 0.00000000 -0.43388149 -0.90096992
vn 0.00000000 -0.43388706 -0.90096724
vn -0.00000001 -0.78180194 -0.62352693
vn 0.00000000 -0.78180194 -0.62352693
vn 0.00000000 -0.78186393 -0.62344915
vn 0.00053631 -0.90228212 -0.43114576
vn 0.00000000 -0.90097070 -0.43388009
vn 0.00000001 -0.78185946 -0.62345469
vn 0.00061765 -0.97576582 -0.21881650
vn 0.00007009 -0.97492772 -0.22252175
vn -1.00000000 0.00000000 -0.00003081
vn -1.00000000 0.00000000 -0.00003081
vn -1.00000000 0.00000000 -0.00003081
vn -1.00000000 0.00000000 0.00004269
vn -1.00000000 0.00000000 0.00004269
vn -1.00000000 0.00000000 0.00004269
vn -1.00000000 0.00000000 -0.00001076
vn -1.00000000 0.00000000 -0.00001076
vn -1.00000000 0.00000000 -0.00001076
vn -1.00000000 0.00000000 0.00011064
vn -1.00000000 0.00000000 0.00011064
vn -1.00000000 0.00000000 0.00011064
vn -1.00000000 0.00000000 -0.00000057
vn -1.00000000 0.00000000 -0.00000057
vn -1.00000000 0.00000000 -0.00000057
vn -1.00000000 0.00000000 -0.00000392
vn -1.00000000 0.00000000 -0.00000392
vn -1.00000000 0.00000000 -0.00000392
vn -1.00000000 0.00000000 -0.00000000
vn -1.00000000 0.00000000 -0.00000000
vn -1.00000000 0.00000000 -0.00000000
vn -1.00000000 0.00000000 -0.00003080
vn -1.00000000 0.00000000 -0.00003080
vn -1.00000000 0.00000000 -0.00003080
vn -1.00000000 0.00000000 -0.00000000
vn -1.00000000 0.00000000 -0.00000000
vn -1.00000000 0.00000000 -0.00002932
vn -1.00000000 0.00000000 -0.00002932
vn -1.00000000 0.00000000 -0.00002932
vn -1.00000000 0.00000000 0.00003133
vn -1.00000000 0.00000000 0.00003133
vn -1.00000000 0.00000000 0.00003133
vn -1.00000000 0.00000000 0.00000354
vn -1.00000000 0.00000000 0.00000354
vn -1.00000000 0.00000000 0.00000354
vn -1.00000000 0.00000000 -0.00000000
vn -1.00000000 0.00000000 -0.00000000
vn 0.00000000 -0.97492826 0.22251955
vn -0.00000001 -0.78186274 0.62345064
vn 0.00000000 -0.78186208 0.62345147
vn 0.00000000 -0.97492808 0.22252052
vn 0.00000000 -0.78180605 0.62352175
vn 0.00000000 -0.43388540 0.90096807
vn 0.00000000 -0.43387982 0.90097076
vn 0.00000001 -0.78180504 0.62352300
vn -0.00000048 -0.00000941 1.00000000
vn -0.00000092 0.43387705 0.90097213
vn -0.00000075 0.43389088 0.90096545
vn 0.00000000 0.00000686 1.00000000
vn -0.00000058 0.78180683 0.62352067
vn -0.00000117 0.78180838 0.62351882
vn -0.00000018 0.78185689 0.62345809
vn -0.00000003 0.97492611 0.22252856
vn -0.00000043 0.97492826 0.22251938
vn -0.00000098 0.78185821 0.62345636
vn 0.00000023 0.97492826 -0.22251980
vn 0.00000168 0.97492611 -0.22252895
vn -0.00000001 0.78185821 -0.62345636
vn 0.00000269 0.78185660 -0.62345833
vn 0.00000000 0.78181326 -0.62351274
vn 0.00000000 0.43207589 -0.90183729
vn 0.00000000 0.43206540 -0.90184230
vn 0.00000001 0.78181571 -0.62350959
vn 0.00000000 -0.00201135 -0.99999797
vn 0.00000000 -0.00202516 -0.99999797
vn 0.00000000 -0.43388546 -0.90096807
vn 0.00000000 -0.43389130 -0.90096527
vn -0.00000001 -0.78181243 -0.62351376
vn 0.00000000 -0.78180987 -0.62351692
vn 0.00000000 -0.78185475 -0.62346065
vn 0.00000000 -0.97492570 -0.22253051
vn 0.00000000 -0.97492760 -0.22252205
vn 0.00000001 -0.78185475 -0.62346065
vn 0.00000000 -0.97492802 0.22252053
vn 0.00000000 -0.97492582 0.22253016
vn -0.00000001 -0.78185648 0.62345850
vn 0.00000000 -0.78185517 0.62346023
vn 0.00000000 -0.78180707 0.62352037
vn 0.00000000 -0.43388969 0.90096611
vn 0.00000000 -0.43388128 0.90097016
vn 0.00000001 -0.78180873 0.62351841
vn -1.00000000 0.00000000 0.00002136
vn -1.00000000 0.00000000 0.00002136
vn -1.00000000 0.00000000 0.00002136
vn -1.00000000 0.00000000 -0.00001350
vn -1.00000000 0.00000000 -0.00001350
vn -1.00000000 0.00000000 -0.00001350
vn -1.00000000 0.00000000 -0.00000000
vn -1.00000000 0.00000000 -0.00000000
vn -1.00000000 0.00000110 -0.00000000
vn -1.00000000 0.00000110 -0.00000000
vn -1.00000000 0.00000110 -0.00000000
vn -1.00000000 -0.00000088 -0.00002096
vn -1.00000000 -0.00000088 -0.00002096
vn -1.00000000 -0.00000088 -0.00002096
vn -1.00000000 -0.00000162 0.00004119
vn -1.00000000 -0.00000162 0.00004119
vn -1.00000000 -0.00000162 0.00004119
vn -1.00000000 -0.00000096 -0.00001265
vn -1.00000000 -0.00000096 -0.00001265
vn -1.00000000 -0.00000096 -0.00001265
vn -1.00000000 0.00000072 0.00000589
vn -1.00000000 0.00000072 0.00000589
vn -1.00000000 0.00000072 0.00000589
vn -1.00000000 0.00000000 0.00000449
vn -1.00000000 0.00000000 0.00000449
vn -1.00000000 0.00000000 0.00000449
vn 0.16876642 -0.18113971 0.96886855
vn 0.16875048 0.18117639 0.96886456
vn -0.16874614 0.18111579 0.96887660
vn -0.16873579 -0.18115291 0.96887141
vn 0.16874222 -0.18113349 -0.96887398
vn -0.16872725 -0.18109925 -0.96888304
vn -0.16873477 0.18113577 -0.96887487
vn 0.16872944 0.18110245 -0.96888202
vn 0.01456849 -0.98658055 0.16262412
vn -0.01456518 -0.98658305 0.16260956
vn -0.10522517 -0.98886597 0.10522212
vn -0.16259576 -0.98658520 0.01457122
vn -0.16258013 -0.98658788 -0.01456483
vn -0.10520797 -0.98887128 -0.10519060
vn -0.01457551 -0.98658770 -0.16258019
vn 0.01457160 -0.98658633 -0.16258903
vn 0.10519155 -0.98887312 -0.10518961
vn 0.16257603 -0.98658848 -0.01456731
vn 0.10521194 -0.98886746 0.10522189
vn 0.16263242 -0.98657918 0.01457021
vn -0.96886790 -0.18115453 0.16875425
vn -0.96886665 0.18116757 0.16874789
vn -0.96887821 0.18113503 -0.16871595
vn -0.96887445 -0.18114997 -0.16872148
vn -0.01456376 0.98657984 0.16262910
vn 0.01456523 0.98658293 0.16260968
vn 0.10520081 0.98886895 0.10521894
vn 0.16259144 0.98658592 0.01457042
vn 0.16257913 0.98658788 -0.01456908
vn 0.10521913 0.98886812 -0.10520854
vn 0.01457206 0.98658216 -0.16261409
vn -0.01457596 0.98658228 -0.16261317
vn -0.10523330 0.98886627 -0.10521142
vn -0.16261017 0.98658288 -0.01456935
vn -0.10521042 0.98886734 0.10522440
vn -0.16260777 0.98658323 0.01456884
vn 0.96886766 0.18115127 0.16875957
vn 0.96886927 -0.18114370 0.16875802
vn 0.96887362 -0.18115431 -0.16872203
vn 0.96887374 0.18115304 -0.16872244
vn -0.12487082 0.35088956 0.92805380
vn 0.12486283 0.35107315 0.92798543
vn 0.12488346 -0.35093793 0.92803383
vn -0.12486339 -0.35096449 0.92802644
vn -0.12486362 -0.35088557 -0.92805624
vn 0.12489466 -0.35091636 -0.92804044
vn 0.12486394 0.35088712 -0.92805558
vn -0.12487912 0.35092255 -0.92804027
vn -0.26337269 -0.96297562 -0.05755657
vn -0.26339728 -0.96296829 0.05756596
vn 0.26341483 -0.96296376 0.05756308
vn 0.26335889 -0.96297920 -0.05756025
vn -0.92802906 0.35095769 -0.12486370
vn -0.92801338 0.35100022 0.12485993
vn 0.26342201 0.96296149 -0.05756810
vn 0.26341465 0.96296388 0.05756128
vn -0.05756220 0.96295357 0.26345226
vn 0.05755523 0.96295840 0.26343629
vn 0.05755221 -0.96296144 0.26342586
vn -0.05755649 -0.96295726 0.26344013
vn -0.05755907 -0.96297342 -0.26338017
vn 0.05756898 -0.96297276 -0.26338044
vn 0.05755763 0.96296090 -0.26342621
vn -0.05758237 0.96295881 -0.26342851
vn -0.92802274 -0.35096869 -0.12487896
vn -0.92802489 -0.35096896 0.12486293
vn 0.92802674 -0.35095817 0.12487882
vn 0.92801547 -0.35099322 -0.12486415
vn -0.26340503 0.96296602 -0.05756938
vn -0.26339644 0.96296889 0.05756223
vn 0.92802107 0.35097590 -0.12487112
vn 0.92802095 0.35097244 0.12488180
vn 0.31080085 0.18515611 0.93226606
vn 0.31078207 -0.18521895 0.93225992
vn -0.31077138 -0.18530971 0.93224537
vn -0.31076017 0.18530419 0.93225020
vn -0.31072980 0.18531574 -0.93225813
vn -0.31075108 -0.18530951 -0.93225217
vn 0.31072396 -0.18532324 -0.93225849
vn 0.31075943 0.18530788 -0.93224978
vn 0.87415767 -0.38850540 0.29139671
vn 0.93224907 -0.18528406 0.31077579
vn -0.16223919 -0.97332352 0.16223352
vn 0.16221935 0.97332871 0.16222242
vn -0.16222507 0.97332489 0.16223992
vn 0.29136384 -0.38856974 -0.87413996
vn -0.16219439 -0.97333717 -0.16219705
vn 0.16223131 0.97332770 -0.16221698
vn -0.29136738 0.38856345 -0.87414157
vn 0.16220222 -0.97333038 0.16222979
vn -0.93224776 -0.18529473 0.31077319
vn -0.87414742 -0.38853601 0.29138657
vn 0.93224984 0.18528034 0.31077555
vn 0.87416267 0.38849482 0.29139578
vn -0.29136470 0.38858905 0.87413108
vn 0.16219108 -0.97334027 -0.16218129
vn -0.29141557 -0.38862398 -0.87409872
vn 0.29142439 0.38861313 -0.87410051
vn -0.16223925 0.97332531 -0.16222297
vn -0.93224829 0.18527833 0.31078145
vn -0.93226033 0.18528807 -0.31073952
vn -0.93226498 -0.18528977 -0.31072444
vn 0.93226713 -0.18528397 -0.31072131
vn 0.93226522 0.18528950 -0.31072417
vn 0.29139090 -0.38836497 0.87422204
vn 0.87415266 -0.38855067 -0.29135132
vn -0.87413114 0.38857126 -0.29138836
vn -0.29139262 -0.38857117 0.87412971
vn 0.29143044 0.38834915 0.87421572
vn -0.87414479 0.38852578 0.29140812
vn -0.87415254 -0.38854331 -0.29136142
vn 0.87415433 0.38854516 -0.29135349
vn -1.00000000 0.00000000 -0.00000000
vn -1.00000000 0.00000000 -0.00000000
vn -1.00000000 0.00000000 -0.00000000
vn -1.00000000 0.00000000 -0.00000000
vn -0.99999994 -0.00000778 -0.00029201
vn -0.99999994 -0.00000778 -0.00029201
vn -1.00000000 -0.00001222 0.00004353
vn -1.00000000 -0.00001529 0.00003014
vn -1.00000000 -0.00000911 0.00003016
vn -1.00000000 -0.00001074 -0.00030540
vn -1.00000000 -0.00001531 0.00041163
vn -1.00000000 -0.00001531 0.00041163
vn -1.00000000 -0.00001531 0.00041163
vn -0.99999988 0.00000000 0.00047155
vn -0.99999988 0.00000000 0.00047155
vn -1.00000000 -0.00000548 0.00013602
vn -1.00000000 0.00000000 -0.00000017
vn -1.00000000 0.00000000 -0.00000017
vn -1.00000000 0.00000000 -0.00000017
vn -1.00000000 0.00000000 -0.00000000
vn -1.00000000 -0.00001795 -0.00033509
vn -1.00000000 -0.00000852 -0.00000000
vn -1.00000000 -0.00000852 -0.00000000
vn -1.00000000 -0.00000852 -0.00000000
vn -0.20231089 0.00000000 -0.97932130
vn -0.20231089 0.00000000 -0.97932130
vn -0.20231089 0.00000000 -0.97932130
vn -0.20231250 0.00000000 -0.97932106
vn -0.20231250 0.00000000 -0.97932106
vn -0.20231250 0.00000000 -0.97932106
vn -0.20230807 0.97932190 0.00000017
vn -0.20230807 0.97932190 0.00000017
vn -0.20230807 0.97932190 0.00000017
vn -0.20231301 0.97932088 0.00000013
vn -0.20231301 0.97932088 0.00000013
vn -0.20231301 0.97932088 0.00000013
vn -0.20230810 0.97932190 -0.00000000
vn -0.20230810 0.97932190 -0.00000000
vn -0.20230810 0.97932190 -0.00000000
vn -0.20231494 0.97932059 -0.00000000
vn -0.20231494 0.97932059 -0.00000000
vn -0.20231494 0.97932059 -0.00000000
vn -0.20231339 0.97932082 -0.00000057
vn -0.20231409 0.97932070 -0.00000071
vn -0.20232490 0.97923446 -0.01282477
vn -0.21456814 0.97640002 -0.02456619
vn -0.23322229 0.90602499 -0.35316572
vn -0.26019028 0.93857557 -0.22666490
vn -0.20783035 0.73515987 -0.64524919
vn -0.23378228 -0.85398585 -0.46481624
vn -0.25804469 -0.93962115 -0.22477765
vn -0.23812036 -0.96472919 -0.11223268
vn -0.21576031 -0.97638977 -0.01051218
vn -0.20225738 -0.97913820 -0.01949934
vn -0.20230430 -0.97932273 -0.00000000
vn -0.20230199 -0.97932321 -0.00000000
vn -0.20230810 -0.97932190 -0.00000000
vn -0.20230810 -0.97932190 -0.00000000
vn -0.20230810 -0.97932190 -0.00000000
vn -0.20230810 -0.97932190 -0.00000072
vn -0.20230810 -0.97932190 -0.00000072
vn -0.20230810 -0.97932190 -0.00000072
vn -0.20231405 -0.97932076 -0.00000015
vn -0.20231405 -0.97932076 -0.00000015
vn -0.20231405 -0.97932076 -0.00000015
vn -0.20230006 -0.97932357 -0.00000006
vn -0.20230006 -0.97932357 -0.00000006
vn -0.20230006 -0.97932357 -0.00000006
vn 0.16876392 -0.18113920 0.96886909
vn 0.16874775 0.18117647 0.96886492
vn -0.16874892 0.18118845 0.96886253
vn -0.16874087 -0.18119960 0.96886176
vn 0.16873907 -0.18113804 -0.96887362
vn -0.16872914 -0.18109886 -0.96888268
vn -0.16873683 0.18113525 -0.96887463
vn 0.16872802 0.18110403 -0.96888191
vn 0.01456657 -0.98658472 0.16259874
vn -0.01456542 -0.98658460 0.16259977
vn -0.10519619 -0.98887068 0.10520747
vn -0.16256696 -0.98658997 0.01456850
vn -0.16258255 -0.98658752 -0.01456498
vn -0.10519954 -0.98887199 -0.10519136
vn -0.01457058 -0.98658681 -0.16258569
vn 0.01457005 -0.98658615 -0.16258991
vn 0.10518716 -0.98887336 -0.10519118
vn 0.16258974 -0.98658621 -0.01456737
vn 0.10519393 -0.98887146 0.10520200
vn 0.16255811 -0.98659146 0.01456487
vn -0.96886933 -0.18114789 0.16875358
vn -0.96886897 0.18115287 0.16875002
vn -0.96887738 0.18113747 -0.16871853
vn -0.96887654 -0.18113987 -0.16872054
vn -0.01457016 0.98657918 0.16263238
vn 0.01456891 0.98658299 0.16260967
vn 0.10520902 0.98886812 0.10521886
vn 0.16260482 0.98658371 0.01457088
vn 0.16262847 0.98657990 -0.01456891
vn 0.10522098 0.98886770 -0.10521030
vn 0.01457365 0.98658121 -0.16261950
vn -0.01456878 0.98658228 -0.16261367
vn -0.10523027 0.98886633 -0.10521391
vn -0.16262342 0.98658073 -0.01456926
vn -0.10522147 0.98886639 0.10522274
vn -0.16259708 0.98658496 0.01456893
vn 0.96886665 0.18115531 0.16876101
vn 0.96886533 -0.18116464 0.16875787
vn 0.96887386 -0.18115072 -0.16872406
vn 0.96887296 0.18115865 -0.16872112
vn -0.12486780 0.35094839 0.92803192
vn 0.12486024 0.35107329 0.92798567
vn 0.12487984 -0.35095853 0.92802644
vn -0.12485784 -0.35107732 0.92798448
vn -0.12486669 -0.35088542 -0.92805594
vn 0.12488575 -0.35092810 -0.92803717
vn 0.12486187 0.35088834 -0.92805541
vn -0.12488897 0.35092190 -0.92803907
vn -0.26337665 -0.96297461 -0.05755696
vn -0.26337868 -0.96297413 0.05755473
vn 0.26336288 -0.96297890 0.05754630
vn 0.26338357 -0.96297246 -0.05756055
vn -0.92802614 0.35096470 -0.12486565
vn -0.92802376 0.35096845 0.12487272
vn 0.26342854 0.96295971 -0.05756813
vn 0.26342475 0.96296114 0.05756043
vn -0.05756986 0.96294773 0.26347193
vn 0.05756570 0.96295768 0.26343611
vn 0.05754856 -0.96296823 0.26340154
vn -0.05755447 -0.96296537 0.26341099
vn -0.05756079 -0.96297109 -0.26338869
vn 0.05756691 -0.96297199 -0.26338395
vn 0.05757333 0.96295822 -0.26343286
vn -0.05756638 0.96295899 -0.26343140
vn -0.92803085 -0.35094810 -0.12487683
vn -0.92802328 -0.35096988 0.12487204
vn 0.92801499 -0.35099259 0.12486930
vn 0.92801970 -0.35098156 -0.12486555
vn -0.26342461 0.96296078 -0.05756798
vn -0.26343068 0.96295935 0.05756256
vn 0.92801583 0.35099113 -0.12486742
vn 0.92802441 0.35096622 0.12487377
vn 0.31080109 0.18515611 0.93226600
vn 0.31077820 -0.18528658 0.93224776
vn -0.31079337 -0.18530934 0.93223816
vn -0.31077537 0.18527421 0.93225110
vn -0.31072456 0.18531609 -0.93225974
vn -0.31075048 -0.18530957 -0.93225235
vn 0.31072974 -0.18530920 -0.93225944
vn 0.31074798 0.18530740 -0.93225366
vn 0.87414616 -0.38852784 0.29140121
vn 0.93224818 -0.18528016 0.31078076
vn -0.16220579 -0.97333360 0.16220668
vn 0.16222562 0.97332764 0.16222265
vn -0.16224289 0.97332180 0.16224052
vn 0.29137471 -0.38855466 -0.87414306
vn -0.16220030 -0.97333586 -0.16219871
vn 0.16222689 0.97332793 -0.16221976
vn -0.29136831 0.38856336 -0.87414128
vn 0.16219051 -0.97333652 0.16220462
vn -0.93224633 -0.18529817 0.31077561
vn -0.87413430 -0.38855484 0.29140070
vn 0.93225318 0.18526734 0.31077328
vn 0.87418562 0.38845295 0.29138285
vn -0.29138139 0.38842219 0.87419969
vn 0.16219413 -0.97333944 -0.16218373
vn -0.29140991 -0.38862467 -0.87410027
vn 0.29140818 0.38861004 -0.87410736
vn -0.16224810 0.97332317 -0.16222656
vn -0.93224519 0.18529812 0.31077906
vn -0.93226308 0.18527749 -0.31073779
vn -0.93226546 -0.18528248 -0.31072754
vn 0.93226826 -0.18528242 -0.31071907
vn 0.93226510 0.18528484 -0.31072709
vn 0.29136151 -0.38854367 0.87415230
vn 0.87415779 -0.38854539 -0.29134277
vn -0.87414461 0.38854504 -0.29138258
vn -0.29140201 -0.38858688 0.87411970
vn 0.29142916 0.38834935 0.87421614
vn -0.87413824 0.38854170 0.29140675
vn -0.87415791 -0.38852766 -0.29136604
vn 0.87415564 0.38853961 -0.29135674
vn 0.35557473 -0.84945142 -0.38987046
vn 0.39537519 -0.54725033 -0.73769611
vn 0.69923782 -0.56645530 -0.43611345
vn -0.69912422 -0.56679446 -0.43585473
vn -0.39673686 -0.54614258 -0.73778605
vn -0.35634825 -0.84954387 -0.38896155
vn 0.35636941 -0.84951764 0.38899976
vn 0.69913357 -0.56676114 0.43588305
vn 0.39673895 -0.54610467 0.73781300
vn -0.39538658 -0.54725343 0.73768771
vn -0.69924664 -0.56645256 0.43610281
vn -0.35558480 -0.84945178 0.38986033
vn 0.35634071 0.84953845 -0.38898036
vn 0.69911563 0.56678903 -0.43587568
vn 0.39672166 0.54613310 -0.73780119
vn -0.35554940 0.84947824 -0.38983494
vn -0.39537770 0.54725426 -0.73769194
vn -0.69924057 0.56645405 -0.43611056
vn 0.35557991 0.84946322 0.38983998
vn 0.39540231 0.54723668 0.73769170
vn 0.69926292 0.56643176 0.43610382
vn -0.35637611 0.84953189 0.38896245
vn -0.69914597 0.56677425 0.43584621
vn -0.39675975 0.54613084 0.73778242
vn 0.51643151 -0.85284758 -0.07713232
vn 0.51654983 -0.85274470 0.07747805
vn 0.06597993 -0.83478141 0.54661375
vn -0.00088022 -0.84022301 0.54224026
vn -0.51643831 -0.85284358 0.07713206
vn -0.51654297 -0.85274887 -0.07747838
vn -0.06598879 -0.83478844 -0.54660189
vn 0.00090000 -0.84021598 -0.54225111
vn 0.06598099 0.83478600 -0.54660678
vn -0.00087985 0.84021020 -0.54226017
vn -0.51642448 0.85285199 -0.07713210
vn -0.51655602 0.85274100 0.07747784
vn -0.06598780 0.83479369 0.54659408
vn 0.00090062 0.84019667 0.54228121
vn 0.51642364 0.85285568 0.07709599
vn 0.51655018 0.85274446 -0.07747810
vn 0.06532715 -0.83392668 -0.54799521
vn 0.35550833 -0.84949815 -0.38982919
vn -0.12696254 -0.51937020 -0.84506512
vn -0.39668736 -0.54612470 -0.73782587
vn 0.51653528 -0.85275161 0.07749940
vn 0.35637137 -0.84955841 0.38890854
vn -0.82315564 -0.54828179 0.14765480
vn -0.69926661 -0.56647462 0.43604210
vn 0.51651353 0.85276347 -0.07751326
vn 0.35634086 0.84956634 -0.38891956
vn -0.06530649 0.83391929 -0.54800874
vn -0.35550258 0.84949088 -0.38985014
vn 0.06532299 0.83393359 0.54798520
vn 0.35550171 0.84949559 0.38984078
vn -0.51653874 0.85274804 0.07751430
vn -0.35638916 0.84954745 0.38891628
vn 0.35558978 -0.84948337 -0.38978723
vn 0.51643342 -0.85284406 -0.07716011
vn -0.69911945 -0.56683111 -0.43581486
vn -0.82267940 -0.54887962 -0.14808665
vn 0.35628918 -0.84956247 0.38897538
vn 0.06600195 -0.83479398 0.54659182
vn -0.39533103 -0.54727417 0.73770213
vn -0.12730929 -0.52080315 0.84413052
vn 0.35628796 0.84956455 -0.38897178
vn 0.06600468 0.83479011 -0.54659766
vn -0.35558176 0.84948725 -0.38978598
vn -0.51643640 0.85284293 -0.07715137
vn 0.35562563 0.84947497 0.38977265
vn 0.51644552 0.85283840 0.07714064
vn -0.35629082 0.84955764 0.38898417
vn -0.06598728 0.83477056 0.54662937
vn -0.49730822 -0.20332666 -0.84341145
vn -0.50035369 -0.00001100 -0.86582112
vn 0.49730656 0.20332614 -0.84341264
vn 0.50035065 0.00001074 -0.86582279
vn -0.81338137 -0.20847546 0.54309183
vn -0.83400041 -0.00001100 0.55176371
vn 0.49731171 -0.20332707 0.84340930
vn 0.50038964 -0.00001100 0.86580038
vn -0.81315619 -0.20883517 -0.54329085
vn -0.69911766 -0.56676584 -0.43590248
vn -0.49707529 -0.20301494 0.84362376
vn -0.39540160 -0.54720074 0.73771882
vn 0.69925910 -0.56642759 -0.43611526
vn 0.81336874 -0.20853518 -0.54308784
vn 0.39677170 -0.54609424 0.73780310
vn 0.49729192 -0.20336699 0.84341133
vn 0.39675805 0.54609609 -0.73780900
vn 0.49725050 0.20338136 -0.84343231
vn -0.69926739 0.56642669 -0.43610311
vn -0.81337291 0.20853966 -0.54307985
vn 0.69927013 0.56642520 0.43610069
vn 0.81338906 0.20853217 0.54305869
vn -0.39674830 0.54610205 0.73780984
vn -0.49726531 0.20337643 0.84342474
vn -0.00089037 -0.84019810 0.54227895
vn -0.00000809 -0.83992106 0.54270875
vn 0.00000213 -0.83991855 0.54271245
vn 0.00001187 -0.83991027 0.54272538
vn -0.00000995 -0.83991688 0.54271513
vn 0.00015261 -0.83993828 0.54268181
vn 0.00017032 -0.83994442 0.54267246
vn -0.06526665 -0.83393592 0.54798830
vn 0.00091449 -0.84020191 -0.54227281
vn -0.00001020 -0.83991885 -0.54271203
vn 0.00001236 -0.83991843 -0.54271263
vn 0.00000285 -0.83991909 -0.54271173
vn -0.00000863 -0.83991593 -0.54271644
vn -0.00016198 -0.83994341 -0.54267406
vn -0.00015081 -0.83996457 -0.54264128
vn 0.06529088 -0.83392441 -0.54800284
vn -0.00089049 0.84019518 -0.54228342
vn -0.00001627 0.83988333 -0.54276693
vn 0.00000244 0.83988738 -0.54276079
vn 0.00001187 0.83988774 -0.54276025
vn 0.00002321 0.83988583 -0.54276317
vn 0.00015311 0.83996576 -0.54263943
vn 0.00017059 0.83994210 -0.54267597
vn -0.06526592 0.83393097 -0.54799592
vn 0.00088149 0.84020948 0.54226136
vn -0.00001016 0.83989364 0.54275113
vn 0.00001204 0.83989942 0.54274213
vn 0.00000262 0.83989191 0.54275358
vn -0.00000868 0.83989412 0.54275036
vn -0.00016203 0.83998108 0.54261571
vn -0.00015048 0.83997327 0.54262769
vn 0.06528866 0.83392942 0.54799557
vn -0.50035375 0.00001094 -0.86582112
vn -0.50035369 -0.00001100 -0.86582112
vn -0.50035322 0.00001126 -0.86582136
vn -0.50035310 0.00001126 -0.86582154
vn -0.50035304 0.00001114 -0.86582148
vn -0.50035763 -0.00001100 -0.86581886
vn -0.50035262 0.00001074 -0.86582172
vn -0.49705282 0.20295329 -0.84365189
vn 0.50035810 -0.00000991 -0.86581862
vn 0.50034970 0.00001345 -0.86582345
vn 0.50035501 -0.00001058 -0.86582035
vn 0.50034952 0.00001100 -0.86582345
vn 0.50034654 -0.00001094 -0.86582518
vn 0.50033140 0.00001100 -0.86583400
vn 0.50030959 -0.00001095 -0.86584663
vn 0.49701855 -0.20295565 -0.84367144
vn -0.83400041 0.00001094 0.55176383
vn -0.83400041 -0.00001100 0.55176377
vn -0.83400017 0.00001111 0.55176419
vn -0.83400160 -0.00001090 0.55176210
vn -0.83400667 0.00001099 0.55175436
vn -0.83400977 -0.00001100 0.55174983
vn -0.83400685 0.00001094 0.55175406
vn -0.81316787 0.20879163 0.54329002
vn 0.50035548 0.00001094 0.86582005
vn 0.50035602 -0.00001100 0.86581987
vn 0.50035840 0.00001094 0.86581838
vn 0.50036788 0.00001099 0.86581290
vn 0.50034368 0.00001099 0.86582690
vn 0.50036865 -0.00001181 0.86581248
vn 0.50034624 0.00001111 0.86582541
vn 0.49706161 0.20295313 0.84364676
vn -0.50035375 -0.00001100 -0.86582112
vn -0.50035363 0.00001101 -0.86582124
vn -0.50035357 -0.00001091 -0.86582118
vn -0.50035369 0.00001094 -0.86582112
vn -0.50035381 0.00001117 -0.86582106
vn 0.50030434 -0.00001095 -0.86584967
vn 0.50035703 0.00001100 -0.86581916
vn 0.50033170 -0.00007681 -0.86583388
vn 0.50035262 0.00001114 -0.86582178
vn 0.50035536 -0.00001094 -0.86582017
vn 0.50034899 -0.00001089 -0.86582381
vn 0.50035375 0.00001124 -0.86582118
vn -0.83400100 0.00001094 0.55176294
vn -0.83400059 -0.00001100 0.55176371
vn -0.83400071 0.00001044 0.55176347
vn -0.83400697 -0.00001100 0.55175388
vn -0.83400714 0.00001094 0.55175382
vn -0.83400691 0.00001099 0.55175406
vn 0.50037205 -0.00001100 0.86581051
vn 0.50035721 0.00001044 0.86581916
vn 0.50036848 -0.00001100 0.86581254
vn 0.50035179 0.00001094 0.86582232
vn 0.50035328 0.00001099 0.86582136
f 1/1/1 2/2/2 3/3/3
f 3/3/3 4/4/4 1/1/1
f 5/5/5 6/6/6 7/7/7
f 7/7/7 8/8/8 5/5/5
f 9/9/9 10/10/10 11/11/11
f 11/11/11 12/12/12 9/9/9
f 13/13/13 14/14/14 15/15/15
f 16/16/16 17/17/17 18/18/18
f 19/19/19 20/20/20 21/21/21
f 21/21/21 22/22/22 19/19/19
f 23/23/23 24/24/24 25/25/25
f 25/25/25 26/26/26 23/23/23
f 27/27/27 1/1/1 4/4/4
f 4/4/4 28/28/28 27/27/27
f 29/29/29 30/30/30 31/31/31
f 31/31/31 32/32/32 29/29/29
f 33/33/33 3/3/3 2/2/2
f 2/2/2 34/34/34 33/33/33
f 35/35/35 5/5/5 8/8/8
f 8/8/8 36/36/36 35/35/35
f 37/37/37 38/38/38 39/39/39
f 39/39/39 40/40/40 37/37/37
f 41/41/41 7/7/7 6/6/6
f 6/6/6 42/42/42 41/41/41
f 43/43/43 44/44/44 45/45/45
f 45/45/45 46/46/46 43/43/43
f 47/47/47 48/48/48 49/49/49
f 49/49/49 50/50/50 47/47/47
f 51/51/51 52/52/52 53/53/53
f 53/53/53 54/54/54 51/51/51
f 55/55/55 56/56/56 57/57/57
f 57/57/57 58/58/58 55/55/55
f 59/59/59 60/60/60 61/61/61
f 61/61/61 62/62/62 59/59/59
f 63/63/63 64/64/64 65/65/65
f 65/65/65 66/66/66 63/63/63
f 67/67/67 68/68/68 69/69/69
f 69/69/69 70/70/70 67/67/67
f 71/71/71 72/72/72 73/73/73
f 73/73/73 74/74/74 71/71/71
f 75/75/75 76/76/76 77/77/77
f 77/77/77 78/78/78 75/75/75
f 79/79/79 80/80/80 81/81/81
f 81/81/81 82/82/82 79/79/79
f 83/83/83 84/84/84 85/85/85
f 85/85/85 86/86/86 83/83/83
f 87/87/87 9/9/9 12/12/12
f 12/12/12 88/88/88 87/87/87
f 89/89/89 90/90/90 91/91/91
f 91/91/91 92/92/92 89/89/89
f 93/93/93 26/26/26 25/25/25
f 25/25/25 94/94/94 93/93/93
f 95/95/95 56/56/56 55/55/55
f 55/55/55 96/96/96 95/95/95
f 97/97/97 98/98/98 99/99/99
f 99/99/99 100/100/100 97/97/97
f 101/101/101 102/102/102 103/103/103
f 103/103/103 104/104/104 101/101/101
f 105/105/105 106/106/106 107/107/107
f 107/107/107 108/108/108 105/105/105
f 109/109/109 40/40/40 39/39/39
f 39/39/39 110/110/110 109/109/109
f 111/111/111 46/46/46 45/45/45
f 45/45/45 112/112/112 111/111/111
f 113/113/113 114/114/114 115/115/115
f 115/115/115 116/116/116 113/113/113
f 117/117/117 50/50/50 49/49/49
f 49/49/49 118/118/118 117/117/117
f 119/119/119 30/30/30 29/29/29
f 29/29/29 120/120/120 119/119/119
f 121/121/121 122/122/122 123/123/123
f 123/123/123 124/124/124 121/121/121
f 125/125/125 126/126/126 127/127/127
f 127/127/127 128/128/128 125/125/125
f 129/129/129 130/130/130 131/131/131
f 131/131/131 132/132/132 129/129/129
f 133/133/133 70/70/70 69/69/69
f 69/69/69 134/134/134 133/133/133
f 135/135/135 78/78/78 77/77/77
f 77/77/77 136/136/136 135/135/135
f 137/137/137 138/138/138 139/139/139
f 139/139/139 140/140/140 137/137/137
f 10/10/10 141/141/141 142/142/142
f 142/142/142 11/11/11 10/10/10
f 22/22/22 143/143/143 144/144/144
f 144/144/144 19/19/19 22/22/22
f 145/145/145 146/146/146 147/147/147
f 147/147/147 148/148/148 145/145/145
f 20/20/20 149/149/149 150/150/150
f 150/150/150 21/21/21 20/20/20
f 151/151/151 93/93/93 94/94/94
f 94/94/94 152/152/152 151/151/151
f 153/153/153 154/154/154 155/155/155
f 155/155/155 156/156/156 153/153/153
f 23/23/23 97/97/97 100/100/100
f 100/100/100 24/24/24 23/23/23
f 57/57/57 157/157/157 158/158/158
f 158/158/158 58/58/58 57/57/57
f 43/43/43 105/105/105 108/108/108
f 108/108/108 44/44/44 43/43/43
f 159/159/159 109/109/109 110/110/110
f 110/110/110 160/160/160 159/159/159
f 161/161/161 111/111/111 112/112/112
f 112/112/112 162/162/162 161/161/161
f 37/37/37 113/113/113 116/116/116
f 116/116/116 38/38/38 37/37/37
f 163/163/163 164/164/164 165/165/165
f 165/165/165 166/166/166 163/163/163
f 167/167/167 119/119/119 120/120/120
f 120/120/120 168/168/168 167/167/167
f 47/47/47 169/169/169 170/170/170
f 170/170/170 48/48/48 47/47/47
f 31/31/31 125/125/125 128/128/128
f 128/128/128 32/32/32 31/31/31
f 75/75/75 171/171/171 172/172/172
f 172/172/172 76/76/76 75/75/75
f 173/173/173 174/174/174 175/175/175
f 175/175/175 176/176/176 173/173/173
f 177/177/177 178/178/178 179/179/179
f 179/179/179 180/180/180 177/177/177
f 67/67/67 181/181/181 182/182/182
f 182/182/182 68/68/68 67/67/67
f 183/183/183 184/184/184 185/185/185
f 185/185/185 186/186/186 183/183/183
f 187/187/187 188/188/188 189/189/189
f 189/189/189 190/190/190 187/187/187
f 191/191/191 192/192/192 193/193/193
f 193/193/193 194/194/194 191/191/191
f 195/195/195 196/196/196 197/197/197
f 197/197/197 198/198/198 195/195/195
f 199/199/199 200/200/200 201/201/201
f 201/201/201 202/202/202 199/199/199
f 203/203/203 204/204/204 205/205/205
f 205/205/205 206/206/206 203/203/203
f 207/207/207 208/208/208 209/209/209
f 209/209/209 210/210/210 207/207/207
f 211/211/211 212/212/212 62/62/62
f 62/62/62 213/213/213 211/211/211
f 214/214/214 215/215/215 216/216/216
f 216/216/216 217/217/217 214/214/214
f 218/218/218 219/219/219 130/130/130
f 220/220/220 218/218/218 130/130/130
f 220/220/220 130/130/130 221/221/221
f 222/222/222 223/223/223 224/224/224
f 224/224/224 225/225/225 222/222/222
f 198/198/198 197/197/197 192/192/192
f 192/192/192 191/191/191 198/198/198
f 226/226/226 227/227/227 228/228/228
f 228/228/228 229/229/229 226/226/226
f 206/206/206 205/205/205 188/188/188
f 188/188/188 187/187/187 206/206/206
f 230/230/230 231/231/231 232/232/232
f 232/232/232 233/233/233 230/230/230
f 234/234/234 235/235/235 236/236/236
f 236/236/236 237/237/237 234/234/234
f 190/190/190 189/189/189 200/200/200
f 200/200/200 199/199/199 190/190/190
f 238/238/238 239/239/239 240/240/240
f 240/240/240 241/241/241 238/238/238
f 194/194/194 193/193/193 208/208/208
f 208/208/208 207/207/207 194/194/194
f 242/242/242 243/243/243 244/244/244
f 244/244/244 245/245/245 242/242/242
f 246/246/246 247/247/247 248/248/248
f 248/248/248 249/249/249 246/246/246
f 250/250/250 251/251/251 252/252/252
f 252/252/252 253/253/253 250/250/250
f 254/254/254 255/255/255 256/256/256
f 256/256/256 257/257/257 254/254/254
f 258/258/258 259/259/259 260/260/260
f 260/260/260 261/261/261 258/258/258
f 262/262/262 263/263/263 264/264/264
f 264/264/264 265/265/265 262/262/262
f 266/266/266 267/267/267 268/268/268
f 268/268/268 269/269/269 266/266/266
f 270/270/270 271/271/271 272/272/272
f 272/272/272 273/273/273 270/270/270
f 274/274/274 254/254/254 257/257/257
f 257/257/257 275/275/275 274/274/274
f 263/263/263 276/276/276 277/277/277
f 277/277/277 264/264/264 263/263/263
f 278/278/278 246/246/246 249/249/249
f 249/249/249 279/279/279 278/278/278
f 271/271/271 280/280/280 281/281/281
f 281/281/281 272/272/272 271/271/271
f 282/282/282 258/258/258 261/261/261
f 261/261/261 283/283/283 282/282/282
f 247/247/247 284/284/284 285/285/285
f 285/285/285 248/248/248 247/247/247
f 286/286/286 266/266/266 269/269/269
f 269/269/269 287/287/287 286/286/286
f 255/255/255 288/288/288 289/289/289
f 289/289/289 256/256/256 255/255/255
f 290/290/290 291/291/291 292/292/292
f 292/292/292 293/293/293 290/290/290
f 294/294/294 295/295/295 296/296/296
f 296/296/296 297/297/297 294/294/294
f 295/295/295 298/298/298 299/299/299
f 299/299/299 296/296/296 295/295/295
f 298/298/298 300/300/300 301/301/301
f 301/301/301 299/299/299 298/298/298
f 300/300/300 302/302/302 303/303/303
f 303/303/303 301/301/301 300/300/300
f 302/302/302 304/304/304 305/305/305
f 305/305/305 303/303/303 302/302/302
f 304/304/304 306/306/306 307/307/307
f 307/307/307 305/305/305 304/304/304
f 306/306/306 308/308/308 309/309/309
f 309/309/309 307/307/307 306/306/306
f 310/310/310 311/311/311 312/312/312
f 312/312/312 313/313/313 310/310/310
f 314/314/314 315/315/315 316/316/316
f 316/316/316 317/317/317 314/314/314
f 315/315/315 318/318/318 319/319/319
f 319/319/319 316/316/316 315/315/315
f 318/318/318 320/320/320 321/321/321
f 321/321/321 319/319/319 318/318/318
f 320/320/320 322/322/322 323/323/323
f 323/323/323 321/321/321 320/320/320
f 322/322/322 324/324/324 325/325/325
f 325/325/325 323/323/323 322/322/322
f 324/324/324 326/326/326 327/327/327
f 327/327/327 325/325/325 324/324/324
f 326/326/326 328/328/328 329/329/329
f 329/329/329 327/327/327 326/326/326
f 330/330/330 331/331/331 332/332/332
f 332/332/332 333/333/333 330/330/330
f 334/334/334 335/335/335 336/336/336
f 336/336/336 337/337/337 334/334/334
f 338/338/338 339/339/339 335/335/335
f 335/335/335 334/334/334 338/338/338
f 340/340/340 341/341/341 342/342/342
f 342/342/342 343/343/343 340/340/340
f 344/344/344 345/345/345 341/341/341
f 341/341/341 340/340/340 344/344/344
f 346/346/346 347/347/347 345/345/345
f 345/345/345 344/344/344 346/346/346
f 348/348/348 349/349/349 350/350/350
f 350/350/350 351/351/351 348/348/348
f 352/352/352 353/353/353 349/349/349
f 349/349/349 348/348/348 352/352/352
f 354/354/354 355/355/355 356/356/356
f 356/356/356 357/357/357 354/354/354
f 358/358/358 359/359/359 360/360/360
f 360/360/360 361/361/361 358/358/358
f 362/362/362 363/363/363 359/359/359
f 359/359/359 358/358/358 362/362/362
f 364/364/364 365/365/365 366/366/366
f 366/366/366 367/367/367 364/364/364
f 368/368/368 369/369/369 365/365/365
f 365/365/365 364/364/364 368/368/368
f 370/370/370 371/371/371 369/369/369
f 369/369/369 368/368/368 370/370/370
f 372/372/372 373/373/373 374/374/374
f 374/374/374 375/375/375 372/372/372
f 376/376/376 377/377/377 373/373/373
f 373/373/373 372/372/372 376/376/376
f 378/378/378 379/379/379 380/380/380
f 380/380/380 381/381/381 378/378/378
f 296/296/296 382/382/382 383/383/383
f 383/383/383 297/297/297 296/296/296
f 299/299/299 384/384/384 382/382/382
f 382/382/382 296/296/296 299/299/299
f 301/301/301 385/385/385 384/384/384
f 384/384/384 299/299/299 301/301/301
f 303/303/303 386/386/386 385/385/385
f 385/385/385 301/301/301 303/303/303
f 305/305/305 387/387/387 386/386/386
f 386/386/386 303/303/303 305/305/305
f 307/307/307 388/388/388 387/387/387
f 387/387/387 305/305/305 307/307/307
f 309/309/309 389/389/389 388/388/388
f 388/388/388 307/307/307 309/309/309
f 390/390/390 391/391/391 392/392/392
f 392/392/392 393/393/393 390/390/390
f 316/316/316 394/394/394 395/395/395
f 395/395/395 317/317/317 316/316/316
f 319/319/319 396/396/396 394/394/394
f 394/394/394 316/316/316 319/319/319
f 321/321/321 397/397/397 396/396/396
f 396/396/396 319/319/319 321/321/321
f 323/323/323 398/398/398 397/397/397
f 397/397/397 321/321/321 323/323/323
f 325/325/325 399/399/399 398/398/398
f 398/398/398 323/323/323 325/325/325
f 327/327/327 400/400/400 399/399/399
f 399/399/399 325/325/325 327/327/327
f 329/329/329 401/401/401 400/400/400
f 400/400/400 327/327/327 329/329/329
f 402/402/402 291/291/291 290/290/290
f 402/402/402 290/290/290 403/403/403
f 402/402/402 403/403/403 404/404/404
f 402/402/402 404/404/404 405/405/405
f 402/402/402 405/405/405 406/406/406
f 407/407/407 402/402/402 406/406/406
f 408/408/408 302/302/302 300/300/300
f 300/300/300 409/409/409 408/408/408
f 410/410/410 311/311/311 310/310/310
f 410/410/410 310/310/310 411/411/411
f 410/410/410 411/411/411 412/412/412
f 410/410/410 412/412/412 413/413/413
f 410/410/410 413/413/413 414/414/414
f 415/415/415 410/410/410 414/414/414
f 416/416/416 322/322/322 320/320/320
f 320/320/320 417/417/417 416/416/416
f 418/418/418 326/326/326 324/324/324
f 324/324/324 419/419/419 418/418/418
f 420/420/420 298/298/298 295/295/295
f 295/295/295 421/421/421 420/420/420
f 422/422/422 306/306/306 304/304/304
f 304/304/304 423/423/423 422/422/422
f 424/424/424 318/318/318 315/315/315
f 315/315/315 425/425/425 424/424/424
f 419/419/419 324/324/324 322/322/322
f 322/322/322 416/416/416 419/419/419
f 421/421/421 295/295/295 294/294/294
f 294/294/294 426/426/426 421/421/421
f 423/423/423 304/304/304 302/302/302
f 302/302/302 408/408/408 423/423/423
f 425/425/425 315/315/315 314/314/314
f 314/314/314 427/427/427 425/425/425
f 428/428/428 328/328/328 326/326/326
f 326/326/326 418/418/418 428/428/428
f 409/409/409 300/300/300 298/298/298
f 298/298/298 420/420/420 409/409/409
f 429/429/429 308/308/308 306/306/306
f 306/306/306 422/422/422 429/429/429
f 417/417/417 320/320/320 318/318/318
f 318/318/318 424/424/424 417/417/417
f 430/430/430 431/431/431 432/432/432
f 433/433/433 434/434/434 435/435/435
f 436/436/436 437/437/437 438/438/438
f 438/438/438 439/439/439 436/436/436
f 440/440/440 441/441/441 442/442/442
f 442/442/442 443/443/443 440/440/440
f 444/444/444 445/445/445 446/446/446
f 446/446/446 447/447/447 444/444/444
f 448/448/448 449/449/449 450/450/450
f 450/450/450 451/451/451 448/448/448
f 452/452/452 453/453/453 454/454/454
f 454/454/454 455/455/455 452/452/452
f 456/456/456 457/457/457 458/458/458
f 458/458/458 459/459/459 456/456/456
f 460/460/460 461/461/461 462/462/462
f 462/462/462 463/463/463 460/460/460
f 464/464/464 465/465/465 445/445/445
f 445/445/445 444/444/444 464/464/464
f 455/455/455 454/454/454 466/466/466
f 466/466/466 467/467/467 455/455/455
f 468/468/468 469/469/469 437/437/437
f 437/437/437 436/436/436 468/468/468
f 463/463/463 462/462/462 470/470/470
f 470/470/470 471/471/471 463/463/463
f 472/472/472 473/473/473 449/449/449
f 449/449/449 448/448/448 472/472/472
f 439/439/439 438/438/438 474/474/474
f 474/474/474 475/475/475 439/439/439
f 476/476/476 477/477/477 457/457/457
f 457/457/457 456/456/456 476/476/476
f 447/447/447 446/446/446 478/478/478
f 478/478/478 479/479/479 447/447/447
f 126/126/126 125/125/125 31/31/31
f 31/31/31 30/30/30 119/119/119
f 126/126/126 31/31/31 119/119/119
f 119/119/119 167/167/167 480/480/480
f 126/126/126 119/119/119 480/480/480
f 481/481/481 126/126/126 480/480/480
f 481/481/481 480/480/480 2/2/2
f 2/2/2 1/1/1 481/481/481
f 152/152/152 94/94/94 25/25/25
f 25/25/25 24/24/24 100/100/100
f 152/152/152 25/25/25 100/100/100
f 100/100/100 99/99/99 482/482/482
f 152/152/152 100/100/100 482/482/482
f 483/483/483 152/152/152 482/482/482
f 483/483/483 482/482/482 4/4/4
f 4/4/4 3/3/3 483/483/483
f 160/160/160 110/110/110 39/39/39
f 39/39/39 38/38/38 116/116/116
f 160/160/160 39/39/39 116/116/116
f 116/116/116 115/115/115 484/484/484
f 160/160/160 116/116/116 484/484/484
f 485/485/485 160/160/160 484/484/484
f 485/485/485 484/484/484 6/6/6
f 6/6/6 5/5/5 485/485/485
f 162/162/162 112/112/112 45/45/45
f 45/45/45 44/44/44 108/108/108
f 162/162/162 45/45/45 108/108/108
f 108/108/108 107/107/107 486/486/486
f 162/162/162 108/108/108 486/486/486
f 487/487/487 162/162/162 486/486/486
f 487/487/487 486/486/486 8/8/8
f 8/8/8 7/7/7 487/487/487
f 90/90/90 488/488/488 489/489/489
f 489/489/489 91/91/91 90/90/90
f 490/490/490 491/491/491 492/492/492
f 493/493/493 494/494/494 495/495/495
f 148/148/148 496/496/496 497/497/497
f 497/497/497 145/145/145 148/148/148
f 496/496/496 498/498/498 499/499/499
f 499/499/499 497/497/497 496/496/496
f 500/500/500 127/127/127 126/126/126
f 126/126/126 481/481/481 500/500/500
f 27/27/27 500/500/500 481/481/481
f 481/481/481 1/1/1 27/27/27
f 99/99/99 98/98/98 501/501/501
f 501/501/501 482/482/482 99/99/99
f 482/482/482 501/501/501 28/28/28
f 28/28/28 4/4/4 482/482/482
f 502/502/502 151/151/151 152/152/152
f 152/152/152 483/483/483 502/502/502
f 33/33/33 502/502/502 483/483/483
f 483/483/483 3/3/3 33/33/33
f 167/167/167 168/168/168 503/503/503
f 503/503/503 480/480/480 167/167/167
f 480/480/480 503/503/503 34/34/34
f 34/34/34 2/2/2 480/480/480
f 504/504/504 159/159/159 160/160/160
f 160/160/160 485/485/485 504/504/504
f 35/35/35 504/504/504 485/485/485
f 485/485/485 5/5/5 35/35/35
f 107/107/107 106/106/106 505/505/505
f 505/505/505 486/486/486 107/107/107
f 486/486/486 505/505/505 36/36/36
f 36/36/36 8/8/8 486/486/486
f 506/506/506 161/161/161 162/162/162
f 162/162/162 487/487/487 506/506/506
f 41/41/41 506/506/506 487/487/487
f 487/487/487 7/7/7 41/41/41
f 115/115/115 114/114/114 507/507/507
f 507/507/507 484/484/484 115/115/115
f 484/484/484 507/507/507 42/42/42
f 42/42/42 6/6/6 484/484/484
f 508/508/508 103/103/103 102/102/102
f 102/102/102 509/509/509 508/508/508
f 51/51/51 508/508/508 509/509/509
f 509/509/509 52/52/52 51/51/51
f 123/123/123 122/122/122 510/510/510
f 510/510/510 511/511/511 123/123/123
f 511/511/511 510/510/510 54/54/54
f 54/54/54 53/53/53 511/511/511
f 512/512/512 163/163/163 166/166/166
f 166/166/166 513/513/513 512/512/512
f 59/59/59 512/512/512 513/513/513
f 513/513/513 60/60/60 59/59/59
f 153/153/153 156/156/156 213/213/213
f 213/213/213 514/514/514 153/153/153
f 514/514/514 213/213/213 62/62/62
f 62/62/62 61/61/61 514/514/514
f 515/515/515 173/173/173 176/176/176
f 176/176/176 516/516/516 515/515/515
f 63/63/63 515/515/515 516/516/516
f 516/516/516 64/64/64 63/63/63
f 131/131/131 130/130/130 219/219/219
f 219/219/219 517/517/517 131/131/131
f 517/517/517 219/219/219 66/66/66
f 66/66/66 65/65/65 517/517/517
f 518/518/518 177/177/177 180/180/180
f 180/180/180 519/519/519 518/518/518
f 71/71/71 518/518/518 519/519/519
f 519/519/519 72/72/72 71/71/71
f 139/139/139 138/138/138 520/520/520
f 520/520/520 521/521/521 139/139/139
f 521/521/521 520/520/520 74/74/74
f 74/74/74 73/73/73 521/521/521
f 218/218/218 522/522/522 66/66/66
f 66/66/66 219/219/219 218/218/218
f 59/59/59 62/62/62 212/212/212
f 212/212/212 523/523/523 59/59/59
f 59/59/59 523/523/523 524/524/524
f 524/524/524 512/512/512 59/59/59
f 66/66/66 522/522/522 525/525/525
f 525/525/525 63/63/63 66/66/66
f 63/63/63 525/525/525 526/526/526
f 526/526/526 515/515/515 63/63/63
f 211/211/211 213/213/213 156/156/156
f 527/527/527 211/211/211 156/156/156
f 527/527/527 156/156/156 528/528/528
f 67/67/67 70/70/70 529/529/529
f 529/529/529 530/530/530 67/67/67
f 530/530/530 529/529/529 531/531/531
f 531/531/531 532/532/532 530/530/530
f 55/55/55 58/58/58 533/533/533
f 533/533/533 534/534/534 55/55/55
f 534/534/534 533/533/533 535/535/535
f 535/535/535 536/536/536 534/534/534
f 71/71/71 74/74/74 537/537/537
f 537/537/537 538/538/538 71/71/71
f 539/539/539 540/540/540 541/541/541
f 541/541/541 542/542/542 539/539/539
f 51/51/51 54/54/54 543/543/543
f 543/543/543 544/544/544 51/51/51
f 544/544/544 543/543/543 545/545/545
f 545/545/545 546/546/546 544/544/544
f 75/75/75 78/78/78 547/547/547
f 547/547/547 548/548/548 75/75/75
f 548/548/548 547/547/547 549/549/549
f 549/549/549 550/550/550 548/548/548
f 47/47/47 50/50/50 551/551/551
f 551/551/551 552/552/552 47/47/47
f 552/552/552 551/551/551 553/553/553
f 553/553/553 554/554/554 552/552/552
f 174/174/174 173/173/173 216/216/216
f 216/216/216 555/555/555 174/174/174
f 555/555/555 216/216/216 215/215/215
f 215/215/215 556/556/556 555/555/555
f 156/156/156 155/155/155 557/557/557
f 557/557/557 528/528/528 156/156/156
f 528/528/528 557/557/557 558/558/558
f 558/558/558 559/559/559 528/528/528
f 164/164/164 163/163/163 225/225/225
f 225/225/225 560/560/560 164/164/164
f 560/560/560 225/225/225 224/224/224
f 224/224/224 561/561/561 560/560/560
f 130/130/130 129/129/129 562/562/562
f 562/562/562 221/221/221 130/130/130
f 221/221/221 562/562/562 563/563/563
f 563/563/563 564/564/564 221/221/221
f 181/181/181 67/67/67 530/530/530
f 530/530/530 565/565/565 181/181/181
f 565/565/565 530/530/530 532/532/532
f 532/532/532 566/566/566 565/565/565
f 58/58/58 158/158/158 567/567/567
f 567/567/567 533/533/533 58/58/58
f 533/533/533 567/567/567 568/568/568
f 568/568/568 535/535/535 533/533/533
f 178/178/178 177/177/177 569/569/569
f 569/569/569 570/570/570 178/178/178
f 570/570/570 569/569/569 571/571/571
f 571/571/571 572/572/572 570/570/570
f 122/122/122 121/121/121 573/573/573
f 573/573/573 574/574/574 122/122/122
f 574/574/574 573/573/573 575/575/575
f 575/575/575 576/576/576 574/574/574
f 70/70/70 133/133/133 577/577/577
f 577/577/577 529/529/529 70/70/70
f 529/529/529 577/577/577 578/578/578
f 578/578/578 531/531/531 529/529/529
f 96/96/96 55/55/55 534/534/534
f 534/534/534 579/579/579 96/96/96
f 579/579/579 534/534/534 536/536/536
f 536/536/536 580/580/580 579/579/579
f 50/50/50 117/117/117 581/581/581
f 581/581/581 551/551/551 50/50/50
f 551/551/551 581/581/581 582/582/582
f 582/582/582 553/553/553 551/551/551
f 171/171/171 75/75/75 548/548/548
f 548/548/548 583/583/583 171/171/171
f 583/583/583 548/548/548 550/550/550
f 550/550/550 584/584/584 583/583/583
f 138/138/138 137/137/137 585/585/585
f 585/585/585 586/586/586 138/138/138
f 586/586/586 585/585/585 587/587/587
f 587/587/587 588/588/588 586/586/586
f 104/104/104 103/103/103 589/589/589
f 589/589/589 590/590/590 104/104/104
f 590/590/590 589/589/589 591/591/591
f 591/591/591 592/592/592 590/590/590
f 78/78/78 135/135/135 593/593/593
f 593/593/593 547/547/547 78/78/78
f 547/547/547 593/593/593 594/594/594
f 594/594/594 549/549/549 547/547/547
f 169/169/169 47/47/47 552/552/552
f 552/552/552 595/595/595 169/169/169
f 595/595/595 552/552/552 554/554/554
f 554/554/554 596/596/596 595/595/595
f 177/177/177 518/518/518 597/597/597
f 597/597/597 569/569/569 177/177/177
f 569/569/569 597/597/597 598/598/598
f 598/598/598 571/571/571 569/569/569
f 510/510/510 122/122/122 574/574/574
f 574/574/574 599/599/599 510/510/510
f 599/599/599 574/574/574 576/576/576
f 576/576/576 600/600/600 599/599/599
f 518/518/518 71/71/71 538/538/538
f 538/538/538 597/597/597 518/518/518
f 601/601/601 602/602/602 603/603/603
f 603/603/603 604/604/604 601/601/601
f 54/54/54 510/510/510 599/599/599
f 599/599/599 543/543/543 54/54/54
f 543/543/543 599/599/599 605/605/605
f 605/605/605 545/545/545 543/543/543
f 103/103/103 508/508/508 606/606/606
f 606/606/606 589/589/589 103/103/103
f 589/589/589 606/606/606 607/607/607
f 607/607/607 591/591/591 589/589/589
f 520/520/520 138/138/138 586/586/586
f 586/586/586 608/608/608 520/520/520
f 608/608/608 586/586/586 588/588/588
f 588/588/588 609/609/609 608/608/608
f 508/508/508 51/51/51 544/544/544
f 544/544/544 606/606/606 508/508/508
f 606/606/606 544/544/544 546/546/546
f 546/546/546 607/607/607 606/606/606
f 74/74/74 520/520/520 608/608/608
f 608/608/608 537/537/537 74/74/74
f 610/610/610 611/611/611 612/612/612
f 612/612/612 613/613/613 610/610/610
f 173/173/173 515/515/515 526/526/526
f 173/173/173 526/526/526 217/217/217
f 216/216/216 173/173/173 217/217/217
f 80/80/80 614/614/614 615/615/615
f 615/615/615 81/81/81 80/80/80
f 559/559/559 616/616/616 527/527/527
f 527/527/527 528/528/528 559/559/559
f 222/222/222 225/225/225 163/163/163
f 163/163/163 512/512/512 524/524/524
f 222/222/222 163/163/163 524/524/524
f 84/84/84 617/617/617 618/618/618
f 618/618/618 85/85/85 84/84/84
f 564/564/564 619/619/619 220/220/220
f 220/220/220 221/221/221 564/564/564
f 620/620/620 621/621/621 622/622/622
f 622/622/622 623/623/623 620/620/620
f 331/331/331 244/244/244 243/243/243
f 243/243/243 332/332/332 331/331/331
f 624/624/624 625/625/625 247/247/247
f 247/247/247 246/246/246 624/624/624
f 341/341/341 345/345/345 249/249/249
f 249/249/249 248/248/248 341/341/341
f 626/626/626 627/627/627 628/628/628
f 628/628/628 629/629/629 626/626/626
f 355/355/355 252/252/252 251/251/251
f 251/251/251 356/356/356 355/355/355
f 630/630/630 631/631/631 255/255/255
f 255/255/255 254/254/254 630/630/630
f 365/365/365 369/369/369 257/257/257
f 257/257/257 256/256/256 365/365/365
f 632/632/632 633/633/633 259/259/259
f 259/259/259 258/258/258 632/632/632
f 374/374/374 373/373/373 261/261/261
f 261/261/261 260/260/260 374/374/374
f 634/634/634 635/635/635 263/263/263
f 263/263/263 262/262/262 634/634/634
f 335/335/335 339/339/339 265/265/265
f 265/265/265 264/264/264 335/335/335
f 636/636/636 637/637/637 267/267/267
f 267/267/267 266/266/266 636/636/636
f 350/350/350 349/349/349 269/269/269
f 269/269/269 268/268/268 350/350/350
f 638/638/638 639/639/639 271/271/271
f 271/271/271 270/270/270 638/638/638
f 359/359/359 363/363/363 273/273/273
f 273/273/273 272/272/272 359/359/359
f 640/640/640 630/630/630 254/254/254
f 254/254/254 274/274/274 640/640/640
f 369/369/369 371/371/371 275/275/275
f 275/275/275 257/257/257 369/369/369
f 635/635/635 641/641/641 276/276/276
f 276/276/276 263/263/263 635/635/635
f 336/336/336 335/335/335 264/264/264
f 264/264/264 277/277/277 336/336/336
f 642/642/642 624/624/624 246/246/246
f 246/246/246 278/278/278 642/642/642
f 345/345/345 347/347/347 279/279/279
f 279/279/279 249/249/249 345/345/345
f 639/639/639 643/643/643 280/280/280
f 280/280/280 271/271/271 639/639/639
f 360/360/360 359/359/359 272/272/272
f 272/272/272 281/281/281 360/360/360
f 644/644/644 632/632/632 258/258/258
f 258/258/258 282/282/282 644/644/644
f 373/373/373 377/377/377 283/283/283
f 283/283/283 261/261/261 373/373/373
f 625/625/625 645/645/645 284/284/284
f 284/284/284 247/247/247 625/625/625
f 342/342/342 341/341/341 248/248/248
f 248/248/248 285/285/285 342/342/342
f 646/646/646 636/636/636 266/266/266
f 266/266/266 286/286/286 646/646/646
f 349/349/349 353/353/353 287/287/287
f 287/287/287 269/269/269 349/349/349
f 631/631/631 647/647/647 288/288/288
f 288/288/288 255/255/255 631/631/631
f 366/366/366 365/365/365 256/256/256
f 256/256/256 289/289/289 366/366/366
f 648/648/648 649/649/649 650/650/650
f 650/650/650 651/651/651 648/648/648
f 652/652/652 653/653/653 654/654/654
f 654/654/654 655/655/655 652/652/652
f 656/656/656 657/657/657 658/658/658
f 658/658/658 659/659/659 656/656/656
f 660/660/660 661/661/661 657/657/657
f 657/657/657 656/656/656 660/660/660
f 662/662/662 663/663/663 664/664/664
f 664/664/664 665/665/665 662/662/662
f 666/666/666 667/667/667 663/663/663
f 663/663/663 662/662/662 666/666/666
f 668/668/668 669/669/669 667/667/667
f 667/667/667 666/666/666 668/668/668
f 670/670/670 671/671/671 672/672/672
f 672/672/672 673/673/673 670/670/670
f 674/674/674 675/675/675 671/671/671
f 671/671/671 670/670/670 674/674/674
f 676/676/676 677/677/677 678/678/678
f 678/678/678 679/679/679 676/676/676
f 680/680/680 681/681/681 682/682/682
f 682/682/682 683/683/683 680/680/680
f 684/684/684 685/685/685 681/681/681
f 681/681/681 680/680/680 684/684/684
f 686/686/686 687/687/687 688/688/688
f 688/688/688 689/689/689 686/686/686
f 690/690/690 691/691/691 687/687/687
f 687/687/687 686/686/686 690/690/690
f 692/692/692 693/693/693 691/691/691
f 691/691/691 690/690/690 692/692/692
f 694/694/694 695/695/695 696/696/696
f 696/696/696 697/697/697 694/694/694
f 698/698/698 699/699/699 695/695/695
f 695/695/695 694/694/694 698/698/698
f 649/649/649 700/700/700 701/701/701
f 701/701/701 650/650/650 649/649/649
f 702/702/702 703/703/703 704/704/704
f 704/704/704 705/705/705 702/702/702
f 706/706/706 707/707/707 703/703/703
f 703/703/703 702/702/702 706/706/706
f 708/708/708 709/709/709 707/707/707
f 707/707/707 706/706/706 708/708/708
f 710/710/710 711/711/711 709/709/709
f 709/709/709 708/708/708 710/710/710
f 712/712/712 713/713/713 711/711/711
f 711/711/711 710/710/710 712/712/712
f 714/714/714 715/715/715 713/713/713
f 713/713/713 712/712/712 714/714/714
f 716/716/716 717/717/717 715/715/715
f 715/715/715 714/714/714 716/716/716
f 651/651/651 718/718/718 719/719/719
f 719/719/719 648/648/648 651/651/651
f 720/720/720 721/721/721 722/722/722
f 722/722/722 723/723/723 720/720/720
f 724/724/724 725/725/725 721/721/721
f 721/721/721 720/720/720 724/724/724
f 726/726/726 727/727/727 725/725/725
f 725/725/725 724/724/724 726/726/726
f 728/728/728 729/729/729 727/727/727
f 727/727/727 726/726/726 728/728/728
f 730/730/730 731/731/731 729/729/729
f 729/729/729 728/728/728 730/730/730
f 732/732/732 733/733/733 731/731/731
f 731/731/731 730/730/730 732/732/732
f 734/734/734 735/735/735 733/733/733
f 733/733/733 732/732/732 734/734/734
f 532/532/532 531/531/531 736/736/736
f 736/736/736 737/737/737 532/532/532
f 737/737/737 736/736/736 10/10/10
f 10/10/10 9/9/9 737/737/737
f 536/536/536 535/535/535 738/738/738
f 738/738/738 739/739/739 536/536/536
f 739/739/739 738/738/738 12/12/12
f 12/12/12 11/11/11 739/739/739
f 542/542/542 541/541/541 740/740/740
f 740/740/740 741/741/741 542/542/542
f 741/741/741 740/740/740 14/14/14
f 14/14/14 13/13/13 741/741/741
f 546/546/546 545/545/545 742/742/742
f 742/742/742 743/743/743 546/546/546
f 743/743/743 742/742/742 493/493/493
f 744/744/744 745/745/745 746/746/746
f 550/550/550 549/549/549 747/747/747
f 747/747/747 748/748/748 550/550/550
f 748/748/748 747/747/747 20/20/20
f 20/20/20 19/19/19 748/748/748
f 554/554/554 553/553/553 749/749/749
f 749/749/749 750/750/750 554/554/554
f 750/750/750 749/749/749 22/22/22
f 22/22/22 21/21/21 750/750/750
f 556/556/556 215/215/215 751/751/751
f 751/751/751 752/752/752 556/556/556
f 752/752/752 751/751/751 80/80/80
f 80/80/80 79/79/79 752/752/752
f 559/559/559 558/558/558 753/753/753
f 753/753/753 754/754/754 559/559/559
f 754/754/754 753/753/753 82/82/82
f 82/82/82 81/81/81 754/754/754
f 561/561/561 224/224/224 755/755/755
f 755/755/755 756/756/756 561/561/561
f 756/756/756 755/755/755 84/84/84
f 84/84/84 83/83/83 756/756/756
f 564/564/564 563/563/563 757/757/757
f 757/757/757 758/758/758 564/564/564
f 758/758/758 757/757/757 86/86/86
f 86/86/86 85/85/85 758/758/758
f 566/566/566 532/532/532 737/737/737
f 737/737/737 759/759/759 566/566/566
f 759/759/759 737/737/737 9/9/9
f 9/9/9 87/87/87 759/759/759
f 535/535/535 568/568/568 760/760/760
f 760/760/760 738/738/738 535/535/535
f 738/738/738 760/760/760 88/88/88
f 88/88/88 12/12/12 738/738/738
f 572/572/572 571/571/571 761/761/761
f 761/761/761 762/762/762 572/572/572
f 762/762/762 761/761/761 90/90/90
f 90/90/90 89/89/89 762/762/762
f 576/576/576 575/575/575 763/763/763
f 763/763/763 764/764/764 576/576/576
f 764/764/764 763/763/763 92/92/92
f 92/92/92 91/91/91 764/764/764
f 531/531/531 578/578/578 765/765/765
f 765/765/765 736/736/736 531/531/531
f 736/736/736 765/765/765 141/141/141
f 141/141/141 10/10/10 736/736/736
f 580/580/580 536/536/536 739/739/739
f 739/739/739 766/766/766 580/580/580
f 766/766/766 739/739/739 11/11/11
f 11/11/11 142/142/142 766/766/766
f 553/553/553 582/582/582 767/767/767
f 767/767/767 749/749/749 553/553/553
f 749/749/749 767/767/767 143/143/143
f 143/143/143 22/22/22 749/749/749
f 584/584/584 550/550/550 748/748/748
f 748/748/748 768/768/768 584/584/584
f 768/768/768 748/748/748 19/19/19
f 19/19/19 144/144/144 768/768/768
f 588/588/588 587/587/587 769/769/769
f 769/769/769 770/770/770 588/588/588
f 770/770/770 769/769/769 146/146/146
f 146/146/146 145/145/145 770/770/770
f 592/592/592 591/591/591 771/771/771
f 771/771/771 772/772/772 592/592/592
f 772/772/772 771/771/771 148/148/148
f 148/148/148 147/147/147 772/772/772
f 549/549/549 594/594/594 773/773/773
f 773/773/773 747/747/747 549/549/549
f 747/747/747 773/773/773 149/149/149
f 149/149/149 20/20/20 747/747/747
f 596/596/596 554/554/554 750/750/750
f 750/750/750 774/774/774 596/596/596
f 774/774/774 750/750/750 21/21/21
f 21/21/21 150/150/150 774/774/774
f 229/229/229 228/228/228 775/775/775
f 775/775/775 776/776/776 229/229/229
f 777/777/777 778/778/778 779/779/779
f 780/780/780 781/781/781 782/782/782
f 235/235/235 234/234/234 783/783/783
f 783/783/783 784/784/784 235/235/235
f 785/785/785 786/786/786 787/787/787
f 788/788/788 789/789/789 790/790/790
f 233/233/233 232/232/232 791/791/791
f 791/791/791 792/792/792 233/233/233
f 793/793/793 794/794/794 795/795/795
f 796/796/796 797/797/797 792/792/792
f 239/239/239 238/238/238 798/798/798
f 798/798/798 799/799/799 239/239/239
f 800/800/800 801/801/801 802/802/802
f 802/802/802 803/803/803 800/800/800
f 282/282/282 283/283/283 804/804/804
f 804/804/804 805/805/805 282/282/282
f 806/806/806 807/807/807 808/808/808
f 808/808/808 809/809/809 806/806/806
f 277/277/277 276/276/276 810/810/810
f 810/810/810 811/811/811 277/277/277
f 812/812/812 813/813/813 814/814/814
f 814/814/814 815/815/815 812/812/812
f 286/286/286 287/287/287 816/816/816
f 816/816/816 817/817/817 286/286/286
f 817/817/817 816/816/816 818/818/818
f 818/818/818 819/819/819 817/817/817
f 281/281/281 280/280/280 820/820/820
f 820/820/820 821/821/821 281/281/281
f 822/822/822 823/823/823 824/824/824
f 825/825/825 826/826/826 827/827/827
f 828/828/828 294/294/294 297/297/297
f 297/297/297 829/829/829 828/828/828
f 291/291/291 828/828/828 829/829/829
f 829/829/829 292/292/292 291/291/291
f 329/329/329 328/328/328 830/830/830
f 830/830/830 831/831/831 329/329/329
f 831/831/831 830/830/830 406/406/406
f 406/406/406 832/832/832 831/831/831
f 833/833/833 314/314/314 317/317/317
f 317/317/317 834/834/834 833/833/833
f 311/311/311 833/833/833 834/834/834
f 834/834/834 312/312/312 311/311/311
f 309/309/309 308/308/308 835/835/835
f 835/835/835 836/836/836 309/309/309
f 836/836/836 835/835/835 414/414/414
f 414/414/414 837/837/837 836/836/836
f 838/838/838 337/337/337 336/336/336
f 336/336/336 839/839/839 838/838/838
f 840/840/840 838/838/838 839/839/839
f 839/839/839 841/841/841 840/840/840
f 377/377/377 376/376/376 842/842/842
f 842/842/842 843/843/843 377/377/377
f 843/843/843 842/842/842 844/844/844
f 844/844/844 845/845/845 843/843/843
f 846/846/846 361/361/361 360/360/360
f 360/360/360 847/847/847 846/846/846
f 848/848/848 846/846/846 847/847/847
f 847/847/847 849/849/849 848/848/848
f 353/353/353 352/352/352 850/850/850
f 850/850/850 851/851/851 353/353/353
f 851/851/851 850/850/850 852/852/852
f 852/852/852 853/853/853 851/851/851
f 829/829/829 297/297/297 383/383/383
f 383/383/383 854/854/854 829/829/829
f 292/292/292 829/829/829 854/854/854
f 854/854/854 855/855/855 292/292/292
f 401/401/401 329/329/329 831/831/831
f 831/831/831 856/856/856 401/401/401
f 856/856/856 831/831/831 832/832/832
f 832/832/832 857/857/857 856/856/856
f 834/834/834 317/317/317 395/395/395
f 395/395/395 858/858/858 834/834/834
f 312/312/312 834/834/834 858/858/858
f 858/858/858 859/859/859 312/312/312
f 389/389/389 309/309/309 836/836/836
f 836/836/836 860/860/860 389/389/389
f 860/860/860 836/836/836 837/837/837
f 837/837/837 861/861/861 860/860/860
f 862/862/862 426/426/426 294/294/294
f 294/294/294 828/828/828 862/862/862
f 402/402/402 862/862/862 828/828/828
f 828/828/828 291/291/291 402/402/402
f 328/328/328 428/428/428 863/863/863
f 863/863/863 830/830/830 328/328/328
f 830/830/830 863/863/863 407/407/407
f 407/407/407 406/406/406 830/830/830
f 864/864/864 427/427/427 314/314/314
f 314/314/314 833/833/833 864/864/864
f 410/410/410 864/864/864 833/833/833
f 833/833/833 311/311/311 410/410/410
f 308/308/308 429/429/429 865/865/865
f 865/865/865 835/835/835 308/308/308
f 835/835/835 865/865/865 415/415/415
f 415/415/415 414/414/414 835/835/835
f 866/866/866 467/467/467 466/466/466
f 466/466/466 867/867/867 866/866/866
f 868/868/868 869/869/869 870/870/870
f 871/871/871 872/872/872 873/873/873
f 473/473/473 472/472/472 874/874/874
f 874/874/874 875/875/875 473/473/473
f 876/876/876 877/877/877 878/878/878
f 879/879/879 880/880/880 881/881/881
f 882/882/882 471/471/471 470/470/470
f 470/470/470 883/883/883 882/882/882
f 440/440/440 882/882/882 883/883/883
f 883/883/883 441/441/441 440/440/440
f 477/477/477 476/476/476 884/884/884
f 884/884/884 885/885/885 477/477/477
f 885/885/885 884/884/884 443/443/443
f 443/443/443 442/442/442 885/885/885
f 571/571/571 598/598/598 886/886/886
f 886/886/886 761/761/761 571/571/571
f 761/761/761 886/886/886 488/488/488
f 488/488/488 90/90/90 761/761/761
f 600/600/600 576/576/576 764/764/764
f 764/764/764 887/887/887 600/600/600
f 887/887/887 764/764/764 91/91/91
f 91/91/91 489/489/489 887/887/887
f 604/604/604 603/603/603 888/888/888
f 888/888/888 889/889/889 604/604/604
f 889/889/889 888/888/888 890/890/890
f 890/890/890 891/891/891 889/889/889
f 545/545/545 605/605/605 892/892/892
f 892/892/892 742/742/742 545/545/545
f 742/742/742 892/892/892 494/494/494
f 893/893/893 894/894/894 895/895/895
f 591/591/591 607/607/607 896/896/896
f 896/896/896 771/771/771 591/591/591
f 771/771/771 896/896/896 496/496/496
f 496/496/496 148/148/148 771/771/771
f 609/609/609 588/588/588 770/770/770
f 770/770/770 897/897/897 609/609/609
f 897/897/897 770/770/770 145/145/145
f 145/145/145 497/497/497 897/897/897
f 607/607/607 546/546/546 743/743/743
f 743/743/743 896/896/896 607/607/607
f 896/896/896 743/743/743 498/498/498
f 498/498/498 496/496/496 896/896/896
f 613/613/613 612/612/612 897/897/897
f 897/897/897 898/898/898 613/613/613
f 898/898/898 897/897/897 497/497/497
f 497/497/497 499/499/499 898/898/898
f 215/215/215 214/214/214 899/899/899
f 899/899/899 751/751/751 215/215/215
f 751/751/751 899/899/899 614/614/614
f 614/614/614 80/80/80 751/751/751
f 616/616/616 559/559/559 754/754/754
f 754/754/754 900/900/900 616/616/616
f 900/900/900 754/754/754 81/81/81
f 81/81/81 615/615/615 900/900/900
f 224/224/224 223/223/223 901/901/901
f 901/901/901 755/755/755 224/224/224
f 755/755/755 901/901/901 617/617/617
f 617/617/617 84/84/84 755/755/755
f 619/619/619 564/564/564 758/758/758
f 758/758/758 902/902/902 619/619/619
f 902/902/902 758/758/758 85/85/85
f 85/85/85 618/618/618 902/902/902
f 644/644/644 282/282/282 805/805/805
f 805/805/805 903/903/903 644/644/644
f 903/903/903 805/805/805 904/904/904
f 904/904/904 905/905/905 903/903/903
f 276/276/276 641/641/641 906/906/906
f 906/906/906 810/810/810 276/276/276
f 810/810/810 906/906/906 907/907/907
f 907/907/907 908/908/908 810/810/810
f 336/336/336 277/277/277 811/811/811
f 811/811/811 839/839/839 336/336/336
f 839/839/839 811/811/811 909/909/909
f 909/909/909 841/841/841 839/839/839
f 283/283/283 377/377/377 843/843/843
f 843/843/843 804/804/804 283/283/283
f 804/804/804 843/843/843 845/845/845
f 845/845/845 910/910/910 804/804/804
f 646/646/646 286/286/286 817/817/817
f 817/817/817 911/911/911 646/646/646
f 911/911/911 817/817/817 819/819/819
f 819/819/819 912/912/912 911/911/911
f 280/280/280 643/643/643 913/913/913
f 913/913/913 820/820/820 280/280/280
f 820/820/820 913/913/913 914/914/914
f 914/914/914 915/915/915 820/820/820
f 360/360/360 281/281/281 821/821/821
f 821/821/821 847/847/847 360/360/360
f 847/847/847 821/821/821 916/916/916
f 916/916/916 849/849/849 847/847/847
f 287/287/287 353/353/353 851/851/851
f 851/851/851 816/816/816 287/287/287
f 816/816/816 851/851/851 853/853/853
f 853/853/853 818/818/818 816/816/816
f 716/716/716 714/714/714 712/712/712
f 712/712/712 710/710/710 708/708/708
f 708/708/708 706/706/706 702/702/702
f 702/702/702 705/705/705 917/917/917
f 708/708/708 702/702/702 917/917/917
f 712/712/712 708/708/708 917/917/917
f 716/716/716 712/712/712 917/917/917
f 918/918/918 716/716/716 917/917/917
f 918/918/918 917/917/917 919/919/919
f 919/919/919 920/920/920 918/918/918
f 734/734/734 732/732/732 730/730/730
f 730/730/730 728/728/728 726/726/726
f 726/726/726 724/724/724 720/720/720
f 720/720/720 723/723/723 921/921/921
f 726/726/726 720/720/720 921/921/921
f 730/730/730 726/726/726 921/921/921
f 734/734/734 730/730/730 921/921/921
f 922/922/922 734/734/734 921/921/921
f 922/922/922 921/921/921 923/923/923
f 923/923/923 924/924/924 922/922/922
f 659/659/659 658/658/658 925/925/925
f 925/925/925 926/926/926 659/659/659
f 926/926/926 925/925/925 927/927/927
f 927/927/927 928/928/928 926/926/926
f 699/699/699 698/698/698 929/929/929
f 929/929/929 930/930/930 699/699/699
f 930/930/930 929/929/929 931/931/931
f 931/931/931 932/932/932 930/930/930
f 683/683/683 682/682/682 933/933/933
f 933/933/933 934/934/934 683/683/683
f 934/934/934 933/933/933 935/935/935
f 935/935/935 936/936/936 934/934/934
f 675/675/675 674/674/674 937/937/937
f 937/937/937 938/938/938 675/675/675
f 938/938/938 937/937/937 939/939/939
f 939/939/939 940/940/940 938/938/938
f 705/705/705 704/704/704 941/941/941
f 941/941/941 917/917/917 705/705/705
f 917/917/917 941/941/941 942/942/942
f 942/942/942 919/919/919 917/917/917
f 943/943/943 735/735/735 734/734/734
f 734/734/734 922/922/922 943/943/943
f 943/943/943 922/922/922 924/924/924
f 924/924/924 944/944/944 943/943/943
f 723/723/723 722/722/722 945/945/945
f 945/945/945 921/921/921 723/723/723
f 921/921/921 945/945/945 946/946/946
f 946/946/946 923/923/923 921/921/921
f 947/947/947 717/717/717 716/716/716
f 716/716/716 918/918/918 947/947/947
f 947/947/947 918/918/918 920/920/920
f 920/920/920 948/948/948 947/947/947
f 904/904/904 805/805/805 949/949/949
f 949/949/949 950/950/950 904/904/904
f 805/805/805 804/804/804 951/951/951
f 951/951/951 949/949/949 805/805/805
f 804/804/804 910/910/910 952/952/952
f 952/952/952 951/951/951 804/804/804
f 910/910/910 904/904/904 950/950/950
f 950/950/950 952/952/952 910/910/910
f 810/810/810 908/908/908 953/953/953
f 953/953/953 954/954/954 810/810/810
f 908/908/908 909/909/909 955/955/955
f 955/955/955 953/953/953 908/908/908
f 909/909/909 811/811/811 956/956/956
f 956/956/956 955/955/955 909/909/909
f 811/811/811 810/810/810 954/954/954
f 954/954/954 956/956/956 811/811/811
f 957/957/957 958/958/958 959/959/959
f 959/959/959 960/960/960 957/957/957
f 961/961/961 962/962/962 963/963/963
f 963/963/963 964/964/964 961/961/961
f 965/965/965 966/966/966 967/967/967
f 967/967/967 968/968/968 965/965/965
f 969/969/969 970/970/970 971/971/971
f 971/971/971 972/972/972 969/969/969
f 973/973/973 974/974/974 975/975/975
f 975/975/975 976/976/976 973/973/973
f 977/977/977 978/978/978 979/979/979
f 979/979/979 980/980/980 977/977/977
f 981/981/981 982/982/982 983/983/983
f 983/983/983 984/984/984 981/981/981
f 985/985/985 986/986/986 987/987/987
f 987/987/987 988/988/988 985/985/985
f 989/989/989 958/958/958 957/957/957
f 957/957/957 990/990/990 989/989/989
f 991/991/991 962/962/962 961/961/961
f 961/961/961 992/992/992 991/991/991
f 993/993/993 966/966/966 965/965/965
f 965/965/965 994/994/994 993/993/993
f 995/995/995 970/970/970 969/969/969
f 969/969/969 996/996/996 995/995/995
f 997/997/997 974/974/974 973/973/973
f 973/973/973 998/998/998 997/997/997
f 999/999/999 978/978/978 977/977/977
f 977/977/977 1000/1000/1000 999/999/999
f 1001/1001/1001 982/982/982 981/981/981
f 981/981/981 1002/1002/1002 1001/1001/1001
f 1003/1003/1003 986/986/986 985/985/985
f 985/985/985 1004/1004/1004 1003/1003/1003
f 1005/1005/1005 1006/1006/1006 1007/1007/1007
f 1007/1007/1007 1008/1008/1008 1005/1005/1005
f 1009/1009/1009 1010/1010/1010 1006/1006/1006
f 1006/1006/1006 1005/1005/1005 1009/1009/1009
f 1011/1011/1011 1012/1012/1012 1010/1010/1010
f 1010/1010/1010 1009/1009/1009 1011/1011/1011
f 1008/1008/1008 1007/1007/1007 1012/1012/1012
f 1012/1012/1012 1011/1011/1011 1008/1008/1008
f 953/953/953 1013/1013/1013 1014/1014/1014
f 1014/1014/1014 954/954/954 953/953/953
f 955/955/955 1015/1015/1015 1013/1013/1013
f 1013/1013/1013 953/953/953 955/955/955
f 956/956/956 1016/1016/1016 1015/1015/1015
f 1015/1015/1015 955/955/955 956/956/956
f 954/954/954 1014/1014/1014 1016/1016/1016
f 1016/1016/1016 956/956/956 954/954/954
f 1017/1017/1017 1018/1018/1018 1019/1019/1019
f 1019/1019/1019 1020/1020/1020 1017/1017/1017
f 1021/1021/1021 1022/1022/1022 1023/1023/1023
f 1023/1023/1023 1024/1024/1024 1021/1021/1021
f 1025/1025/1025 1026/1026/1026 1027/1027/1027
f 1027/1027/1027 1028/1028/1028 1025/1025/1025
f 1029/1029/1029 1030/1030/1030 1031/1031/1031
f 1031/1031/1031 1032/1032/1032 1029/1029/1029
f 1033/1033/1033 1034/1034/1034 1035/1035/1035
f 1035/1035/1035 1036/1036/1036 1033/1033/1033
f 1037/1037/1037 1038/1038/1038 1039/1039/1039
f 1039/1039/1039 1040/1040/1040 1037/1037/1037
f 1041/1041/1041 1042/1042/1042 1043/1043/1043
f 1043/1043/1043 1044/1044/1044 1041/1041/1041
f 1045/1045/1045 1046/1046/1046 1047/1047/1047
f 1047/1047/1047 1048/1048/1048 1045/1045/1045
f 1036/1036/1036 1035/1035/1035 1049/1049/1049
f 1049/1049/1049 1050/1050/1050 1036/1036/1036
f 1051/1051/1051 1052/1052/1052 1034/1034/1034
f 1034/1034/1034 1033/1033/1033 1051/1051/1051
f 1040/1040/1040 1039/1039/1039 1053/1053/1053
f 1053/1053/1053 1054/1054/1054 1040/1040/1040
f 1055/1055/1055 1056/1056/1056 1038/1038/1038
f 1038/1038/1038 1037/1037/1037 1055/1055/1055
f 1044/1044/1044 1043/1043/1043 1057/1057/1057
f 1057/1057/1057 1058/1058/1058 1044/1044/1044
f 1059/1059/1059 1060/1060/1060 1042/1042/1042
f 1042/1042/1042 1041/1041/1041 1059/1059/1059
f 1048/1048/1048 1047/1047/1047 1061/1061/1061
f 1061/1061/1061 1062/1062/1062 1048/1048/1048
f 1063/1063/1063 1064/1064/1064 1046/1046/1046
f 1046/1046/1046 1045/1045/1045 1063/1063/1063
f 1065/1065/1065 1066/1066/1066 1067/1067/1067
f 1068/1068/1068 1069/1069/1069 1070/1070/1070
f 1071/1071/1071 1072/1072/1072 1073/1073/1073
f 1074/1074/1074 1075/1075/1075 1076/1076/1076
f 1077/1077/1077 1078/1078/1078 1079/1079/1079
f 1080/1080/1080 1081/1081/1081 1082/1082/1082
f 1083/1083/1083 1084/1084/1084 1085/1085/1085
f 1085/1085/1085 1086/1086/1086 1083/1083/1083
f 1087/1087/1087 1088/1088/1088 1089/1089/1089
f 1090/1090/1090 1091/1091/1091 1092/1092/1092
f 1093/1093/1093 1094/1094/1094 1095/1095/1095
f 1096/1096/1096 1097/1097/1097 1098/1098/1098
f 1099/1099/1099 1100/1100/1100 1101/1101/1101
f 1102/1102/1102 1103/1103/1103 1104/1104/1104
f 1105/1105/1105 1106/1106/1106 1107/1107/1107
f 1107/1107/1107 1108/1108/1108 1105/1105/1105
f 1109/1109/1109 1110/1110/1110 1050/1050/1050
f 1050/1050/1050 1049/1049/1049 1109/1109/1109
f 1060/1060/1060 1059/1059/1059 1054/1054/1054
f 1054/1054/1054 1053/1053/1053 1060/1060/1060
f 1111/1111/1111 1112/1112/1112 1058/1058/1058
f 1058/1058/1058 1057/1057/1057 1111/1111/1111
f 1052/1052/1052 1051/1051/1051 1062/1062/1062
f 1062/1062/1062 1061/1061/1061 1052/1052/1052
f 1113/1113/1113 1114/1114/1114 1115/1115/1115
f 1115/1115/1115 1116/1116/1116 1113/1113/1113
f 1117/1117/1117 1118/1118/1118 1119/1119/1119
f 1119/1119/1119 1120/1120/1120 1117/1117/1117
f 1121/1121/1121 1122/1122/1122 1123/1123/1123
f 1123/1123/1123 1124/1124/1124 1121/1121/1121
f 1125/1125/1125 1126/1126/1126 1127/1127/1127
f 1127/1127/1127 1128/1128/1128 1125/1125/1125
f 1116/1116/1116 1115/1115/1115 1020/1020/1020
f 1020/1020/1020 1019/1019/1019 1116/1116/1116
f 1030/1030/1030 1029/1029/1029 1129/1129/1129
f 1129/1129/1129 1130/1130/1130 1030/1030/1030
f 1131/1131/1131 1132/1132/1132 1024/1024/1024
f 1024/1024/1024 1023/1023/1023 1131/1131/1131
f 1084/1084/1084 1083/1083/1083 1118/1118/1118
f 1118/1118/1118 1117/1117/1117 1084/1084/1084
f 1133/1133/1133 1134/1134/1134 1028/1028/1028
f 1028/1028/1028 1027/1027/1027 1133/1133/1133
f 1022/1022/1022 1021/1021/1021 1122/1122/1122
f 1122/1122/1122 1121/1121/1121 1022/1022/1022
f 1128/1128/1128 1127/1127/1127 1032/1032/1032
f 1032/1032/1032 1031/1031/1031 1128/1128/1128
f 1106/1106/1106 1105/1105/1105 1135/1135/1135
f 1135/1135/1135 1136/1136/1136 1106/1106/1106
f 1137/1137/1137 1138/1138/1138 1139/1139/1139
f 1139/1139/1139 1140/1140/1140 1137/1137/1137
f 1141/1141/1141 1142/1142/1142 1143/1143/1143
f 1144/1144/1144 1145/1145/1145 1146/1146/1146
f 1147/1147/1147 1148/1148/1148 1149/1149/1149
f 1150/1150/1150 1151/1151/1151 1152/1152/1152
f 1056/1056/1056 1055/1055/1055 1153/1153/1153
f 1153/1153/1153 1154/1154/1154 1056/1056/1056
f 1155/1155/1155 1156/1156/1156 1157/1157/1157
f 1157/1157/1157 1158/1158/1158 1155/1155/1155
f 1159/1159/1159 1160/1160/1160 1161/1161/1161
f 1162/1162/1162 1163/1163/1163 1164/1164/1164
f 1165/1165/1165 1166/1166/1166 1167/1167/1167
f 1168/1168/1168 1169/1169/1169 1170/1170/1170
f 1064/1064/1064 1063/1063/1063 1171/1171/1171
f 1171/1171/1171 1172/1172/1172 1064/1064/1064
f 1173/1173/1173 1174/1174/1174 1175/1175/1175
f 1176/1176/1176 1177/1177/1177 1178/1178/1178
f 1179/1179/1179 1180/1180/1180 1181/1181/1181
f 1181/1181/1181 1182/1182/1182 1179/1179/1179
f 1183/1183/1183 1184/1184/1184 1185/1185/1185
f 1185/1185/1185 1186/1186/1186 1183/1183/1183
f 1187/1187/1187 1188/1188/1188 1189/1189/1189
f 1189/1189/1189 1190/1190/1190 1187/1187/1187
f 819/819/819 818/818/818 1191/1191/1191
f 1191/1191/1191 1192/1192/1192 819/819/819
f 1193/1193/1193 1194/1194/1194 1195/1195/1195
f 1195/1195/1195 1196/1196/1196 1193/1193/1193
f 916/916/916 915/915/915 1197/1197/1197
f 1197/1197/1197 1198/1198/1198 916/916/916
f 1199/1199/1199 840/840/840 841/841/841
f 841/841/841 1200/1200/1200 1199/1199/1199
f 1201/1201/1201 1202/1202/1202 1203/1203/1203
f 1204/1204/1204 1205/1205/1205 1206/1206/1206
f 845/845/845 844/844/844 1207/1207/1207
f 1207/1207/1207 1208/1208/1208 845/845/845
f 1209/1209/1209 1210/1210/1210 1211/1211/1211
f 1211/1211/1211 1212/1212/1212 1209/1209/1209
f 1213/1213/1213 848/848/848 849/849/849
f 849/849/849 1214/1214/1214 1213/1213/1213
f 853/853/853 852/852/852 1215/1215/1215
f 1215/1215/1215 1216/1216/1216 853/853/853
f 1217/1217/1217 1218/1218/1218 1219/1219/1219
f 1220/1220/1220 1221/1221/1221 1222/1222/1222
f 293/293/293 292/292/292 855/855/855
f 855/855/855 1223/1223/1223 293/293/293
f 1224/1224/1224 1225/1225/1225 1226/1226/1226
f 1227/1227/1227 1228/1228/1228 1229/1229/1229
f 857/857/857 832/832/832 1230/1230/1230
f 1230/1230/1230 1231/1231/1231 857/857/857
f 1232/1232/1232 1233/1233/1233 1234/1234/1234
f 1235/1235/1235 1236/1236/1236 1237/1237/1237
f 313/313/313 312/312/312 859/859/859
f 859/859/859 1238/1238/1238 313/313/313
f 861/861/861 837/837/837 1239/1239/1239
f 1239/1239/1239 1240/1240/1240 861/861/861
f 1241/1241/1241 1242/1242/1242 1243/1243/1243
f 1244/1244/1244 1245/1245/1245 1246/1246/1246
f 905/905/905 904/904/904 1247/1247/1247
f 1247/1247/1247 1248/1248/1248 905/905/905
f 1249/1249/1249 1250/1250/1250 1251/1251/1251
f 1252/1252/1252 1253/1253/1253 1254/1254/1254
f 908/908/908 907/907/907 1255/1255/1255
f 1255/1255/1255 1256/1256/1256 908/908/908
f 1257/1257/1257 1258/1258/1258 1259/1259/1259
f 1260/1260/1260 1261/1261/1261 1262/1262/1262
f 841/841/841 909/909/909 1186/1186/1186
f 1186/1186/1186 1200/1200/1200 841/841/841
f 1263/1263/1263 1187/1187/1187 1190/1190/1190
f 1190/1190/1190 1264/1264/1264 1263/1263/1263
f 910/910/910 845/845/845 1208/1208/1208
f 1208/1208/1208 1176/1176/1176 910/910/910
f 1265/1265/1265 1266/1266/1266 1267/1267/1267
f 1268/1268/1268 1181/1181/1181 1180/1180/1180
f 912/912/912 819/819/819 1192/1192/1192
f 1192/1192/1192 1269/1269/1269 912/912/912
f 1270/1270/1270 1193/1193/1193 1196/1196/1196
f 1196/1196/1196 1271/1271/1271 1270/1270/1270
f 915/915/915 914/914/914 1272/1272/1272
f 1272/1272/1272 1197/1197/1197 915/915/915
f 849/849/849 916/916/916 1198/1198/1198
f 1198/1198/1198 1214/1214/1214 849/849/849
f 818/818/818 853/853/853 1216/1216/1216
f 1216/1216/1216 1191/1191/1191 818/818/818
f 1273/1273/1273 1274/1274/1274 1275/1275/1275
f 1276/1276/1276 1195/1195/1195 1194/1194/1194
f 920/920/920 919/919/919 1277/1277/1277
f 1277/1277/1277 1278/1278/1278 920/920/920
f 1278/1278/1278 1277/1277/1277 649/649/649
f 649/649/649 648/648/648 1278/1278/1278
f 924/924/924 923/923/923 1279/1279/1279
f 1279/1279/1279 1280/1280/1280 924/924/924
f 1280/1280/1280 1279/1279/1279 651/651/651
f 651/651/651 650/650/650 1280/1280/1280
f 928/928/928 927/927/927 1281/1281/1281
f 1281/1281/1281 1282/1282/1282 928/928/928
f 1282/1282/1282 1281/1281/1281 653/653/653
f 653/653/653 652/652/652 1282/1282/1282
f 932/932/932 931/931/931 1283/1283/1283
f 1283/1283/1283 1284/1284/1284 932/932/932
f 1284/1284/1284 1283/1283/1283 655/655/655
f 655/655/655 654/654/654 1284/1284/1284
f 936/936/936 935/935/935 1285/1285/1285
f 1285/1285/1285 1286/1286/1286 936/936/936
f 1286/1286/1286 1285/1285/1285 677/677/677
f 677/677/677 676/676/676 1286/1286/1286
f 940/940/940 939/939/939 1287/1287/1287
f 1287/1287/1287 1288/1288/1288 940/940/940
f 1288/1288/1288 1287/1287/1287 679/679/679
f 679/679/679 678/678/678 1288/1288/1288
f 919/919/919 942/942/942 1289/1289/1289
f 1289/1289/1289 1277/1277/1277 919/919/919
f 1277/1277/1277 1289/1289/1289 700/700/700
f 700/700/700 649/649/649 1277/1277/1277
f 944/944/944 924/924/924 1280/1280/1280
f 1280/1280/1280 1290/1290/1290 944/944/944
f 1290/1290/1290 1280/1280/1280 650/650/650
f 650/650/650 701/701/701 1290/1290/1290
f 923/923/923 946/946/946 1291/1291/1291
f 1291/1291/1291 1279/1279/1279 923/923/923
f 1279/1279/1279 1291/1291/1291 718/718/718
f 718/718/718 651/651/651 1279/1279/1279
f 948/948/948 920/920/920 1278/1278/1278
f 1278/1278/1278 1292/1292/1292 948/948/948
f 1292/1292/1292 1278/1278/1278 648/648/648
f 648/648/648 719/719/719 1292/1292/1292
f 1293/1293/1293 1294/1294/1294 1295/1295/1295
f 1296/1296/1296 1297/1297/1297 1298/1298/1298
f 1299/1299/1299 1300/1300/1300 1301/1301/1301
f 1302/1302/1302 1303/1303/1303 1304/1304/1304
f 1305/1305/1305 1306/1306/1306 1307/1307/1307
f 1308/1308/1308 1309/1309/1309 1310/1310/1310
f 1311/1311/1311 1312/1312/1312 1313/1313/1313
f 1313/1313/1313 1314/1314/1314 1311/1311/1311
f 1312/1312/1312 1315/1315/1315 1316/1316/1316
f 1316/1316/1316 1313/1313/1313 1312/1312/1312
f 1315/1315/1315 1317/1317/1317 1316/1316/1316
f 1318/1318/1318 1319/1319/1319 1320/1320/1320
f 1319/1319/1319 1321/1321/1321 1322/1322/1322
f 1322/1322/1322 1320/1320/1320 1319/1319/1319
f 1321/1321/1321 1323/1323/1323 1324/1324/1324
f 1324/1324/1324 1322/1322/1322 1321/1321/1321
f 1325/1325/1325 1326/1326/1326 1327/1327/1327
f 1328/1328/1328 1329/1329/1329 1330/1330/1330
f 1331/1331/1331 1332/1332/1332 1333/1333/1333
f 1334/1334/1334 1335/1335/1335 1336/1336/1336
f 1230/1230/1230 405/405/405 404/404/404
f 404/404/404 381/381/381 1230/1230/1230
f 832/832/832 406/406/406 405/405/405
f 405/405/405 1230/1230/1230 832/832/832
f 1337/1337/1337 1338/1338/1338 1339/1339/1339
f 1340/1340/1340 1341/1341/1341 1342/1342/1342
f 1343/1343/1343 1344/1344/1344 1345/1345/1345
f 1346/1346/1346 1347/1347/1347 1348/1348/1348
f 1349/1349/1349 1350/1350/1350 1351/1351/1351
f 1352/1352/1352 1353/1353/1353 1354/1354/1354
f 1355/1355/1355 1356/1356/1356 1357/1357/1357
f 1357/1357/1357 1358/1358/1358 1355/1355/1355
f 1356/1356/1356 1359/1359/1359 1360/1360/1360
f 1360/1360/1360 1357/1357/1357 1356/1356/1356
f 1359/1359/1359 1361/1361/1361 1360/1360/1360
f 1362/1362/1362 1363/1363/1363 1364/1364/1364
f 1363/1363/1363 1365/1365/1365 1366/1366/1366
f 1366/1366/1366 1364/1364/1364 1363/1363/1363
f 1365/1365/1365 1367/1367/1367 1368/1368/1368
f 1368/1368/1368 1366/1366/1366 1365/1365/1365
f 1369/1369/1369 1370/1370/1370 1371/1371/1371
f 1372/1372/1372 1373/1373/1373 1374/1374/1374
f 1375/1375/1375 1376/1376/1376 1377/1377/1377
f 1378/1378/1378 1379/1379/1379 1380/1380/1380
f 381/381/381 404/404/404 403/403/403
f 403/403/403 378/378/378 381/381/381
f 378/378/378 403/403/403 290/290/290
f 290/290/290 293/293/293 378/378/378
f 1381/1381/1381 1382/1382/1382 1383/1383/1383
f 1384/1384/1384 1385/1385/1385 1386/1386/1386
f 1387/1387/1387 1388/1388/1388 1389/1389/1389
f 1390/1390/1390 1391/1391/1391 1392/1392/1392
f 1393/1393/1393 1394/1394/1394 1395/1395/1395
f 1396/1396/1396 1397/1397/1397 1398/1398/1398
f 1399/1399/1399 1400/1400/1400 1401/1401/1401
f 1401/1401/1401 1402/1402/1402 1399/1399/1399
f 1400/1400/1400 1403/1403/1403 1404/1404/1404
f 1404/1404/1404 1401/1401/1401 1400/1400/1400
f 1403/1403/1403 1405/1405/1405 1404/1404/1404
f 1406/1406/1406 1407/1407/1407 1408/1408/1408
f 1407/1407/1407 1409/1409/1409 1410/1410/1410
f 1410/1410/1410 1408/1408/1408 1407/1407/1407
f 1409/1409/1409 1411/1411/1411 1412/1412/1412
f 1412/1412/1412 1410/1410/1410 1409/1409/1409
f 1413/1413/1413 1414/1414/1414 1415/1415/1415
f 1416/1416/1416 1417/1417/1417 1418/1418/1418
f 1419/1419/1419 1420/1420/1420 1421/1421/1421
f 1422/1422/1422 1423/1423/1423 1424/1424/1424
f 390/390/390 411/411/411 310/310/310
f 310/310/310 313/313/313 390/390/390
f 393/393/393 412/412/412 411/411/411
f 411/411/411 390/390/390 393/393/393
f 1239/1239/1239 413/413/413 412/412/412
f 412/412/412 393/393/393 1239/1239/1239
f 837/837/837 414/414/414 413/413/413
f 413/413/413 1239/1239/1239 837/837/837
f 1425/1425/1425 1426/1426/1426 1427/1427/1427
f 1428/1428/1428 1429/1429/1429 1430/1430/1430
f 1431/1431/1431 1432/1432/1432 1433/1433/1433
f 1434/1434/1434 1435/1435/1435 1436/1436/1436
f 1428/1428/1428 1430/1430/1430 1437/1437/1437
f 1438/1438/1438 1428/1428/1428 1437/1437/1437
f 1439/1439/1439 1440/1440/1440 1441/1441/1441
f 1442/1442/1442 1443/1443/1443 1444/1444/1444
f 1445/1445/1445 1446/1446/1446 1447/1447/1447
f 1448/1448/1448 1449/1449/1449 1450/1450/1450
f 1451/1451/1451 1452/1452/1452 1453/1453/1453
f 1448/1448/1448 1454/1454/1454 1455/1455/1455
f 1456/1456/1456 1457/1457/1457 1458/1458/1458
f 1459/1459/1459 1460/1460/1460 1461/1461/1461
f 1462/1462/1462 1456/1456/1456 1463/1463/1463
f 1464/1464/1464 1462/1462/1462 1463/1463/1463
f 1465/1465/1465 1466/1466/1466 1467/1467/1467
f 1468/1468/1468 1469/1469/1469 1470/1470/1470
f 1471/1471/1471 1464/1464/1464 1472/1472/1472
f 1473/1473/1473 1471/1471/1471 1472/1472/1472
f 1473/1473/1473 1472/1472/1472 1474/1474/1474
f 1475/1475/1475 1476/1476/1476 1477/1477/1477
f 1478/1478/1478 1479/1479/1479 1480/1480/1480
f 1481/1481/1481 1478/1478/1478 1480/1480/1480
f 1482/1482/1482 1483/1483/1483 1484/1484/1484
f 1485/1485/1485 1481/1481/1481 1486/1486/1486
f 1473/1473/1473 1485/1485/1485 1486/1486/1486
f 1487/1487/1487 1488/1488/1488 1489/1489/1489
f 1490/1490/1490 1491/1491/1491 1492/1492/1492
f 1493/1493/1493 1494/1494/1494 1495/1495/1495
f 1496/1496/1496 1497/1497/1497 1498/1498/1498
f 1499/1499/1499 1500/1500/1500 1501/1501/1501
f 1502/1502/1502 1503/1503/1503 1504/1504/1504
f 1505/1505/1505 1506/1506/1506 1507/1507/1507
f 1508/1508/1508 1509/1509/1509 1510/1510/1510
f 1511/1511/1511 1512/1512/1512 1513/1513/1513
f 1514/1514/1514 1515/1515/1515 1507/1507/1507
f 1516/1516/1516 1514/1514/1514 1507/1507/1507
f 1517/1517/1517 1518/1518/1518 1519/1519/1519
f 1520/1520/1520 1521/1521/1521 1522/1522/1522
f 1523/1523/1523 1524/1524/1524 1525/1525/1525
f 1526/1526/1526 1527/1527/1527 1528/1528/1528
f 1529/1529/1529 1530/1530/1530 1531/1531/1531
f 1532/1532/1532 1533/1533/1533 1534/1534/1534
f 1535/1535/1535 1536/1536/1536 1537/1537/1537
f 1538/1538/1538 1539/1539/1539 1540/1540/1540
f 1541/1541/1541 1542/1542/1542 1543/1543/1543
f 1544/1544/1544 1545/1545/1545 1546/1546/1546
f 1547/1547/1547 1548/1548/1548 1549/1549/1549
f 1550/1550/1550 1547/1547/1547 1549/1549/1549
f 1551/1551/1551 1552/1552/1552 1553/1553/1553
f 1554/1554/1554 1555/1555/1555 1556/1556/1556
f 1557/1557/1557 1558/1558/1558 1559/1559/1559
f 1560/1560/1560 1561/1561/1561 1562/1562/1562
f 1563/1563/1563 1564/1564/1564 1565/1565/1565
f 1565/1565/1565 1566/1566/1566 1567/1567/1567
f 1568/1568/1568 1569/1569/1569 1570/1570/1570
f 1571/1571/1571 1572/1572/1572 1573/1573/1573
f 1574/1574/1574 1575/1575/1575 1576/1576/1576
f 1577/1577/1577 1578/1578/1578 1579/1579/1579
f 1580/1580/1580 1581/1581/1581 1582/1582/1582
f 1583/1583/1583 1584/1584/1584 1585/1585/1585
f 1586/1586/1586 1587/1587/1587 1588/1588/1588
f 1589/1589/1589 1590/1590/1590 1591/1591/1591
f 1592/1592/1592 1593/1593/1593 1594/1594/1594
f 1595/1595/1595 1596/1596/1596 1597/1597/1597
f 1598/1598/1598 1599/1599/1599 1600/1600/1600
f 1601/1601/1601 1602/1602/1602 802/802/802
f 1601/1601/1601 802/802/802 797/797/797
f 1603/1603/1603 1604/1604/1604 1605/1605/1605
f 1550/1550/1550 1589/1589/1589 797/797/797
f 1606/1606/1606 1550/1550/1550 797/797/797
f 1607/1607/1607 1606/1606/1606 797/797/797
f 1608/1608/1608 1607/1607/1607 797/797/797
f 1609/1609/1609 1608/1608/1608 797/797/797
f 1610/1610/1610 1609/1609/1609 797/797/797
f 1611/1611/1611 1610/1610/1610 797/797/797
f 1612/1612/1612 1613/1613/1613 1614/1614/1614
f 1615/1615/1615 1616/1616/1616 1617/1617/1617
f 1618/1618/1618 1619/1619/1619 1620/1620/1620
f 1621/1621/1621 1622/1622/1622 440/440/440
f 1623/1623/1623 1621/1621/1621 440/440/440
f 1624/1624/1624 1623/1623/1623 440/440/440
f 1625/1625/1625 1624/1624/1624 440/440/440
f 1492/1492/1492 1625/1625/1625 440/440/440
f 1492/1492/1492 440/440/440 443/443/443
f 1490/1490/1490 1492/1492/1492 443/443/443
f 1626/1626/1626 1490/1490/1490 443/443/443
f 1627/1627/1627 1628/1628/1628 1629/1629/1629
f 443/443/443 1630/1630/1630 1631/1631/1631
f 443/443/443 1631/1631/1631 1632/1632/1632
f 443/443/443 1632/1632/1632 1633/1633/1633
f 1626/1626/1626 443/443/443 1633/1633/1633
f 1634/1634/1634 1635/1635/1635 1636/1636/1636
f 1637/1637/1637 1638/1638/1638 1639/1639/1639
f 1640/1640/1640 1637/1637/1637 1639/1639/1639
f 1636/1636/1636 1641/1641/1641 1642/1642/1642
f 1643/1643/1643 1644/1644/1644 1645/1645/1645
f 1646/1646/1646 1647/1647/1647 1648/1648/1648
f 1649/1649/1649 1650/1650/1650 1651/1651/1651
f 1652/1652/1652 1653/1653/1653 1654/1654/1654
f 1655/1655/1655 1652/1652/1652 1654/1654/1654
f 1656/1656/1656 1657/1657/1657 1658/1658/1658
f 1659/1659/1659 1660/1660/1660 1661/1661/1661
f 1662/1662/1662 1663/1663/1663 1664/1664/1664
f 1665/1665/1665 1666/1666/1666 1667/1667/1667
f 1667/1667/1667 1668/1668/1668 1665/1665/1665
f 1666/1666/1666 1669/1669/1669 1670/1670/1670
f 1670/1670/1670 1667/1667/1667 1666/1666/1666
f 1671/1671/1671 1672/1672/1672 1673/1673/1673
f 1673/1673/1673 1674/1674/1674 1671/1671/1671
f 1672/1672/1672 1675/1675/1675 1676/1676/1676
f 1676/1676/1676 1673/1673/1673 1672/1672/1672
f 1675/1675/1675 1677/1677/1677 1678/1678/1678
f 1678/1678/1678 1676/1676/1676 1675/1675/1675
f 1679/1679/1679 1680/1680/1680 1681/1681/1681
f 1681/1681/1681 1682/1682/1682 1679/1679/1679
f 1680/1680/1680 1683/1683/1683 1684/1684/1684
f 1684/1684/1684 1681/1681/1681 1680/1680/1680
f 1683/1683/1683 1685/1685/1685 1686/1686/1686
f 1686/1686/1686 1684/1684/1684 1683/1683/1683
f 1685/1685/1685 1687/1687/1687 1688/1688/1688
f 1688/1688/1688 1686/1686/1686 1685/1685/1685
f 1689/1689/1689 1690/1690/1690 1691/1691/1691
f 1691/1691/1691 1692/1692/1692 1689/1689/1689
f 1690/1690/1690 1693/1693/1693 1694/1694/1694
f 1694/1694/1694 1691/1691/1691 1690/1690/1690
f 1693/1693/1693 1695/1695/1695 1696/1696/1696
f 1696/1696/1696 1694/1694/1694 1693/1693/1693
f 1697/1697/1697 1698/1698/1698 1699/1699/1699
f 1699/1699/1699 1700/1700/1700 1697/1697/1697
f 1698/1698/1698 1665/1665/1665 1668/1668/1668
f 1668/1668/1668 1699/1699/1699 1698/1698/1698
f 1701/1701/1701 1702/1702/1702 1703/1703/1703
f 1703/1703/1703 1704/1704/1704 1701/1701/1701
f 1702/1702/1702 1705/1705/1705 1706/1706/1706
f 1706/1706/1706 1703/1703/1703 1702/1702/1702
f 1707/1707/1707 1708/1708/1708 1709/1709/1709
f 1709/1709/1709 1710/1710/1710 1707/1707/1707
f 1708/1708/1708 1711/1711/1711 1712/1712/1712
f 1712/1712/1712 1709/1709/1709 1708/1708/1708
f 1711/1711/1711 1713/1713/1713 1714/1714/1714
f 1714/1714/1714 1712/1712/1712 1711/1711/1711
f 1713/1713/1713 1715/1715/1715 1716/1716/1716
f 1716/1716/1716 1714/1714/1714 1713/1713/1713
f 1717/1717/1717 1718/1718/1718 1719/1719/1719
f 1719/1719/1719 1720/1720/1720 1717/1717/1717
f 1718/1718/1718 1721/1721/1721 1722/1722/1722
f 1722/1722/1722 1719/1719/1719 1718/1718/1718
f 1721/1721/1721 1723/1723/1723 1724/1724/1724
f 1724/1724/1724 1722/1722/1722 1721/1721/1721
f 1723/1723/1723 1725/1725/1725 1726/1726/1726
f 1726/1726/1726 1724/1724/1724 1723/1723/1723
f 1725/1725/1725 1727/1727/1727 1728/1728/1728
f 1728/1728/1728 1726/1726/1726 1725/1725/1725
f 1729/1729/1729 1730/1730/1730 1731/1731/1731
f 1731/1731/1731 1732/1732/1732 1729/1729/1729
f 1730/1730/1730 1733/1733/1733 1734/1734/1734
f 1734/1734/1734 1731/1731/1731 1730/1730/1730
f 1733/1733/1733 1735/1735/1735 1736/1736/1736
f 1736/1736/1736 1734/1734/1734 1733/1733/1733
f 1737/1737/1737 1738/1738/1738 1739/1739/1739
f 1739/1739/1739 1740/1740/1740 1737/1737/1737
f 1738/1738/1738 1741/1741/1741 1742/1742/1742
f 1742/1742/1742 1739/1739/1739 1738/1738/1738
f 1741/1741/1741 1701/1701/1701 1704/1704/1704
f 1704/1704/1704 1742/1742/1742 1741/1741/1741
f 1743/1743/1743 1744/1744/1744 1745/1745/1745
f 1745/1745/1745 1746/1746/1746 1743/1743/1743
f 1744/1744/1744 1747/1747/1747 1748/1748/1748
f 1748/1748/1748 1745/1745/1745 1744/1744/1744
f 1747/1747/1747 1749/1749/1749 1750/1750/1750
f 1750/1750/1750 1748/1748/1748 1747/1747/1747
f 1749/1749/1749 1751/1751/1751 1752/1752/1752
f 1752/1752/1752 1750/1750/1750 1749/1749/1749
f 1753/1753/1753 1754/1754/1754 1755/1755/1755
f 1755/1755/1755 1756/1756/1756 1753/1753/1753
f 1754/1754/1754 1757/1757/1757 1758/1758/1758
f 1758/1758/1758 1755/1755/1755 1754/1754/1754
f 1757/1757/1757 1759/1759/1759 1760/1760/1760
f 1760/1760/1760 1758/1758/1758 1757/1757/1757
f 1761/1761/1761 1762/1762/1762 1763/1763/1763
f 1763/1763/1763 1764/1764/1764 1761/1761/1761
f 1762/1762/1762 1765/1765/1765 1766/1766/1766
f 1766/1766/1766 1763/1763/1763 1762/1762/1762
f 1765/1765/1765 1767/1767/1767 1768/1768/1768
f 1768/1768/1768 1766/1766/1766 1765/1765/1765
f 1767/1767/1767 1769/1769/1769 1770/1770/1770
f 1770/1770/1770 1768/1768/1768 1767/1767/1767
f 1771/1771/1771 1772/1772/1772 1773/1773/1773
f 1773/1773/1773 1774/1774/1774 1771/1771/1771
f 1772/1772/1772 1775/1775/1775 1776/1776/1776
f 1776/1776/1776 1773/1773/1773 1772/1772/1772
f 1777/1777/1777 1778/1778/1778 1779/1779/1779
f 1780/1780/1780 1781/1781/1781 1782/1782/1782
f 1783/1783/1783 1784/1784/1784 1785/1785/1785
f 1786/1786/1786 1787/1787/1787 1788/1788/1788
f 1789/1789/1789 1790/1790/1790 1791/1791/1791
f 1792/1792/1792 1793/1793/1793 1794/1794/1794
f 1795/1795/1795 1796/1796/1796 1797/1797/1797
f 1798/1798/1798 1799/1799/1799 1800/1800/1800
f 1795/1795/1795 1797/1797/1797 1801/1801/1801
f 1802/1802/1802 1795/1795/1795 1801/1801/1801
f 1803/1803/1803 1804/1804/1804 1805/1805/1805
f 1806/1806/1806 1807/1807/1807 1808/1808/1808
f 1809/1809/1809 1810/1810/1810 1811/1811/1811
f 1812/1812/1812 1802/1802/1802 1813/1813/1813
f 1814/1814/1814 1815/1815/1815 1816/1816/1816
f 1816/1816/1816 1817/1817/1817 1814/1814/1814
f 1818/1818/1818 1819/1819/1819 1820/1820/1820
f 1820/1820/1820 1821/1821/1821 1818/1818/1818
f 1819/1819/1819 1743/1743/1743 1746/1746/1746
f 1746/1746/1746 1820/1820/1820 1819/1819/1819
f 1822/1822/1822 1823/1823/1823 1824/1824/1824
f 1824/1824/1824 1825/1825/1825 1822/1822/1822
f 1823/1823/1823 1826/1826/1826 1827/1827/1827
f 1827/1827/1827 1824/1824/1824 1823/1823/1823
f 1828/1828/1828 1829/1829/1829 1830/1830/1830
f 1830/1830/1830 1831/1831/1831 1828/1828/1828
f 1829/1829/1829 1832/1832/1832 1833/1833/1833
f 1833/1833/1833 1830/1830/1830 1829/1829/1829
f 1832/1832/1832 1834/1834/1834 1835/1835/1835
f 1835/1835/1835 1833/1833/1833 1832/1832/1832
f 1836/1836/1836 1837/1837/1837 1838/1838/1838
f 1838/1838/1838 1839/1839/1839 1836/1836/1836
f 1837/1837/1837 1840/1840/1840 1841/1841/1841
f 1841/1841/1841 1838/1838/1838 1837/1837/1837
f 1840/1840/1840 1842/1842/1842 1843/1843/1843
f 1843/1843/1843 1841/1841/1841 1840/1840/1840
f 1842/1842/1842 1844/1844/1844 1845/1845/1845
f 1845/1845/1845 1843/1843/1843 1842/1842/1842
f 1846/1846/1846 1847/1847/1847 1848/1848/1848
f 1848/1848/1848 1849/1849/1849 1846/1846/1846
f 1847/1847/1847 1850/1850/1850 1851/1851/1851
f 1851/1851/1851 1848/1848/1848 1847/1847/1847
f 1850/1850/1850 1852/1852/1852 1853/1853/1853
f 1853/1853/1853 1851/1851/1851 1850/1850/1850
f 1854/1854/1854 1855/1855/1855 1856/1856/1856
f 1856/1856/1856 1857/1857/1857 1854/1854/1854
f 1855/1855/1855 1822/1822/1822 1825/1825/1825
f 1825/1825/1825 1856/1856/1856 1855/1855/1855
f 1814/1814/1814 1817/1817/1817 1776/1776/1776
f 1776/1776/1776 1775/1775/1775 1814/1814/1814
f 1858/1858/1858 1859/1859/1859 1860/1860/1860
f 1861/1861/1861 1862/1862/1862 1863/1863/1863
f 1864/1864/1864 1505/1505/1505 1865/1865/1865
f 1866/1866/1866 1867/1867/1867 1868/1868/1868
f 1869/1869/1869 1870/1870/1870 1871/1871/1871
f 1872/1872/1872 1873/1873/1873 1874/1874/1874
f 1875/1875/1875 1876/1876/1876 1877/1877/1877
f 1878/1878/1878 1879/1879/1879 1880/1880/1880
f 1881/1881/1881 1882/1882/1882 1883/1883/1883
f 1884/1884/1884 1885/1885/1885 1886/1886/1886
f 1886/1886/1886 1887/1887/1887 1884/1884/1884
f 1888/1888/1888 1889/1889/1889 1890/1890/1890
f 1890/1890/1890 1891/1891/1891 1888/1888/1888
f 1892/1892/1892 1893/1893/1893 1894/1894/1894
f 1892/1892/1892 1894/1894/1894 1895/1895/1895
f 1895/1895/1895 1896/1896/1896 1897/1897/1897
f 1895/1895/1895 1897/1897/1897 1898/1898/1898
f 1892/1892/1892 1895/1895/1895 1898/1898/1898
f 1898/1898/1898 1899/1899/1899 1900/1900/1900
f 1898/1898/1898 1900/1900/1900 1901/1901/1901
f 1892/1892/1892 1898/1898/1898 1901/1901/1901
f 1902/1902/1902 1892/1892/1892 1901/1901/1901
f 1903/1903/1903 1902/1902/1902 1901/1901/1901
f 1904/1904/1904 1905/1905/1905 1906/1906/1906
f 1906/1906/1906 1907/1907/1907 1904/1904/1904
f 1908/1908/1908 1909/1909/1909 1910/1910/1910
f 1908/1908/1908 1910/1910/1910 1911/1911/1911
f 1911/1911/1911 1912/1912/1912 1913/1913/1913
f 1911/1911/1911 1913/1913/1913 1914/1914/1914
f 1908/1908/1908 1911/1911/1911 1914/1914/1914
f 1914/1914/1914 1915/1915/1915 1916/1916/1916
f 1914/1914/1914 1916/1916/1916 1917/1917/1917
f 1908/1908/1908 1914/1914/1914 1917/1917/1917
f 1918/1918/1918 1908/1908/1908 1917/1917/1917
f 1919/1919/1919 1918/1918/1918 1917/1917/1917
f 1920/1920/1920 1921/1921/1921 1922/1922/1922
f 1922/1922/1922 1923/1923/1923 1920/1920/1920
f 1924/1924/1924 1886/1886/1886 1885/1885/1885
f 1885/1885/1885 1925/1925/1925 1924/1924/1924
f 1926/1926/1926 1884/1884/1884 1887/1887/1887
f 1887/1887/1887 1927/1927/1927 1926/1926/1926
f 1928/1928/1928 1889/1889/1889 1888/1888/1888
f 1888/1888/1888 1929/1929/1929 1928/1928/1928
f 1930/1930/1930 1891/1891/1891 1890/1890/1890
f 1890/1890/1890 1931/1931/1931 1930/1930/1930
f 1932/1932/1932 1896/1896/1896 1895/1895/1895
f 1895/1895/1895 1933/1933/1933 1932/1932/1932
f 1934/1934/1934 1903/1903/1903 1901/1901/1901
f 1901/1901/1901 1935/1935/1935 1934/1934/1934
f 1936/1936/1936 1906/1906/1906 1905/1905/1905
f 1905/1905/1905 1937/1937/1937 1936/1936/1936
f 1938/1938/1938 1912/1912/1912 1911/1911/1911
f 1911/1911/1911 1939/1939/1939 1938/1938/1938
f 1908/1908/1908 1940/1940/1940 1941/1941/1941
f 1941/1941/1941 1909/1909/1909 1908/1908/1908
f 1892/1892/1892 1942/1942/1942 1943/1943/1943
f 1943/1943/1943 1893/1893/1893 1892/1892/1892
f 1898/1898/1898 1944/1944/1944 1945/1945/1945
f 1945/1945/1945 1899/1899/1899 1898/1898/1898
f 1914/1914/1914 1946/1946/1946 1947/1947/1947
f 1947/1947/1947 1915/1915/1915 1914/1914/1914
f 1907/1907/1907 1948/1948/1948 1949/1949/1949
f 1949/1949/1949 1904/1904/1904 1907/1907/1907
f 1921/1921/1921 1950/1950/1950 1951/1951/1951
f 1951/1951/1951 1922/1922/1922 1921/1921/1921
f 1917/1917/1917 1952/1952/1952 1953/1953/1953
f 1953/1953/1953 1919/1919/1919 1917/1917/1917
f 1923/1923/1923 1954/1954/1954 1955/1955/1955
f 1955/1955/1955 1920/1920/1920 1923/1923/1923
f 1956/1956/1956 1885/1885/1885 1884/1884/1884
f 1884/1884/1884 1957/1957/1957 1956/1956/1956
f 1958/1958/1958 1887/1887/1887 1886/1886/1886
f 1886/1886/1886 1959/1959/1959 1958/1958/1958
f 1960/1960/1960 1890/1890/1890 1889/1889/1889
f 1889/1889/1889 1961/1961/1961 1960/1960/1960
f 1962/1962/1962 1888/1888/1888 1891/1891/1891
f 1891/1891/1891 1963/1963/1963 1962/1962/1962
f 1964/1964/1964 1950/1950/1950 1921/1921/1921
f 1921/1921/1921 1965/1965/1965 1964/1964/1964
f 1966/1966/1966 1933/1933/1933 1895/1895/1895
f 1895/1895/1895 1894/1894/1894 1966/1966/1966
f 1967/1967/1967 1939/1939/1939 1911/1911/1911
f 1911/1911/1911 1910/1910/1910 1967/1967/1967
f 1968/1968/1968 1940/1940/1940 1908/1908/1908
f 1908/1908/1908 1918/1918/1918 1968/1968/1968
f 1969/1969/1969 1929/1929/1929 1888/1888/1888
f 1888/1888/1888 1962/1962/1962 1969/1969/1969
f 1970/1970/1970 1944/1944/1944 1898/1898/1898
f 1898/1898/1898 1897/1897/1897 1970/1970/1970
f 1971/1971/1971 1946/1946/1946 1914/1914/1914
f 1914/1914/1914 1913/1913/1913 1971/1971/1971
f 1972/1972/1972 1931/1931/1931 1890/1890/1890
f 1890/1890/1890 1960/1960/1960 1972/1972/1972
f 1902/1902/1902 1903/1903/1903 1934/1934/1934
f 1934/1934/1934 1973/1973/1973 1902/1902/1902
f 1974/1974/1974 1904/1904/1904 1949/1949/1949
f 1949/1949/1949 1975/1975/1975 1974/1974/1974
f 1976/1976/1976 1920/1920/1920 1955/1955/1955
f 1955/1955/1955 1977/1977/1977 1976/1976/1976
f 1959/1959/1959 1886/1886/1886 1924/1924/1924
f 1924/1924/1924 1978/1978/1978 1959/1959/1959
f 1900/1900/1900 1899/1899/1899 1945/1945/1945
f 1945/1945/1945 1979/1979/1979 1900/1900/1900
f 1961/1961/1961 1889/1889/1889 1928/1928/1928
f 1928/1928/1928 1980/1980/1980 1961/1961/1961
f 1963/1963/1963 1891/1891/1891 1930/1930/1930
f 1930/1930/1930 1981/1981/1981 1963/1963/1963
f 1916/1916/1916 1915/1915/1915 1947/1947/1947
f 1947/1947/1947 1982/1982/1982 1916/1916/1916
f 1920/1920/1920 1976/1976/1976 1965/1965/1965
f 1965/1965/1965 1921/1921/1921 1920/1920/1920
f 1904/1904/1904 1974/1974/1974 1983/1983/1983
f 1983/1983/1983 1905/1905/1905 1904/1904/1904
f 1906/1906/1906 1984/1984/1984 1985/1985/1985
f 1985/1985/1985 1907/1907/1907 1906/1906/1906
f 1922/1922/1922 1986/1986/1986 1987/1987/1987
f 1987/1987/1987 1923/1923/1923 1922/1922/1922
f 1926/1926/1926 1988/1988/1988 1957/1957/1957
f 1957/1957/1957 1884/1884/1884 1926/1926/1926
f 1943/1943/1943 1966/1966/1966 1894/1894/1894
f 1894/1894/1894 1893/1893/1893 1943/1943/1943
f 1941/1941/1941 1967/1967/1967 1910/1910/1910
f 1910/1910/1910 1909/1909/1909 1941/1941/1941
f 1953/1953/1953 1968/1968/1968 1918/1918/1918
f 1918/1918/1918 1919/1919/1919 1953/1953/1953
f 1951/1951/1951 1989/1989/1989 1986/1986/1986
f 1986/1986/1986 1922/1922/1922 1951/1951/1951
f 1932/1932/1932 1970/1970/1970 1897/1897/1897
f 1897/1897/1897 1896/1896/1896 1932/1932/1932
f 1938/1938/1938 1971/1971/1971 1913/1913/1913
f 1913/1913/1913 1912/1912/1912 1938/1938/1938
f 1936/1936/1936 1990/1990/1990 1984/1984/1984
f 1984/1984/1984 1906/1906/1906 1936/1936/1936
f 1892/1892/1892 1902/1902/1902 1973/1973/1973
f 1973/1973/1973 1942/1942/1942 1892/1892/1892
f 1887/1887/1887 1958/1958/1958 1991/1991/1991
f 1991/1991/1991 1927/1927/1927 1887/1887/1887
f 1885/1885/1885 1956/1956/1956 1992/1992/1992
f 1992/1992/1992 1925/1925/1925 1885/1885/1885
f 1905/1905/1905 1983/1983/1983 1993/1993/1993
f 1993/1993/1993 1937/1937/1937 1905/1905/1905
f 1901/1901/1901 1900/1900/1900 1979/1979/1979
f 1979/1979/1979 1935/1935/1935 1901/1901/1901
f 1907/1907/1907 1985/1985/1985 1994/1994/1994
f 1994/1994/1994 1948/1948/1948 1907/1907/1907
f 1923/1923/1923 1987/1987/1987 1995/1995/1995
f 1995/1995/1995 1954/1954/1954 1923/1923/1923
f 1917/1917/1917 1916/1916/1916 1982/1982/1982
f 1982/1982/1982 1952/1952/1952 1917/1917/1917
f 1996/1996/1996 1997/1997/1997 1998/1998/1998
f 1998/1998/1998 1999/1999/1999 1996/1996/1996
f 2000/2000/2000 2001/2001/2001 2002/2002/2002
f 2003/2003/2003 2004/2004/2004 2005/2005/2005
f 2006/2006/2006 2007/2007/2007 2008/2008/2008
f 2009/2009/2009 2010/2010/2010 2011/2011/2011
f 2012/2012/2012 2013/2013/2013 2014/2014/2014
f 1997/1997/1997 1996/1996/1996 2015/2015/2015
f 1999/1999/1999 1998/1998/1998 2016/2016/2016
f 2017/2017/2017 2018/2018/2018 2019/2019/2019
f 2020/2020/2020 2021/2021/2021 2022/2022/2022
f 2023/2023/2023 2024/2024/2024 2025/2025/2025
f 2026/2026/2026 2027/2027/2027 2028/2028/2028
f 2029/2029/2029 2030/2030/2030 2031/2031/2031
f 2032/2032/2032 2033/2033/2033 2034/2034/2034
f 2035/2035/2035 2036/2036/2036 2037/2037/2037
f 2038/2038/2038 2039/2039/2039 2040/2040/2040
f 2040/2040/2040 2041/2041/2041 2038/2038/2038
f 2041/2041/2041 2040/2040/2040 2042/2042/2042
f 2042/2042/2042 2043/2043/2043 2041/2041/2041
f 2043/2043/2043 2042/2042/2042 2044/2044/2044
f 2045/2045/2045 2046/2046/2046 2047/2047/2047
f 2047/2047/2047 2046/2046/2046 2048/2048/2048
f 2048/2048/2048 2049/2049/2049 2047/2047/2047
f 2049/2049/2049 2048/2048/2048 2050/2050/2050
f 2050/2050/2050 2051/2051/2051 2049/2049/2049
f 2052/2052/2052 2053/2053/2053 2054/2054/2054
f 2055/2055/2055 2056/2056/2056 2057/2057/2057
f 2058/2058/2058 2059/2059/2059 2060/2060/2060
f 2061/2061/2061 2062/2062/2062 2063/2063/2063
f 2064/2064/2064 2065/2065/2065 2066/2066/2066
f 2066/2066/2066 2067/2067/2067 2064/2064/2064
f 2068/2068/2068 2069/2069/2069 2070/2070/2070
f 2070/2070/2070 2071/2071/2071 2068/2068/2068
f 2072/2072/2072 2073/2073/2073 2074/2074/2074
f 2072/2072/2072 2074/2074/2074 2075/2075/2075
f 2075/2075/2075 2076/2076/2076 2077/2077/2077
f 2075/2075/2075 2077/2077/2077 2078/2078/2078
f 2072/2072/2072 2075/2075/2075 2078/2078/2078
f 2078/2078/2078 2079/2079/2079 2080/2080/2080
f 2078/2078/2078 2080/2080/2080 2081/2081/2081
f 2072/2072/2072 2078/2078/2078 2081/2081/2081
f 2082/2082/2082 2072/2072/2072 2081/2081/2081
f 2083/2083/2083 2082/2082/2082 2081/2081/2081
f 2084/2084/2084 2085/2085/2085 2086/2086/2086
f 2086/2086/2086 2087/2087/2087 2084/2084/2084
f 2088/2088/2088 2089/2089/2089 2090/2090/2090
f 2088/2088/2088 2090/2090/2090 2091/2091/2091
f 2091/2091/2091 2092/2092/2092 2093/2093/2093
f 2091/2091/2091 2093/2093/2093 2094/2094/2094
f 2088/2088/2088 2091/2091/2091 2094/2094/2094
f 2094/2094/2094 2095/2095/2095 2096/2096/2096
f 2094/2094/2094 2096/2096/2096 2097/2097/2097
f 2088/2088/2088 2094/2094/2094 2097/2097/2097
f 2098/2098/2098 2088/2088/2088 2097/2097/2097
f 2099/2099/2099 2098/2098/2098 2097/2097/2097
f 2100/2100/2100 2101/2101/2101 2102/2102/2102
f 2102/2102/2102 2103/2103/2103 2100/2100/2100
f 2104/2104/2104 2066/2066/2066 2065/2065/2065
f 2065/2065/2065 2105/2105/2105 2104/2104/2104
f 2106/2106/2106 2064/2064/2064 2067/2067/2067
f 2067/2067/2067 2107/2107/2107 2106/2106/2106
f 2108/2108/2108 2069/2069/2069 2068/2068/2068
f 2068/2068/2068 2109/2109/2109 2108/2108/2108
f 2110/2110/2110 2071/2071/2071 2070/2070/2070
f 2070/2070/2070 2111/2111/2111 2110/2110/2110
f 2112/2112/2112 2076/2076/2076 2075/2075/2075
f 2075/2075/2075 2113/2113/2113 2112/2112/2112
f 2114/2114/2114 2083/2083/2083 2081/2081/2081
f 2081/2081/2081 2115/2115/2115 2114/2114/2114
f 2116/2116/2116 2086/2086/2086 2085/2085/2085
f 2085/2085/2085 2117/2117/2117 2116/2116/2116
f 2118/2118/2118 2092/2092/2092 2091/2091/2091
f 2091/2091/2091 2119/2119/2119 2118/2118/2118
f 2088/2088/2088 2120/2120/2120 2121/2121/2121
f 2121/2121/2121 2089/2089/2089 2088/2088/2088
f 2072/2072/2072 2122/2122/2122 2123/2123/2123
f 2123/2123/2123 2073/2073/2073 2072/2072/2072
f 2078/2078/2078 2124/2124/2124 2125/2125/2125
f 2125/2125/2125 2079/2079/2079 2078/2078/2078
f 2094/2094/2094 2126/2126/2126 2127/2127/2127
f 2127/2127/2127 2095/2095/2095 2094/2094/2094
f 2087/2087/2087 2128/2128/2128 2129/2129/2129
f 2129/2129/2129 2084/2084/2084 2087/2087/2087
f 2101/2101/2101 2130/2130/2130 2131/2131/2131
f 2131/2131/2131 2102/2102/2102 2101/2101/2101
f 2097/2097/2097 2132/2132/2132 2133/2133/2133
f 2133/2133/2133 2099/2099/2099 2097/2097/2097
f 2103/2103/2103 2134/2134/2134 2135/2135/2135
f 2135/2135/2135 2100/2100/2100 2103/2103/2103
f 2136/2136/2136 2065/2065/2065 2064/2064/2064
f 2064/2064/2064 2137/2137/2137 2136/2136/2136
f 2138/2138/2138 2067/2067/2067 2066/2066/2066
f 2066/2066/2066 2139/2139/2139 2138/2138/2138
f 2140/2140/2140 2070/2070/2070 2069/2069/2069
f 2069/2069/2069 2141/2141/2141 2140/2140/2140
f 2142/2142/2142 2068/2068/2068 2071/2071/2071
f 2071/2071/2071 2143/2143/2143 2142/2142/2142
f 2144/2144/2144 2130/2130/2130 2101/2101/2101
f 2101/2101/2101 2145/2145/2145 2144/2144/2144
f 2146/2146/2146 2113/2113/2113 2075/2075/2075
f 2075/2075/2075 2074/2074/2074 2146/2146/2146
f 2147/2147/2147 2119/2119/2119 2091/2091/2091
f 2091/2091/2091 2090/2090/2090 2147/2147/2147
f 2148/2148/2148 2120/2120/2120 2088/2088/2088
f 2088/2088/2088 2098/2098/2098 2148/2148/2148
f 2149/2149/2149 2109/2109/2109 2068/2068/2068
f 2068/2068/2068 2142/2142/2142 2149/2149/2149
f 2150/2150/2150 2124/2124/2124 2078/2078/2078
f 2078/2078/2078 2077/2077/2077 2150/2150/2150
f 2151/2151/2151 2126/2126/2126 2094/2094/2094
f 2094/2094/2094 2093/2093/2093 2151/2151/2151
f 2152/2152/2152 2111/2111/2111 2070/2070/2070
f 2070/2070/2070 2140/2140/2140 2152/2152/2152
f 2082/2082/2082 2083/2083/2083 2114/2114/2114
f 2114/2114/2114 2153/2153/2153 2082/2082/2082
f 2154/2154/2154 2084/2084/2084 2129/2129/2129
f 2129/2129/2129 2155/2155/2155 2154/2154/2154
f 2156/2156/2156 2100/2100/2100 2135/2135/2135
f 2135/2135/2135 2157/2157/2157 2156/2156/2156
f 2139/2139/2139 2066/2066/2066 2104/2104/2104
f 2104/2104/2104 2158/2158/2158 2139/2139/2139
f 2080/2080/2080 2079/2079/2079 2125/2125/2125
f 2125/2125/2125 2159/2159/2159 2080/2080/2080
f 2141/2141/2141 2069/2069/2069 2108/2108/2108
f 2108/2108/2108 2160/2160/2160 2141/2141/2141
f 2143/2143/2143 2071/2071/2071 2110/2110/2110
f 2110/2110/2110 2161/2161/2161 2143/2143/2143
f 2096/2096/2096 2095/2095/2095 2127/2127/2127
f 2127/2127/2127 2162/2162/2162 2096/2096/2096
f 2100/2100/2100 2156/2156/2156 2145/2145/2145
f 2145/2145/2145 2101/2101/2101 2100/2100/2100
f 2084/2084/2084 2154/2154/2154 2163/2163/2163
f 2163/2163/2163 2085/2085/2085 2084/2084/2084
f 2086/2086/2086 2164/2164/2164 2165/2165/2165
f 2165/2165/2165 2087/2087/2087 2086/2086/2086
f 2102/2102/2102 2166/2166/2166 2167/2167/2167
f 2167/2167/2167 2103/2103/2103 2102/2102/2102
f 2106/2106/2106 2168/2168/2168 2137/2137/2137
f 2137/2137/2137 2064/2064/2064 2106/2106/2106
f 2123/2123/2123 2146/2146/2146 2074/2074/2074
f 2074/2074/2074 2073/2073/2073 2123/2123/2123
f 2121/2121/2121 2147/2147/2147 2090/2090/2090
f 2090/2090/2090 2089/2089/2089 2121/2121/2121
f 2133/2133/2133 2148/2148/2148 2098/2098/2098
f 2098/2098/2098 2099/2099/2099 2133/2133/2133
f 2131/2131/2131 2169/2169/2169 2166/2166/2166
f 2166/2166/2166 2102/2102/2102 2131/2131/2131
f 2112/2112/2112 2150/2150/2150 2077/2077/2077
f 2077/2077/2077 2076/2076/2076 2112/2112/2112
f 2118/2118/2118 2151/2151/2151 2093/2093/2093
f 2093/2093/2093 2092/2092/2092 2118/2118/2118
f 2116/2116/2116 2170/2170/2170 2164/2164/2164
f 2164/2164/2164 2086/2086/2086 2116/2116/2116
f 2072/2072/2072 2082/2082/2082 2153/2153/2153
f 2153/2153/2153 2122/2122/2122 2072/2072/2072
f 2067/2067/2067 2138/2138/2138 2171/2171/2171
f 2171/2171/2171 2107/2107/2107 2067/2067/2067
f 2065/2065/2065 2136/2136/2136 2172/2172/2172
f 2172/2172/2172 2105/2105/2105 2065/2065/2065
f 2085/2085/2085 2163/2163/2163 2173/2173/2173
f 2173/2173/2173 2117/2117/2117 2085/2085/2085
f 2081/2081/2081 2080/2080/2080 2159/2159/2159
f 2159/2159/2159 2115/2115/2115 2081/2081/2081
f 2087/2087/2087 2165/2165/2165 2174/2174/2174
f 2174/2174/2174 2128/2128/2128 2087/2087/2087
f 2103/2103/2103 2167/2167/2167 2175/2175/2175
f 2175/2175/2175 2134/2134/2134 2103/2103/2103
f 2097/2097/2097 2096/2096/2096 2162/2162/2162
f 2162/2162/2162 2132/2132/2132 2097/2097/2097
f 2176/2176/2176 2177/2177/2177 2178/2178/2178
f 2179/2179/2179 2180/2180/2180 2181/2181/2181
f 2182/2182/2182 2183/2183/2183 2184/2184/2184
f 2185/2185/2185 2186/2186/2186 2187/2187/2187
f 2188/2188/2188 2189/2189/2189 2190/2190/2190
f 2191/2191/2191 2192/2192/2192 2193/2193/2193
f 2194/2194/2194 2195/2195/2195 2196/2196/2196
f 2197/2197/2197 2198/2198/2198 2199/2199/2199
f 2200/2200/2200 49/49/49 48/48/48
f 48/48/48 2201/2201/2201 2200/2200/2200
f 2202/2202/2202 123/123/123 511/511/511
f 511/511/511 2203/2203/2203 2202/2202/2202
f 2204/2204/2204 57/57/57 56/56/56
f 56/56/56 2205/2205/2205 2204/2204/2204
f 2206/2206/2206 153/153/153 514/514/514
f 514/514/514 2207/2207/2207 2206/2206/2206
f 2208/2208/2208 131/131/131 517/517/517
f 517/517/517 2209/2209/2209 2208/2208/2208
f 2210/2210/2210 69/69/69 68/68/68
f 68/68/68 2211/2211/2211 2210/2210/2210
f 2212/2212/2212 139/139/139 521/521/521
f 521/521/521 2213/2213/2213 2212/2212/2212
f 2214/2214/2214 77/77/77 76/76/76
f 76/76/76 2215/2215/2215 2214/2214/2214
f 2216/2216/2216 166/166/166 165/165/165
f 165/165/165 2217/2217/2217 2216/2216/2216
f 2218/2218/2218 168/168/168 120/120/120
f 120/120/120 2219/2219/2219 2218/2218/2218
f 2220/2220/2220 48/48/48 170/170/170
f 170/170/170 2221/2221/2221 2220/2220/2220
f 2222/2222/2222 32/32/32 128/128/128
f 128/128/128 2223/2223/2223 2222/2222/2222
f 2224/2224/2224 76/76/76 172/172/172
f 172/172/172 2225/2225/2225 2224/2224/2224
f 2226/2226/2226 176/176/176 175/175/175
f 175/175/175 2227/2227/2227 2226/2226/2226
f 2228/2228/2228 180/180/180 179/179/179
f 179/179/179 2229/2229/2229 2228/2228/2228
f 2230/2230/2230 68/68/68 182/182/182
f 182/182/182 2231/2231/2231 2230/2230/2230
f 2232/2232/2232 118/118/118 49/49/49
f 49/49/49 2233/2233/2233 2232/2232/2232
f 2234/2234/2234 120/120/120 29/29/29
f 29/29/29 2235/2235/2235 2234/2234/2234
f 2236/2236/2236 124/124/124 123/123/123
f 123/123/123 2237/2237/2237 2236/2236/2236
f 2238/2238/2238 128/128/128 127/127/127
f 127/127/127 2239/2239/2239 2238/2238/2238
f 2240/2240/2240 132/132/132 131/131/131
f 131/131/131 2241/2241/2241 2240/2240/2240
f 2242/2242/2242 134/134/134 69/69/69
f 69/69/69 2243/2243/2243 2242/2242/2242
f 2244/2244/2244 136/136/136 77/77/77
f 77/77/77 2245/2245/2245 2244/2244/2244
f 2246/2246/2246 140/140/140 139/139/139
f 139/139/139 2247/2247/2247 2246/2246/2246
f 2248/2248/2248 96/96/96 579/579/579
f 579/579/579 2249/2249/2249 2248/2248/2248
f 2250/2250/2250 171/171/171 583/583/583
f 583/583/583 2251/2251/2251 2250/2250/2250
f 2252/2252/2252 104/104/104 590/590/590
f 590/590/590 2253/2253/2253 2252/2252/2252
f 2254/2254/2254 169/169/169 595/595/595
f 595/595/595 2255/2255/2255 2254/2254/2254
f 2256/2256/2256 155/155/155 154/154/154
f 154/154/154 2257/2257/2257 2256/2256/2256
f 2258/2258/2258 158/158/158 157/157/157
f 157/157/157 2259/2259/2259 2258/2258/2258
f 2260/2260/2260 165/165/165 164/164/164
f 164/164/164 2261/2261/2261 2260/2260/2260
f 2262/2262/2262 170/170/170 169/169/169
f 169/169/169 2263/2263/2263 2262/2262/2262
f 2264/2264/2264 172/172/172 171/171/171
f 171/171/171 2265/2265/2265 2264/2264/2264
f 2266/2266/2266 175/175/175 174/174/174
f 174/174/174 2267/2267/2267 2266/2266/2266
f 2268/2268/2268 179/179/179 178/178/178
f 178/178/178 2269/2269/2269 2268/2268/2268
f 2270/2270/2270 182/182/182 181/181/181
f 181/181/181 2271/2271/2271 2270/2270/2270
f 2272/2272/2272 511/511/511 53/53/53
f 53/53/53 2273/2273/2273 2272/2272/2272
f 2274/2274/2274 53/53/53 52/52/52
f 52/52/52 2275/2275/2275 2274/2274/2274
f 2276/2276/2276 52/52/52 509/509/509
f 509/509/509 2277/2277/2277 2276/2276/2276
f 2278/2278/2278 509/509/509 102/102/102
f 102/102/102 2279/2279/2279 2278/2278/2278
f 2280/2280/2280 514/514/514 61/61/61
f 61/61/61 2281/2281/2281 2280/2280/2280
f 2282/2282/2282 61/61/61 60/60/60
f 60/60/60 2283/2283/2283 2282/2282/2282
f 2284/2284/2284 60/60/60 513/513/513
f 513/513/513 2285/2285/2285 2284/2284/2284
f 2286/2286/2286 513/513/513 166/166/166
f 166/166/166 2287/2287/2287 2286/2286/2286
f 2288/2288/2288 517/517/517 65/65/65
f 65/65/65 2289/2289/2289 2288/2288/2288
f 2290/2290/2290 65/65/65 64/64/64
f 64/64/64 2291/2291/2291 2290/2290/2290
f 2292/2292/2292 64/64/64 516/516/516
f 516/516/516 2293/2293/2293 2292/2292/2292
f 2294/2294/2294 516/516/516 176/176/176
f 176/176/176 2295/2295/2295 2294/2294/2294
f 2296/2296/2296 521/521/521 73/73/73
f 73/73/73 2297/2297/2297 2296/2296/2296
f 2298/2298/2298 73/73/73 72/72/72
f 72/72/72 2299/2299/2299 2298/2298/2298
f 2300/2300/2300 72/72/72 519/519/519
f 519/519/519 2301/2301/2301 2300/2300/2300
f 2302/2302/2302 519/519/519 180/180/180
f 180/180/180 2303/2303/2303 2302/2302/2302
f 2304/2304/2304 579/579/579 580/580/580
f 580/580/580 2305/2305/2305 2304/2304/2304
f 2306/2306/2306 580/580/580 766/766/766
f 766/766/766 2307/2307/2307 2306/2306/2306
f 2308/2308/2308 578/578/578 577/577/577
f 577/577/577 2309/2309/2309 2308/2308/2308
f 2310/2310/2310 577/577/577 133/133/133
f 133/133/133 2311/2311/2311 2310/2310/2310
f 2312/2312/2312 583/583/583 584/584/584
f 584/584/584 2313/2313/2313 2312/2312/2312
f 2314/2314/2314 584/584/584 768/768/768
f 768/768/768 2315/2315/2315 2314/2314/2314
f 2316/2316/2316 582/582/582 581/581/581
f 581/581/581 2317/2317/2317 2316/2316/2316
f 2318/2318/2318 581/581/581 117/117/117
f 117/117/117 2319/2319/2319 2318/2318/2318
f 2320/2320/2320 590/590/590 592/592/592
f 592/592/592 2321/2321/2321 2320/2320/2320
f 2322/2322/2322 592/592/592 772/772/772
f 772/772/772 2323/2323/2323 2322/2322/2322
f 2324/2324/2324 587/587/587 585/585/585
f 585/585/585 2325/2325/2325 2324/2324/2324
f 2326/2326/2326 585/585/585 137/137/137
f 137/137/137 2327/2327/2327 2326/2326/2326
f 2328/2328/2328 595/595/595 596/596/596
f 596/596/596 2329/2329/2329 2328/2328/2328
f 2330/2330/2330 596/596/596 774/774/774
f 774/774/774 2331/2331/2331 2330/2330/2330
f 2332/2332/2332 594/594/594 593/593/593
f 593/593/593 2333/2333/2333 2332/2332/2332
f 2334/2334/2334 593/593/593 135/135/135
f 135/135/135 2335/2335/2335 2334/2334/2334
f 2307/2307/2307 766/766/766 142/142/142
f 142/142/142 2336/2336/2336 2307/2307/2307
f 2337/2337/2337 142/142/142 141/141/141
f 141/141/141 2338/2338/2338 2337/2337/2337
f 2339/2339/2339 141/141/141 765/765/765
f 765/765/765 2340/2340/2340 2339/2339/2339
f 2340/2340/2340 765/765/765 578/578/578
f 578/578/578 2308/2308/2308 2340/2340/2340
f 2341/2341/2341 768/768/768 144/144/144
f 144/144/144 2342/2342/2342 2341/2341/2341
f 2343/2343/2343 144/144/144 143/143/143
f 143/143/143 2344/2344/2344 2343/2343/2343
f 2345/2345/2345 143/143/143 767/767/767
f 767/767/767 2346/2346/2346 2345/2345/2345
f 2346/2346/2346 767/767/767 582/582/582
f 582/582/582 2347/2347/2347 2346/2346/2346
f 2348/2348/2348 772/772/772 147/147/147
f 147/147/147 2349/2349/2349 2348/2348/2348
f 2350/2350/2350 147/147/147 146/146/146
f 146/146/146 2351/2351/2351 2350/2350/2350
f 2352/2352/2352 146/146/146 769/769/769
f 769/769/769 2353/2353/2353 2352/2352/2352
f 2353/2353/2353 769/769/769 587/587/587
f 587/587/587 2324/2324/2324 2353/2353/2353
f 2331/2331/2331 774/774/774 150/150/150
f 150/150/150 2354/2354/2354 2331/2331/2331
f 2355/2355/2355 150/150/150 149/149/149
f 149/149/149 2356/2356/2356 2355/2355/2355
f 2357/2357/2357 149/149/149 773/773/773
f 773/773/773 2358/2358/2358 2357/2357/2357
f 2358/2358/2358 773/773/773 594/594/594
f 594/594/594 2332/2332/2332 2358/2358/2358
g Safe_Door
usemtl safe
v 0.05009943 1.01887906 0.32919508
v 0.04867846 1.01872110 0.32919428
v 0.04867834 1.20307434 0.32919431
v 0.08704478 1.17006564 0.32921609
v 0.05009943 1.01887906 0.32919508
v 0.08704478 1.17006564 0.32921609
v 0.08704478 1.01723647 0.32921609
v 0.05451703 1.21762049 0.32919422
v 0.09191167 1.18119597 0.32921612
v 0.06088459 1.22399807 0.32919422
v 0.09617442 1.18548810 0.32921612
v 0.07541126 1.22984076 0.32919431
v 0.10720855 1.19040203 0.32921612
v 0.89308971 1.19040203 0.32921633
v 0.92488700 1.22984076 0.32919455
v 0.93941373 1.22399807 0.32919446
v 0.90412384 1.18548810 0.32921633
v 0.94578129 1.21762049 0.32919446
v 0.90838665 1.18119597 0.32921633
v 0.95161992 1.20307434 0.32919455
v 0.91325349 1.17006564 0.32921630
v 0.95161992 1.01313281 0.32919452
v 0.91325349 1.01400280 0.32921630
v 0.94578141 0.19582105 0.32919428
v 0.90838677 0.23224561 0.32921615
v 0.91325361 0.24337611 0.32921615
v 0.95162004 0.21036731 0.32919437
v 0.93941385 0.18944350 0.32919428
v 0.90412396 0.22795351 0.32921615
v 0.92488712 0.18360087 0.32919437
v 0.89308983 0.22303955 0.32921615
v 0.10720867 0.22303946 0.32921603
v 0.07541138 0.18360077 0.32919422
v 0.06088471 0.18944341 0.32919413
v 0.09617460 0.22795342 0.32921603
v 0.05451715 0.19582096 0.32919413
v 0.09191179 0.23224552 0.32921603
v 0.04867846 0.21036719 0.32919422
v 0.08704484 0.24337602 0.32921603
v 0.08704478 1.17006564 0.32921609
v 0.09191167 1.18119597 0.32921612
v 0.09617442 1.18548810 0.32921612
v 0.09617442 1.18548810 0.32921612
v 0.10720855 1.19040203 0.32921612
v 0.89308971 1.19040203 0.32921633
v 0.89308971 1.19040203 0.32921633
v 0.90412384 1.18548810 0.32921633
v 0.90838665 1.18119597 0.32921633
v 0.90838665 1.18119597 0.32921633
v 0.91325349 1.17006564 0.32921630
v 0.91325349 1.01400280 0.32921630
v 0.89308971 1.19040203 0.32921633
v 0.90838665 1.18119597 0.32921633
v 0.91325349 1.01400280 0.32921630
v 0.09617442 1.18548810 0.32921612
v 0.89308971 1.19040203 0.32921633
v 0.91325349 1.01400280 0.32921630
v 0.08704478 1.17006564 0.32921609
v 0.09617442 1.18548810 0.32921612
v 0.91325349 1.01400280 0.32921630
v 0.08704478 1.01723647 0.32921609
v 0.08704478 1.17006564 0.32921609
v 0.91325349 1.01400280 0.32921630
v 0.07028586 1.23619771 0.33735669
v 0.07028586 1.23619771 0.41443112
v 0.93001229 1.23619771 0.41443127
v 0.93001240 1.23619771 0.33735684
v 0.93001252 0.17724383 0.33735675
v 0.93001240 0.17724381 0.41443118
v 0.07028598 0.17724371 0.41443095
v 0.07028598 0.17724371 0.33735651
v 0.04866761 0.19012319 0.33735651
v 0.05536777 0.18342304 0.33735651
v 0.05536777 0.18342304 0.41443095
v 0.04866761 0.19012319 0.41443095
v 0.05536765 1.23001850 0.33735669
v 0.04866749 1.22331834 0.33735669
v 0.04866749 1.22331834 0.41443112
v 0.05536765 1.23001850 0.41443112
v 0.95163077 1.22331834 0.33735684
v 0.94493061 1.23001850 0.33735684
v 0.94493049 1.23001850 0.41443127
v 0.95163065 1.22331834 0.41443127
v 0.94493073 0.18342315 0.33735675
v 0.95163089 0.19012330 0.33735675
v 0.95163077 0.19012330 0.41443118
v 0.94493061 0.18342313 0.41443118
v 0.04248816 1.20840001 0.33735669
v 0.04248816 1.20840001 0.41443112
v 0.94493061 1.23001850 0.33735684
v 0.94493049 1.23001850 0.41443127
v 0.95163089 0.19012330 0.33735675
v 0.95781022 0.20504156 0.33735675
v 0.95781010 0.20504156 0.41443118
v 0.95163077 0.19012330 0.41443118
v 0.04248828 0.20504144 0.33735651
v 0.04866761 0.19012319 0.33735651
v 0.04866761 0.19012319 0.41443095
v 0.04248828 0.20504144 0.41443095
v 0.05536765 1.23001850 0.33735669
v 0.05536765 1.23001850 0.41443112
v 0.95781010 1.20840001 0.33735684
v 0.95780998 1.20840001 0.41443127
v 0.04248822 1.01869941 0.33735666
v 0.04248816 1.01369977 0.41443107
v 0.07270765 1.23319399 0.33062831
v 0.92759067 1.23319399 0.33062848
v 0.92759079 0.18024752 0.33062840
v 0.07270777 0.18024743 0.33062816
v 0.05143148 0.19281536 0.33062816
v 0.05797452 0.18626766 0.33062813
v 0.05797440 1.22717392 0.33062831
v 0.05143136 1.22062612 0.33062831
v 0.94886678 1.22062612 0.33062848
v 0.94232386 1.22717392 0.33062848
v 0.94232398 0.18626776 0.33062837
v 0.94886690 0.19281547 0.33062837
v 0.04541302 1.20588362 0.33062834
v 0.95488530 0.20755796 0.33062840
v 0.04541308 0.20755786 0.33062816
v 0.95488518 1.20588362 0.33062848
v 0.04577023 1.01825142 0.33047143
v 0.95450956 1.01319349 0.33046350
v 0.92911118 1.23507988 0.33304995
v 0.07118714 1.23507988 0.33304980
v 0.07118726 0.17836151 0.33304963
v 0.92911130 0.17836159 0.33304986
v 0.04969615 0.19112504 0.33304963
v 0.05633789 0.18448162 0.33304963
v 0.05536777 0.18342304 0.33735651
v 0.05633777 1.22895992 0.33304980
v 0.04969603 1.22231638 0.33304980
v 0.95060223 1.22231638 0.33304995
v 0.94396049 1.22895992 0.33304995
v 0.94493073 0.18342315 0.33735675
v 0.94396061 0.18448174 0.33304986
v 0.95060235 0.19112515 0.33304986
v 0.05633789 0.18448162 0.33304963
v 0.04357660 1.20746362 0.33304980
v 0.94396049 1.22895992 0.33304995
v 0.95672184 0.20597802 0.33304986
v 0.04357672 0.20597790 0.33304963
v 0.05633777 1.22895992 0.33304980
v 0.95672172 1.20746362 0.33304995
v 0.94396061 0.18448174 0.33304986
v 0.04356968 1.01819062 0.33307749
v 0.95781022 1.01309609 0.33735654
v 0.95673174 1.01318967 0.33308944
v 0.92972642 1.23476064 0.41874254
v 0.07057172 1.23476064 0.41874239
v 0.07057190 0.17868081 0.41874221
v 0.92972654 0.17868091 0.41874245
v 0.04988593 0.19093724 0.41874221
v 0.05618185 0.18464136 0.41874221
v 0.05618173 1.22880030 0.41874239
v 0.04988581 1.22250426 0.41874239
v 0.95041233 1.22250426 0.41874254
v 0.94411641 1.22880030 0.41874254
v 0.94411653 0.18464145 0.41874245
v 0.95041245 0.19093736 0.41874245
v 0.04392523 1.20811415 0.41874239
v 0.94411641 1.22880030 0.41874254
v 0.95041245 0.19093736 0.41874245
v 0.95637304 0.20532742 0.41874245
v 0.04392534 0.20532730 0.41874221
v 0.04988593 0.19093724 0.41874221
v 0.05618173 1.22880030 0.41874239
v 0.95637292 1.20811415 0.41874254
v 0.04392564 1.01337075 0.41874349
v 0.95781022 0.38774222 0.41443121
v 0.95637387 0.38790634 0.41874009
v 0.92838806 1.22803199 0.42259705
v 0.92925113 1.23237109 0.42115065
v 0.07104707 1.23237109 0.42115051
v 0.17632025 1.22803271 0.42259619
v 0.12995726 1.22803235 0.42259645
v 0.07191014 1.22803199 0.42259690
v 0.07191026 0.18540958 0.42259672
v 0.07104719 0.18107033 0.42115033
v 0.92925125 0.18107045 0.42115057
v 0.12995738 0.18540969 0.42259628
v 0.17632037 0.18540975 0.42259610
v 0.92838818 0.18540968 0.42259696
v 0.05559033 0.19474879 0.42259672
v 0.05191165 0.19229078 0.42115033
v 0.05753541 0.18666710 0.42115033
v 0.05999339 0.19034575 0.42259672
v 0.05999327 1.22309589 0.42259690
v 0.05753529 1.22677445 0.42115051
v 0.05191153 1.22115076 0.42115051
v 0.05559021 1.21869278 0.42259690
v 0.94470793 1.21869278 0.42259705
v 0.94838661 1.22115076 0.42115065
v 0.94276279 1.22677445 0.42115065
v 0.94030482 1.22309589 0.42259705
v 0.94030493 0.19034584 0.42259696
v 0.94276291 0.18666720 0.42115057
v 0.94838673 0.19229089 0.42115057
v 0.94470805 0.19474888 0.42259696
v 0.04631484 1.20763886 0.42115051
v 0.05065399 1.20677578 0.42259690
v 0.95398349 0.20580274 0.42115057
v 0.94964427 0.20666584 0.42259696
v 0.05065411 0.20666574 0.42259672
v 0.04631495 0.20580262 0.42115033
v 0.94964415 1.20677578 0.42259705
v 0.95398337 1.20763886 0.42115065
v 0.04634589 1.01318991 0.42116076
v 0.05065387 1.01308894 0.42259660
v 0.95395309 0.38790765 0.42116067
v 0.94964439 0.38774669 0.42259681
v 0.95781022 1.01309597 0.41443124
v 0.95781034 0.93711782 0.41443115
v 0.95781034 0.93711787 0.33735654
v 0.95781022 0.38774222 0.33735660
v 0.95781034 0.46388888 0.33735651
v 0.95781034 0.46388888 0.41443112
v 0.13452059 0.38780299 0.42259574
v 0.12993509 0.38774672 0.42259601
v 0.12995738 0.18540969 0.42259628
v 0.13452059 0.38780299 0.42259574
v 0.12995738 0.18540969 0.42259628
v 0.17632037 0.18540975 0.42259610
v 0.13452059 0.38780299 0.42259574
v 0.17632037 0.18540975 0.42259610
v 0.17633480 0.38774672 0.42259595
v 0.05065387 0.93711466 0.42259660
v 0.05065393 0.46388921 0.42259648
v 0.12993509 0.46388948 0.42259592
v 0.12539840 0.93711501 0.42259595
v 0.05065387 0.93711466 0.42259660
v 0.12993509 0.46388948 0.42259592
v 0.12880081 0.93598086 0.42259595
v 0.12539840 0.93711501 0.42259595
v 0.12993509 0.46388948 0.42259592
v 0.12993503 0.93257844 0.42259595
v 0.12880081 0.93598086 0.42259595
v 0.12993509 0.46388948 0.42259592
v 0.92838818 0.18540968 0.42259696
v 0.94030493 0.19034584 0.42259696
v 0.94470805 0.19474888 0.42259696
v 0.94470805 0.19474888 0.42259696
v 0.94964427 0.20666584 0.42259696
v 0.94964439 0.38774669 0.42259681
v 0.92838818 0.18540968 0.42259696
v 0.94470805 0.19474888 0.42259696
v 0.94964439 0.38774669 0.42259681
v 0.92838818 0.18540968 0.42259696
v 0.94964439 0.38774669 0.42259681
v 0.17633480 0.38774672 0.42259595
v 0.17632037 0.18540975 0.42259610
v 0.92838818 0.18540968 0.42259696
v 0.17633480 0.38774672 0.42259595
v 0.05065399 0.38774657 0.42259657
v 0.05065411 0.20666574 0.42259672
v 0.05559033 0.19474879 0.42259672
v 0.05559033 0.19474879 0.42259672
v 0.05999339 0.19034575 0.42259672
v 0.07191026 0.18540958 0.42259672
v 0.05065399 0.38774657 0.42259657
v 0.05559033 0.19474879 0.42259672
v 0.07191026 0.18540958 0.42259672
v 0.05065399 0.38774657 0.42259657
v 0.07191026 0.18540958 0.42259672
v 0.12995738 0.18540969 0.42259628
v 0.12993509 0.38774672 0.42259601
v 0.05065399 0.38774657 0.42259657
v 0.12995738 0.18540969 0.42259628
v 0.94964439 0.46388933 0.42259672
v 0.17633480 0.46388957 0.42259586
v 0.17633468 0.45945066 0.42259568
v 0.94964439 0.38774669 0.42259681
v 0.94964439 0.46388933 0.42259672
v 0.17633468 0.45945066 0.42259568
v 0.17633480 0.38774672 0.42259595
v 0.94964439 0.38774669 0.42259681
v 0.17633468 0.45945066 0.42259568
v 0.05065393 0.46388921 0.42259648
v 0.05065399 0.38774657 0.42259657
v 0.12993509 0.38774672 0.42259601
v 0.05065393 0.46388921 0.42259648
v 0.12993509 0.38774672 0.42259601
v 0.12993491 0.45942837 0.42259565
v 0.12993509 0.46388948 0.42259592
v 0.05065393 0.46388921 0.42259648
v 0.12993491 0.45942837 0.42259565
v 0.11696869 1.00855303 0.44951171
v 0.11696869 0.94165182 0.44951171
v 0.09232694 0.94165182 0.47840023
v 0.09232694 1.00855303 0.47840023
v 0.01512390 0.94165212 0.50602782
v 0.01512384 1.00855327 0.50602782
v 0.04045731 1.00855315 0.50365514
v 0.04045737 0.94165200 0.50365514
v -0.04088429 0.94165218 0.49685201
v -0.04088429 1.00855327 0.49685201
v -0.00998056 1.00855327 0.50424850
v -0.00998050 0.94165218 0.50424850
v -0.06033862 0.94165254 0.48294657
v -0.06033865 1.00855398 0.48294657
v -0.09119141 0.94165254 0.43925655
v -0.09119141 1.00855374 0.43925655
v -0.07712293 1.00855398 0.46443027
v -0.07712293 0.94165266 0.46443027
v -0.09789455 0.94165266 0.41128322
v -0.09789458 1.00855398 0.41128322
v -0.10026020 0.94165272 0.38081336
v -0.10026020 1.00855422 0.38081336
v -0.10036868 0.94165349 0.35582346
v -0.10036868 1.00855517 0.35582346
v 0.06402481 0.94165194 0.49578860
v 0.06402481 1.00855303 0.49578860
v 0.12993491 1.00855303 0.42259568
v 0.12993503 0.94165158 0.42259595
v 0.11502314 0.95927286 0.50493604
v 0.14644080 0.95927286 0.46826279
v 0.14644080 0.99093187 0.46826279
v 0.11502302 0.99093187 0.50493604
v 0.04764807 0.99093205 0.53782463
v 0.01550639 0.99093211 0.54094374
v 0.01550639 0.95927310 0.54094374
v 0.04764801 0.95927304 0.53782463
v -0.01508588 0.99093223 0.53879547
v -0.05160239 0.99093235 0.52744442
v -0.05160221 0.95927334 0.52744454
v -0.01508582 0.95927322 0.53879547
v -0.08149853 0.99093306 0.50784159
v -0.08149835 0.95927370 0.50784171
v -0.10330439 0.99093306 0.48039216
v -0.11586258 0.99093288 0.45038453
v -0.11586258 0.95927370 0.45038453
v -0.10330439 0.95927376 0.48039207
v -0.12200695 0.99093306 0.41535559
v -0.12200695 0.95927376 0.41535577
v -0.12243468 0.99093360 0.37880051
v -0.12243477 0.95927405 0.37880105
v -0.12188897 0.99093378 0.37452084
v -0.12188897 0.95927411 0.37452084
v 0.07877290 0.95927292 0.52743912
v 0.07877290 0.99093193 0.52743912
v 0.16328359 0.99093175 0.44177231
v 0.16328365 0.95927274 0.44177231
v 0.11623210 1.01308942 0.50633931
v 0.14777428 1.01308942 0.46958816
v 0.12076938 1.01308942 0.45198870
v 0.09527636 1.01308942 0.48184723
v 0.14777428 0.93711531 0.46958816
v 0.11623222 0.93711531 0.50633931
v 0.09527636 0.93711531 0.48184723
v 0.12076938 0.93711531 0.45198870
v 0.04804236 0.93711549 0.53963447
v 0.01553988 0.93711561 0.54279584
v 0.01517522 0.93711561 0.51056421
v 0.04139316 0.93711549 0.50809413
v 0.01553988 1.01308978 0.54279584
v 0.04804230 1.01308966 0.53963447
v 0.04139310 1.01308966 0.50809413
v 0.01517516 1.01308978 0.51056421
v -0.01557869 0.93711567 0.54059017
v -0.05253348 0.93711585 0.52905601
v -0.04268226 0.93711567 0.50101715
v -0.01067120 0.93711567 0.50873220
v -0.05253348 1.01308990 0.52905601
v -0.01557869 1.01308990 0.54059017
v -0.01067126 1.01308990 0.50873220
v -0.04268226 1.01308990 0.50101715
v -0.08267617 0.93711632 0.50927591
v -0.06346840 0.93711621 0.48623076
v -0.08267623 1.01309037 0.50927591
v -0.06346840 1.01309025 0.48623076
v -0.10471159 0.93711638 0.48168522
v -0.11797822 0.93711632 0.45007160
v -0.09520611 0.93711621 0.44136921
v -0.08121374 0.93711632 0.46639127
v -0.11797822 1.01309037 0.45007160
v -0.10471162 1.01309037 0.48168522
v -0.08121377 1.01309037 0.46639127
v -0.09520611 1.01309025 0.44136921
v -0.12390137 0.93711638 0.41515628
v -0.10236123 0.93711632 0.41207653
v -0.12390140 1.01309037 0.41515628
v -0.10236126 1.01309037 0.41207653
v -0.12433800 0.93711656 0.37918520
v -0.10473600 0.93711632 0.38007274
v -0.12433800 1.01309061 0.37918520
v -0.10473600 1.01309037 0.38007274
v -0.12152404 0.93711704 0.35613984
v -0.10490406 0.93711698 0.35593057
v -0.10036868 1.00855517 0.35582346
v -0.10036868 0.94165349 0.35582346
v -0.10150245 0.93825102 0.35585031
v -0.10490406 0.93711698 0.35593057
v -0.12152404 0.93711704 0.35613984
v -0.12492561 0.93825114 0.35622030
v -0.12605950 0.94165355 0.35624725
v -0.12605950 1.00855541 0.35624725
v -0.12492564 1.01195705 0.35622030
v -0.12152407 1.01309121 0.35613984
v -0.10150248 1.01195693 0.35585031
v -0.10490409 1.01309109 0.35593057
v -0.12152407 1.01309121 0.35613984
v -0.10490409 1.01309109 0.35593057
v 0.07957160 1.01308966 0.52911043
v 0.06594288 1.01308966 0.49989969
v 0.07957160 0.93711543 0.52911043
v 0.06594294 0.93711543 0.49989969
v 0.16509789 0.93711525 0.44229388
v 0.13389289 0.93711501 0.42481318
v 0.16509789 1.01308942 0.44229388
v 0.13447154 1.01308942 0.42259577
v 0.16471714 0.95927274 0.43730491
v 0.16471714 0.99093175 0.43730482
v 0.17520052 1.01308930 0.42259589
v 0.17633456 1.01308930 0.42259589
v 0.17632025 1.22803271 0.42259619
v 0.17179817 1.01308930 0.42259589
v 0.17520052 1.01308930 0.42259589
v 0.17632025 1.22803271 0.42259619
v 0.13447154 1.01308942 0.42259577
v 0.17179817 1.01308930 0.42259589
v 0.17632025 1.22803271 0.42259619
v 0.13447154 1.01308942 0.42259577
v 0.17632025 1.22803271 0.42259619
v 0.12995726 1.22803235 0.42259645
v 0.13099676 1.01308942 0.42259568
v 0.13447154 1.01308942 0.42259577
v 0.12995726 1.22803235 0.42259645
v 0.12986654 1.01308942 0.42259577
v 0.13099676 1.01308942 0.42259568
v 0.12995726 1.22803235 0.42259645
v 0.13205862 0.93711501 0.42315030
v 0.13447160 0.93711501 0.42259595
v 0.17520058 1.01195514 0.42259589
v 0.17633462 1.01195514 0.42259589
v 0.17633456 1.01308930 0.42259589
v 0.17633456 1.01308930 0.42259589
v 0.17520052 1.01308930 0.42259589
v 0.17520058 1.01195514 0.42259589
v 0.17520058 0.93824941 0.42259589
v 0.17520058 0.93711525 0.42259589
v 0.17633474 0.93711531 0.42259589
v 0.17633474 0.93824941 0.42259589
v 0.12880081 0.93598086 0.42259595
v 0.13106912 0.93598086 0.42259595
v 0.13205862 0.93711501 0.42315030
v 0.13092446 0.93824911 0.42315030
v 0.12880081 0.93824911 0.42259595
v 0.12986654 1.01308942 0.42259577
v 0.12995726 1.22803235 0.42259645
v 0.07191014 1.22803199 0.42259690
v 0.07191014 1.22803199 0.42259690
v 0.05999327 1.22309589 0.42259690
v 0.05559021 1.21869278 0.42259690
v 0.05559021 1.21869278 0.42259690
v 0.05065399 1.20677578 0.42259690
v 0.05065387 1.01308894 0.42259660
v 0.07191014 1.22803199 0.42259690
v 0.05559021 1.21869278 0.42259690
v 0.05065387 1.01308894 0.42259660
v 0.12986654 1.01308942 0.42259577
v 0.07191014 1.22803199 0.42259690
v 0.05065387 1.01308894 0.42259660
v 0.11791885 1.01195526 0.45013097
v 0.09306431 1.01195526 0.47926193
v 0.09306431 0.93824941 0.47926193
v 0.11791885 0.93824941 0.45013097
v 0.01513678 0.93824965 0.50716197
v 0.04069132 0.93824959 0.50476480
v 0.04069126 1.01195550 0.50476480
v 0.01513672 1.01195562 0.50716197
v -0.04133376 0.93824977 0.49789330
v -0.01015317 0.93824977 0.50536948
v -0.01015323 1.01195574 0.50536948
v -0.04133376 1.01195574 0.49789330
v -0.06112102 0.93825012 0.48376748
v -0.06112105 1.01195598 0.48376748
v -0.09219509 0.93825012 0.43978468
v -0.07814565 0.93825024 0.46492061
v -0.07814565 1.01195621 0.46492061
v -0.09219509 1.01195598 0.43978468
v -0.09901121 0.93825024 0.41148165
v -0.09901124 1.01195621 0.41148165
v -0.10137916 0.93825030 0.38062820
v -0.10137916 1.01195621 0.38062820
v -0.10150245 0.93825102 0.35585031
v -0.10150248 1.01195693 0.35585031
v 0.06450438 1.01195538 0.49681631
v 0.06450438 0.93824947 0.49681631
v 0.13092446 0.93824911 0.42315030
v 0.13092434 1.01195526 0.42259568
v 0.11844420 1.01195526 0.50892460
v 0.11918151 1.00855303 0.50978631
v 0.15157497 1.00855303 0.47206521
v 0.15062481 1.01195526 0.47144592
v 0.15062481 0.93824941 0.47144592
v 0.15157497 0.94165182 0.47206521
v 0.11918157 0.94165182 0.50978631
v 0.11844426 0.93824941 0.50892460
v 0.04874426 0.93824959 0.54296374
v 0.04897821 0.94165200 0.54407346
v 0.01559120 0.94165212 0.54733211
v 0.01557839 0.93824965 0.54619801
v 0.01557839 1.01195562 0.54619801
v 0.01559120 1.00855327 0.54733211
v 0.04897815 1.00855315 0.54407346
v 0.04874420 1.01195550 0.54296374
v -0.01609677 0.93824977 0.54395294
v -0.01626939 0.94165218 0.54507387
v -0.05433148 0.94165230 0.53322113
v -0.05388197 0.93824983 0.53217983
v -0.05388200 1.01195574 0.53217983
v -0.05433151 1.00855350 0.53322113
v -0.01626939 1.00855327 0.54507387
v -0.01609677 1.01195574 0.54395294
v -0.08580580 0.94165266 0.51256013
v -0.08502346 0.93825024 0.51173902
v -0.08502349 1.01195621 0.51173902
v -0.08580586 1.00855422 0.51256013
v -0.10777968 0.93825030 0.48315606
v -0.10880241 0.94165272 0.48364639
v -0.12199271 0.94165266 0.45218426
v -0.12098911 0.93825024 0.45165613
v -0.12098911 1.01195621 0.45165613
v -0.12199271 1.00855398 0.45218426
v -0.10880241 1.00855422 0.48364639
v -0.10777971 1.01195621 0.48315606
v -0.12836817 0.94165272 0.41594923
v -0.12725157 0.93825030 0.41575116
v -0.12725160 1.01195621 0.41575116
v -0.12836820 1.00855422 0.41594923
v -0.12881371 0.94165301 0.37844458
v -0.12769479 0.93825060 0.37862974
v -0.12769479 1.01195645 0.37862974
v -0.12881371 1.00855470 0.37844458
v -0.12605950 0.94165355 0.35624725
v -0.12492561 0.93825114 0.35622030
v -0.12492564 1.01195705 0.35622030
v -0.12605950 1.00855541 0.35624725
v 0.08101016 1.01195538 0.53219384
v 0.08148968 1.00855303 0.53322160
v 0.08148968 0.94165194 0.53322160
v 0.08101016 0.93824947 0.53219384
v 0.16806626 0.93824929 0.44395664
v 0.16905576 0.94165176 0.44451100
v 0.16905576 1.00855291 0.44451100
v 0.16806626 1.01195526 0.44395664
v 0.17633474 1.00855279 0.42259589
v 0.17520058 1.01195514 0.42259589
v 0.17520058 0.93824941 0.42259589
v 0.17633474 0.94165182 0.42259589
v 0.17179817 1.01308930 0.42259589
v 0.17520058 1.01195514 0.42259589
v 0.17520052 1.01308930 0.42259589
v 0.17520058 1.01195514 0.42259589
v 0.17633474 1.00855279 0.42259589
v 0.17633462 1.01195514 0.42259589
v 0.17633474 0.94165182 0.42259589
v 0.17179817 0.93711531 0.42259589
v 0.12539840 0.93711501 0.42259595
v 0.12993503 0.93257844 0.42259595
v 0.13447160 0.93711501 0.42259595
v 0.13205862 0.93711501 0.42315030
v 0.13389289 0.93711501 0.42481318
v 0.13092446 0.93824911 0.42315030
v 0.12993503 0.94165158 0.42259595
v 0.12986654 1.01308942 0.42259577
v 0.05065387 1.01308894 0.42259660
v 0.05065387 0.93711466 0.42259660
v 0.12979788 1.01195526 0.42259568
v 0.12986654 1.01308942 0.42259577
v 0.05065387 0.93711466 0.42259660
v 0.05065387 0.93711466 0.42259660
v 0.12539840 0.93711501 0.42259595
v 0.12880081 0.93824911 0.42259595
v 0.12979788 1.01195526 0.42259568
v 0.05065387 0.93711466 0.42259660
v 0.12880081 0.93824911 0.42259595
v 0.12993491 1.00855303 0.42259568
v 0.12979788 1.01195526 0.42259568
v 0.12880081 0.93824911 0.42259595
v 0.12993491 1.00855303 0.42259568
v 0.12880081 0.93824911 0.42259595
v 0.12993503 0.94165158 0.42259595
v 0.11791885 1.01195526 0.45013097
v 0.09306431 1.01195526 0.47926193
v 0.09306431 0.93824941 0.47926193
v 0.11791885 0.93824941 0.45013097
v 0.01513678 0.93824965 0.50716197
v 0.04069132 0.93824959 0.50476480
v 0.04069126 1.01195550 0.50476480
v 0.01513672 1.01195562 0.50716197
v -0.04133376 0.93824977 0.49789330
v -0.01015317 0.93824977 0.50536948
v -0.01015323 1.01195574 0.50536948
v -0.04133376 1.01195574 0.49789330
v -0.06112102 0.93825012 0.48376748
v -0.06112105 1.01195598 0.48376748
v -0.09219509 0.93825012 0.43978468
v -0.07814565 0.93825024 0.46492061
v -0.07814565 1.01195621 0.46492061
v -0.09219509 1.01195598 0.43978468
v -0.09901121 0.93825024 0.41148165
v -0.09901124 1.01195621 0.41148165
v -0.10137916 0.93825030 0.38062820
v -0.10137916 1.01195621 0.38062820
v -0.10150245 0.93825102 0.35585031
v -0.10150248 1.01195693 0.35585031
v 0.06450438 1.01195538 0.49681631
v 0.06450438 0.93824947 0.49681631
v 0.13092446 0.93824911 0.42315030
v 0.13092434 1.01195526 0.42259568
v 0.11844420 1.01195526 0.50892460
v 0.15062481 1.01195526 0.47144592
v 0.15062481 0.93824941 0.47144592
v 0.11844426 0.93824941 0.50892460
v 0.04874426 0.93824959 0.54296374
v 0.01557839 0.93824965 0.54619801
v 0.01557839 1.01195562 0.54619801
v 0.04874420 1.01195550 0.54296374
v -0.01609677 0.93824977 0.54395294
v -0.05388197 0.93824983 0.53217983
v -0.05388200 1.01195574 0.53217983
v -0.01609677 1.01195574 0.54395294
v -0.08502346 0.93825024 0.51173902
v -0.08502349 1.01195621 0.51173902
v -0.10777968 0.93825030 0.48315606
v -0.12098911 0.93825024 0.45165613
v -0.12098911 1.01195621 0.45165613
v -0.10777971 1.01195621 0.48315606
v -0.12725157 0.93825030 0.41575116
v -0.12725160 1.01195621 0.41575116
v -0.12769479 0.93825060 0.37862974
v -0.12769479 1.01195645 0.37862974
v -0.12492561 0.93825114 0.35622030
v -0.12492564 1.01195705 0.35622030
v 0.08101016 1.01195538 0.53219384
v 0.08101016 0.93824947 0.53219384
v 0.16806626 0.93824929 0.44395664
v 0.16806626 1.01195526 0.44395664
v 0.17520058 1.01195514 0.42259589
v 0.17179817 1.01308930 0.42259589
v 0.17179817 0.93711531 0.42259589
v 0.17520058 0.93824941 0.42259589
v 0.17193002 0.46388960 0.42259568
v 0.17633480 0.46388957 0.42259586
v 0.17633474 0.93711531 0.42259589
v 0.13431472 0.46388969 0.42259565
v 0.17193002 0.46388960 0.42259568
v 0.17633474 0.93711531 0.42259589
v 0.17179817 0.93711531 0.42259589
v 0.13447160 0.93711501 0.42259595
v 0.13106912 0.93598086 0.42259595
v 0.13106912 0.93598086 0.42259595
v 0.17633474 0.93711531 0.42259589
v 0.17520058 0.93711525 0.42259589
v 0.13106912 0.93598086 0.42259595
v 0.13431472 0.46388969 0.42259565
v 0.17633474 0.93711531 0.42259589
v 0.13106912 0.93598086 0.42259595
v 0.13431472 0.46388969 0.42259565
v 0.13106912 0.93598086 0.42259595
v 0.12993503 0.93257844 0.42259595
v 0.12993509 0.46388948 0.42259592
v 0.13431472 0.46388969 0.42259565
v 0.12993503 0.93257844 0.42259595
v 0.17633474 0.93711531 0.42259589
v 0.17633480 0.46388957 0.42259586
v 0.94964439 0.46388933 0.42259672
v 0.94964439 0.46388933 0.42259672
v 0.94964439 0.93711478 0.42259675
v 0.17633474 0.93711531 0.42259589
v 0.17633462 1.01195514 0.42259589
v 0.17633474 1.00855279 0.42259589
v 0.17633474 0.94165182 0.42259589
v 0.17633474 0.93824941 0.42259589
v 0.17633474 0.93824941 0.42259589
v 0.94964439 1.01308906 0.42259675
v 0.17633462 1.01195514 0.42259589
v 0.17633456 1.01308930 0.42259589
v 0.94964439 1.01308906 0.42259675
v 0.94964415 1.20677578 0.42259705
v 0.94470793 1.21869278 0.42259705
v 0.94470793 1.21869278 0.42259705
v 0.94030482 1.22309589 0.42259705
v 0.92838806 1.22803199 0.42259705
v 0.94964439 1.01308906 0.42259675
v 0.94470793 1.21869278 0.42259705
v 0.92838806 1.22803199 0.42259705
v 0.94964439 1.01308906 0.42259675
v 0.92838806 1.22803199 0.42259705
v 0.17632025 1.22803271 0.42259619
v 0.17633456 1.01308930 0.42259589
v 0.94964439 1.01308906 0.42259675
v 0.17632025 1.22803271 0.42259619
v 0.12993491 1.00855303 0.42259568
v 0.13092434 1.01195526 0.42259568
v 0.12979788 1.01195526 0.42259568
v 0.12986654 1.01308942 0.42259577
v 0.12979788 1.01195526 0.42259568
v 0.13092434 1.01195526 0.42259568
v 0.13092434 1.01195526 0.42259568
v 0.13099676 1.01308942 0.42259568
v 0.12986654 1.01308942 0.42259577
v 0.13099676 1.01308942 0.42259568
v 0.13092434 1.01195526 0.42259568
v 0.13447154 1.01308942 0.42259577
v 0.17633480 0.46388957 0.42259586
v 0.17193002 0.46388960 0.42259568
v 0.17520058 0.46275547 0.42259559
v 0.12993491 0.45942837 0.42259565
v 0.13092434 0.46275562 0.42259556
v 0.12993509 0.46388948 0.42259592
v 0.12993497 0.39245179 0.42259565
v 0.12993509 0.38774672 0.42259601
v 0.13092434 0.38904947 0.42259547
v 0.17520046 0.38904968 0.42259559
v 0.17179805 0.38783124 0.42259550
v 0.17633480 0.38774672 0.42259595
v 0.17633480 0.38774672 0.42259595
v 0.17633462 0.39245212 0.42259559
v 0.17520046 0.38904968 0.42259559
v 0.17229313 0.99573100 0.43476418
v 0.17229313 0.95447361 0.43476418
v 0.16905576 0.99573106 0.44451100
v 0.15157497 0.99573117 0.47206521
v 0.11918151 0.99573117 0.50978631
v 0.08148962 0.99573123 0.53322160
v 0.04897809 0.99573135 0.54407346
v 0.01559114 0.99573141 0.54733211
v -0.01626945 0.99573153 0.54507387
v -0.05433163 0.99573165 0.53322101
v -0.08580595 0.99573237 0.51256001
v -0.10880241 0.99573237 0.48364639
v -0.12199271 0.99573219 0.45218426
v -0.12836820 0.99573237 0.41594914
v -0.12881365 0.99573290 0.37844431
v -0.12763831 0.99573320 0.36897144
v -0.12763831 0.95447510 0.36897144
v -0.12881371 0.95447481 0.37844476
v -0.12836817 0.95447457 0.41594931
v -0.12199271 0.95447445 0.45218426
v -0.10880241 0.95447457 0.48364639
v -0.08580577 0.95447445 0.51256025
v -0.05433145 0.95447409 0.53322113
v -0.01626933 0.95447403 0.54507387
v 0.01559126 0.95447391 0.54733211
v 0.04897827 0.95447379 0.54407346
v 0.08148974 0.95447373 0.53322160
v 0.11918157 0.95447361 0.50978631
v 0.15157497 0.95447361 0.47206521
v 0.16905576 0.95447356 0.44451100
v 0.17229313 0.95447361 0.43476418
v 0.17229313 0.99573100 0.43476418
v 0.16471714 0.99093175 0.43730482
v 0.16471714 0.99093175 0.43730482
v 0.16471714 0.95927274 0.43730491
v 0.17229313 0.95447361 0.43476418
v 0.17229313 0.99573100 0.43476418
v 0.16905576 0.99573106 0.44451100
v 0.16328359 0.99093175 0.44177231
v 0.16471714 0.99093175 0.43730482
v 0.15157497 0.99573117 0.47206521
v 0.14644080 0.99093187 0.46826279
v 0.11918151 0.99573117 0.50978631
v 0.11502302 0.99093187 0.50493604
v 0.08148962 0.99573123 0.53322160
v 0.07877290 0.99093193 0.52743912
v 0.04897809 0.99573135 0.54407346
v 0.04764807 0.99093205 0.53782463
v 0.01559114 0.99573141 0.54733211
v 0.01550639 0.99093211 0.54094374
v -0.01626945 0.99573153 0.54507387
v -0.01508588 0.99093223 0.53879547
v -0.05433163 0.99573165 0.53322101
v -0.05160239 0.99093235 0.52744442
v -0.08580595 0.99573237 0.51256001
v -0.08149853 0.99093306 0.50784159
v -0.10880241 0.99573237 0.48364639
v -0.10330439 0.99093306 0.48039216
v -0.12199271 0.99573219 0.45218426
v -0.11586258 0.99093288 0.45038453
v -0.12836820 0.99573237 0.41594914
v -0.12200695 0.99093306 0.41535559
v -0.12881365 0.99573290 0.37844431
v -0.12243468 0.99093360 0.37880051
v -0.12763831 0.99573320 0.36897144
v -0.12188897 0.99093378 0.37452084
v -0.12763831 0.99573320 0.36897144
v -0.12763831 0.95447510 0.36897144
v -0.12188897 0.95927411 0.37452084
v -0.12188897 0.95927411 0.37452084
v -0.12188897 0.99093378 0.37452084
v -0.12763831 0.99573320 0.36897144
v -0.12763831 0.95447510 0.36897144
v -0.12881371 0.95447481 0.37844476
v -0.12243477 0.95927405 0.37880105
v -0.12188897 0.95927411 0.37452084
v -0.12836817 0.95447457 0.41594931
v -0.12200695 0.95927376 0.41535577
v -0.12199271 0.95447445 0.45218426
v -0.11586258 0.95927370 0.45038453
v -0.10880241 0.95447457 0.48364639
v -0.10330439 0.95927376 0.48039207
v -0.08580577 0.95447445 0.51256025
v -0.08149835 0.95927370 0.50784171
v -0.05433145 0.95447409 0.53322113
v -0.05160221 0.95927334 0.52744454
v -0.01626933 0.95447403 0.54507387
v -0.01508582 0.95927322 0.53879547
v 0.01559126 0.95447391 0.54733211
v 0.01550639 0.95927310 0.54094374
v 0.04897827 0.95447379 0.54407346
v 0.04764801 0.95927304 0.53782463
v 0.08148974 0.95447373 0.53322160
v 0.07877290 0.95927292 0.52743912
v 0.11918157 0.95447361 0.50978631
v 0.11502314 0.95927286 0.50493604
v 0.15157497 0.95447361 0.47206521
v 0.14644080 0.95927286 0.46826279
v 0.16905576 0.95447356 0.44451100
v 0.16328365 0.95927274 0.44177231
v 0.17229313 0.95447361 0.43476418
v 0.16471714 0.95927274 0.43730491
v 0.95972675 0.53548205 0.39638269
v 0.95972675 0.52600253 0.39854631
v 0.95972675 0.51652288 0.39638260
v 0.95972675 0.53548205 0.39638269
v 0.95972675 0.51652288 0.39638260
v 0.95972675 0.50892085 0.39032009
v 0.95972675 0.54308432 0.39032000
v 0.95972675 0.53548205 0.39638269
v 0.95972675 0.50892085 0.39032009
v 0.95972675 0.54308432 0.39032000
v 0.95972675 0.50892085 0.39032009
v 0.95972675 0.50470197 0.38155970
v 0.95972675 0.54730308 0.38155970
v 0.95972675 0.54308432 0.39032000
v 0.95972675 0.50470197 0.38155970
v 0.95972675 0.50470197 0.37183627
v 0.95972675 0.50470197 0.37183627
v 0.95972675 0.50892079 0.36307579
v 0.95972675 0.51652288 0.35701329
v 0.95972675 0.51652288 0.35701329
v 0.95972675 0.52600253 0.35484970
v 0.95972675 0.53548217 0.35701320
v 0.95972675 0.54308414 0.36307579
v 0.95972675 0.54730308 0.37183627
v 0.95972675 0.65516549 0.39638269
v 0.95972675 0.64568585 0.39854631
v 0.95972675 0.63620615 0.39638260
v 0.95972675 0.66232985 0.39158201
v 0.95972675 0.66232985 0.39158201
v 0.95972675 0.63620615 0.39638260
v 0.95972675 0.62860411 0.39032009
v 0.95972675 0.66337353 0.39080331
v 0.95972675 0.62860411 0.39032009
v 0.95972675 0.66337353 0.39080331
v 0.95972675 0.62860411 0.39032009
v 0.95972675 0.62445283 0.38169989
v 0.95972675 0.66698647 0.38155970
v 0.95972675 0.66337353 0.39080331
v 0.95972675 0.62445283 0.38169989
v 0.95972675 0.66698647 0.38155970
v 0.95972675 0.62445283 0.38169989
v 0.95972675 0.62439173 0.37182286
v 0.95972675 0.66698641 0.37183627
v 0.95972675 0.66698647 0.38155970
v 0.95972675 0.62439173 0.37182286
v 0.95972675 0.66276759 0.36307570
v 0.95972675 0.62860411 0.36307570
v 0.95972675 0.66276759 0.36307570
v 0.95972675 0.62860411 0.36307570
v 0.95972675 0.63620609 0.35701320
v 0.95972675 0.65516549 0.35701329
v 0.95972675 0.63620609 0.35701320
v 0.95972675 0.65516549 0.35701329
v 0.95972675 0.63620609 0.35701320
v 0.95972675 0.64568585 0.35484961
v 0.95972675 0.75592107 0.35700619
v 0.95972675 0.76536912 0.35484973
v 0.95972675 0.77484876 0.35701331
v 0.95972675 0.77484876 0.39638272
v 0.95972675 0.76536918 0.39854634
v 0.95972675 0.75799507 0.39686337
v 0.95972675 0.77484876 0.39638272
v 0.95972675 0.75799507 0.39686337
v 0.95972675 0.75588953 0.39638272
v 0.95972675 0.77484876 0.39638272
v 0.95972675 0.75588953 0.39638272
v 0.95972675 0.74828738 0.39032021
v 0.95972675 0.78229034 0.39044806
v 0.95972675 0.77484876 0.39638272
v 0.95972675 0.74828738 0.39032021
v 0.95972675 0.78229034 0.39044806
v 0.95972675 0.74828738 0.39032021
v 0.95972675 0.74406856 0.38155973
v 0.95972675 0.78342378 0.38829795
v 0.95972675 0.74406856 0.38155973
v 0.95972675 0.78666967 0.38139045
v 0.95972675 0.78666967 0.38139045
v 0.95972675 0.74406856 0.38155973
v 0.95972675 0.74406862 0.37183622
v 0.95972675 0.78666967 0.37183630
v 0.95972675 0.74406862 0.37183622
v 0.95972675 0.78245091 0.36307573
v 0.95972675 0.77484876 0.35701331
v 0.95972675 0.74406862 0.37183622
v 0.95972675 0.74828607 0.36307856
v 0.95972675 0.74828607 0.36307856
v 0.95781034 0.75385994 0.40059718
v 0.95781034 0.75698030 0.40130949
v 0.95781034 0.66472828 0.39458951
v 0.95781034 0.74463016 0.39323679
v 0.95781034 0.75385994 0.40059718
v 0.95781034 0.66472828 0.39458951
v 0.95781034 0.74463016 0.39323679
v 0.95781034 0.66472828 0.39458951
v 0.95781034 0.66642481 0.39323658
v 0.95972687 0.88536853 0.39847419
v 0.95972687 0.87542266 0.39626291
v 0.95972675 0.86797053 0.39032003
v 0.95972675 0.89453179 0.39638272
v 0.95972687 0.88536853 0.39847419
v 0.95972675 0.86797053 0.39032003
v 0.95972675 0.89453179 0.39638272
v 0.95972675 0.86797053 0.39032003
v 0.95972675 0.86375177 0.38155973
v 0.95972675 0.86375177 0.37183639
v 0.95972675 0.90211666 0.39033401
v 0.95972675 0.89453179 0.39638272
v 0.95972675 0.86375177 0.37183639
v 0.95972675 0.90211666 0.39033401
v 0.95972675 0.86797053 0.36307591
v 0.95972675 0.86797053 0.36307591
v 0.95972675 0.87557268 0.35701331
v 0.95972675 0.88505232 0.35484973
v 0.95972675 0.88505232 0.35484973
v 0.95972675 0.89453197 0.35701331
v 0.95972675 0.90213418 0.36307573
v 0.95972675 0.90635294 0.37183630
v 0.95972675 0.90635294 0.38132626
v 0.95972675 0.86797053 0.36307591
v 0.95972675 0.88505232 0.35484973
v 0.95972675 0.90635294 0.38132626
v 0.95972675 0.90211666 0.39033401
v 0.95972675 0.86797053 0.36307591
v 0.95972675 0.90635294 0.38132626
v 0.95781034 0.51449323 0.35279876
v 0.95781034 0.52600253 0.35017192
v 0.95501667 0.52600253 0.35240063
v 0.95501667 0.51546025 0.35480669
v 0.95781034 0.53751171 0.35279855
v 0.95501667 0.53654480 0.35480657
v 0.95781034 0.54674149 0.36015925
v 0.95501667 0.54499900 0.36154881
v 0.95781034 0.55186355 0.37079534
v 0.95501667 0.54969078 0.37129134
v 0.95781034 0.55186355 0.38260058
v 0.95501667 0.54969078 0.38210467
v 0.95781034 0.54674160 0.39323658
v 0.95501667 0.54499912 0.39184698
v 0.95781034 0.53751165 0.40059716
v 0.95501667 0.53654468 0.39858922
v 0.95781034 0.52600253 0.40322399
v 0.95501667 0.52600253 0.40099525
v 0.95781034 0.51449329 0.40059707
v 0.95501667 0.51546025 0.39858913
v 0.95781034 0.50526357 0.39323667
v 0.95501667 0.50700605 0.39184707
v 0.95781034 0.50014150 0.38260058
v 0.95501667 0.50231427 0.38210467
v 0.95781034 0.50014150 0.37079534
v 0.95501667 0.50231427 0.37129134
v 0.95781034 0.50526357 0.36015925
v 0.95501667 0.50700599 0.36154881
v 0.95781034 0.63417661 0.35279867
v 0.95781034 0.64568591 0.35017183
v 0.95501667 0.64568591 0.35240054
v 0.95501667 0.63514352 0.35480657
v 0.95781034 0.65719515 0.35279876
v 0.95501667 0.65622813 0.35480669
v 0.95781034 0.66642487 0.36015916
v 0.95501667 0.66468239 0.36154872
v 0.95781034 0.67154688 0.37079534
v 0.95501667 0.66937411 0.37129134
v 0.95781034 0.67154688 0.38260058
v 0.95501667 0.66937417 0.38210467
v 0.95781034 0.66642481 0.39323658
v 0.95501667 0.66468233 0.39184698
v 0.95781034 0.66642481 0.39323658
v 0.95781034 0.66472828 0.39458951
v 0.95501667 0.66337353 0.39289078
v 0.95501667 0.66468233 0.39184698
v 0.95781034 0.66472828 0.39458951
v 0.95781034 0.65719503 0.40059716
v 0.95501667 0.65622807 0.39858922
v 0.95501667 0.66337353 0.39289078
v 0.95781034 0.64568585 0.40322399
v 0.95501667 0.64568585 0.40099525
v 0.95781034 0.63417655 0.40059707
v 0.95501667 0.63514358 0.39858913
v 0.95781034 0.62494689 0.39323667
v 0.95501667 0.62668931 0.39184707
v 0.95781034 0.61989880 0.38275415
v 0.95501667 0.62206852 0.38225186
v 0.95781034 0.61982483 0.37079534
v 0.95501667 0.62200063 0.37128493
v 0.95781034 0.62494689 0.36015916
v 0.95501667 0.62668931 0.36154872
v 0.95781034 0.75389457 0.35279092
v 0.95781034 0.76536918 0.35017195
v 0.95501667 0.76536918 0.35240066
v 0.95501667 0.75486004 0.35479921
v 0.95781034 0.77687836 0.35279870
v 0.95501667 0.77591133 0.35480672
v 0.95781034 0.78610820 0.36015919
v 0.95501667 0.78436565 0.36154875
v 0.95781034 0.79123014 0.37079537
v 0.95501667 0.78905737 0.37129137
v 0.95781034 0.79123014 0.38240856
v 0.95501667 0.78905737 0.38192353
v 0.95781034 0.78750682 0.39033207
v 0.95501667 0.78556156 0.38936299
v 0.95781034 0.78587973 0.39341867
v 0.95501667 0.78416961 0.39200336
v 0.95781034 0.77687836 0.40059718
v 0.95501667 0.77591139 0.39858925
v 0.95781034 0.76536918 0.40322402
v 0.95501667 0.76536918 0.40099528
v 0.95781034 0.75698030 0.40130949
v 0.95501667 0.75746381 0.39919117
v 0.95781034 0.75385994 0.40059718
v 0.95501667 0.75482690 0.39858925
v 0.95781034 0.74463016 0.39323679
v 0.95501667 0.74637264 0.39184722
v 0.95781034 0.73950809 0.38260061
v 0.95501667 0.74168086 0.38210469
v 0.95781034 0.73950815 0.37079528
v 0.95501667 0.74168092 0.37129128
v 0.95781034 0.74463028 0.36015919
v 0.95501667 0.74637204 0.36155012
v 0.95781034 0.87354302 0.35279879
v 0.95781034 0.88505238 0.35017186
v 0.95501667 0.88505238 0.35240057
v 0.95501667 0.87450999 0.35480672
v 0.95781034 0.89656162 0.35279879
v 0.95501667 0.89559454 0.35480672
v 0.95781034 0.90579128 0.36015919
v 0.95501667 0.90404886 0.36154875
v 0.95781034 0.91091335 0.37079537
v 0.95501667 0.90874052 0.37129137
v 0.95781034 0.91091335 0.38234502
v 0.95501667 0.90874052 0.38185969
v 0.95781034 0.90579116 0.39323670
v 0.95501667 0.90404046 0.39185369
v 0.95781034 0.89656156 0.40059718
v 0.95501667 0.89559448 0.39858925
v 0.95781034 0.88538170 0.40314886
v 0.95501667 0.88537550 0.40092161
v 0.95781034 0.87340361 0.40048578
v 0.95501667 0.87436557 0.39847392
v 0.95781034 0.86431342 0.39323661
v 0.95501667 0.86605579 0.39184701
v 0.95781034 0.85919130 0.38260061
v 0.95501667 0.86136413 0.38210469
v 0.95781034 0.85919130 0.37079546
v 0.95501667 0.86136413 0.37129146
v 0.95781034 0.86431330 0.36015937
v 0.95501667 0.86605573 0.36154893
v 0.95501667 0.51546025 0.35480669
v 0.95501667 0.52600253 0.35240063
v 0.95733899 0.52600253 0.35240063
v 0.95733899 0.51546025 0.35480669
v 0.95501667 0.53654480 0.35480657
v 0.95733899 0.53654480 0.35480657
v 0.95501667 0.54499900 0.36154881
v 0.95733899 0.54499900 0.36154881
v 0.95501667 0.54499900 0.36154881
v 0.95501667 0.54969078 0.37129134
v 0.95733899 0.54969078 0.37129134
v 0.95733899 0.54499900 0.36154881
v 0.95501667 0.54969078 0.38210467
v 0.95733899 0.54969078 0.38210467
v 0.95501667 0.54499912 0.39184698
v 0.95733899 0.54499912 0.39184698
v 0.95501667 0.54499912 0.39184698
v 0.95501667 0.53654468 0.39858922
v 0.95733899 0.53654468 0.39858922
v 0.95733899 0.54499912 0.39184698
v 0.95501667 0.52600253 0.40099525
v 0.95733899 0.52600253 0.40099525
v 0.95501667 0.51546025 0.39858913
v 0.95733899 0.51546025 0.39858913
v 0.95501667 0.50700605 0.39184707
v 0.95733899 0.50700605 0.39184707
v 0.95501667 0.50700605 0.39184707
v 0.95501667 0.50231427 0.38210467
v 0.95733899 0.50231427 0.38210467
v 0.95733899 0.50700605 0.39184707
v 0.95501667 0.50231427 0.37129134
v 0.95733899 0.50231427 0.37129134
v 0.95501667 0.50700599 0.36154881
v 0.95733899 0.50700599 0.36154881
v 0.95501667 0.50700599 0.36154881
v 0.95733899 0.50700599 0.36154881
v 0.95501667 0.63514352 0.35480657
v 0.95501667 0.64568591 0.35240054
v 0.95733899 0.64568591 0.35240054
v 0.95733899 0.63514352 0.35480657
v 0.95501667 0.65622813 0.35480669
v 0.95733899 0.65622813 0.35480669
v 0.95501667 0.66468239 0.36154872
v 0.95733899 0.66468239 0.36154872
v 0.95501667 0.66468239 0.36154872
v 0.95501667 0.66937411 0.37129134
v 0.95733899 0.66937411 0.37129134
v 0.95733899 0.66468239 0.36154872
v 0.95501667 0.66937417 0.38210467
v 0.95733899 0.66937417 0.38210467
v 0.95501667 0.66468233 0.39184698
v 0.95733899 0.66468233 0.39184698
v 0.95501667 0.66468233 0.39184698
v 0.95501667 0.66337353 0.39289078
v 0.95733899 0.66337353 0.39289078
v 0.95733899 0.66468233 0.39184698
v 0.95501667 0.65622807 0.39858922
v 0.95733899 0.65622807 0.39858922
v 0.95501667 0.64568585 0.40099525
v 0.95733899 0.64568585 0.40099525
v 0.95501667 0.63514358 0.39858913
v 0.95733899 0.63514358 0.39858913
v 0.95501667 0.62668931 0.39184707
v 0.95733899 0.62668931 0.39184707
v 0.95501667 0.62668931 0.39184707
v 0.95501667 0.62206852 0.38225186
v 0.95733899 0.62206852 0.38225186
v 0.95733899 0.62668931 0.39184707
v 0.95501667 0.62200063 0.37128493
v 0.95733899 0.62200063 0.37128493
v 0.95501667 0.62668931 0.36154872
v 0.95733899 0.62668931 0.36154872
v 0.95501667 0.62668931 0.36154872
v 0.95733899 0.62668931 0.36154872
v 0.95501667 0.75486004 0.35479921
v 0.95501667 0.76536918 0.35240066
v 0.95733899 0.76536918 0.35240066
v 0.95733899 0.75486004 0.35479921
v 0.95501667 0.77591133 0.35480672
v 0.95733899 0.77591133 0.35480672
v 0.95501667 0.78436565 0.36154875
v 0.95733899 0.78436565 0.36154875
v 0.95501667 0.78436565 0.36154875
v 0.95501667 0.78905737 0.37129137
v 0.95733899 0.78905737 0.37129137
v 0.95733899 0.78436565 0.36154875
v 0.95501667 0.78905737 0.38192353
v 0.95733899 0.78905737 0.38192353
v 0.95501667 0.78556156 0.38936299
v 0.95733899 0.78556156 0.38936299
v 0.95501667 0.78416961 0.39200336
v 0.95733899 0.78416961 0.39200336
v 0.95501667 0.78416961 0.39200336
v 0.95501667 0.77591139 0.39858925
v 0.95733899 0.77591139 0.39858925
v 0.95733899 0.78416961 0.39200336
v 0.95501667 0.76536918 0.40099528
v 0.95733899 0.76536918 0.40099528
v 0.95501667 0.75746381 0.39919117
v 0.95733899 0.75746381 0.39919117
v 0.95501667 0.75482690 0.39858925
v 0.95733899 0.75482690 0.39858925
v 0.95501667 0.74637264 0.39184722
v 0.95733899 0.74637264 0.39184722
v 0.95501667 0.74637264 0.39184722
v 0.95501667 0.74168086 0.38210469
v 0.95733899 0.74168086 0.38210469
v 0.95733899 0.74637264 0.39184722
v 0.95501667 0.74168092 0.37129128
v 0.95733899 0.74168092 0.37129128
v 0.95501667 0.74637204 0.36155012
v 0.95733899 0.74637204 0.36155012
v 0.95501667 0.74637204 0.36155012
v 0.95733899 0.74637204 0.36155012
v 0.95501667 0.87450999 0.35480672
v 0.95501667 0.88505238 0.35240057
v 0.95733899 0.88505238 0.35240057
v 0.95733899 0.87450999 0.35480672
v 0.95501667 0.89559454 0.35480672
v 0.95733899 0.89559454 0.35480672
v 0.95501667 0.90404886 0.36154875
v 0.95733899 0.90404886 0.36154875
v 0.95501667 0.90404886 0.36154875
v 0.95501667 0.90874052 0.37129137
v 0.95733899 0.90874052 0.37129137
v 0.95733899 0.90404886 0.36154875
v 0.95501667 0.90874052 0.38185969
v 0.95733899 0.90874052 0.38185969
v 0.95501667 0.90404046 0.39185369
v 0.95733899 0.90404046 0.39185369
v 0.95501667 0.90404046 0.39185369
v 0.95501667 0.89559448 0.39858925
v 0.95733899 0.89559448 0.39858925
v 0.95733899 0.90404046 0.39185369
v 0.95501667 0.88537550 0.40092161
v 0.95733911 0.88537550 0.40092161
v 0.95501667 0.87436557 0.39847392
v 0.95733911 0.87436557 0.39847392
v 0.95501667 0.86605579 0.39184701
v 0.95733899 0.86605579 0.39184701
v 0.95501667 0.86605579 0.39184701
v 0.95501667 0.86136413 0.38210469
v 0.95733899 0.86136413 0.38210469
v 0.95733899 0.86605579 0.39184701
v 0.95501667 0.86136413 0.37129146
v 0.95733899 0.86136413 0.37129146
v 0.95501667 0.86605573 0.36154893
v 0.95733899 0.86605573 0.36154893
v 0.95501667 0.86605573 0.36154893
v 0.95733899 0.86605573 0.36154893
v 0.95972675 0.51652288 0.35701329
v 0.95733899 0.51546025 0.35480669
v 0.95733899 0.52600253 0.35240063
v 0.95972675 0.52600253 0.35484970
v 0.95733899 0.53654480 0.35480657
v 0.95972675 0.53548217 0.35701320
v 0.95733899 0.54499900 0.36154881
v 0.95972675 0.54308414 0.36307579
v 0.95733899 0.54969078 0.37129134
v 0.95972675 0.54730308 0.37183627
v 0.95972675 0.54730308 0.37183627
v 0.95733899 0.54969078 0.37129134
v 0.95733899 0.54969078 0.38210467
v 0.95972675 0.54730308 0.38155970
v 0.95972675 0.54730308 0.38155970
v 0.95733899 0.54969078 0.38210467
v 0.95733899 0.54499912 0.39184698
v 0.95972675 0.54308432 0.39032000
v 0.95733899 0.53654468 0.39858922
v 0.95972675 0.53548205 0.39638269
v 0.95733899 0.52600253 0.40099525
v 0.95972675 0.52600253 0.39854631
v 0.95733899 0.51546025 0.39858913
v 0.95972675 0.51652288 0.39638260
v 0.95733899 0.50700605 0.39184707
v 0.95972675 0.50892085 0.39032009
v 0.95733899 0.50231427 0.38210467
v 0.95972675 0.50470197 0.38155970
v 0.95972675 0.50470197 0.38155970
v 0.95733899 0.50231427 0.38210467
v 0.95733899 0.50231427 0.37129134
v 0.95972675 0.50470197 0.37183627
v 0.95972675 0.50470197 0.37183627
v 0.95733899 0.50231427 0.37129134
v 0.95733899 0.50700599 0.36154881
v 0.95972675 0.50892079 0.36307579
v 0.95972675 0.63620609 0.35701320
v 0.95733899 0.63514352 0.35480657
v 0.95733899 0.64568591 0.35240054
v 0.95972675 0.64568585 0.35484961
v 0.95733899 0.65622813 0.35480669
v 0.95972675 0.65516549 0.35701329
v 0.95733899 0.66468239 0.36154872
v 0.95972675 0.66276759 0.36307570
v 0.95733899 0.66937411 0.37129134
v 0.95972675 0.66698641 0.37183627
v 0.95972675 0.66698641 0.37183627
v 0.95733899 0.66937411 0.37129134
v 0.95733899 0.66937417 0.38210467
v 0.95972675 0.66698647 0.38155970
v 0.95733899 0.66468233 0.39184698
v 0.95972675 0.66337353 0.39080331
v 0.95972675 0.66337353 0.39080331
v 0.95733899 0.66468233 0.39184698
v 0.95733899 0.66337353 0.39289078
v 0.95972675 0.66232985 0.39158201
v 0.95972675 0.66232985 0.39158201
v 0.95733899 0.66337353 0.39289078
v 0.95733899 0.65622807 0.39858922
v 0.95972675 0.65516549 0.39638269
v 0.95733899 0.64568585 0.40099525
v 0.95972675 0.64568585 0.39854631
v 0.95733899 0.63514358 0.39858913
v 0.95972675 0.63620615 0.39638260
v 0.95733899 0.62668931 0.39184707
v 0.95972675 0.62860411 0.39032009
v 0.95733899 0.62206852 0.38225186
v 0.95972675 0.62445283 0.38169989
v 0.95733899 0.62200063 0.37128493
v 0.95972675 0.62439173 0.37182286
v 0.95733899 0.62668931 0.36154872
v 0.95972675 0.62860411 0.36307570
v 0.95972675 0.75592107 0.35700619
v 0.95733899 0.75486004 0.35479921
v 0.95733899 0.76536918 0.35240066
v 0.95972675 0.76536912 0.35484973
v 0.95733899 0.77591133 0.35480672
v 0.95972675 0.77484876 0.35701331
v 0.95733899 0.78436565 0.36154875
v 0.95972675 0.78245091 0.36307573
v 0.95733899 0.78905737 0.37129137
v 0.95972675 0.78666967 0.37183630
v 0.95972675 0.78666967 0.37183630
v 0.95733899 0.78905737 0.37129137
v 0.95733899 0.78905737 0.38192353
v 0.95972675 0.78666967 0.38139045
v 0.95972675 0.78666967 0.38139045
v 0.95733899 0.78905737 0.38192353
v 0.95733899 0.78556156 0.38936299
v 0.95972675 0.78342378 0.38829795
v 0.95733899 0.78416961 0.39200336
v 0.95972675 0.78229034 0.39044806
v 0.95733899 0.77591139 0.39858925
v 0.95972675 0.77484876 0.39638272
v 0.95733899 0.76536918 0.40099528
v 0.95972675 0.76536918 0.39854634
v 0.95733899 0.75746381 0.39919117
v 0.95972675 0.75799507 0.39686337
v 0.95733899 0.75482690 0.39858925
v 0.95972675 0.75588953 0.39638272
v 0.95733899 0.74637264 0.39184722
v 0.95972675 0.74828738 0.39032021
v 0.95733899 0.74168086 0.38210469
v 0.95972675 0.74406856 0.38155973
v 0.95733899 0.74168092 0.37129128
v 0.95972675 0.74406862 0.37183622
v 0.95733899 0.74637204 0.36155012
v 0.95972675 0.74828607 0.36307856
v 0.95972675 0.87557268 0.35701331
v 0.95733899 0.87450999 0.35480672
v 0.95733899 0.88505238 0.35240057
v 0.95972675 0.88505232 0.35484973
v 0.95733899 0.89559454 0.35480672
v 0.95972675 0.89453197 0.35701331
v 0.95733899 0.90404886 0.36154875
v 0.95972675 0.90213418 0.36307573
v 0.95733899 0.90874052 0.37129137
v 0.95972675 0.90635294 0.37183630
v 0.95972675 0.90635294 0.37183630
v 0.95733899 0.90874052 0.37129137
v 0.95733899 0.90874052 0.38185969
v 0.95972675 0.90635294 0.38132626
v 0.95972675 0.90635294 0.38132626
v 0.95733899 0.90874052 0.38185969
v 0.95733899 0.90404046 0.39185369
v 0.95972675 0.90211666 0.39033401
v 0.95733899 0.89559448 0.39858925
v 0.95972675 0.89453179 0.39638272
v 0.95733911 0.88537550 0.40092161
v 0.95972687 0.88536853 0.39847419
v 0.95733911 0.87436557 0.39847392
v 0.95972687 0.87542266 0.39626291
v 0.95733899 0.86605579 0.39184701
v 0.95972675 0.86797053 0.39032003
v 0.95733899 0.86136413 0.38210469
v 0.95972675 0.86375177 0.38155973
v 0.95972675 0.86375177 0.38155973
v 0.95733899 0.86136413 0.38210469
v 0.95733899 0.86136413 0.37129146
v 0.95972675 0.86375177 0.37183639
v 0.95972675 0.86375177 0.37183639
v 0.95733899 0.86136413 0.37129146
v 0.95733899 0.86605573 0.36154893
v 0.95972675 0.86797053 0.36307591
v 0.95781034 0.50526357 0.39323667
v 0.95781034 0.51449329 0.40059707
v 0.11696851 0.45935330 0.44951132
v 0.11696851 0.39245215 0.44951132
v 0.09232670 0.39245215 0.47839984
v 0.09232670 0.45935330 0.47839984
v 0.01512367 0.39245242 0.50602758
v 0.01512367 0.45935357 0.50602758
v 0.04045713 0.45935348 0.50365472
v 0.04045713 0.39245233 0.50365472
v -0.04088455 0.39245251 0.49685171
v -0.04088455 0.45935366 0.49685171
v -0.00998074 0.45935366 0.50424814
v -0.00998074 0.39245251 0.50424814
v -0.06033888 0.39245287 0.48294628
v -0.06033891 0.45935428 0.48294628
v -0.09119171 0.39245287 0.43925622
v -0.09119171 0.45935410 0.43925622
v -0.07712322 0.45935428 0.46442986
v -0.07712322 0.39245296 0.46442986
v -0.09789488 0.39245296 0.41128293
v -0.09789488 0.45935428 0.41128293
v -0.10026047 0.39245304 0.38081297
v -0.10026047 0.45935446 0.38081297
v -0.10036895 0.39245379 0.35582316
v -0.10036898 0.45935556 0.35582316
v 0.06402457 0.39245224 0.49578831
v 0.06402457 0.45935339 0.49578831
v 0.12993491 0.45942837 0.42259565
v 0.12993479 0.39245188 0.42259556
v 0.11502290 0.41007313 0.50493562
v 0.14644057 0.41007316 0.46826249
v 0.14644057 0.44173217 0.46826249
v 0.11502290 0.44173214 0.50493562
v 0.04764783 0.44173232 0.53782427
v 0.01550621 0.44173241 0.54094338
v 0.01550621 0.41007340 0.54094338
v 0.04764771 0.41007331 0.53782433
v -0.01508617 0.44173250 0.53879511
v -0.05160263 0.44173259 0.52744406
v -0.05160245 0.41007358 0.52744418
v -0.01508605 0.41007349 0.53879511
v -0.08149883 0.44173330 0.50784123
v -0.08149865 0.41007394 0.50784141
v -0.10330468 0.44173330 0.48039177
v -0.11586291 0.44173312 0.45038423
v -0.11586291 0.41007394 0.45038423
v -0.10330465 0.41007403 0.48039177
v -0.12200722 0.44173330 0.41535521
v -0.12200722 0.41007403 0.41535538
v -0.12243497 0.44173387 0.37880012
v -0.12243506 0.41007429 0.37880066
v -0.12188926 0.44173405 0.37452045
v -0.12188926 0.41007441 0.37452045
v 0.07877266 0.41007322 0.52743888
v 0.07877266 0.44173223 0.52743888
v 0.16328335 0.44173205 0.44177201
v 0.16328341 0.41007307 0.44177201
v 0.11623198 0.46388981 0.50633895
v 0.14777404 0.46388984 0.46958777
v 0.12076914 0.46388984 0.45198840
v 0.09527612 0.46388981 0.48184693
v 0.14777404 0.38791564 0.46958777
v 0.11623198 0.38791561 0.50633895
v 0.09527612 0.38791561 0.48184693
v 0.12076914 0.38791564 0.45198840
v 0.04804212 0.38791582 0.53963417
v 0.01553965 0.38791591 0.54279554
v 0.01517504 0.38791591 0.51056385
v 0.04139286 0.38791582 0.50809371
v 0.01553965 0.46389008 0.54279554
v 0.04804206 0.46388999 0.53963417
v 0.04139280 0.46388999 0.50809371
v 0.01517498 0.46389008 0.51056385
v -0.01557899 0.38791600 0.54058987
v -0.05253369 0.38791618 0.52905566
v -0.04268253 0.38791600 0.50101674
v -0.01067138 0.38791600 0.50873184
v -0.05253369 0.46389025 0.52905566
v -0.01557899 0.46389017 0.54058987
v -0.01067144 0.46389017 0.50873184
v -0.04268253 0.46389017 0.50101674
v -0.08267647 0.38791662 0.50927556
v -0.06346864 0.38791654 0.48623037
v -0.08267653 0.46389061 0.50927556
v -0.06346866 0.46389052 0.48623037
v -0.10471189 0.38791671 0.48168480
v -0.11797854 0.38791662 0.45007122
v -0.09520641 0.38791654 0.44136882
v -0.08121404 0.38791662 0.46639085
v -0.11797854 0.46389061 0.45007122
v -0.10471192 0.46389070 0.48168480
v -0.08121404 0.46389061 0.46639085
v -0.09520641 0.46389052 0.44136882
v -0.12390167 0.38791671 0.41515598
v -0.10236153 0.38791662 0.41207623
v -0.12390170 0.46389070 0.41515598
v -0.10236156 0.46389061 0.41207623
v -0.12433833 0.38791689 0.37918481
v -0.10473630 0.38791662 0.38007236
v -0.12433833 0.46389100 0.37918481
v -0.10473630 0.46389070 0.38007236
v -0.12152436 0.38791737 0.35613945
v -0.10490441 0.38791728 0.35593027
v -0.10036898 0.45935556 0.35582316
v -0.10036895 0.39245379 0.35582316
v -0.10150278 0.38905132 0.35585001
v -0.10490441 0.38791728 0.35593027
v -0.12152436 0.38791737 0.35613945
v -0.12492591 0.38905141 0.35621989
v -0.12605977 0.39245388 0.35624692
v -0.12605980 0.45935574 0.35624692
v -0.12492594 0.46275735 0.35621989
v -0.12152439 0.46389154 0.35613945
v -0.10150281 0.46275726 0.35585001
v -0.10490444 0.46389145 0.35593027
v -0.12152439 0.46389154 0.35613945
v -0.10490444 0.46389145 0.35593027
v 0.07957137 0.46388990 0.52911007
v 0.06594270 0.46388990 0.49989939
v 0.07957137 0.38791570 0.52911007
v 0.06594270 0.38791570 0.49989939
v 0.16509759 0.38791555 0.44229358
v 0.13389266 0.38791537 0.42481276
v 0.16509759 0.46388975 0.44229358
v 0.13431472 0.46388969 0.42259565
v 0.16471690 0.41007307 0.43730462
v 0.16471690 0.44173205 0.43730444
v 0.11791861 0.46275562 0.45013067
v 0.09306407 0.46275562 0.47926164
v 0.09306407 0.38904965 0.47926164
v 0.11791861 0.38904965 0.45013067
v 0.01513654 0.38904995 0.50716150
v 0.04069102 0.38904986 0.50476444
v 0.04069102 0.46275580 0.50476444
v 0.01513648 0.46275589 0.50716150
v -0.04133403 0.38905004 0.49789301
v -0.01015341 0.38905004 0.50536931
v -0.01015341 0.46275601 0.50536931
v -0.04133403 0.46275601 0.49789301
v -0.06112128 0.38905039 0.48376706
v -0.06112131 0.46275637 0.48376706
v -0.09219539 0.38905039 0.43978438
v -0.07814595 0.38905048 0.46492028
v -0.07814595 0.46275645 0.46492028
v -0.09219539 0.46275637 0.43978438
v -0.09901151 0.38905048 0.41148135
v -0.09901154 0.46275645 0.41148135
v -0.10137948 0.38905057 0.38062790
v -0.10137948 0.46275654 0.38062790
v -0.10150278 0.38905132 0.35585001
v -0.10150281 0.46275726 0.35585001
v 0.06450415 0.46275571 0.49681601
v 0.06450415 0.38904974 0.49681601
v 0.13092434 0.38904947 0.42259547
v 0.13092417 0.46275565 0.42259547
v 0.11844391 0.46275565 0.50892425
v 0.11918128 0.45935333 0.50978601
v 0.15157479 0.45935333 0.47206488
v 0.15062457 0.46275565 0.47144553
v 0.15062457 0.38904968 0.47144553
v 0.15157479 0.39245218 0.47206488
v 0.11918133 0.39245218 0.50978601
v 0.11844397 0.38904968 0.50892425
v 0.04874408 0.38904986 0.54296339
v 0.04897797 0.39245233 0.54407316
v 0.01559091 0.39245242 0.54733181
v 0.01557815 0.38904995 0.54619765
v 0.01557815 0.46275589 0.54619765
v 0.01559091 0.45935357 0.54733181
v 0.04897791 0.45935348 0.54407316
v 0.04874396 0.46275580 0.54296339
v -0.01609701 0.38905004 0.54395258
v -0.01626962 0.39245251 0.54507357
v -0.05433175 0.39245260 0.53322077
v -0.05388218 0.38905013 0.53217947
v -0.05388218 0.46275610 0.53217947
v -0.05433175 0.45935374 0.53322077
v -0.01626962 0.45935366 0.54507357
v -0.01609701 0.46275601 0.54395258
v -0.08580613 0.39245296 0.51255977
v -0.08502376 0.38905048 0.51173866
v -0.08502382 0.46275645 0.51173866
v -0.08580616 0.45935446 0.51255977
v -0.10778001 0.38905057 0.48315576
v -0.10880274 0.39245304 0.48364601
v -0.12199301 0.39245296 0.45218396
v -0.12098941 0.38905048 0.45165572
v -0.12098941 0.46275645 0.45165572
v -0.12199301 0.45935428 0.45218396
v -0.10880277 0.45935446 0.48364601
v -0.10778004 0.46275654 0.48315576
v -0.12836841 0.39245304 0.41594890
v -0.12725186 0.38905057 0.41575086
v -0.12725189 0.46275654 0.41575086
v -0.12836844 0.45935446 0.41594890
v -0.12881401 0.39245331 0.37844428
v -0.12769505 0.38905084 0.37862936
v -0.12769505 0.46275681 0.37862936
v -0.12881401 0.45935503 0.37844428
v -0.12605977 0.39245388 0.35624692
v -0.12492591 0.38905141 0.35621989
v -0.12492594 0.46275735 0.35621989
v -0.12605980 0.45935574 0.35624692
v 0.08100992 0.46275571 0.53219354
v 0.08148944 0.45935339 0.53322124
v 0.08148944 0.39245224 0.53322124
v 0.08100992 0.38904974 0.53219354
v 0.16806602 0.38904959 0.44395635
v 0.16905552 0.39245209 0.44451070
v 0.16905552 0.45935324 0.44451070
v 0.16806602 0.46275556 0.44395635
v 0.17633468 0.45945066 0.42259568
v 0.17520034 0.46275547 0.42259559
v 0.17520046 0.38904968 0.42259559
v 0.17633462 0.39245212 0.42259559
v 0.11791861 0.46275562 0.45013067
v 0.09306407 0.46275562 0.47926164
v 0.09306407 0.38904965 0.47926164
v 0.11791861 0.38904965 0.45013067
v 0.01513654 0.38904995 0.50716150
v 0.04069102 0.38904986 0.50476444
v 0.04069102 0.46275580 0.50476444
v 0.01513648 0.46275589 0.50716150
v -0.04133403 0.38905004 0.49789301
v -0.01015341 0.38905004 0.50536931
v -0.01015341 0.46275601 0.50536931
v -0.04133403 0.46275601 0.49789301
v -0.06112128 0.38905039 0.48376706
v -0.06112131 0.46275637 0.48376706
v -0.09219539 0.38905039 0.43978438
v -0.07814595 0.38905048 0.46492028
v -0.07814595 0.46275645 0.46492028
v -0.09219539 0.46275637 0.43978438
v -0.09901151 0.38905048 0.41148135
v -0.09901154 0.46275645 0.41148135
v -0.10137948 0.38905057 0.38062790
v -0.10137948 0.46275654 0.38062790
v -0.10150278 0.38905132 0.35585001
v -0.10150281 0.46275726 0.35585001
v 0.06450415 0.46275571 0.49681601
v 0.06450415 0.38904974 0.49681601
v 0.13092434 0.38904947 0.42259547
v 0.13092417 0.46275565 0.42259547
v 0.11844391 0.46275565 0.50892425
v 0.15062457 0.46275565 0.47144553
v 0.15062457 0.38904968 0.47144553
v 0.11844397 0.38904968 0.50892425
v 0.04874408 0.38904986 0.54296339
v 0.01557815 0.38904995 0.54619765
v 0.01557815 0.46275589 0.54619765
v 0.04874396 0.46275580 0.54296339
v -0.01609701 0.38905004 0.54395258
v -0.05388218 0.38905013 0.53217947
v -0.05388218 0.46275610 0.53217947
v -0.01609701 0.46275601 0.54395258
v -0.08502376 0.38905048 0.51173866
v -0.08502382 0.46275645 0.51173866
v -0.10778001 0.38905057 0.48315576
v -0.12098941 0.38905048 0.45165572
v -0.12098941 0.46275645 0.45165572
v -0.10778004 0.46275654 0.48315576
v -0.12725186 0.38905057 0.41575086
v -0.12725189 0.46275654 0.41575086
v -0.12769505 0.38905084 0.37862936
v -0.12769505 0.46275681 0.37862936
v -0.12492591 0.38905141 0.35621989
v -0.12492594 0.46275735 0.35621989
v 0.08100992 0.46275571 0.53219354
v 0.08100992 0.38904974 0.53219354
v 0.16806602 0.38904959 0.44395635
v 0.16806602 0.46275556 0.44395635
v 0.17520034 0.46275547 0.42259559
v 0.17193002 0.46388960 0.42259568
v 0.17179805 0.38783124 0.42259550
v 0.17520046 0.38904968 0.42259559
v 0.13452059 0.38780299 0.42259574
v 0.17229289 0.44653133 0.43476397
v 0.17229289 0.40527397 0.43476397
v 0.16905552 0.44653141 0.44451070
v 0.15157479 0.44653150 0.47206488
v 0.11918133 0.44653150 0.50978601
v 0.08148938 0.44653156 0.53322124
v 0.04897785 0.44653165 0.54407316
v 0.01559091 0.44653174 0.54733181
v -0.01626968 0.44653183 0.54507357
v -0.05433190 0.44653192 0.53322065
v -0.08580625 0.44653267 0.51255965
v -0.10880277 0.44653267 0.48364601
v -0.12199301 0.44653249 0.45218396
v -0.12836844 0.44653267 0.41594872
v -0.12881398 0.44653320 0.37844390
v -0.12763861 0.44653350 0.36897111
v -0.12763861 0.40527540 0.36897111
v -0.12881401 0.40527514 0.37844446
v -0.12836841 0.40527487 0.41594890
v -0.12199301 0.40527478 0.45218396
v -0.10880274 0.40527487 0.48364601
v -0.08580607 0.40527478 0.51255977
v -0.05433169 0.40527439 0.53322077
v -0.01626956 0.40527430 0.54507357
v 0.01559097 0.40527421 0.54733181
v 0.04897797 0.40527412 0.54407316
v 0.08148944 0.40527403 0.53322124
v 0.11918133 0.40527397 0.50978601
v 0.15157479 0.40527397 0.47206488
v 0.16905552 0.40527388 0.44451070
v 0.17229289 0.40527397 0.43476397
v 0.17229289 0.44653133 0.43476397
v 0.16471690 0.44173205 0.43730444
v 0.16471690 0.44173205 0.43730444
v 0.16471690 0.41007307 0.43730462
v 0.17229289 0.40527397 0.43476397
v 0.17229289 0.44653133 0.43476397
v 0.16905552 0.44653141 0.44451070
v 0.16328335 0.44173205 0.44177201
v 0.16471690 0.44173205 0.43730444
v 0.15157479 0.44653150 0.47206488
v 0.14644057 0.44173217 0.46826249
v 0.11918133 0.44653150 0.50978601
v 0.11502290 0.44173214 0.50493562
v 0.08148938 0.44653156 0.53322124
v 0.07877266 0.44173223 0.52743888
v 0.04897785 0.44653165 0.54407316
v 0.04764783 0.44173232 0.53782427
v 0.01559091 0.44653174 0.54733181
v 0.01550621 0.44173241 0.54094338
v -0.01626968 0.44653183 0.54507357
v -0.01508617 0.44173250 0.53879511
v -0.05433190 0.44653192 0.53322065
v -0.05160263 0.44173259 0.52744406
v -0.08580625 0.44653267 0.51255965
v -0.08149883 0.44173330 0.50784123
v -0.10880277 0.44653267 0.48364601
v -0.10330468 0.44173330 0.48039177
v -0.12199301 0.44653249 0.45218396
v -0.11586291 0.44173312 0.45038423
v -0.12836844 0.44653267 0.41594872
v -0.12200722 0.44173330 0.41535521
v -0.12881398 0.44653320 0.37844390
v -0.12243497 0.44173387 0.37880012
v -0.12763861 0.44653350 0.36897111
v -0.12188926 0.44173405 0.37452045
v -0.12763861 0.44653350 0.36897111
v -0.12763861 0.40527540 0.36897111
v -0.12188926 0.41007441 0.37452045
v -0.12188926 0.41007441 0.37452045
v -0.12188926 0.44173405 0.37452045
v -0.12763861 0.44653350 0.36897111
v -0.12763861 0.40527540 0.36897111
v -0.12881401 0.40527514 0.37844446
v -0.12243506 0.41007429 0.37880066
v -0.12188926 0.41007441 0.37452045
v -0.12836841 0.40527487 0.41594890
v -0.12200722 0.41007403 0.41535538
v -0.12199301 0.40527478 0.45218396
v -0.11586291 0.41007394 0.45038423
v -0.10880274 0.40527487 0.48364601
v -0.10330465 0.41007403 0.48039177
v -0.08580607 0.40527478 0.51255977
v -0.08149865 0.41007394 0.50784141
v -0.05433169 0.40527439 0.53322077
v -0.05160245 0.41007358 0.52744418
v -0.01626956 0.40527430 0.54507357
v -0.01508605 0.41007349 0.53879511
v 0.01559097 0.40527421 0.54733181
v 0.01550621 0.41007340 0.54094338
v 0.04897797 0.40527412 0.54407316
v 0.04764771 0.41007331 0.53782433
v 0.08148944 0.40527403 0.53322124
v 0.07877266 0.41007322 0.52743888
v 0.11918133 0.40527397 0.50978601
v 0.11502290 0.41007313 0.50493562
v 0.15157479 0.40527397 0.47206488
v 0.14644057 0.41007316 0.46826249
v 0.16905552 0.40527388 0.44451070
v 0.16328341 0.41007307 0.44177201
v 0.17229289 0.40527397 0.43476397
v 0.16471690 0.41007307 0.43730462
v 0.13092434 0.46275562 0.42259556
v 0.13431472 0.46388969 0.42259565
v 0.12993509 0.46388948 0.42259592
v 0.17520058 0.46275547 0.42259559
v 0.17633468 0.45945066 0.42259568
v 0.17633480 0.46388957 0.42259586
v 0.12993509 0.38774672 0.42259601
v 0.13452059 0.38780299 0.42259574
v 0.13092434 0.38904947 0.42259547
v 0.95781034 0.67154688 0.37079534
v 0.95781034 0.73950815 0.37079528
v 0.95781034 0.73950809 0.38260061
v 0.95781034 0.73950809 0.38260061
v 0.95781034 0.67154688 0.38260058
v 0.95781034 0.67154688 0.37079534
v 0.95781034 0.85919130 0.38260061
v 0.95781034 0.79123014 0.38240856
v 0.95781034 0.79123014 0.37079537
v 0.95781034 0.85919130 0.37079546
v 0.95781034 0.73950815 0.37079528
v 0.95781034 0.67154688 0.37079534
v 0.95781034 0.66642487 0.36015916
v 0.95781034 0.66642487 0.36015916
v 0.95781034 0.74463028 0.36015919
v 0.95781034 0.73950815 0.37079528
v 0.95781034 0.61989880 0.38275415
v 0.95781034 0.55186355 0.38260058
v 0.95781034 0.55186355 0.37079534
v 0.95781034 0.55186355 0.37079534
v 0.95781034 0.61982483 0.37079534
v 0.95781034 0.61989880 0.38275415
v 0.95781034 0.63417655 0.40059707
v 0.95781034 0.64568585 0.40322399
v 0.95781034 0.53751165 0.40059716
v 0.95781034 0.62494689 0.39323667
v 0.95781034 0.63417655 0.40059707
v 0.95781034 0.53751165 0.40059716
v 0.95781034 0.62494689 0.39323667
v 0.95781034 0.53751165 0.40059716
v 0.95781034 0.54674160 0.39323658
v 0.95781034 0.61982483 0.37079534
v 0.95781034 0.55186355 0.37079534
v 0.95781034 0.54674149 0.36015925
v 0.95781034 0.54674149 0.36015925
v 0.95781034 0.62494689 0.36015916
v 0.95781034 0.61982483 0.37079534
v 0.95781034 0.55186355 0.38260058
v 0.95781034 0.61989880 0.38275415
v 0.95781034 0.62494689 0.39323667
v 0.95781034 0.62494689 0.39323667
v 0.95781034 0.54674160 0.39323658
v 0.95781034 0.55186355 0.38260058
v 0.95781034 0.78610820 0.36015919
v 0.95781034 0.86431330 0.36015937
v 0.95781034 0.85919130 0.37079546
v 0.95781034 0.85919130 0.37079546
v 0.95781034 0.79123014 0.37079537
v 0.95781034 0.78610820 0.36015919
v 0.95781034 0.62494689 0.36015916
v 0.95781034 0.54674149 0.36015925
v 0.95781034 0.53751171 0.35279855
v 0.95781034 0.53751171 0.35279855
v 0.95781034 0.63417661 0.35279867
v 0.95781034 0.62494689 0.36015916
v 0.95781022 0.76607490 0.41443115
v 0.95781034 0.76536918 0.40322402
v 0.95781034 0.77687836 0.40059718
v 0.95781034 0.88555115 0.41443115
v 0.95781034 0.88538170 0.40314886
v 0.95781034 0.87340361 0.40048578
v 0.95781034 0.88538170 0.40314886
v 0.95781034 0.77687836 0.40059718
v 0.95781034 0.74463028 0.36015919
v 0.95781034 0.66642487 0.36015916
v 0.95781034 0.65719515 0.35279876
v 0.95781034 0.65719515 0.35279876
v 0.95781034 0.75389457 0.35279092
v 0.95781034 0.74463028 0.36015919
v 0.95781034 0.50526357 0.36015925
v 0.95781034 0.50014150 0.37079534
v 0.95781034 0.50014150 0.38260058
v 0.95781034 0.67154688 0.38260058
v 0.95781034 0.73950809 0.38260061
v 0.95781034 0.74463016 0.39323679
v 0.95781034 0.74463016 0.39323679
v 0.95781034 0.66642481 0.39323658
v 0.95781034 0.67154688 0.38260058
v 0.95781034 0.86431330 0.36015937
v 0.95781034 0.78610820 0.36015919
v 0.95781034 0.77687836 0.35279870
v 0.95781034 0.77687836 0.35279870
v 0.95781034 0.87354302 0.35279879
v 0.95781034 0.86431330 0.36015937
v 0.95781034 0.89656162 0.35279879
v 0.95781034 0.88505238 0.35017186
v 0.95781034 0.88496035 0.33735654
v 0.95781034 0.85919130 0.38260061
v 0.95781034 0.86431342 0.39323661
v 0.95781034 0.78750682 0.39033207
v 0.95781034 0.78750682 0.39033207
v 0.95781034 0.89656156 0.40059718
v 0.95781034 0.78587973 0.39341867
v 0.95781034 0.78750682 0.39033207
v 0.95781034 0.86431342 0.39323661
v 0.95781034 0.87340361 0.40048578
v 0.95781034 0.87340361 0.40048578
v 0.95781034 0.78587973 0.39341867
v 0.95781034 0.78750682 0.39033207
v 0.95781034 0.87354302 0.35279879
v 0.95781034 0.77687836 0.35279870
v 0.95781034 0.76536918 0.35017195
v 0.95781034 0.87354302 0.35279879
v 0.95781034 0.76536918 0.35017195
v 0.95781034 0.76468784 0.33735654
v 0.95781034 0.91091335 0.38234502
v 0.95781034 0.91091335 0.37079537
v 0.95781034 0.90579128 0.36015919
v 0.95781034 0.90579116 0.39323670
v 0.95781034 0.51449323 0.35279876
v 0.95781034 0.52600253 0.40322399
v 0.95781022 0.52585816 0.41443112
v 0.95781034 0.75698030 0.40130949
v 0.95781034 0.66472828 0.39458951
v 0.95781034 0.65719503 0.40059716
v 0.95781034 0.75389457 0.35279092
v 0.95781034 0.65719515 0.35279876
v 0.95781034 0.64568591 0.35017183
v 0.95781034 0.75389457 0.35279092
v 0.95781034 0.64568591 0.35017183
v 0.95781022 0.64546007 0.33735651
v 0.95781034 0.63417661 0.35279867
v 0.95781034 0.53751171 0.35279855
v 0.95781034 0.52600253 0.35017192
v 0.95781034 0.63417661 0.35279867
v 0.95781034 0.52600253 0.35017192
v 0.95781022 0.52645576 0.33735651
v 0.95781022 0.64555621 0.41443112
v 0.95781034 0.64568585 0.40322399
v 0.95781034 0.53751165 0.40059716
v 0.95637387 0.46404561 0.41873997
v 0.95395309 0.46404573 0.42116070
v 0.94964439 0.46388933 0.42259672
v 0.95637423 1.01307869 0.41873893
v 0.95395201 1.01307666 0.42116106
v 0.94964439 1.01308906 0.42259675
v 0.95395201 0.93707782 0.42116103
v 0.94964439 0.93711478 0.42259675
v 0.95637423 0.93707871 0.41873899
v 0.95673150 0.93729025 0.33308843
v 0.95450920 0.93736970 0.33046338
v 0.95161992 0.93737721 0.32919452
v 0.91325349 0.93673265 0.32921630
v 0.91325349 0.93673265 0.32921630
v 0.08704478 0.94929981 0.32921609
v 0.08704478 1.01723647 0.32921609
v 0.91325349 1.01400280 0.32921630
v 0.08704478 1.01723647 0.32921609
v 0.08704478 0.94929981 0.32921609
v 0.04867846 0.94994473 0.32919428
v 0.04578787 0.94982845 0.33046368
v 0.04356855 0.94993371 0.33308187
v 0.04248822 0.95034015 0.33735666
v 0.04248816 0.94717705 0.41443107
v 0.04415077 0.94062084 0.41941887
v 0.04626399 0.93855703 0.42113349
v 0.05065387 0.93711466 0.42259660
v 0.95673114 0.46363840 0.33308685
v 0.95452327 0.46328837 0.33046940
v 0.95161992 0.46288559 0.32919440
v 0.91325361 0.46341181 0.32921618
v 0.91325361 0.46341181 0.32921618
v 0.08704484 0.45685926 0.32921606
v 0.08704478 0.94929981 0.32921609
v 0.08704478 0.94929981 0.32921609
v 0.91325349 0.93673265 0.32921630
v 0.91325361 0.46341181 0.32921618
v 0.08704484 0.45685926 0.32921606
v 0.04867846 0.45393434 0.32919425
v 0.04577672 0.45431334 0.33046854
v 0.04357481 0.45418376 0.33305708
v 0.04248828 0.45334241 0.33735654
v 0.04248822 0.45598149 0.41443104
v 0.04395437 0.45750514 0.41882947
v 0.04588252 0.45938113 0.42100620
v 0.05065393 0.46388921 0.42259648
v 0.95673102 0.38801029 0.33308637
v 0.95451826 0.38793415 0.33046716
v 0.95162004 0.38761434 0.32919440
v 0.91325372 0.38823301 0.32921618
v 0.91325361 0.24337611 0.32921615
v 0.90838677 0.23224561 0.32921615
v 0.90412396 0.22795351 0.32921615
v 0.90412396 0.22795351 0.32921615
v 0.89308983 0.22303955 0.32921615
v 0.10720867 0.22303946 0.32921603
v 0.10720867 0.22303946 0.32921603
v 0.09617460 0.22795342 0.32921603
v 0.09191179 0.23224552 0.32921603
v 0.09191179 0.23224552 0.32921603
v 0.08704484 0.24337602 0.32921603
v 0.08704484 0.38679752 0.32921606
v 0.10720867 0.22303946 0.32921603
v 0.09191179 0.23224552 0.32921603
v 0.08704484 0.38679752 0.32921606
v 0.90412396 0.22795351 0.32921615
v 0.10720867 0.22303946 0.32921603
v 0.08704484 0.38679752 0.32921606
v 0.91325361 0.24337611 0.32921615
v 0.90412396 0.22795351 0.32921615
v 0.08704484 0.38679752 0.32921606
v 0.91325372 0.38823301 0.32921618
v 0.91325361 0.24337611 0.32921615
v 0.08704484 0.38679752 0.32921606
v 0.04867846 0.38745120 0.32919425
v 0.08704484 0.38679752 0.32921606
v 0.04572338 0.38654160 0.33049196
v 0.04262590 0.38660902 0.33681217
v 0.04356903 0.38621643 0.33308002
v 0.04248834 0.38659400 0.33735654
v 0.04248822 0.38642809 0.41443098
v 0.04392415 0.38645691 0.41873869
v 0.04631180 0.38684082 0.42114931
v 0.05065399 0.38774657 0.42259657
v 0.91325372 0.38823301 0.32921618
v 0.08704484 0.38679752 0.32921606
v 0.08704484 0.45685926 0.32921606
v 0.08704484 0.45685926 0.32921606
v 0.91325361 0.46341181 0.32921618
v 0.91325372 0.38823301 0.32921618
v 0.05797452 0.18626766 0.33062813
v 0.05143148 0.19281536 0.33062816
v 0.05143136 1.22062612 0.33062831
v 0.05797440 1.22717392 0.33062831
v 0.94232386 1.22717392 0.33062848
v 0.94886678 1.22062612 0.33062848
v 0.94886690 0.19281547 0.33062837
v 0.94232398 0.18626776 0.33062837
v 0.07270777 0.18024743 0.33062816
v 0.05797452 0.18626766 0.33062813
v 0.04541302 1.20588362 0.33062834
v 0.05143136 1.22062612 0.33062831
v 0.92759067 1.23319399 0.33062848
v 0.94232386 1.22717392 0.33062848
v 0.95488530 0.20755796 0.33062840
v 0.94886690 0.19281547 0.33062837
v 0.05143148 0.19281536 0.33062816
v 0.04541308 0.20755786 0.33062816
v 0.05797440 1.22717392 0.33062831
v 0.07270765 1.23319399 0.33062831
v 0.94886678 1.22062612 0.33062848
v 0.95488518 1.20588362 0.33062848
v 0.94232398 0.18626776 0.33062837
v 0.92759079 0.18024752 0.33062840
v 0.04541308 0.20755786 0.33062816
v 0.04572338 0.38654160 0.33049196
v 0.05618185 0.18464136 0.41874221
v 0.04988593 0.19093724 0.41874221
v 0.04988581 1.22250426 0.41874239
v 0.05618173 1.22880030 0.41874239
v 0.94411641 1.22880030 0.41874254
v 0.95041233 1.22250426 0.41874254
v 0.95041245 0.19093736 0.41874245
v 0.94411653 0.18464145 0.41874245
v 0.07057190 0.17868081 0.41874221
v 0.05618185 0.18464136 0.41874221
v 0.04392523 1.20811415 0.41874239
v 0.04988581 1.22250426 0.41874239
v 0.92972642 1.23476064 0.41874254
v 0.94411641 1.22880030 0.41874254
v 0.95637304 0.20532742 0.41874245
v 0.95041245 0.19093736 0.41874245
v 0.04988593 0.19093724 0.41874221
v 0.04392534 0.20532730 0.41874221
v 0.05618173 1.22880030 0.41874239
v 0.07057172 1.23476064 0.41874239
v 0.95041233 1.22250426 0.41874254
v 0.95637292 1.20811415 0.41874254
v 0.94411653 0.18464145 0.41874245
v 0.92972654 0.17868091 0.41874245
v 0.04392534 0.20532730 0.41874221
v 0.04392415 0.38645691 0.41873869
v 0.95488518 1.20588362 0.33062848
v 0.95450956 1.01319349 0.33046350
v 0.95637292 1.20811415 0.41874254
v 0.95637423 1.01307869 0.41873893
v 0.07270765 1.23319399 0.33062831
v 0.92759067 1.23319399 0.33062848
v 0.92759079 0.18024752 0.33062840
v 0.07270777 0.18024743 0.33062816
v 0.07057172 1.23476064 0.41874239
v 0.92972642 1.23476064 0.41874254
v 0.92972654 0.17868091 0.41874245
v 0.07057190 0.17868081 0.41874221
v 0.95637387 0.38790634 0.41874009
v 0.95637304 0.20532742 0.41874245
v 0.95637387 0.46404561 0.41873997
v 0.95637387 0.38790634 0.41874009
v 0.95637423 0.93707871 0.41873899
v 0.95637387 0.46404561 0.41873997
v 0.95637423 1.01307869 0.41873893
v 0.95637423 0.93707871 0.41873899
v 0.95450956 1.01319349 0.33046350
v 0.95450920 0.93736970 0.33046338
v 0.04577023 1.01825142 0.33047143
v 0.04541302 1.20588362 0.33062834
v 0.04392564 1.01337075 0.41874349
v 0.04392523 1.20811415 0.41874239
v 0.95450920 0.93736970 0.33046338
v 0.95452327 0.46328837 0.33046940
v 0.04578787 0.94982845 0.33046368
v 0.04577023 1.01825142 0.33047143
v 0.04415077 0.94062084 0.41941887
v 0.04392564 1.01337075 0.41874349
v 0.95451826 0.38793415 0.33046716
v 0.95488530 0.20755796 0.33062840
v 0.04572338 0.38654160 0.33049196
v 0.04577672 0.45431334 0.33046854
v 0.04392415 0.38645691 0.41873869
v 0.04395437 0.45750514 0.41882947
v 0.95452327 0.46328837 0.33046940
v 0.95451826 0.38793415 0.33046716
v 0.04577672 0.45431334 0.33046854
v 0.04578787 0.94982845 0.33046368
v 0.04395437 0.45750514 0.41882947
v 0.04415077 0.94062084 0.41941887
vt 0.62981308 0.50001347
vt 0.62983519 0.49981403
vt 0.60396630 0.49981403
vt 0.60859793 0.50519764
vt 0.62981308 0.50001347
vt 0.60859793 0.50519764
vt 0.63004339 0.50519764
vt 0.60192513 0.50063336
vt 0.60703611 0.50588059
vt 0.60103011 0.50152683
vt 0.60643405 0.50647879
vt 0.60021025 0.50356519
vt 0.60574442 0.50802708
vt 0.60574442 0.61830407
vt 0.60021025 0.62276590
vt 0.60103011 0.62480432
vt 0.60643405 0.61985242
vt 0.60192513 0.62569785
vt 0.60703611 0.62045062
vt 0.60396630 0.62651718
vt 0.60859793 0.62113351
vt 0.63061941 0.62651718
vt 0.63049716 0.62113351
vt 0.74530673 0.62569785
vt 0.74019551 0.62045062
vt 0.73863375 0.62113351
vt 0.74326539 0.62651718
vt 0.74620152 0.62480432
vt 0.74079788 0.61985242
vt 0.74702144 0.62276590
vt 0.74148726 0.61830407
vt 0.74148726 0.50802708
vt 0.74702144 0.50356519
vt 0.74620152 0.50152683
vt 0.74079788 0.50647879
vt 0.74530673 0.50063336
vt 0.74019551 0.50588059
vt 0.74326539 0.49981403
vt 0.73863375 0.50519764
vt 0.60859793 0.50519764
vt 0.60703611 0.50588059
vt 0.60643405 0.50647879
vt 0.60643405 0.50647879
vt 0.60574442 0.50802708
vt 0.60574442 0.61830407
vt 0.60574442 0.61830407
vt 0.60643405 0.61985242
vt 0.60703611 0.62045062
vt 0.60703611 0.62045062
vt 0.60859793 0.62113351
vt 0.63049716 0.62113351
vt 0.60574442 0.61830407
vt 0.60703611 0.62045062
vt 0.63049716 0.62113351
vt 0.60643405 0.50647879
vt 0.60574442 0.61830407
vt 0.63049716 0.62113351
vt 0.60859793 0.50519764
vt 0.60643405 0.50647879
vt 0.63049716 0.62113351
vt 0.63004339 0.50519764
vt 0.60859793 0.50519764
vt 0.63049716 0.62113351
vt 0.72408104 0.47306496
vt 0.72408104 0.46224964
vt 0.60344195 0.46224964
vt 0.60344195 0.47306496
vt 0.60344195 0.47901821
vt 0.60344195 0.48983353
vt 0.72408104 0.48983353
vt 0.72408104 0.47901821
vt 0.72711468 0.47901821
vt 0.72617447 0.47901821
vt 0.72617447 0.48983353
vt 0.72711468 0.48983353
vt 0.59743214 0.43314207
vt 0.59837234 0.43314207
vt 0.59837234 0.42232668
vt 0.59743214 0.42232668
vt 0.59749794 0.44038844
vt 0.59655797 0.44038844
vt 0.59655797 0.45120370
vt 0.59749794 0.45120370
vt 0.60134858 0.47901821
vt 0.60040832 0.47901821
vt 0.60040832 0.48983353
vt 0.60134858 0.48983353
vt 0.60046571 0.43314207
vt 0.60046571 0.42232668
vt 0.60134858 0.47306496
vt 0.60134858 0.46224964
vt 0.74247873 0.44038844
vt 0.74038529 0.44038844
vt 0.74038529 0.45120370
vt 0.74247873 0.45120370
vt 0.74125969 0.43314207
vt 0.74335313 0.43314207
vt 0.74335313 0.42232668
vt 0.74125969 0.42232668
vt 0.72617447 0.47306496
vt 0.72617447 0.46224964
vt 0.59959137 0.44038844
vt 0.59959137 0.45120370
vt 0.62708503 0.43314207
vt 0.62778658 0.42232668
vt 0.59973973 0.50318587
vt 0.59973979 0.62314534
vt 0.74749190 0.62314534
vt 0.74749190 0.50318587
vt 0.74572855 0.50020033
vt 0.74664724 0.50111842
vt 0.60058445 0.50111842
vt 0.60150337 0.50020027
vt 0.60150337 0.62613082
vt 0.60058445 0.62521273
vt 0.74664724 0.62521273
vt 0.74572855 0.62613082
vt 0.60357207 0.49935585
vt 0.74365962 0.62697536
vt 0.74365962 0.49935585
vt 0.60357207 0.62697536
vt 0.62990111 0.49940592
vt 0.63061088 0.62692261
vt 0.60356832 0.47366935
vt 0.72395450 0.47366935
vt 0.72395450 0.47841388
vt 0.60356832 0.47841388
vt 0.74321258 0.43374640
vt 0.74414450 0.43374640
vt 0.74429309 0.43314207
vt 0.59758067 0.43374640
vt 0.59851289 0.43374640
vt 0.59763867 0.43978411
vt 0.59670639 0.43978411
vt 0.74341893 0.44038844
vt 0.74327034 0.43978411
vt 0.74233818 0.43978411
vt 0.72603840 0.47841388
vt 0.60059702 0.43374640
vt 0.60148472 0.47366935
vt 0.74025381 0.43978411
vt 0.74112821 0.43374640
vt 0.72603840 0.47366935
vt 0.59972286 0.43978411
vt 0.60148472 0.47841388
vt 0.62715632 0.43374252
vt 0.62699711 0.44038844
vt 0.62698388 0.43978971
vt 0.60348201 0.46164465
vt 0.72404099 0.46164465
vt 0.72404099 0.49043852
vt 0.60348201 0.49043852
vt 0.72694373 0.49043852
vt 0.72606015 0.49043852
vt 0.59760308 0.42172170
vt 0.59848648 0.42172170
vt 0.59761226 0.45180869
vt 0.59672892 0.45180869
vt 0.60146290 0.49043852
vt 0.60057932 0.49043852
vt 0.60050577 0.42172170
vt 0.60146290 0.46164465
vt 0.74236459 0.45180869
vt 0.74034524 0.45180869
vt 0.74121964 0.42172170
vt 0.74323881 0.42172170
vt 0.72606015 0.46164465
vt 0.59963155 0.45180869
vt 0.62783277 0.42172158
vt 0.71474850 0.45120370
vt 0.71472538 0.45180839
vt 0.60078269 0.29221749
vt 0.60017371 0.29209638
vt 0.60017371 0.41252196
vt 0.60078245 0.39774966
vt 0.60078245 0.40425551
vt 0.60078269 0.41240084
vt 0.74708629 0.41240084
vt 0.74769491 0.41252196
vt 0.74769491 0.29209638
vt 0.74708629 0.40425551
vt 0.74708629 0.39774966
vt 0.74708629 0.29221749
vt 0.74577558 0.41469091
vt 0.74612045 0.41520709
vt 0.74690968 0.41441798
vt 0.74639356 0.41407311
vt 0.60147524 0.41407311
vt 0.60095912 0.41441798
vt 0.60174817 0.41520709
vt 0.60209310 0.41469091
vt 0.60209310 0.28992748
vt 0.60174817 0.28941125
vt 0.60095906 0.29020041
vt 0.60147524 0.29054534
vt 0.74639356 0.29054534
vt 0.74690974 0.29020041
vt 0.74612045 0.28941125
vt 0.74577558 0.28992748
vt 0.60364419 0.41599244
vt 0.60376525 0.41538346
vt 0.74422461 0.28862590
vt 0.74410355 0.28923476
vt 0.74410355 0.41538346
vt 0.74422461 0.41599244
vt 0.60376525 0.28923476
vt 0.60364419 0.28862590
vt 0.63092983 0.41598809
vt 0.63094401 0.41538346
vt 0.71867114 0.28863013
vt 0.71869373 0.28923476
vt 0.62699711 0.45120370
vt 0.63765860 0.45120370
vt 0.63765860 0.44038844
vt 0.71474850 0.44038844
vt 0.70406318 0.44038844
vt 0.70406318 0.45120370
vt 0.71869373 0.40361166
vt 0.71869373 0.40425861
vt 0.74708629 0.40425551
vt 0.71869373 0.40361166
vt 0.74708629 0.40425551
vt 0.74708629 0.39774966
vt 0.71869373 0.40361166
vt 0.74708629 0.39774966
vt 0.71869373 0.39774764
vt 0.64160496 0.41538346
vt 0.70800936 0.41538346
vt 0.70800936 0.40425861
vt 0.64160496 0.40489519
vt 0.64160496 0.41538346
vt 0.70800936 0.40425861
vt 0.64176393 0.40441775
vt 0.64160496 0.40489519
vt 0.70800936 0.40425861
vt 0.64224136 0.40425861
vt 0.64176393 0.40441775
vt 0.70800936 0.40425861
vt 0.74708629 0.29221749
vt 0.74639356 0.29054534
vt 0.74577558 0.28992748
vt 0.74577558 0.28992748
vt 0.74410355 0.28923476
vt 0.71869373 0.28923476
vt 0.74708629 0.29221749
vt 0.74577558 0.28992748
vt 0.71869373 0.28923476
vt 0.74708629 0.29221749
vt 0.71869373 0.28923476
vt 0.71869373 0.39774764
vt 0.74708629 0.39774966
vt 0.74708629 0.29221749
vt 0.71869373 0.39774764
vt 0.71869373 0.41538346
vt 0.74410355 0.41538346
vt 0.74577558 0.41469091
vt 0.74577558 0.41469091
vt 0.74639356 0.41407311
vt 0.74708629 0.41240084
vt 0.71869373 0.41538346
vt 0.74577558 0.41469091
vt 0.74708629 0.41240084
vt 0.71869373 0.41538346
vt 0.74708629 0.41240084
vt 0.74708629 0.40425551
vt 0.71869373 0.40425861
vt 0.71869373 0.41538346
vt 0.74708629 0.40425551
vt 0.70800936 0.28923476
vt 0.70800936 0.39774764
vt 0.70860469 0.39774764
vt 0.71869373 0.28923476
vt 0.70800936 0.28923476
vt 0.70860469 0.39774764
vt 0.71869373 0.39774764
vt 0.71869373 0.28923476
vt 0.70860469 0.39774764
vt 0.70800936 0.41538346
vt 0.71869373 0.41538346
vt 0.71869373 0.40425861
vt 0.70800936 0.41538346
vt 0.71869373 0.40425861
vt 0.70861411 0.40425861
vt 0.70800936 0.40425861
vt 0.70800936 0.41538346
vt 0.70861411 0.40425861
vt 0.69844198 0.11815333
vt 0.69843709 0.13696086
vt 0.70655847 0.13696313
vt 0.70656323 0.11815548
vt 0.72826231 0.13696873
vt 0.72826731 0.11816108
vt 0.72114539 0.11815917
vt 0.72114027 0.13696694
vt 0.74400771 0.13697278
vt 0.74401259 0.11816502
vt 0.73532498 0.11816311
vt 0.73531985 0.13697064
vt 0.74928308 0.13697398
vt 0.74938488 0.11816645
vt 0.76175928 0.13697743
vt 0.76176417 0.11816990
vt 0.75478387 0.11816788
vt 0.75487578 0.13697553
vt 0.76962316 0.13697958
vt 0.76962829 0.11817181
vt 0.77818906 0.13698184
vt 0.77819395 0.11817396
vt 0.78521430 0.13698328
vt 0.78521943 0.11817551
vt 0.71451485 0.13696527
vt 0.71451974 0.11815751
vt 0.69087541 0.11815143
vt 0.69087052 0.13695896
vt 0.70500267 0.14270115
vt 0.69620299 0.14269900
vt 0.69620299 0.15027463
vt 0.70500302 0.15027666
vt 0.72131670 0.15023696
vt 0.72900784 0.15023696
vt 0.72900784 0.14266133
vt 0.72131670 0.14266133
vt 0.73632812 0.15023696
vt 0.74506605 0.15023708
vt 0.74506605 0.14266145
vt 0.73632812 0.14266133
vt 0.75221992 0.15024471
vt 0.75221992 0.14266896
vt 0.75878835 0.15025210
vt 0.76596868 0.15025198
vt 0.76596868 0.14267647
vt 0.75878835 0.14267647
vt 0.77435088 0.15025210
vt 0.77435088 0.14267647
vt 0.78309774 0.15025222
vt 0.78309774 0.14267659
vt 0.78412211 0.15025222
vt 0.78412211 0.14267659
vt 0.71386909 0.14266133
vt 0.71386909 0.15023696
vt 0.68986428 0.15027463
vt 0.68986428 0.14269900
vt 0.67281246 0.20791531
vt 0.67775178 0.19743180
vt 0.67040330 0.19508898
vt 0.66642094 0.20359778
vt 0.60934854 0.15524578
vt 0.61483270 0.16545486
vt 0.62098819 0.16080725
vt 0.61656392 0.15251970
vt 0.62905943 0.17673862
vt 0.63649321 0.17914701
vt 0.63823366 0.17163277
vt 0.63223326 0.16970897
vt 0.65190232 0.22272754
vt 0.65919900 0.21993172
vt 0.65565979 0.21307862
vt 0.64976877 0.21531534
vt 0.64387918 0.18022966
vt 0.65310824 0.17943203
vt 0.65224600 0.17237318
vt 0.64436853 0.17253220
vt 0.63532501 0.22388637
vt 0.64458340 0.22419739
vt 0.64368987 0.21653616
vt 0.63581479 0.21679175
vt 0.66116893 0.17635751
vt 0.65786332 0.16998494
vt 0.62711406 0.22124004
vt 0.63007963 0.21470249
vt 0.66773576 0.17104101
vt 0.67246020 0.16433394
vt 0.66758502 0.16113055
vt 0.66302973 0.16625977
vt 0.61520606 0.20982707
vt 0.62027645 0.21627629
vt 0.62472457 0.21125424
vt 0.61990571 0.20637167
vt 0.67563772 0.15647805
vt 0.67076159 0.15465200
vt 0.61161965 0.20214927
vt 0.61639273 0.20006931
vt 0.67758727 0.14809370
vt 0.67296052 0.14729428
vt 0.60923165 0.19387913
vt 0.61381006 0.19283748
vt 0.67811334 0.14256310
vt 0.67423987 0.14166069
vt 0.70651662 0.17927909
vt 0.69050789 0.17927909
vt 0.68969381 0.17955029
vt 0.68942237 0.18036425
vt 0.68942237 0.18434119
vt 0.68969381 0.18515515
vt 0.69050789 0.18542659
vt 0.70651662 0.18542659
vt 0.70733070 0.18515515
vt 0.70760202 0.18434119
vt 0.70733070 0.17955029
vt 0.70760202 0.18036425
vt 0.60841560 0.18838394
vt 0.61223614 0.18727899
vt 0.66580325 0.21549928
vt 0.66080189 0.20962727
vt 0.62223101 0.17265975
vt 0.62691665 0.16653299
vt 0.60670167 0.14797699
vt 0.61489320 0.14549494
vt 0.68001270 0.19003391
vt 0.67169523 0.18743730
vt 0.68879521 0.14269900
vt 0.68879521 0.15027463
vt 0.63094401 0.39790678
vt 0.63094401 0.39774776
vt 0.60078245 0.39774966
vt 0.63094401 0.39838421
vt 0.63094401 0.39790678
vt 0.60078245 0.39774966
vt 0.63094401 0.40362203
vt 0.63094401 0.39838421
vt 0.60078245 0.39774966
vt 0.63094401 0.40362203
vt 0.60078245 0.39774966
vt 0.60078245 0.40425551
vt 0.63094401 0.40410960
vt 0.63094401 0.40362203
vt 0.60078245 0.40425551
vt 0.63094401 0.40426826
vt 0.63094401 0.40410960
vt 0.60078245 0.40425551
vt 0.61542141 0.14518762
vt 0.61487186 0.14494765
vt 0.63110316 0.39790678
vt 0.63110316 0.39774776
vt 0.63094401 0.39774776
vt 0.63094401 0.39774776
vt 0.63094401 0.39790678
vt 0.63110316 0.39790678
vt 0.64144576 0.39790678
vt 0.64160496 0.39790678
vt 0.64160472 0.39774776
vt 0.64144576 0.39774776
vt 0.64176393 0.40441775
vt 0.64176393 0.40409946
vt 0.64160496 0.40396059
vt 0.64144576 0.40411985
vt 0.64144576 0.40441775
vt 0.63094401 0.40426826
vt 0.60078245 0.40425551
vt 0.60078269 0.41240084
vt 0.60078269 0.41240084
vt 0.60147524 0.41407311
vt 0.60209310 0.41469091
vt 0.60209310 0.41469091
vt 0.60376525 0.41538346
vt 0.63094401 0.41538346
vt 0.60078269 0.41240084
vt 0.60209310 0.41469091
vt 0.63094401 0.41538346
vt 0.63094401 0.40426826
vt 0.60078269 0.41240084
vt 0.63094401 0.41538346
vt 0.69861650 0.11719680
vt 0.70658123 0.11719906
vt 0.70657599 0.13791955
vt 0.69861114 0.13791740
vt 0.72825861 0.13792515
vt 0.72107410 0.13792348
vt 0.72107995 0.11720264
vt 0.72826397 0.11720467
vt 0.74413359 0.13792932
vt 0.73536825 0.13792694
vt 0.73537350 0.11720634
vt 0.74413919 0.11720872
vt 0.74938297 0.13788116
vt 0.74948573 0.11736548
vt 0.76161051 0.13793397
vt 0.75484538 0.13788116
vt 0.75475132 0.11736524
vt 0.76161587 0.11721313
vt 0.76956701 0.13793588
vt 0.76957262 0.11721528
vt 0.77824080 0.13793802
vt 0.77824640 0.11721778
vt 0.78520656 0.13794005
vt 0.78521216 0.11721921
vt 0.71438539 0.11720097
vt 0.71437979 0.13792157
vt 0.69102609 0.13791573
vt 0.69087565 0.11719489
vt 0.70447838 0.17195368
vt 0.70449328 0.17113948
vt 0.69545484 0.17113173
vt 0.69530678 0.17194593
vt 0.69530678 0.15430915
vt 0.69545484 0.15512335
vt 0.70448065 0.15512502
vt 0.70446575 0.15431094
vt 0.72133470 0.15431273
vt 0.72127879 0.15512693
vt 0.72926784 0.15512693
vt 0.72927082 0.15431273
vt 0.72929657 0.17196131
vt 0.72929335 0.17114711
vt 0.72130430 0.17114711
vt 0.72136021 0.17196119
vt 0.73685026 0.15431273
vt 0.73689163 0.15512693
vt 0.74599946 0.15512693
vt 0.74589181 0.15431285
vt 0.74591732 0.17196131
vt 0.74602509 0.17114711
vt 0.73691714 0.17114711
vt 0.73687577 0.17196131
vt 0.75353575 0.15513682
vt 0.75354028 0.15432274
vt 0.75355291 0.17196524
vt 0.75354838 0.17115128
vt 0.76057649 0.15433240
vt 0.76045930 0.15514660
vt 0.76798773 0.15514660
vt 0.76811385 0.15433240
vt 0.76811385 0.17196929
vt 0.76798773 0.17115510
vt 0.76045930 0.17115521
vt 0.76057649 0.17196929
vt 0.77665818 0.15514660
vt 0.77670574 0.15433240
vt 0.77670574 0.17196929
vt 0.77665818 0.17115521
vt 0.78563261 0.15514660
vt 0.78558838 0.15433252
vt 0.78558838 0.17196941
vt 0.78563261 0.17115533
vt 0.79094410 0.15514684
vt 0.79095042 0.15433264
vt 0.79095042 0.17196941
vt 0.79094410 0.17115557
vt 0.71363962 0.17196119
vt 0.71352482 0.17114711
vt 0.71349907 0.15512693
vt 0.71361387 0.15431273
vt 0.68872881 0.15430915
vt 0.68886149 0.15512335
vt 0.68886149 0.17113173
vt 0.68872881 0.17194593
vt 0.68361759 0.17113173
vt 0.68361759 0.17194593
vt 0.68361759 0.15430915
vt 0.68361759 0.15512335
vt 0.63094401 0.39838421
vt 0.63110316 0.39790678
vt 0.63094401 0.39790678
vt 0.63110316 0.39790678
vt 0.63158059 0.39774764
vt 0.63110316 0.39774776
vt 0.64096832 0.39774764
vt 0.64160472 0.39838421
vt 0.64160496 0.40489519
vt 0.64224136 0.40425861
vt 0.64160496 0.40362203
vt 0.61542141 0.14518762
vt 0.61489320 0.14549494
vt 0.61570752 0.14532101
vt 0.64096832 0.40425861
vt 0.63094401 0.40426826
vt 0.63094401 0.41538346
vt 0.64160496 0.41538346
vt 0.63110316 0.40427780
vt 0.63094401 0.40426826
vt 0.64160496 0.41538346
vt 0.64160496 0.41538346
vt 0.64160496 0.40489519
vt 0.64144576 0.40441775
vt 0.63110316 0.40427780
vt 0.64160496 0.41538346
vt 0.64144576 0.40441775
vt 0.63158059 0.40425861
vt 0.63110316 0.40427780
vt 0.64144576 0.40441775
vt 0.63158059 0.40425861
vt 0.64144576 0.40441775
vt 0.64096832 0.40425861
vt 0.66962767 0.19484162
vt 0.66574615 0.20314205
vt 0.62163818 0.16031671
vt 0.61732543 0.15223181
vt 0.63841748 0.17083955
vt 0.63256824 0.16896689
vt 0.65528619 0.21235526
vt 0.64954340 0.21453309
vt 0.65209138 0.17157364
vt 0.64442003 0.17171955
vt 0.64359558 0.21572757
vt 0.63592732 0.21598554
vt 0.65744138 0.16928875
vt 0.63046467 0.21398497
vt 0.66696274 0.16060543
vt 0.66238821 0.16575849
vt 0.62533879 0.21071982
vt 0.62049961 0.20581472
vt 0.67000926 0.15434086
vt 0.61712760 0.19971895
vt 0.67214739 0.14725161
vt 0.61461973 0.19275224
vt 0.67344880 0.14146721
vt 0.61301565 0.18704426
vt 0.66027391 0.20900750
vt 0.62741107 0.16588616
vt 0.61570752 0.14532101
vt 0.67087680 0.18766272
vt 0.67348695 0.20837104
vt 0.67852747 0.19767904
vt 0.60858703 0.15553355
vt 0.61418295 0.16594553
vt 0.62872446 0.17748082
vt 0.63630950 0.17993999
vt 0.65212739 0.22350991
vt 0.65957266 0.22065508
vt 0.64382744 0.18104219
vt 0.65326303 0.18023145
vt 0.63521266 0.22469270
vt 0.64467776 0.22500610
vt 0.66159093 0.17705369
vt 0.62672925 0.22195745
vt 0.66837746 0.17154229
vt 0.67308247 0.16485882
vt 0.61461222 0.21038401
vt 0.61966217 0.21681070
vt 0.67639005 0.15678906
vt 0.61088455 0.20249951
vt 0.67840040 0.14813626
vt 0.60842192 0.19396448
vt 0.67890406 0.14275658
vt 0.60763609 0.18861878
vt 0.66633123 0.21611905
vt 0.62173665 0.17330647
vt 0.60592258 0.14821327
vt 0.68080318 0.19022882
vt 0.68109071 0.18484747
vt 0.68030584 0.18506384
vt 0.60614747 0.14302933
vt 0.60535234 0.14285457
vt 0.70800936 0.39832866
vt 0.70800936 0.39774764
vt 0.64160472 0.39774776
vt 0.70800936 0.40368450
vt 0.70800936 0.39832866
vt 0.64160472 0.39774776
vt 0.64160472 0.39838421
vt 0.64160496 0.40362203
vt 0.64176393 0.40409946
vt 0.64176393 0.40409946
vt 0.64160472 0.39774776
vt 0.64160496 0.39790678
vt 0.64176393 0.40409946
vt 0.70800936 0.40368450
vt 0.64160472 0.39774776
vt 0.64176393 0.40409946
vt 0.70800936 0.40368450
vt 0.64176393 0.40409946
vt 0.64224136 0.40425861
vt 0.70800936 0.40425861
vt 0.70800936 0.40368450
vt 0.64224136 0.40425861
vt 0.64160472 0.39774776
vt 0.70800936 0.39774764
vt 0.70800936 0.28923476
vt 0.70800936 0.28923476
vt 0.64160496 0.28923476
vt 0.64160472 0.39774776
vt 0.63110316 0.39774776
vt 0.63158059 0.39774764
vt 0.64096832 0.39774764
vt 0.64144576 0.39774776
vt 0.64144576 0.39774776
vt 0.63094401 0.28923476
vt 0.63110316 0.39774776
vt 0.63094401 0.39774776
vt 0.63094401 0.28923476
vt 0.60376525 0.28923476
vt 0.60209310 0.28992748
vt 0.60209310 0.28992748
vt 0.60147524 0.29054534
vt 0.60078269 0.29221749
vt 0.63094401 0.28923476
vt 0.60209310 0.28992748
vt 0.60078269 0.29221749
vt 0.63094401 0.28923476
vt 0.60078269 0.29221749
vt 0.60078245 0.39774966
vt 0.63094401 0.39774776
vt 0.63094401 0.28923476
vt 0.60078245 0.39774966
vt 0.63158059 0.40425861
vt 0.63110316 0.40411985
vt 0.63110316 0.40427780
vt 0.63094401 0.40426826
vt 0.63110316 0.40427780
vt 0.63110316 0.40411985
vt 0.63110316 0.40411985
vt 0.63094401 0.40410960
vt 0.63094401 0.40426826
vt 0.63094401 0.40410960
vt 0.63110316 0.40411985
vt 0.63094401 0.40362203
vt 0.70800936 0.39774764
vt 0.70800936 0.39838421
vt 0.70816839 0.39790678
vt 0.70864570 0.40425861
vt 0.70816839 0.40411985
vt 0.70800936 0.40425861
vt 0.71803343 0.40425861
vt 0.71869373 0.40425861
vt 0.71851087 0.40411985
vt 0.71851087 0.39790678
vt 0.71869373 0.39838421
vt 0.71869373 0.39774764
vt 0.71869373 0.39774764
vt 0.71803343 0.39774776
vt 0.71851087 0.39790678
vt 0.68652916 0.16806364
vt 0.68652916 0.15819132
vt 0.68886149 0.16806376
vt 0.69545484 0.16806376
vt 0.70449328 0.16807139
vt 0.71352482 0.16807890
vt 0.72130430 0.16807890
vt 0.72929335 0.16807890
vt 0.73691714 0.16807890
vt 0.74602509 0.16807902
vt 0.75354862 0.16808319
vt 0.76045930 0.16808724
vt 0.76798773 0.16808712
vt 0.77665818 0.16808724
vt 0.78563261 0.16808724
vt 0.78789937 0.16808736
vt 0.78789937 0.15821481
vt 0.78563261 0.15821481
vt 0.77665818 0.15821469
vt 0.76798773 0.15821469
vt 0.76045930 0.15821469
vt 0.75353575 0.15820491
vt 0.74599946 0.15819514
vt 0.73689163 0.15819514
vt 0.72926784 0.15819502
vt 0.72127879 0.15819502
vt 0.71349907 0.15819502
vt 0.70448065 0.15819311
vt 0.69545484 0.15819132
vt 0.68886149 0.15819132
vt 0.71051502 0.21030903
vt 0.72038722 0.21030903
vt 0.71923888 0.20839691
vt 0.71923888 0.20839691
vt 0.71166337 0.20839691
vt 0.71051502 0.21030903
vt 0.68110490 0.13711596
vt 0.68088174 0.13466871
vt 0.67938745 0.13499224
vt 0.67947817 0.13611138
vt 0.67831016 0.12729597
vt 0.67690659 0.12790215
vt 0.67281806 0.11674178
vt 0.67158467 0.11764526
vt 0.66531277 0.10922742
vt 0.66436470 0.11042678
vt 0.65832907 0.10492742
vt 0.65767860 0.10631096
vt 0.65072727 0.10234892
vt 0.65035945 0.10383284
vt 0.64318085 0.10113907
vt 0.64311445 0.10266626
vt 0.63366652 0.10182667
vt 0.63398755 0.10332143
vt 0.62520707 0.10492563
vt 0.62595356 0.10625970
vt 0.61827350 0.11040938
vt 0.61937702 0.11146724
vt 0.61348581 0.11702132
vt 0.61481595 0.11777461
vt 0.61002576 0.12511659
vt 0.61147553 0.12560153
vt 0.60787821 0.13383102
vt 0.60938406 0.13409555
vt 0.60763609 0.13610220
vt 0.60927784 0.13512254
vt 0.73361194 0.20816088
vt 0.72373950 0.20816088
vt 0.72488785 0.21007299
vt 0.72488785 0.21007299
vt 0.73246336 0.21007299
vt 0.73361194 0.20816088
vt 0.75821376 0.22500610
vt 0.75805652 0.22272730
vt 0.75654185 0.22293544
vt 0.75660968 0.22396564
vt 0.75623608 0.21393883
vt 0.75476909 0.21436930
vt 0.75308084 0.20571995
vt 0.75172353 0.20642316
vt 0.74854362 0.19893384
vt 0.74740112 0.19994974
vt 0.74181950 0.19319475
vt 0.74102366 0.19450009
vt 0.73348188 0.18978202
vt 0.73310518 0.19126356
vt 0.72399986 0.18873942
vt 0.72400916 0.19026816
vt 0.71641338 0.18966663
vt 0.71672547 0.19116318
vt 0.70872056 0.19195926
vt 0.70931911 0.19336629
vt 0.70158112 0.19599557
vt 0.70248365 0.19722939
vt 0.69380069 0.20322418
vt 0.69499898 0.20417309
vt 0.68791795 0.21356583
vt 0.68929756 0.21422398
vt 0.68507266 0.22083724
vt 0.68655372 0.22121644
vt 0.68475807 0.22327459
vt 0.68642128 0.22233129
vt 0.74631524 0.10520947
vt 0.75143039 0.10637701
vt 0.75654531 0.10520947
vt 0.74631524 0.10520947
vt 0.75654531 0.10520947
vt 0.76064718 0.10193837
vt 0.74221361 0.10193837
vt 0.74631524 0.10520947
vt 0.76064718 0.10193837
vt 0.74221361 0.10193837
vt 0.76064718 0.10193837
vt 0.76292348 0.09721160
vt 0.73993707 0.09721160
vt 0.74221361 0.10193837
vt 0.76292348 0.09721160
vt 0.76292348 0.09196508
vt 0.76292348 0.09196508
vt 0.76064718 0.08723831
vt 0.75654531 0.08396709
vt 0.75654531 0.08396709
vt 0.75143039 0.08279979
vt 0.74631524 0.08396709
vt 0.74221361 0.08723831
vt 0.73993707 0.09196508
vt 0.64371705 0.06352222
vt 0.64883149 0.06468952
vt 0.65394586 0.06352222
vt 0.63985163 0.06093216
vt 0.63985163 0.06093216
vt 0.65394586 0.06352222
vt 0.65804732 0.06025124
vt 0.63928866 0.06051207
vt 0.65804732 0.06025124
vt 0.63928866 0.06051207
vt 0.65804732 0.06025124
vt 0.66028702 0.05560064
vt 0.63733912 0.05552495
vt 0.63928866 0.06051207
vt 0.66028702 0.05560064
vt 0.63733912 0.05552495
vt 0.66028702 0.05560064
vt 0.66032016 0.05027187
vt 0.63733965 0.05027890
vt 0.63733912 0.05552495
vt 0.66032016 0.05027187
vt 0.63961560 0.04555249
vt 0.65804732 0.04555249
vt 0.63961560 0.04555249
vt 0.65804732 0.04555249
vt 0.65394586 0.04228163
vt 0.64371705 0.04228163
vt 0.65394586 0.04228163
vt 0.64371705 0.04228163
vt 0.65394586 0.04228163
vt 0.64883149 0.04111433
vt 0.65294850 0.07512760
vt 0.64783871 0.07396150
vt 0.64271241 0.07513154
vt 0.64271241 0.09642208
vt 0.64783871 0.09759223
vt 0.65182668 0.09668207
vt 0.64271241 0.09642208
vt 0.65182668 0.09668207
vt 0.65296531 0.09642208
vt 0.64271241 0.09642208
vt 0.65296531 0.09642208
vt 0.65707648 0.09314370
vt 0.63868797 0.09321272
vt 0.64271241 0.09642208
vt 0.65707648 0.09314370
vt 0.63868797 0.09321272
vt 0.65707648 0.09314370
vt 0.65935802 0.08840609
vt 0.63807523 0.09204996
vt 0.65935802 0.08840609
vt 0.63631994 0.08831441
vt 0.63631994 0.08831441
vt 0.65935802 0.08840609
vt 0.65935802 0.08314764
vt 0.63631994 0.08314776
vt 0.65935802 0.08314764
vt 0.63860118 0.07841015
vt 0.64271241 0.07513154
vt 0.65935802 0.08314764
vt 0.65707719 0.07841158
vt 0.65707719 0.07841158
vt 0.66337371 0.44926256
vt 0.66293591 0.44936252
vt 0.67588079 0.44841951
vt 0.66466880 0.44822967
vt 0.66337371 0.44926256
vt 0.67588079 0.44841951
vt 0.66466880 0.44822967
vt 0.67588079 0.44841951
vt 0.67564285 0.44822967
vt 0.75126052 0.06925714
vt 0.75662744 0.06806386
vt 0.76064873 0.06485701
vt 0.74631619 0.06812847
vt 0.75126052 0.06925714
vt 0.76064873 0.06485701
vt 0.74631619 0.06812847
vt 0.76064873 0.06485701
vt 0.76292515 0.06013000
vt 0.76292515 0.05488324
vt 0.74222350 0.06486464
vt 0.74631619 0.06812847
vt 0.76292515 0.05488324
vt 0.74222350 0.06486464
vt 0.76064873 0.05015600
vt 0.76064873 0.05015600
vt 0.75654650 0.04688454
vt 0.75143158 0.04571700
vt 0.75143158 0.04571700
vt 0.74631619 0.04688454
vt 0.74221408 0.05015588
vt 0.73993754 0.05488312
vt 0.73993754 0.06000388
vt 0.76064873 0.05015600
vt 0.75143158 0.04571700
vt 0.73993754 0.06000388
vt 0.74222350 0.06486464
vt 0.76064873 0.05015600
vt 0.73993754 0.06000388
vt 0.69105804 0.03700650
vt 0.68339586 0.03525758
vt 0.68339586 0.03674138
vt 0.69041431 0.03834319
vt 0.67573333 0.03700638
vt 0.67637694 0.03834319
vt 0.66958821 0.04190671
vt 0.67074847 0.04283190
vt 0.66617858 0.04898787
vt 0.66762489 0.04931808
vt 0.66617858 0.05684745
vt 0.66762489 0.05651712
vt 0.66958821 0.06392837
vt 0.67074847 0.06300330
vt 0.67573333 0.06882882
vt 0.67637694 0.06749201
vt 0.68339586 0.07057762
vt 0.68339586 0.06909394
vt 0.69105804 0.06882882
vt 0.69041431 0.06749201
vt 0.69720304 0.06392860
vt 0.69604278 0.06300342
vt 0.70061314 0.05684745
vt 0.69916642 0.05651712
vt 0.70061314 0.04898787
vt 0.69916642 0.04931808
vt 0.69720304 0.04190671
vt 0.69604278 0.04283190
vt 0.72729337 0.07412720
vt 0.71963096 0.07237852
vt 0.71963096 0.07386220
vt 0.72664964 0.07546401
vt 0.71196842 0.07412720
vt 0.71261251 0.07546413
vt 0.70582390 0.07902753
vt 0.70698357 0.07995272
vt 0.70241368 0.08610868
vt 0.70386052 0.08643889
vt 0.70241368 0.09396815
vt 0.70386052 0.09363794
vt 0.70582390 0.10104918
vt 0.70698404 0.10012400
vt 0.67927039 0.62738585
vt 0.67950833 0.62738585
vt 0.67969835 0.62699383
vt 0.67951488 0.62699383
vt 0.70695317 0.10194993
vt 0.71196842 0.10594952
vt 0.71261251 0.10461271
vt 0.70785499 0.10081899
vt 0.71963096 0.10769844
vt 0.71963096 0.10621464
vt 0.72729337 0.10594940
vt 0.72664964 0.10461271
vt 0.73343813 0.10104930
vt 0.73227823 0.10012412
vt 0.73679900 0.09407043
vt 0.73535454 0.09373605
vt 0.73684812 0.08610868
vt 0.73539960 0.08643460
vt 0.73343813 0.07902753
vt 0.73227823 0.07995272
vt 0.69103491 0.07412195
vt 0.68339586 0.07237852
vt 0.68339586 0.07386220
vt 0.69039249 0.07545912
vt 0.67573333 0.07412720
vt 0.67637694 0.07546401
vt 0.66958821 0.07902741
vt 0.67074847 0.07995260
vt 0.66617858 0.08610868
vt 0.66762489 0.08643889
vt 0.66617858 0.09384024
vt 0.66762489 0.09351742
vt 0.66865724 0.09911549
vt 0.66995239 0.09847009
vt 0.66974044 0.10117042
vt 0.67087924 0.10022807
vt 0.67573333 0.10594952
vt 0.67637694 0.10461271
vt 0.68339586 0.10769844
vt 0.68339586 0.10621464
vt 0.68898058 0.10642385
vt 0.68865883 0.10501337
vt 0.69105804 0.10594952
vt 0.69041431 0.10461271
vt 0.69720304 0.10104930
vt 0.69604278 0.10012412
vt 0.70061314 0.09396815
vt 0.69916642 0.09363794
vt 0.70061266 0.08610857
vt 0.69916642 0.08643878
vt 0.69720304 0.07902741
vt 0.69604301 0.07995355
vt 0.72729337 0.03705633
vt 0.71963120 0.03530741
vt 0.71963120 0.03679132
vt 0.72664964 0.03839314
vt 0.71196890 0.03705633
vt 0.71261251 0.03839314
vt 0.70582390 0.04195678
vt 0.70698404 0.04288173
vt 0.70241368 0.04903793
vt 0.70386052 0.04936814
vt 0.70241368 0.05672717
vt 0.70386052 0.05640399
vt 0.70582390 0.06397867
vt 0.70698941 0.06305766
vt 0.71196890 0.06887889
vt 0.71261251 0.06754220
vt 0.71941149 0.07057762
vt 0.71941590 0.06909478
vt 0.72738647 0.06880474
vt 0.72674620 0.06746531
vt 0.73343837 0.06397843
vt 0.73227823 0.06305337
vt 0.73684812 0.05689752
vt 0.73540175 0.05656707
vt 0.73684812 0.04903793
vt 0.73540175 0.04936814
vt 0.73343837 0.04195690
vt 0.73227823 0.04288185
vt 0.62326801 0.06473267
vt 0.61740005 0.06473267
vt 0.61740005 0.06602538
vt 0.62326801 0.06602538
vt 0.61153239 0.06473267
vt 0.61153239 0.06602538
vt 0.60682690 0.06473267
vt 0.60682690 0.06602538
vt 0.75566721 0.07252574
vt 0.75019526 0.07252574
vt 0.75019526 0.07383013
vt 0.75566721 0.07383013
vt 0.74412119 0.07252574
vt 0.74412119 0.07383013
vt 0.73864901 0.07252574
vt 0.73864901 0.07383013
vt 0.60682690 0.07221210
vt 0.61153293 0.07221210
vt 0.61153293 0.07091951
vt 0.60682690 0.07091951
vt 0.61740059 0.07221210
vt 0.61740059 0.07091951
vt 0.62326801 0.07221210
vt 0.62326801 0.07091951
vt 0.62797356 0.07221210
vt 0.62797356 0.07091951
vt 0.62384558 0.08599651
vt 0.61837316 0.08599651
vt 0.61837316 0.08730114
vt 0.62384558 0.08730114
vt 0.61229932 0.08599651
vt 0.61229932 0.08730114
vt 0.60682690 0.08599651
vt 0.60682690 0.08730114
vt 0.62797356 0.06473267
vt 0.62797356 0.06602538
vt 0.62326825 0.06782603
vt 0.61740059 0.06782603
vt 0.61740059 0.06911874
vt 0.62326825 0.06911874
vt 0.61153239 0.06782603
vt 0.61153239 0.06911874
vt 0.60682690 0.06782603
vt 0.60682690 0.06911874
vt 0.75605249 0.07697201
vt 0.75045633 0.07697201
vt 0.75045633 0.07830608
vt 0.75605249 0.07830608
vt 0.74424493 0.07697201
vt 0.74424493 0.07830608
vt 0.73864901 0.07697201
vt 0.73864901 0.07830608
vt 0.63502872 0.07083631
vt 0.63576108 0.07083631
vt 0.63576108 0.06953681
vt 0.63502872 0.06953681
vt 0.63975978 0.07083631
vt 0.63975978 0.06953681
vt 0.64565879 0.07083631
vt 0.64565879 0.06953681
vt 0.65155858 0.07083631
vt 0.65155858 0.06953681
vt 0.65628934 0.07083631
vt 0.65628934 0.06953681
vt 0.62317687 0.04934549
vt 0.61799908 0.04934549
vt 0.61799908 0.05059886
vt 0.62317687 0.05059886
vt 0.61208081 0.04934549
vt 0.61208081 0.05059886
vt 0.60682690 0.04934549
vt 0.60682690 0.05059886
vt 0.62797356 0.06782603
vt 0.62797356 0.06911874
vt 0.62324905 0.06163931
vt 0.61739981 0.06163931
vt 0.61739981 0.06293201
vt 0.62324905 0.06293201
vt 0.61153239 0.06163931
vt 0.61153239 0.06293201
vt 0.60682690 0.06163931
vt 0.60682690 0.06293201
vt 0.65315461 0.03534722
vt 0.64768314 0.03534722
vt 0.64768314 0.03665137
vt 0.65315461 0.03665137
vt 0.64171219 0.03534722
vt 0.64171219 0.03665137
vt 0.63753390 0.03534722
vt 0.63753390 0.03665137
vt 0.63605106 0.03534722
vt 0.63605106 0.03665137
vt 0.60682690 0.05674601
vt 0.61142230 0.05674601
vt 0.61142230 0.05545378
vt 0.60682690 0.05545378
vt 0.61728752 0.05674601
vt 0.61728752 0.05545378
vt 0.62168634 0.05674601
vt 0.62168634 0.05545378
vt 0.62315357 0.05674601
vt 0.62315357 0.05545378
vt 0.62785780 0.05674601
vt 0.62785780 0.05545378
vt 0.62318027 0.05239952
vt 0.61792171 0.05239952
vt 0.61792171 0.05365312
vt 0.62318027 0.05365312
vt 0.61208516 0.05239952
vt 0.61208516 0.05365312
vt 0.60682690 0.05239952
vt 0.60682690 0.05365312
vt 0.62797308 0.06163931
vt 0.62797308 0.06293201
vt 0.62326801 0.07401288
vt 0.61740005 0.07401288
vt 0.61740005 0.07530534
vt 0.62326801 0.07530534
vt 0.61153239 0.07401288
vt 0.61153239 0.07530534
vt 0.60682690 0.07401288
vt 0.60682690 0.07530534
vt 0.62383413 0.07710624
vt 0.61836660 0.07710624
vt 0.61836660 0.07840955
vt 0.62383413 0.07840955
vt 0.61243570 0.07710624
vt 0.61243570 0.07840955
vt 0.60682690 0.07710624
vt 0.60682690 0.07840955
vt 0.60682690 0.05983877
vt 0.61152512 0.05983877
vt 0.61152512 0.05854678
vt 0.60682690 0.05854678
vt 0.61720979 0.05983877
vt 0.61720979 0.05854678
vt 0.62333393 0.05983877
vt 0.62333393 0.05854678
vt 0.62795627 0.05983877
vt 0.62795627 0.05854678
vt 0.62384510 0.08155036
vt 0.61837316 0.08155036
vt 0.61837316 0.08285475
vt 0.62384510 0.08285475
vt 0.61229932 0.08155036
vt 0.61229932 0.08285475
vt 0.60682690 0.08155036
vt 0.60682690 0.08285475
vt 0.62797356 0.07401288
vt 0.62797356 0.07530534
vt 0.75654531 0.08396709
vt 0.75711846 0.08277643
vt 0.75143039 0.08147836
vt 0.75143039 0.08279979
vt 0.74574232 0.08277643
vt 0.74631524 0.08396709
vt 0.74118042 0.08641434
vt 0.74221361 0.08723831
vt 0.73864901 0.09167111
vt 0.73993707 0.09196508
vt 0.74988902 0.07517135
vt 0.75019526 0.07383013
vt 0.74412119 0.07383013
vt 0.74442732 0.07517135
vt 0.73993707 0.09721160
vt 0.73864901 0.09750557
vt 0.74118042 0.10276234
vt 0.74221361 0.10193837
vt 0.74574232 0.10640013
vt 0.74631524 0.10520947
vt 0.75143039 0.10769844
vt 0.75143039 0.10637701
vt 0.75711846 0.10640013
vt 0.75654531 0.10520947
vt 0.76168036 0.10276234
vt 0.76064718 0.10193837
vt 0.76421177 0.09750557
vt 0.76292348 0.09721160
vt 0.61806685 0.08864236
vt 0.61837316 0.08730114
vt 0.61229932 0.08730114
vt 0.61260557 0.08864236
vt 0.76292348 0.09196508
vt 0.76421177 0.09167111
vt 0.76168036 0.08641434
vt 0.76064718 0.08723831
vt 0.65394586 0.04228163
vt 0.65451932 0.04109120
vt 0.64883149 0.03979290
vt 0.64883149 0.04111433
vt 0.64314365 0.04109120
vt 0.64371705 0.04228163
vt 0.63858247 0.04472864
vt 0.63961560 0.04555249
vt 0.63605106 0.04998505
vt 0.63733965 0.05027890
vt 0.75014329 0.07967770
vt 0.75045633 0.07830608
vt 0.74424493 0.07830608
vt 0.74455833 0.07967770
vt 0.73864901 0.07830608
vt 0.73924851 0.07967770
vt 0.63576108 0.06820059
vt 0.63502872 0.06953681
vt 0.63576108 0.06953681
vt 0.63634497 0.06820059
vt 0.63985163 0.06093216
vt 0.63928866 0.06163824
vt 0.64314365 0.06471276
vt 0.64371705 0.06352222
vt 0.64883149 0.06601083
vt 0.64883149 0.06468952
vt 0.65451932 0.06471276
vt 0.65394586 0.06352222
vt 0.65908039 0.06107533
vt 0.65804732 0.06025124
vt 0.66157317 0.05589843
vt 0.66028702 0.05560064
vt 0.66160989 0.04998147
vt 0.66032016 0.05027187
vt 0.65908039 0.04472864
vt 0.65804732 0.04555249
vt 0.65294850 0.07512760
vt 0.65352213 0.07393432
vt 0.64783871 0.07263696
vt 0.64783871 0.07396150
vt 0.64213777 0.07393813
vt 0.64271241 0.07513154
vt 0.63756597 0.07758415
vt 0.63860118 0.07841015
vt 0.63502872 0.08285284
vt 0.63631994 0.08314776
vt 0.64737713 0.03799236
vt 0.64768314 0.03665137
vt 0.64171219 0.03665137
vt 0.64201140 0.03799236
vt 0.63631994 0.08831441
vt 0.63502872 0.08860266
vt 0.63691914 0.09262586
vt 0.63807523 0.09204996
vt 0.63767195 0.09405375
vt 0.63868797 0.09321272
vt 0.64213777 0.09761548
vt 0.64271241 0.09642208
vt 0.64783871 0.09891653
vt 0.64783871 0.09759223
vt 0.65211380 0.09794092
vt 0.65182668 0.09668207
vt 0.65353990 0.09761548
vt 0.65296531 0.09642208
vt 0.65811223 0.09396935
vt 0.65707648 0.09314370
vt 0.66064924 0.08870065
vt 0.65935802 0.08840609
vt 0.66064924 0.08285284
vt 0.65935802 0.08314764
vt 0.65811223 0.07758498
vt 0.65707719 0.07841158
vt 0.75654650 0.04688454
vt 0.75711989 0.04569399
vt 0.75143158 0.04439569
vt 0.75143158 0.04571700
vt 0.74574280 0.04569399
vt 0.74631619 0.04688454
vt 0.74118066 0.04933190
vt 0.74221408 0.05015588
vt 0.73864901 0.05458903
vt 0.73993754 0.05488312
vt 0.61806077 0.07974946
vt 0.61836660 0.07840955
vt 0.61243570 0.07840955
vt 0.61273491 0.07974946
vt 0.73993754 0.06000388
vt 0.73864901 0.06029189
vt 0.74118531 0.06568456
vt 0.74222350 0.06486464
vt 0.74574280 0.06931913
vt 0.74631619 0.06812847
vt 0.75125706 0.07057762
vt 0.75126052 0.06925714
vt 0.75719798 0.06925690
vt 0.75662744 0.06806386
vt 0.76168180 0.06568086
vt 0.76064873 0.06485701
vt 0.76421368 0.06042409
vt 0.76292515 0.06013000
vt 0.61806685 0.08419585
vt 0.61837316 0.08285475
vt 0.61229932 0.08285475
vt 0.61260557 0.08419585
vt 0.76292515 0.05488324
vt 0.76421368 0.05458903
vt 0.76168180 0.04933202
vt 0.76064873 0.05015600
vt 0.69825757 0.44822967
vt 0.69696236 0.44926250
vt 0.69844198 0.11815333
vt 0.69843709 0.13696086
vt 0.70655847 0.13696313
vt 0.70656323 0.11815548
vt 0.72826231 0.13696873
vt 0.72826731 0.11816108
vt 0.72114539 0.11815917
vt 0.72114027 0.13696694
vt 0.74400771 0.13697278
vt 0.74401259 0.11816502
vt 0.73532498 0.11816311
vt 0.73531985 0.13697064
vt 0.74928308 0.13697398
vt 0.74938488 0.11816645
vt 0.76175928 0.13697743
vt 0.76176417 0.11816990
vt 0.75478387 0.11816788
vt 0.75487578 0.13697553
vt 0.76962316 0.13697958
vt 0.76962829 0.11817181
vt 0.77818906 0.13698184
vt 0.77819395 0.11817396
vt 0.78521430 0.13698328
vt 0.78521943 0.11817551
vt 0.71451485 0.13696527
vt 0.71451974 0.11815751
vt 0.69087541 0.11815143
vt 0.69087052 0.13695896
vt 0.70500267 0.14270115
vt 0.69620299 0.14269900
vt 0.69620299 0.15027463
vt 0.70500302 0.15027666
vt 0.72131670 0.15023696
vt 0.72900784 0.15023696
vt 0.72900784 0.14266133
vt 0.72131670 0.14266133
vt 0.73632812 0.15023696
vt 0.74506605 0.15023708
vt 0.74506605 0.14266145
vt 0.73632812 0.14266133
vt 0.75221992 0.15024471
vt 0.75221992 0.14266896
vt 0.75878835 0.15025210
vt 0.76596868 0.15025198
vt 0.76596868 0.14267647
vt 0.75878835 0.14267647
vt 0.77435088 0.15025210
vt 0.77435088 0.14267647
vt 0.78309774 0.15025222
vt 0.78309774 0.14267659
vt 0.78412211 0.15025222
vt 0.78412211 0.14267659
vt 0.71386909 0.14266133
vt 0.71386909 0.15023696
vt 0.68986428 0.15027463
vt 0.68986428 0.14269900
vt 0.67281246 0.20791531
vt 0.67775178 0.19743180
vt 0.67040330 0.19508898
vt 0.66642094 0.20359778
vt 0.60934854 0.15524578
vt 0.61483270 0.16545486
vt 0.62098819 0.16080725
vt 0.61656392 0.15251970
vt 0.62905943 0.17673862
vt 0.63649321 0.17914701
vt 0.63823366 0.17163277
vt 0.63223326 0.16970897
vt 0.65190232 0.22272754
vt 0.65919900 0.21993172
vt 0.65565979 0.21307862
vt 0.64976877 0.21531534
vt 0.64387918 0.18022966
vt 0.65310824 0.17943203
vt 0.65224600 0.17237318
vt 0.64436853 0.17253220
vt 0.63532501 0.22388637
vt 0.64458340 0.22419739
vt 0.64368987 0.21653616
vt 0.63581479 0.21679175
vt 0.66116893 0.17635751
vt 0.65786332 0.16998494
vt 0.62711406 0.22124004
vt 0.63007963 0.21470249
vt 0.66773576 0.17104101
vt 0.67246020 0.16433394
vt 0.66758502 0.16113055
vt 0.66302973 0.16625977
vt 0.61520606 0.20982707
vt 0.62027645 0.21627629
vt 0.62472457 0.21125424
vt 0.61990571 0.20637167
vt 0.67563772 0.15647805
vt 0.67076159 0.15465200
vt 0.61161965 0.20214927
vt 0.61639273 0.20006931
vt 0.67758727 0.14809370
vt 0.67296052 0.14729428
vt 0.60923165 0.19387913
vt 0.61381006 0.19283748
vt 0.67811334 0.14256310
vt 0.67423987 0.14166069
vt 0.70651662 0.17927909
vt 0.69050789 0.17927909
vt 0.68969381 0.17955029
vt 0.68942237 0.18036425
vt 0.68942237 0.18434119
vt 0.68969381 0.18515515
vt 0.69050789 0.18542659
vt 0.70651662 0.18542659
vt 0.70733070 0.18515515
vt 0.70760202 0.18434119
vt 0.70733070 0.17955029
vt 0.70760202 0.18036425
vt 0.60841560 0.18838394
vt 0.61223614 0.18727899
vt 0.66580325 0.21549928
vt 0.66080189 0.20962727
vt 0.62223101 0.17265975
vt 0.62691665 0.16653299
vt 0.60670167 0.14797699
vt 0.61489320 0.14549494
vt 0.68001270 0.19003391
vt 0.67169523 0.18743730
vt 0.68879521 0.14269900
vt 0.68879521 0.15027463
vt 0.69861650 0.11719680
vt 0.70658123 0.11719906
vt 0.70657599 0.13791955
vt 0.69861114 0.13791740
vt 0.72825861 0.13792515
vt 0.72107410 0.13792348
vt 0.72107995 0.11720264
vt 0.72826397 0.11720467
vt 0.74413359 0.13792932
vt 0.73536825 0.13792694
vt 0.73537350 0.11720634
vt 0.74413919 0.11720872
vt 0.74938297 0.13788116
vt 0.74948573 0.11736548
vt 0.76161051 0.13793397
vt 0.75484538 0.13788116
vt 0.75475132 0.11736524
vt 0.76161587 0.11721313
vt 0.76956701 0.13793588
vt 0.76957262 0.11721528
vt 0.77824080 0.13793802
vt 0.77824640 0.11721778
vt 0.78520656 0.13794005
vt 0.78521216 0.11721921
vt 0.71438539 0.11720097
vt 0.71437979 0.13792157
vt 0.69102609 0.13791573
vt 0.69087565 0.11719489
vt 0.70447838 0.17195368
vt 0.70449328 0.17113948
vt 0.69545484 0.17113173
vt 0.69530678 0.17194593
vt 0.69530678 0.15430915
vt 0.69545484 0.15512335
vt 0.70448065 0.15512502
vt 0.70446575 0.15431094
vt 0.72133470 0.15431273
vt 0.72127879 0.15512693
vt 0.72926784 0.15512693
vt 0.72927082 0.15431273
vt 0.72929657 0.17196131
vt 0.72929335 0.17114711
vt 0.72130430 0.17114711
vt 0.72136021 0.17196119
vt 0.73685026 0.15431273
vt 0.73689163 0.15512693
vt 0.74599946 0.15512693
vt 0.74589181 0.15431285
vt 0.74591732 0.17196131
vt 0.74602509 0.17114711
vt 0.73691714 0.17114711
vt 0.73687577 0.17196131
vt 0.75353575 0.15513682
vt 0.75354028 0.15432274
vt 0.75355291 0.17196524
vt 0.75354838 0.17115128
vt 0.76057649 0.15433240
vt 0.76045930 0.15514660
vt 0.76798773 0.15514660
vt 0.76811385 0.15433240
vt 0.76811385 0.17196929
vt 0.76798773 0.17115510
vt 0.76045930 0.17115521
vt 0.76057649 0.17196929
vt 0.77665818 0.15514660
vt 0.77670574 0.15433240
vt 0.77670574 0.17196929
vt 0.77665818 0.17115521
vt 0.78563261 0.15514660
vt 0.78558838 0.15433252
vt 0.78558838 0.17196941
vt 0.78563261 0.17115533
vt 0.79094410 0.15514684
vt 0.79095042 0.15433264
vt 0.79095042 0.17196941
vt 0.79094410 0.17115557
vt 0.71363962 0.17196119
vt 0.71352482 0.17114711
vt 0.71349907 0.15512693
vt 0.71361387 0.15431273
vt 0.68872881 0.15430915
vt 0.68886149 0.15512335
vt 0.68886149 0.17113173
vt 0.68872881 0.17194593
vt 0.68361759 0.17113173
vt 0.68361759 0.17194593
vt 0.68361759 0.15430915
vt 0.68361759 0.15512335
vt 0.66962767 0.19484162
vt 0.66574615 0.20314205
vt 0.62163818 0.16031671
vt 0.61732543 0.15223181
vt 0.63841748 0.17083955
vt 0.63256824 0.16896689
vt 0.65528619 0.21235526
vt 0.64954340 0.21453309
vt 0.65209138 0.17157364
vt 0.64442003 0.17171955
vt 0.64359558 0.21572757
vt 0.63592732 0.21598554
vt 0.65744138 0.16928875
vt 0.63046467 0.21398497
vt 0.66696274 0.16060543
vt 0.66238821 0.16575849
vt 0.62533879 0.21071982
vt 0.62049961 0.20581472
vt 0.67000926 0.15434086
vt 0.61712760 0.19971895
vt 0.67214739 0.14725161
vt 0.61461973 0.19275224
vt 0.67344880 0.14146721
vt 0.61301565 0.18704426
vt 0.66027391 0.20900750
vt 0.62741107 0.16588616
vt 0.61570776 0.14532113
vt 0.67087680 0.18766272
vt 0.67348695 0.20837104
vt 0.67852747 0.19767904
vt 0.60858703 0.15553355
vt 0.61418295 0.16594553
vt 0.62872446 0.17748082
vt 0.63630950 0.17993999
vt 0.65212739 0.22350991
vt 0.65957266 0.22065508
vt 0.64382744 0.18104219
vt 0.65326303 0.18023145
vt 0.63521266 0.22469270
vt 0.64467776 0.22500610
vt 0.66159093 0.17705369
vt 0.62672925 0.22195745
vt 0.66837746 0.17154229
vt 0.67308247 0.16485882
vt 0.61461222 0.21038401
vt 0.61966217 0.21681070
vt 0.67639005 0.15678906
vt 0.61088455 0.20249951
vt 0.67840040 0.14813626
vt 0.60842192 0.19396448
vt 0.67890406 0.14275658
vt 0.60763609 0.18861878
vt 0.66633123 0.21611905
vt 0.62173665 0.17330647
vt 0.60592258 0.14821327
vt 0.68080318 0.19022882
vt 0.68109071 0.18484747
vt 0.68030584 0.18506384
vt 0.60614747 0.14302933
vt 0.60535234 0.14285457
vt 0.61487210 0.14494789
vt 0.68652916 0.16806364
vt 0.68652916 0.15819132
vt 0.68886149 0.16806376
vt 0.69545484 0.16806376
vt 0.70449328 0.16807139
vt 0.71352482 0.16807890
vt 0.72130430 0.16807890
vt 0.72929335 0.16807890
vt 0.73691714 0.16807890
vt 0.74602509 0.16807902
vt 0.75354862 0.16808319
vt 0.76045930 0.16808724
vt 0.76798773 0.16808712
vt 0.77665818 0.16808724
vt 0.78563261 0.16808724
vt 0.78789937 0.16808736
vt 0.78789937 0.15821481
vt 0.78563261 0.15821481
vt 0.77665818 0.15821469
vt 0.76798773 0.15821469
vt 0.76045930 0.15821469
vt 0.75353575 0.15820491
vt 0.74599946 0.15819514
vt 0.73689163 0.15819514
vt 0.72926784 0.15819502
vt 0.72127879 0.15819502
vt 0.71349907 0.15819502
vt 0.70448065 0.15819311
vt 0.69545484 0.15819132
vt 0.68886149 0.15819132
vt 0.71051502 0.21030903
vt 0.72038722 0.21030903
vt 0.71923888 0.20839691
vt 0.71923888 0.20839691
vt 0.71166337 0.20839691
vt 0.71051502 0.21030903
vt 0.68110490 0.13711596
vt 0.68088174 0.13466871
vt 0.67938745 0.13499224
vt 0.67947817 0.13611138
vt 0.67831016 0.12729597
vt 0.67690659 0.12790215
vt 0.67281806 0.11674178
vt 0.67158467 0.11764526
vt 0.66531277 0.10922742
vt 0.66436470 0.11042678
vt 0.65832907 0.10492742
vt 0.65767860 0.10631096
vt 0.65072727 0.10234892
vt 0.65035945 0.10383284
vt 0.64318085 0.10113907
vt 0.64311445 0.10266626
vt 0.63366652 0.10182667
vt 0.63398755 0.10332143
vt 0.62520707 0.10492563
vt 0.62595356 0.10625970
vt 0.61827350 0.11040938
vt 0.61937702 0.11146724
vt 0.61348581 0.11702132
vt 0.61481595 0.11777461
vt 0.61002576 0.12511659
vt 0.61147553 0.12560153
vt 0.60787821 0.13383102
vt 0.60938406 0.13409555
vt 0.60763609 0.13610220
vt 0.60927784 0.13512254
vt 0.73361194 0.20816088
vt 0.72373950 0.20816088
vt 0.72488785 0.21007299
vt 0.72488785 0.21007299
vt 0.73246336 0.21007299
vt 0.73361194 0.20816088
vt 0.75821376 0.22500610
vt 0.75805652 0.22272730
vt 0.75654185 0.22293544
vt 0.75660968 0.22396564
vt 0.75623608 0.21393883
vt 0.75476909 0.21436930
vt 0.75308084 0.20571995
vt 0.75172353 0.20642316
vt 0.74854362 0.19893384
vt 0.74740112 0.19994974
vt 0.74181950 0.19319475
vt 0.74102366 0.19450009
vt 0.73348188 0.18978202
vt 0.73310518 0.19126356
vt 0.72399986 0.18873942
vt 0.72400916 0.19026816
vt 0.71641338 0.18966663
vt 0.71672547 0.19116318
vt 0.70872056 0.19195926
vt 0.70931911 0.19336629
vt 0.70158112 0.19599557
vt 0.70248365 0.19722939
vt 0.69380069 0.20322418
vt 0.69499898 0.20417309
vt 0.68791795 0.21356583
vt 0.68929756 0.21422398
vt 0.68507266 0.22083724
vt 0.68655372 0.22121644
vt 0.68475807 0.22327459
vt 0.68642128 0.22233129
vt 0.70816839 0.40411985
vt 0.70800936 0.40362203
vt 0.70800936 0.40425861
vt 0.70816839 0.39790678
vt 0.70864570 0.39774776
vt 0.70800936 0.39774764
vt 0.71869373 0.40425861
vt 0.71869373 0.40362203
vt 0.71851087 0.40411985
vt 0.67492414 0.44508064
vt 0.66538763 0.44508064
vt 0.66538763 0.44673717
vt 0.66538763 0.44673717
vt 0.67492414 0.44673717
vt 0.67492414 0.44508064
vt 0.64859349 0.44673717
vt 0.65812969 0.44671023
vt 0.65812969 0.44508064
vt 0.64859349 0.44508064
vt 0.66538763 0.44508064
vt 0.67492414 0.44508064
vt 0.67564285 0.44358814
vt 0.67564285 0.44358814
vt 0.66466880 0.44358814
vt 0.66538763 0.44508064
vt 0.68217146 0.44675875
vt 0.69171846 0.44673717
vt 0.69171846 0.44508064
vt 0.69171846 0.44508064
vt 0.68218195 0.44508064
vt 0.68217146 0.44675875
vt 0.68016803 0.44926250
vt 0.67855299 0.44963109
vt 0.69373238 0.44926256
vt 0.68146312 0.44822967
vt 0.68016803 0.44926250
vt 0.69373238 0.44926256
vt 0.68146312 0.44822967
vt 0.69373238 0.44926256
vt 0.69243717 0.44822967
vt 0.68218195 0.44508064
vt 0.69171846 0.44508064
vt 0.69243717 0.44358814
vt 0.69243717 0.44358814
vt 0.68146312 0.44358814
vt 0.68218195 0.44508064
vt 0.69171846 0.44673717
vt 0.68217146 0.44675875
vt 0.68146312 0.44822967
vt 0.68146312 0.44822967
vt 0.69243717 0.44822967
vt 0.69171846 0.44673717
vt 0.65884852 0.44358814
vt 0.64787471 0.44358814
vt 0.64859349 0.44508064
vt 0.64859349 0.44508064
vt 0.65812969 0.44508064
vt 0.65884852 0.44358814
vt 0.68146312 0.44358814
vt 0.69243717 0.44358814
vt 0.69373238 0.44255531
vt 0.69373238 0.44255531
vt 0.68016803 0.44255531
vt 0.68146312 0.44358814
vt 0.66165972 0.45120370
vt 0.66175866 0.44963109
vt 0.66014385 0.44926256
vt 0.64489454 0.45120370
vt 0.64491808 0.44962060
vt 0.64659905 0.44924688
vt 0.64491808 0.44962060
vt 0.66014385 0.44926256
vt 0.66466880 0.44358814
vt 0.67564285 0.44358814
vt 0.67693806 0.44255531
vt 0.67693806 0.44255531
vt 0.66336882 0.44255424
vt 0.66466880 0.44358814
vt 0.69825757 0.44358814
vt 0.69897604 0.44508064
vt 0.69897604 0.44673717
vt 0.67492414 0.44673717
vt 0.66538763 0.44673717
vt 0.66466880 0.44822967
vt 0.66466880 0.44822967
vt 0.67564285 0.44822967
vt 0.67492414 0.44673717
vt 0.64787471 0.44358814
vt 0.65884852 0.44358814
vt 0.66014385 0.44255531
vt 0.66014385 0.44255531
vt 0.64657956 0.44255531
vt 0.64787471 0.44358814
vt 0.64334953 0.44255531
vt 0.64496458 0.44218671
vt 0.64497745 0.44038844
vt 0.64859349 0.44673717
vt 0.64787471 0.44822967
vt 0.65865237 0.44782209
vt 0.65865237 0.44782209
vt 0.64334953 0.44926256
vt 0.65888059 0.44825524
vt 0.65865237 0.44782209
vt 0.64787471 0.44822967
vt 0.64659905 0.44924688
vt 0.64659905 0.44924688
vt 0.65888059 0.44825524
vt 0.65865237 0.44782209
vt 0.64657956 0.44255531
vt 0.66014385 0.44255531
vt 0.66175866 0.44218671
vt 0.64657956 0.44255531
vt 0.66175866 0.44218671
vt 0.66185439 0.44038844
vt 0.64133561 0.44670129
vt 0.64133561 0.44508064
vt 0.64205444 0.44358814
vt 0.64205444 0.44822967
vt 0.69696236 0.44255531
vt 0.69534743 0.44963109
vt 0.69536746 0.45120370
vt 0.66293591 0.44936252
vt 0.67588079 0.44841951
vt 0.67693806 0.44926256
vt 0.66336882 0.44255424
vt 0.67693806 0.44255531
vt 0.67855299 0.44218671
vt 0.66336882 0.44255424
vt 0.67855299 0.44218671
vt 0.67858469 0.44038844
vt 0.68016803 0.44255531
vt 0.69373238 0.44255531
vt 0.69534743 0.44218671
vt 0.68016803 0.44255531
vt 0.69534743 0.44218671
vt 0.69528365 0.44038844
vt 0.67857116 0.45120370
vt 0.67855299 0.44963109
vt 0.69373238 0.44926256
vt 0.70404124 0.45180839
vt 0.70798725 0.28863013
vt 0.70800936 0.28923476
vt 0.62699956 0.45180821
vt 0.63094580 0.28863031
vt 0.63094401 0.28923476
vt 0.64161015 0.28863031
vt 0.64160496 0.28923476
vt 0.63766402 0.45180821
vt 0.63763434 0.43978953
vt 0.64125061 0.62692261
vt 0.64124960 0.62651718
vt 0.64133996 0.62113351
vt 0.64133996 0.62113351
vt 0.63957644 0.50519764
vt 0.63004339 0.50519764
vt 0.63049716 0.62113351
vt 0.63004339 0.50519764
vt 0.63957644 0.50519764
vt 0.63948607 0.49981403
vt 0.63950241 0.49940842
vt 0.63673431 0.43374193
vt 0.63667738 0.43314207
vt 0.63712126 0.42232668
vt 0.63804126 0.42162681
vt 0.64140254 0.41599953
vt 0.64160496 0.41538346
vt 0.70409828 0.43978935
vt 0.70777494 0.62692457
vt 0.70783144 0.62651718
vt 0.70775771 0.62113351
vt 0.70775771 0.62113351
vt 0.70867717 0.50519764
vt 0.63957644 0.50519764
vt 0.63957644 0.50519764
vt 0.64133996 0.62113351
vt 0.70775771 0.62113351
vt 0.70867717 0.50519764
vt 0.70908749 0.49981403
vt 0.70903426 0.49940687
vt 0.70629930 0.43374538
vt 0.70641744 0.43314207
vt 0.70604712 0.42232668
vt 0.70583338 0.42170948
vt 0.70864177 0.41605312
vt 0.70800936 0.41538346
vt 0.71471065 0.43978924
vt 0.71834880 0.62692386
vt 0.71839368 0.62651718
vt 0.71830702 0.62113351
vt 0.73863375 0.62113351
vt 0.74019551 0.62045062
vt 0.74079788 0.61985242
vt 0.74079788 0.61985242
vt 0.74148726 0.61830407
vt 0.74148726 0.50802708
vt 0.74148726 0.50802708
vt 0.74079788 0.50647879
vt 0.74019551 0.50588059
vt 0.74019551 0.50588059
vt 0.73863375 0.50519764
vt 0.71850842 0.50519764
vt 0.74148726 0.50802708
vt 0.74019551 0.50588059
vt 0.71850842 0.50519764
vt 0.74079788 0.61985242
vt 0.74148726 0.50802708
vt 0.71850842 0.50519764
vt 0.73863375 0.62113351
vt 0.74079788 0.61985242
vt 0.71850842 0.50519764
vt 0.71830702 0.62113351
vt 0.73863375 0.62113351
vt 0.71850842 0.50519764
vt 0.71841657 0.49981403
vt 0.71850842 0.50519764
vt 0.71854419 0.49939936
vt 0.71578163 0.43321848
vt 0.71583664 0.43374217
vt 0.71578383 0.43314207
vt 0.71580702 0.42232668
vt 0.71580303 0.42172223
vt 0.71882075 0.41599286
vt 0.71869373 0.41538346
vt 0.71830702 0.62113351
vt 0.71850842 0.50519764
vt 0.70867717 0.50519764
vt 0.70867717 0.50519764
vt 0.70775771 0.62113351
vt 0.71830702 0.62113351
vt 0.74413407 0.43408602
vt 0.74321580 0.43408620
vt 0.59850973 0.43408626
vt 0.59759116 0.43408614
vt 0.59671682 0.43944454
vt 0.59763551 0.43944436
vt 0.74234140 0.43944430
vt 0.74325991 0.43944442
vt 0.72386593 0.47797871
vt 0.72593099 0.47798300
vt 0.60069513 0.43417948
vt 0.59862924 0.43417495
vt 0.60365689 0.47410446
vt 0.60159212 0.47410023
vt 0.74015570 0.43935108
vt 0.74222183 0.43935555
vt 0.74309623 0.43417495
vt 0.74103010 0.43417948
vt 0.72593099 0.47410023
vt 0.72386593 0.47410446
vt 0.59775501 0.43935555
vt 0.59982097 0.43935108
vt 0.60159212 0.47798300
vt 0.60365689 0.47797871
vt 0.74090660 0.43417287
vt 0.71579111 0.43421304
vt 0.74729329 0.41470736
vt 0.74640971 0.41559076
vt 0.60145891 0.41559070
vt 0.60057551 0.41470724
vt 0.60057551 0.28991109
vt 0.60145885 0.28902763
vt 0.74640971 0.28902757
vt 0.74729335 0.28991103
vt 0.74816006 0.41264242
vt 0.74732381 0.41466171
vt 0.60352379 0.41645753
vt 0.60150450 0.41562116
vt 0.59970856 0.29197598
vt 0.60054505 0.28995675
vt 0.74434507 0.28816080
vt 0.74636418 0.28899723
vt 0.74636412 0.41562116
vt 0.74434501 0.41645747
vt 0.60054499 0.41466165
vt 0.59970856 0.41264236
vt 0.60150445 0.28899717
vt 0.60352373 0.28816074
vt 0.74732375 0.28995669
vt 0.74816000 0.29197586
vt 0.74429131 0.41646826
vt 0.71887463 0.41646868
vt 0.59994453 0.43935770
vt 0.62698340 0.43931085
vt 0.60357749 0.28815007
vt 0.63094550 0.28814960
vt 0.72374117 0.47410005
vt 0.60378164 0.47410023
vt 0.60378164 0.47798318
vt 0.72374117 0.47798300
vt 0.59969789 0.41258866
vt 0.59969789 0.29202968
vt 0.74817073 0.29202968
vt 0.74817073 0.41258866
vt 0.71867132 0.28814977
vt 0.74429131 0.28815007
vt 0.70798731 0.28814977
vt 0.71867132 0.28814977
vt 0.64160997 0.28814965
vt 0.70798731 0.28814983
vt 0.63094550 0.28814965
vt 0.64160997 0.28814965
vt 0.62698340 0.43931091
vt 0.63762319 0.43931085
vt 0.62714779 0.43421733
vt 0.60081869 0.43417287
vt 0.63090450 0.41646808
vt 0.60357755 0.41646826
vt 0.63762319 0.43931085
vt 0.70414740 0.43931258
vt 0.63674909 0.43421954
vt 0.62714779 0.43421739
vt 0.64111292 0.41638416
vt 0.63090450 0.41646808
vt 0.71472138 0.43931198
vt 0.74003214 0.43935764
vt 0.71579081 0.43421298
vt 0.70628089 0.43421811
vt 0.71887463 0.41646868
vt 0.70890498 0.41645741
vt 0.70414740 0.43931258
vt 0.71472138 0.43931192
vt 0.70628113 0.43421817
vt 0.63674909 0.43421960
vt 0.70890498 0.41645741
vt 0.64111292 0.41638416
vn 0.00056780 -0.00013860 -0.99999988
vn -0.20514518 -0.00000551 -0.97873163
vn -0.20971955 0.02568444 -0.97742420
vn 0.00050876 -0.00006807 -0.99999988
vn 0.00056869 0.00000000 -0.99999988
vn 0.00056869 0.00000000 -0.99999988
vn 0.00056869 0.00000000 -0.99999988
vn -0.15602785 0.09683733 -0.98299438
vn 0.00007695 -0.00005297 -1.00000000
vn -0.09733623 0.15384898 -0.98328841
vn 0.00023416 -0.00035570 -0.99999988
vn -0.02571622 0.20528284 -0.97836477
vn 0.00006692 -0.00049856 -0.99999988
vn -0.00006544 -0.00049966 -0.99999988
vn 0.02606472 0.20531800 -0.97834826
vn 0.09703486 0.15447323 -0.98322034
vn -0.00023383 -0.00035464 -0.99999988
vn 0.15532529 0.09709848 -0.98307985
vn -0.00036155 -0.00023065 -0.99999994
vn 0.20967141 0.02531690 -0.97744411
vn -0.00051227 -0.00006327 -0.99999988
vn 0.20514797 0.00000001 -0.97873092
vn -0.00056783 0.00000000 -0.99999982
vn 0.15603162 -0.09684305 -0.98299319
vn -0.00035944 0.00023006 -0.99999988
vn -0.00051190 0.00006401 -0.99999988
vn 0.20972325 -0.02568316 -0.97742349
vn 0.09733954 -0.15385219 -0.98328769
vn -0.00023384 0.00035341 -0.99999988
vn 0.02571643 -0.20527546 -0.97836632
vn -0.00006656 0.00049713 -0.99999988
vn 0.00006582 0.00049875 -0.99999988
vn -0.02606454 -0.20531698 -0.97834843
vn -0.09703399 -0.15447384 -0.98322034
vn 0.00023416 0.00035272 -0.99999988
vn -0.15532108 -0.09709343 -0.98308098
vn 0.00036153 0.00023049 -0.99999988
vn -0.20966269 -0.02531535 -0.97744602
vn 0.00051287 0.00006457 -0.99999988
vn -0.00000482 -0.00000877 -1.00000000
vn -0.00000482 -0.00000877 -1.00000000
vn -0.00000482 -0.00000877 -1.00000000
vn 0.00000027 0.00000000 -1.00000000
vn 0.00000027 0.00000000 -1.00000000
vn 0.00000027 0.00000000 -1.00000000
vn 0.00000000 0.00001763 -1.00000000
vn 0.00000000 0.00001763 -1.00000000
vn 0.00000000 0.00001763 -1.00000000
vn -0.00000612 0.00000000 -1.00000000
vn -0.00000612 0.00000000 -1.00000000
vn -0.00000612 0.00000000 -1.00000000
vn 0.00000011 0.00000028 -1.00000000
vn 0.00000011 0.00000028 -1.00000000
vn 0.00000011 0.00000028 -1.00000000
vn 0.00000026 0.00000021 -1.00000000
vn 0.00000026 0.00000021 -1.00000000
vn 0.00000026 0.00000021 -1.00000000
vn 0.00000056 0.00000421 -1.00000000
vn 0.00000056 0.00000421 -1.00000000
vn 0.00000056 0.00000421 -1.00000000
vn 0.00033582 0.00000008 -0.99999994
vn 0.00033324 -0.00004157 -0.99999994
vn -0.00033531 0.00000131 -0.99999994
vn -0.20087478 0.96934170 -0.14151379
vn -0.19257699 0.96816486 0.15990868
vn 0.19256811 0.96816683 0.15990815
vn 0.20122385 0.96922338 -0.14182797
vn 0.20087749 -0.96934217 -0.14150603
vn 0.19257991 -0.96816355 0.15991378
vn -0.19257493 -0.96816498 0.15991065
vn -0.20122315 -0.96922374 -0.14182609
vn -0.81963468 -0.55154920 -0.15489529
vn -0.55071598 -0.82002085 -0.15581368
vn -0.54841793 -0.82077152 0.15991215
vn -0.82073224 -0.54847729 0.15991046
vn -0.55107474 0.81981212 -0.15564293
vn -0.81980044 0.55122292 -0.15517896
vn -0.82077193 0.54841733 0.15991205
vn -0.54844129 0.82075757 0.15990344
vn 0.81966436 0.55149919 -0.15491638
vn 0.55078173 0.81996942 -0.15585123
vn 0.54845273 0.82075036 0.15990138
vn 0.82076490 0.54842627 0.15991706
vn 0.55101234 -0.81986177 -0.15560257
vn 0.81978899 -0.55124533 -0.15515986
vn 0.82075036 -0.54844868 0.15991555
vn 0.54842722 -0.82076597 0.15990888
vn -0.96940911 0.20179288 -0.13973454
vn -0.96816486 0.19257639 0.15990973
vn 0.55068260 0.82003587 -0.15585260
vn 0.54839969 0.82078516 0.15990455
vn 0.81980461 -0.55121601 -0.15518194
vn 0.96941018 -0.20179379 -0.13972570
vn 0.96816593 -0.19257689 0.15990323
vn 0.82080501 -0.54836369 0.15992659
vn -0.96953541 -0.20142078 -0.13939439
vn -0.81966937 -0.55148935 -0.15492448
vn -0.82079905 -0.54837203 0.15992779
vn -0.96816427 -0.19257908 0.15991005
vn -0.55101925 0.81985563 -0.15561001
vn -0.54836786 0.82080686 0.15990241
vn 0.96953756 0.20142217 -0.13937736
vn 0.96816558 0.19258164 0.15989925
vn -0.99234992 -0.00000011 -0.12345718
vn -0.98708785 0.00000000 0.16017988
vn -0.10121590 0.58070886 -0.80779487
vn 0.10198418 0.58030033 -0.80799186
vn 0.10121692 -0.58070600 -0.80779684
vn -0.10198340 -0.58029807 -0.80799359
vn -0.46191692 -0.30178237 -0.83400255
vn -0.30091500 -0.46038306 -0.83516324
vn -0.30162430 0.45975739 -0.83525199
vn -0.46259564 0.30111620 -0.83386701
vn 0.46192056 0.30178794 -0.83399844
vn 0.30089027 0.46039462 -0.83516580
vn 0.30165434 -0.45974761 -0.83524656
vn 0.46260020 -0.30112833 -0.83386016
vn -0.58674377 0.10200366 -0.80332249
vn 0.58679456 -0.10195880 -0.80329108
vn -0.58692932 -0.10147765 -0.80325353
vn 0.58693272 0.10148571 -0.80325013
vn -0.59851450 -0.00004374 -0.80111200
vn 0.59797192 -0.00022993 -0.80151701
vn 0.17436653 0.86193377 -0.47609526
vn -0.17356166 0.86225492 -0.47580749
vn -0.17436717 -0.86192995 -0.47610176
vn 0.17356704 -0.86225319 -0.47580865
vn -0.71574533 -0.47885966 -0.50833267
vn -0.47767025 -0.71537095 -0.50997597
vn -0.55077559 -0.81996924 -0.15587392
vn -0.47835937 0.71490300 -0.50998634
vn -0.71618623 0.47819546 -0.50833690
vn 0.71573973 0.47885522 -0.50834471
vn 0.47763610 0.71540022 -0.50996697
vn 0.55103946 -0.81983298 -0.15565810
vn 0.47836438 -0.71489817 -0.50998849
vn 0.71618122 -0.47819895 -0.50834072
vn -0.47761029 -0.71541810 -0.50996608
vn -0.86462802 0.17504817 -0.47093159
vn 0.47760651 0.71541941 -0.50996780
vn 0.86462981 -0.17503303 -0.47093391
vn -0.86499596 -0.17434628 -0.47051612
vn -0.47829181 0.71497208 -0.50995290
vn 0.86499292 0.17434818 -0.47052115
vn 0.47829449 -0.71496028 -0.50996679
vn -0.88956738 -0.00004829 -0.45680407
vn 0.99234968 0.00000097 -0.12345900
vn 0.88939404 -0.00023556 -0.45714128
vn 0.16683273 0.83883816 0.51818681
vn -0.16685800 0.83882278 0.51820356
vn -0.16683930 -0.83883393 0.51819134
vn 0.16686958 -0.83884174 0.51816893
vn -0.71112442 -0.47519273 0.51816410
vn -0.47515273 -0.71114522 0.51817214
vn -0.47516298 0.71112818 0.51818621
vn -0.71114242 0.47515607 0.51817292
vn 0.71113443 0.47517464 0.51816696
vn 0.47520858 0.71114022 0.51812786
vn 0.47516650 -0.71111476 0.51820141
vn 0.71109992 -0.47519520 0.51819545
vn -0.83883882 0.16684286 0.51818240
vn 0.47515422 0.71113551 0.51818407
vn 0.71113259 -0.47513014 0.51821017
vn 0.83886904 -0.16684610 0.51813239
vn -0.83881879 -0.16686164 0.51820874
vn -0.71112478 -0.47514161 0.51821041
vn -0.47513014 0.71114355 0.51819515
vn 0.83880609 0.16684189 0.51823556
vn -0.85084891 0.00106703 0.52540952
vn 0.98708904 -0.00000099 0.16017248
vn 0.85068125 0.00001335 0.52568185
vn 0.06062286 0.30477911 0.95049173
vn 0.10555759 0.53066528 0.84098285
vn -0.10555285 0.53066915 0.84098089
vn -0.00000064 0.31613141 0.94871539
vn 0.00000225 0.31621087 0.94868898
vn -0.06062044 0.30477953 0.95049179
vn -0.06062366 -0.30476582 0.95049602
vn -0.10555564 -0.53067338 0.84097791
vn 0.10555619 -0.53065598 0.84098876
vn 0.00000789 -0.31478345 0.94916350
vn 0.00000411 -0.31538203 0.94896483
vn 0.06062286 -0.30475798 0.95049846
vn -0.25836790 -0.17263971 0.95049548
vn -0.44988197 -0.30060160 0.84097856
vn -0.30059671 -0.44987899 0.84098190
vn -0.17263786 -0.25836915 0.95049542
vn -0.17263666 0.25836858 0.95049584
vn -0.30059648 0.44987449 0.84098434
vn -0.44988289 0.30060348 0.84097737
vn -0.25837103 0.17264190 0.95049423
vn 0.25836423 0.17263375 0.95049751
vn 0.44988596 0.30059922 0.84097737
vn 0.30058903 0.44987905 0.84098464
vn 0.17264016 0.25837815 0.95049250
vn 0.17263718 -0.25837323 0.95049441
vn 0.30059677 -0.44988289 0.84097975
vn 0.44987780 -0.30059934 0.84098160
vn 0.25836930 -0.17263438 0.95049608
vn -0.53066766 0.10555506 0.84098160
vn -0.30477288 0.06062665 0.95049357
vn 0.53066790 -0.10555659 0.84098125
vn 0.30477875 -0.06062405 0.95049173
vn -0.30477369 -0.06062094 0.95049369
vn -0.53066272 -0.10555643 0.84098446
vn 0.30477116 0.06062427 0.95049417
vn 0.53067988 0.10553678 0.84097618
vn -0.52480203 0.00111964 0.85122359
vn -0.31619796 -0.00000040 0.94869322
vn 0.52569419 0.00002099 0.85067374
vn 0.31620514 0.00000084 0.94869089
vn 0.98708302 0.00000100 0.16021006
vn 0.98708594 0.00000068 0.16019206
vn 0.99234748 0.00000049 -0.12347665
vn 0.99234974 -0.00000046 -0.12345862
vn 0.99234766 -0.00000028 -0.12347502
vn 0.98708290 -0.00000017 0.16021027
vn 0.00005848 0.00000153 1.00000000
vn 0.00005848 0.00000153 1.00000000
vn 0.00005848 0.00000153 1.00000000
vn 0.00000386 0.00000278 1.00000000
vn 0.00000386 0.00000278 1.00000000
vn 0.00000386 0.00000278 1.00000000
vn -0.00000499 0.00000070 1.00000000
vn -0.00000499 0.00000070 1.00000000
vn -0.00000499 0.00000070 1.00000000
vn 0.00000714 -0.00000020 1.00000000
vn 0.00000714 -0.00000020 1.00000000
vn 0.00000714 -0.00000020 1.00000000
vn 0.00000877 0.00000021 1.00000000
vn 0.00000877 0.00000021 1.00000000
vn 0.00000877 0.00000021 1.00000000
vn -0.00000002 -0.00000015 1.00000000
vn -0.00000002 -0.00000015 1.00000000
vn -0.00000002 -0.00000015 1.00000000
vn -0.00000019 0.00000000 1.00000000
vn -0.00000019 0.00000000 1.00000000
vn -0.00000019 0.00000000 1.00000000
vn 0.00000000 0.00001515 1.00000000
vn 0.00000000 0.00001515 1.00000000
vn 0.00000000 0.00001515 1.00000000
vn -0.00000199 0.00000071 1.00000000
vn -0.00000199 0.00000071 1.00000000
vn -0.00000199 0.00000071 1.00000000
vn -0.00000045 0.00000075 1.00000000
vn -0.00000045 0.00000075 1.00000000
vn -0.00000045 0.00000075 1.00000000
vn -0.00000112 0.00000076 1.00000000
vn -0.00000112 0.00000076 1.00000000
vn -0.00000112 0.00000076 1.00000000
vn -0.00000115 0.00000039 1.00000000
vn -0.00000115 0.00000039 1.00000000
vn -0.00000115 0.00000039 1.00000000
vn 0.00000199 0.00000052 1.00000000
vn 0.00000199 0.00000052 1.00000000
vn 0.00000199 0.00000052 1.00000000
vn 0.00000000 0.00000000 1.00000000
vn 0.00000000 0.00000000 1.00000000
vn 0.00000000 0.00000000 1.00000000
vn 0.00000045 0.00000120 1.00000000
vn 0.00000045 0.00000120 1.00000000
vn 0.00000045 0.00000120 1.00000000
vn 0.00000770 0.00000159 1.00000000
vn 0.00000770 0.00000159 1.00000000
vn 0.00000770 0.00000159 1.00000000
vn 0.00000714 0.00000139 1.00000000
vn 0.00000714 0.00000139 1.00000000
vn 0.00000714 0.00000139 1.00000000
vn -0.00000112 -0.00002935 1.00000000
vn -0.00000112 -0.00002935 1.00000000
vn -0.00000112 -0.00002935 1.00000000
vn -0.00000136 0.00000101 1.00000000
vn -0.00000136 0.00000101 1.00000000
vn -0.00000136 0.00000101 1.00000000
vn -0.00000112 0.00000430 1.00000000
vn -0.00000112 0.00000430 1.00000000
vn -0.00000112 0.00000430 1.00000000
vn 0.00000714 0.00000123 1.00000000
vn 0.00000714 0.00000123 1.00000000
vn 0.00000714 0.00000123 1.00000000
vn 0.00001081 0.00000487 1.00000000
vn 0.00001081 0.00000487 1.00000000
vn 0.00001081 0.00000487 1.00000000
vn 0.00000714 -0.00008426 1.00000000
vn 0.00000714 -0.00008426 1.00000000
vn 0.00000714 -0.00008426 1.00000000
vn -0.82781470 0.16112475 -0.53736550
vn -0.82666576 -0.16227478 -0.53878629
vn -0.64148569 -0.16279186 -0.74966323
vn -0.64143157 0.16279474 -0.74970889
vn -0.01116412 -0.16153623 -0.98680371
vn -0.01119769 0.16151172 -0.98680723
vn -0.20355868 0.16204847 -0.96555907
vn -0.20358461 -0.16206357 -0.96555108
vn 0.40949076 -0.16342565 -0.89755744
vn 0.40970573 0.16339298 -0.89746529
vn 0.15024501 0.16153248 -0.97536343
vn 0.15034080 -0.16146918 -0.97535914
vn 0.65627700 -0.16157083 -0.73701787
vn 0.65586776 0.16176052 -0.73734057
vn 0.91968137 -0.16161232 -0.35786536
vn 0.91980314 0.16141902 -0.35763982
vn 0.80075288 0.15989599 -0.57725912
vn 0.80054140 -0.15959933 -0.57763457
vn 0.97492379 -0.16130733 -0.15330897
vn 0.97485632 0.16128005 -0.15376605
vn 0.98662603 -0.15769330 -0.04125627
vn 0.98662817 0.15777050 -0.04090727
vn 0.98713511 -0.15983123 -0.00429007
vn 0.98715770 0.15968375 -0.00455751
vn -0.41721746 -0.16204947 -0.89424247
vn -0.41726458 0.16202129 -0.89422566
vn -0.89296788 0.13252988 -0.43016776
vn -0.88943112 -0.15882802 -0.42858604
vn 0.65106964 0.00000159 0.75901800
vn 0.80367720 0.00000058 0.59506553
vn 0.80367529 0.00000037 0.59506810
vn 0.65106618 0.00000157 0.75902098
vn 0.20787081 0.00000020 0.97815633
vn 0.01331554 0.00000000 0.99991137
vn 0.01331588 0.00000019 0.99991137
vn 0.20787115 0.00000039 0.97815621
vn -0.18467596 0.00000091 0.98279947
vn -0.42673463 0.00000248 0.90437686
vn -0.42672554 -0.00000063 0.90438116
vn -0.18467553 -0.00000037 0.98279959
vn -0.67423272 0.00000124 0.73851895
vn -0.67423105 -0.00000060 0.73852050
vn -0.86086184 -0.00000131 0.50883877
vn -0.95966327 0.00000029 0.28115219
vn -0.95966160 -0.00000045 0.28115752
vn -0.86086255 -0.00000176 0.50883770
vn -0.99570924 0.00000133 0.09253713
vn -0.99570876 0.00000036 0.09254271
vn -0.99834359 0.00000156 -0.05753398
vn -0.99834371 0.00000121 -0.05753242
vn -0.99196827 0.00000000 -0.12648728
vn -0.99196726 0.00000065 -0.12649521
vn 0.42485660 0.00000039 0.90526068
vn 0.42485717 0.00000000 0.90526038
vn 0.90542215 0.00000101 0.42451245
vn 0.90542597 0.00000195 0.42450422
vn 0.11407166 0.98451984 0.13307324
vn 0.13443297 0.98585266 0.10011133
vn -0.12337967 0.98917907 -0.07938612
vn -0.09397101 0.98949593 -0.10985111
vn 0.13440873 -0.98585373 0.10013407
vn 0.11410072 -0.98452181 0.13303308
vn -0.09400886 -0.98949617 -0.10981628
vn -0.12341172 -0.98908645 -0.08048326
vn 0.03567880 -0.98521876 0.16754396
vn 0.00221981 -0.98570526 0.16846438
vn -0.00173648 -0.98838300 -0.15197411
vn -0.03073295 -0.98886853 -0.14558332
vn 0.00224843 0.98570108 0.16848883
vn 0.03566029 0.98521495 0.16757071
vn -0.03069818 0.98887044 -0.14557780
vn -0.00175586 0.98838359 -0.15196961
vn -0.03226797 -0.98514682 0.16865519
vn -0.07490531 -0.98474115 0.15707971
vn 0.05814336 -0.99000210 -0.12851159
vn 0.02324357 -0.98839253 -0.15013325
vn -0.07487018 0.98473287 0.15714896
vn -0.03231077 0.98514038 0.16868427
vn 0.02317893 0.98838234 -0.15021057
vn 0.05830665 0.99000275 -0.12843220
vn -0.11823387 -0.98440963 0.13022473
vn 0.09972636 -0.98881078 -0.11094066
vn -0.11809533 0.98441792 0.13028766
vn 0.09958163 0.98877710 -0.11137018
vn -0.14939718 -0.98464078 0.09034892
vn -0.16861823 -0.98457706 0.04664846
vn 0.13673332 -0.98907846 -0.05502577
vn 0.12353659 -0.98855728 -0.08656403
vn -0.16911329 0.98451006 0.04626681
vn -0.14939551 0.98465449 0.09020293
vn 0.12388671 0.98852378 -0.08644585
vn 0.13669400 0.98909515 -0.05482391
vn -0.16790043 -0.98569858 0.01441358
vn 0.15023966 -0.98836613 -0.02367254
vn -0.16807210 0.98566329 0.01482059
vn 0.15018809 0.98836493 -0.02404679
vn -0.16765183 -0.98580956 -0.00850845
vn 0.15956935 -0.98716849 -0.00600071
vn -0.16756816 0.98582488 -0.00838980
vn 0.15958226 0.98716849 -0.00565244
vn -0.14662680 -0.98902953 -0.01792603
vn 0.16146497 -0.98687810 -0.00085834
vn -0.01497366 0.00081632 -0.99988753
vn -0.02367699 0.00000000 -0.99971968
vn -0.02359943 -0.00000169 -0.99972153
vn -0.01856565 0.00056439 -0.99982756
vn -0.01258262 0.03315862 -0.99937087
vn -0.01408765 0.00675541 -0.99987793
vn -0.01498395 0.00083278 -0.99988747
vn -0.02375367 0.00000000 -0.99971789
vn -0.02366293 -0.00000169 -0.99972004
vn -0.01858428 0.00055762 -0.99982715
vn -0.01407827 0.00670499 -0.99987847
vn -0.01257906 0.03303393 -0.99937505
vn -0.14651373 0.98904389 -0.01805213
vn 0.16128904 0.98690659 -0.00109373
vn 0.07307204 0.98513669 0.15545493
vn -0.06293165 0.98887450 -0.13478404
vn 0.07301413 -0.98514563 0.15542519
vn -0.06291363 -0.98887396 -0.13479699
vn 0.15575974 -0.98504716 0.07362838
vn -0.07750049 -0.99628973 -0.03742236
vn 0.15626474 0.98498923 0.07333201
vn -0.11125756 0.99240488 -0.05248154
vn 0.95218176 0.00000149 0.30553207
vn 0.95217896 0.00000078 0.30554095
vn 0.00000000 -0.00000129 1.00000000
vn 0.00000000 -0.00000129 1.00000000
vn 0.00000000 -0.00000129 1.00000000
vn 0.00000000 -0.00000119 1.00000000
vn 0.00000000 -0.00000119 1.00000000
vn 0.00000000 -0.00000119 1.00000000
vn -0.00000319 -0.00000116 1.00000000
vn -0.00000319 -0.00000116 1.00000000
vn -0.00000319 -0.00000116 1.00000000
vn 0.00000579 -0.00000336 1.00000000
vn 0.00000579 -0.00000336 1.00000000
vn 0.00000579 -0.00000336 1.00000000
vn -0.00002573 -0.00000312 1.00000000
vn -0.00002573 -0.00000312 1.00000000
vn -0.00002573 -0.00000312 1.00000000
vn 0.00007911 -0.00000311 1.00000000
vn 0.00007911 -0.00000311 1.00000000
vn 0.00007911 -0.00000311 1.00000000
vn 0.00000000 -1.00000000 -0.00000000
vn 0.00000704 -1.00000000 0.00000069
vn 0.00000000 0.00002370 1.00000000
vn 0.00000000 0.00002370 1.00000000
vn 0.00000000 0.00002370 1.00000000
vn 0.00000000 -0.00002370 1.00000000
vn 0.00000000 -0.00002370 1.00000000
vn 0.00000000 -0.00002370 1.00000000
vn 0.00000000 0.00000000 1.00000000
vn 0.00000000 0.00000000 1.00000000
vn 0.00000000 0.00000000 1.00000000
vn 0.00000000 0.00000000 1.00000000
vn -0.06246544 -0.05460676 0.99655223
vn 0.02923658 -0.33335271 0.94234884
vn -0.17050250 -0.50350457 0.84700191
vn -0.26154426 -0.10742486 0.95919478
vn -0.17631869 0.02610811 0.98398691
vn 0.00000770 -0.00000328 1.00000000
vn 0.00000770 -0.00000328 1.00000000
vn 0.00000770 -0.00000328 1.00000000
vn 0.00000000 0.00000000 1.00000000
vn 0.00000000 0.00000000 1.00000000
vn 0.00000000 0.00000000 1.00000000
vn 0.00000371 -0.00000164 1.00000000
vn 0.00000371 -0.00000164 1.00000000
vn 0.00000371 -0.00000164 1.00000000
vn 0.00000084 -0.00000141 1.00000000
vn 0.00000084 -0.00000141 1.00000000
vn 0.00000084 -0.00000141 1.00000000
vn 0.00001053 -0.00000241 1.00000000
vn 0.00001053 -0.00000241 1.00000000
vn 0.00001053 -0.00000241 1.00000000
vn -0.79673028 0.31620333 -0.51501095
vn -0.61670834 0.31631526 -0.72084361
vn -0.61682117 -0.31626695 -0.72076821
vn -0.79473823 -0.31629920 -0.51802123
vn -0.01073937 -0.31620911 -0.94862872
vn -0.19576034 -0.31620464 -0.92827398
vn -0.19570938 0.31625146 -0.92826873
vn -0.01080150 0.31625310 -0.94861341
vn 0.39265624 -0.31630456 -0.86358124
vn 0.14462128 -0.31624830 -0.93758821
vn 0.14445062 0.31612644 -0.93765563
vn 0.39302975 0.31635472 -0.86339301
vn 0.63202500 -0.31588149 -0.70764631
vn 0.63136464 0.31558529 -0.70836759
vn 0.88296515 -0.31453803 -0.34848008
vn 0.77360803 -0.31253183 -0.55122995
vn 0.77415127 0.31210560 -0.55070859
vn 0.88302433 0.31487781 -0.34802303
vn 0.93725044 -0.31585008 -0.14764996
vn 0.93708432 0.31594256 -0.14850348
vn 0.94979435 -0.31058863 -0.03775533
vn 0.94982028 0.31058967 -0.03708848
vn 0.94881922 -0.31579202 -0.00418290
vn 0.94867164 0.31622759 -0.00471235
vn -0.40119803 0.31622028 -0.85967726
vn -0.40112346 -0.31615752 -0.85973519
vn -0.85474837 -0.31567904 -0.41200966
vn -0.87058234 0.25836715 -0.41872761
vn 0.61746043 0.31626040 0.72022355
vn 0.64270210 0.15781176 0.74968630
vn 0.79367167 0.15878358 0.58725893
vn 0.76203334 0.31571466 0.56535774
vn 0.76201153 -0.31568232 0.56540531
vn 0.79365826 -0.15877493 0.58727938
vn 0.64272523 -0.15779456 0.74967003
vn 0.61751407 -0.31624791 0.72018301
vn 0.19753975 -0.31625322 0.92788035
vn 0.20553908 -0.15840848 0.96574348
vn 0.01306275 -0.15883482 0.98721880
vn 0.01257603 -0.31622326 0.94860142
vn 0.01261493 0.31620875 0.94860578
vn 0.01308329 0.15885392 0.98721540
vn 0.20552959 0.15841442 0.96574450
vn 0.19751768 0.31622437 0.92789495
vn -0.17650560 -0.31610590 0.93216032
vn -0.18256330 -0.15827991 0.97037011
vn -0.42147598 -0.15788779 0.89298910
vn -0.40620607 -0.31604883 0.85738540
vn -0.40612864 0.31601787 0.85743350
vn -0.42143118 0.15790722 0.89300680
vn -0.18259412 0.15831149 0.97035915
vn -0.17657945 0.31607655 0.93215626
vn -0.66600043 -0.15766957 0.72909790
vn -0.63913572 -0.31602669 0.70116526
vn -0.63893294 0.31621158 0.70126671
vn -0.66592807 0.15760976 0.72917694
vn -0.81537712 -0.31506559 0.48568910
vn -0.85030520 -0.15757541 0.50214648
vn -0.94721681 -0.15569238 0.28025028
vn -0.91320819 -0.31075436 0.26359531
vn -0.91355473 0.31031817 0.26290777
vn -0.94728291 0.15587731 0.27992386
vn -0.85035765 0.15750444 0.50207990
vn -0.81542385 0.31525284 0.48548910
vn -0.98311543 -0.15817113 0.09201136
vn -0.94511986 -0.31516045 0.08615283
vn -0.94516742 0.31482556 0.08685285
vn -0.98304427 0.15841301 0.09235401
vn -0.98582047 -0.15827931 -0.05572931
vn -0.94790411 -0.31437215 -0.05145724
vn -0.94784802 0.31457382 -0.05125894
vn -0.98583633 0.15821618 -0.05562817
vn -0.97946054 -0.16105783 -0.12131525
vn -0.94251680 -0.31319940 -0.11648256
vn -0.94236618 0.31350973 -0.11686646
vn -0.97945625 0.16092676 -0.12152398
vn 0.40346774 0.31619263 0.85862446
vn 0.41983908 0.15833125 0.89368135
vn 0.41981483 -0.15831785 0.89369524
vn 0.40341187 -0.31622684 0.85863811
vn 0.85764104 -0.31559139 0.40602204
vn 0.89168596 -0.15770654 0.42429328
vn 0.89179242 0.15795660 0.42397651
vn 0.85809726 0.31509894 0.40544027
vn 0.93835211 0.14800955 0.31239164
vn 0.90437859 0.30144987 0.30203873
vn 0.90451342 -0.30250177 0.30057988
vn 0.93862998 -0.14758025 0.31175935
vn 0.00000000 -0.00002227 1.00000000
vn 0.00000000 -0.00002227 1.00000000
vn 0.00000000 -0.00002227 1.00000000
vn 0.00000000 0.00000071 1.00000000
vn 0.00000000 0.00000071 1.00000000
vn 0.00000000 0.00000071 1.00000000
vn 0.00000000 0.00000000 1.00000000
vn 0.00000000 0.00000000 1.00000000
vn 0.00000000 0.00000000 1.00000000
vn 0.00000000 -0.00000754 1.00000000
vn 0.18586974 -0.55764359 0.80900311
vn -0.17209494 -0.50005996 0.84871870
vn -0.55749834 -0.55763602 0.61501038
vn -0.26153660 -0.10750951 0.95918727
vn -0.25168243 0.08389932 0.96416646
vn 0.00001053 0.00000000 1.00000000
vn 0.00001053 0.00000000 1.00000000
vn 0.00001053 0.00000000 1.00000000
vn 0.00009145 -0.00008804 1.00000000
vn 0.00009145 -0.00008804 1.00000000
vn 0.00009145 -0.00008804 1.00000000
vn 0.00000877 -0.00002472 1.00000000
vn 0.00000877 -0.00002472 1.00000000
vn 0.00000877 -0.00002472 1.00000000
vn 0.00000834 0.00000259 1.00000000
vn 0.00000834 0.00000259 1.00000000
vn 0.00000834 0.00000259 1.00000000
vn 0.00006763 0.00000431 1.00000000
vn 0.00006763 0.00000431 1.00000000
vn 0.00006763 0.00000431 1.00000000
vn -0.00001203 0.00000384 1.00000000
vn -0.00001203 0.00000384 1.00000000
vn -0.00001203 0.00000384 1.00000000
vn -0.26647899 0.94852781 -0.17112593
vn -0.20553701 0.94869286 -0.24028407
vn -0.20560999 -0.94870895 -0.24015817
vn -0.26489666 -0.94867414 -0.17276329
vn -0.00360376 -0.94869274 -0.31617892
vn -0.06530802 -0.94870347 -0.30934873
vn -0.06524593 0.94868571 -0.30941617
vn -0.00366520 0.94867021 -0.31624585
vn 0.13164470 -0.94871640 -0.28741434
vn 0.04840882 -0.94865036 -0.31260079
vn 0.04821947 0.94868141 -0.31253561
vn 0.13213366 0.94869071 -0.28727448
vn 0.21075505 -0.94851005 -0.23645514
vn 0.20990311 0.94856536 -0.23699078
vn 0.29707119 -0.94810963 -0.11329931
vn 0.25858289 -0.94698203 -0.19068289
vn 0.25870290 0.94716042 -0.18963100
vn 0.29767430 0.94796169 -0.11295432
vn 0.31270641 -0.94860524 -0.04860810
vn 0.31270537 0.94855922 -0.04950675
vn 0.32204065 -0.94660890 -0.01488569
vn 0.32193038 0.94665748 -0.01415621
vn 0.31624457 -0.94867641 -0.00160086
vn 0.31663418 0.94854540 -0.00211710
vn -0.13383053 0.94865704 -0.28659940
vn -0.13372983 -0.94869119 -0.28653342
vn -0.28535831 -0.94846606 -0.13777778
vn -0.30146998 0.94278592 -0.14237453
vn 0.20574792 0.94869566 0.24009246
vn 0.25500736 0.94851780 0.18784358
vn 0.25495118 -0.94852674 0.18787467
vn 0.20580342 -0.94869429 0.24005009
vn 0.06578427 -0.94868934 0.30929106
vn 0.00411393 -0.94868004 0.31621078
vn 0.00415635 0.94868058 0.31620866
vn 0.06574427 0.94869161 0.30929258
vn -0.05797459 -0.94864267 0.31099212
vn -0.13450082 -0.94863492 0.28635880
vn -0.13443053 0.94863021 0.28640750
vn -0.05802066 0.94865346 0.31095058
vn -0.21355851 -0.94868731 0.23320633
vn -0.21356276 0.94860786 0.23352538
vn -0.27366519 -0.94843531 0.15993075
vn -0.30709803 -0.94701588 0.09408434
vn -0.30704188 0.94710028 0.09341531
vn -0.27393550 0.94836128 0.15990688
vn -0.31618989 -0.94822842 0.02977947
vn -0.31566504 0.94838172 0.03045606
vn -0.31719890 -0.94817001 -0.01893620
vn -0.31736392 0.94811881 -0.01873513
vn -0.31659278 -0.94777083 -0.03872300
vn -0.31695557 0.94763279 -0.03913260
vn 0.13443021 0.94867319 0.28626508
vn 0.13436142 -0.94868308 0.28626463
vn 0.28559497 -0.94834244 0.13813795
vn 0.28543076 0.94851172 0.13731298
vn 0.31323913 0.94370711 0.10629296
vn 0.19199200 0.97922230 0.06529002
vn 0.19143343 -0.97941530 0.06402316
vn 0.31451526 -0.94342488 0.10502239
vn -0.00004060 -0.00000004 1.00000000
vn -0.00004060 -0.00000004 1.00000000
vn -0.00004060 -0.00000004 1.00000000
vn -0.00000079 -0.00000042 1.00000000
vn -0.00000079 -0.00000042 1.00000000
vn -0.00000079 -0.00000042 1.00000000
vn 0.00000160 0.00000550 1.00000000
vn 0.00000160 0.00000550 1.00000000
vn 0.00000160 0.00000550 1.00000000
vn 0.00000000 0.00000000 1.00000000
vn 0.00000008 0.00172578 0.99999851
vn 0.00000004 0.00177372 0.99999845
vn 0.00000201 0.00172578 0.99999851
vn 0.00000133 -0.00000052 1.00000000
vn 0.00000133 -0.00000052 1.00000000
vn 0.00000133 -0.00000052 1.00000000
vn 0.00000186 -0.00000053 1.00000000
vn 0.00000186 -0.00000053 1.00000000
vn 0.00000186 -0.00000053 1.00000000
vn 0.00006124 0.00000000 1.00000000
vn 0.00006124 0.00000000 1.00000000
vn 0.00006124 0.00000000 1.00000000
vn -0.00000112 -0.00000016 1.00000000
vn -0.00000112 -0.00000016 1.00000000
vn -0.00000112 -0.00000016 1.00000000
vn -0.00000112 0.00000000 1.00000000
vn -0.00000112 0.00000000 1.00000000
vn -0.00000112 0.00000000 1.00000000
vn -0.00003504 1.00000000 -0.00000000
vn 1.00000000 0.00004797 -0.00000001
vn 0.00000000 0.00000000 -1.00000000
vn -0.00004777 -0.00000000 1.00000000
vn -0.00000112 0.00000000 1.00000000
vn -0.00000112 0.00000000 1.00000000
vn -0.00000112 0.00000000 1.00000000
vn -0.00000112 0.00000000 1.00000000
vn -0.00000371 -0.00000146 1.00000000
vn -0.00000371 -0.00000146 1.00000000
vn -0.00000371 -0.00000146 1.00000000
vn 0.00000000 0.00000000 1.00000000
vn 0.00000000 0.00000000 1.00000000
vn 0.00000000 0.00000000 1.00000000
vn -0.00000084 -0.00000113 1.00000000
vn -0.00000084 -0.00000113 1.00000000
vn -0.00000084 -0.00000113 1.00000000
vn -0.00000115 -0.00000184 1.00000000
vn -0.00000115 -0.00000184 1.00000000
vn -0.00000115 -0.00000184 1.00000000
vn -0.00000112 -0.00000108 1.00000000
vn -0.00000112 -0.00000108 1.00000000
vn -0.00000112 -0.00000108 1.00000000
vn 0.00000000 0.00000000 1.00000000
vn 0.00000000 0.00000000 1.00000000
vn 0.00000000 0.00000000 1.00000000
vn 0.00000000 -0.00009112 1.00000000
vn 0.00000000 -0.00009112 1.00000000
vn 0.00000000 -0.00009112 1.00000000
vn 0.00007910 0.00000000 1.00000000
vn 0.00007910 0.00000000 1.00000000
vn 0.00007910 0.00000000 1.00000000
vn -0.00002573 0.00000000 1.00000000
vn -0.00002573 0.00000000 1.00000000
vn -0.00002573 0.00000000 1.00000000
vn -0.00004060 -0.00023304 1.00000000
vn -0.00004060 -0.00023304 1.00000000
vn -0.00004060 -0.00023304 1.00000000
vn 0.00029258 -0.00003957 1.00000000
vn 0.00003916 -0.00025953 1.00000000
vn 0.00003924 -0.00025962 1.00000000
vn 0.00044215 0.00007503 0.99999994
vn 0.00017727 0.00028105 1.00000000
vn 0.00044215 0.00007503 0.99999994
vn -0.00009496 0.00020019 1.00000000
vn -0.00009496 0.00020019 1.00000000
vn -0.00009496 0.00020019 1.00000000
vn -0.00022798 0.00007634 1.00000000
vn -0.00022798 0.00007634 1.00000000
vn -0.00022798 0.00007634 1.00000000
vn 0.94902128 0.00000177 0.31521198
vn 0.94902128 -0.00000049 0.31521210
vn 0.90346575 0.00000057 0.42866048
vn 0.80361515 0.00000000 0.59514928
vn 0.65088302 0.00000000 0.75917804
vn 0.42522225 0.00000010 0.90508908
vn 0.20818797 -0.00000386 0.97808880
vn 0.01326418 0.00000337 0.99991202
vn -0.18525240 0.00000066 0.98269105
vn -0.42719847 0.00000044 0.90415794
vn -0.67421222 -0.00000135 0.73853767
vn -0.86055410 0.00000009 0.50935924
vn -0.95950061 0.00000000 0.28170660
vn -0.99567688 -0.00000042 0.09288470
vn -0.99844444 -0.00000315 -0.05575600
vn -0.99239004 -0.00000011 -0.12313394
vn -0.99238998 -0.00000238 -0.12313414
vn -0.99844450 -0.00000034 -0.05575456
vn -0.99567628 -0.00000056 0.09289131
vn -0.95949912 -0.00000011 0.28171152
vn -0.86055028 0.00000000 0.50936544
vn -0.67420495 -0.00000563 0.73854434
vn -0.42719388 0.00000238 0.90416014
vn -0.18524475 -0.00000038 0.98269242
vn 0.01326848 -0.00000095 0.99991196
vn 0.20819411 -0.00000090 0.97808754
vn 0.42522955 -0.00000040 0.90508556
vn 0.65088725 -0.00000004 0.75917453
vn 0.80361950 0.00000000 0.59514350
vn 0.90346777 0.00000000 0.42865601
vn 0.31795201 0.00000000 0.94810683
vn 0.31795201 0.00000000 0.94810683
vn 0.31795201 0.00000000 0.94810683
vn 0.31796342 0.00000368 0.94810301
vn 0.31796342 0.00000368 0.94810301
vn 0.31796342 0.00000368 0.94810301
vn 0.57155174 -0.79879117 0.18778026
vn 0.54238516 -0.79966182 0.25760314
vn 0.54185408 -0.80053627 0.25599974
vn 0.56910938 -0.80172461 0.18262564
vn 0.48299283 -0.79940194 0.35731569
vn 0.48297361 -0.79943115 0.35727608
vn 0.39071709 -0.79963326 0.45598987
vn 0.39065778 -0.79967660 0.45596483
vn 0.25537696 -0.79954815 0.54360414
vn 0.25539625 -0.79945898 0.54372609
vn 0.12489683 -0.79960281 0.58739793
vn 0.12486751 -0.79952657 0.58750778
vn 0.00812460 -0.79946804 0.60065377
vn 0.00814794 -0.79948181 0.60063511
vn -0.11115303 -0.79948968 0.59030622
vn -0.11105339 -0.79962122 0.59014666
vn -0.25651273 -0.79947793 0.54317242
vn -0.25639173 -0.79959548 0.54305655
vn -0.40497512 -0.79961133 0.44341511
vn -0.40501630 -0.79959697 0.44340330
vn -0.51684332 -0.79961693 0.30575439
vn -0.51704228 -0.79947942 0.30577758
vn -0.57625729 -0.79959232 0.16905510
vn -0.57644445 -0.79946101 0.16903779
vn -0.59799331 -0.79956073 0.05573729
vn -0.59810126 -0.79948169 0.05571235
vn -0.59936166 -0.79976475 -0.03379229
vn -0.59964705 -0.79951763 -0.03456937
vn -0.59603053 -0.79954654 -0.07397878
vn -0.59638155 -0.79918694 -0.07502969
vn -0.69448608 0.00000000 0.71950614
vn -0.69448608 0.00000000 0.71950614
vn -0.69448608 0.00000000 0.71950614
vn -0.69448280 0.00000000 0.71950930
vn -0.69448280 0.00000000 0.71950930
vn -0.69448280 0.00000000 0.71950930
vn -0.59627867 0.79930586 -0.07457869
vn -0.59971285 0.79951310 -0.03351632
vn -0.59921694 0.79986614 -0.03396007
vn -0.59476912 0.80031157 -0.07583617
vn -0.59809011 0.79949296 0.05567093
vn -0.59799004 0.79957151 0.05561932
vn -0.57641715 0.79947197 0.16907923
vn -0.57626837 0.79960352 0.16896433
vn -0.51700008 0.79948068 0.30584598
vn -0.51687974 0.79961854 0.30568865
vn -0.40478903 0.79960704 0.44359264
vn -0.40476912 0.79960728 0.44361040
vn -0.25642863 0.79960531 0.54302454
vn -0.25643849 0.79948723 0.54319376
vn -0.11108824 0.79962814 0.59013069
vn -0.11104601 0.79949540 0.59031850
vn 0.00783578 0.79948664 0.60063279
vn 0.00782640 0.79947877 0.60064340
vn 0.12502049 0.79953402 0.58746511
vn 0.12496868 0.79960608 0.58737808
vn 0.25527555 0.79946762 0.54377019
vn 0.25516921 0.79956466 0.54367733
vn 0.39102572 0.79968578 0.45563325
vn 0.39113879 0.79961962 0.45565230
vn 0.48264250 0.79942739 0.35773182
vn 0.48264322 0.79940879 0.35777247
vn 0.54215783 0.80026489 0.25620505
vn 0.54386580 0.79965776 0.25447527
vn 0.56997734 0.79955137 0.18932383
vn 0.57231975 0.79839212 0.18713665
vn 1.00000000 0.00000000 0.00004541
vn 1.00000000 0.00000000 0.00004541
vn 1.00000000 0.00000000 0.00004541
vn 1.00000000 0.00000000 -0.00000810
vn 1.00000000 0.00000000 -0.00000810
vn 1.00000000 0.00000000 -0.00000810
vn 1.00000000 0.00000000 0.00001799
vn 1.00000000 0.00000000 0.00001799
vn 1.00000000 0.00000000 0.00001799
vn 1.00000000 0.00000000 -0.00001867
vn 1.00000000 0.00000000 -0.00001867
vn 1.00000000 0.00000000 -0.00001867
vn 1.00000000 0.00000000 -0.00000000
vn 1.00000000 0.00000000 -0.00000000
vn 1.00000000 0.00000000 -0.00000000
vn 1.00000000 0.00000000 -0.00000000
vn 1.00000000 0.00000000 0.00002270
vn 1.00000000 0.00000000 0.00002270
vn 1.00000000 0.00000000 0.00002270
vn 1.00000000 0.00000000 -0.00000000
vn 1.00000000 0.00000000 -0.00000000
vn 1.00000000 0.00000000 -0.00000000
vn 1.00000000 0.00000000 -0.00000000
vn 1.00000000 0.00000000 -0.00000000
vn 1.00000000 0.00000000 -0.00000000
vn 1.00000000 0.00000000 -0.00000000
vn 1.00000000 0.00000000 -0.00000000
vn 1.00000000 0.00000000 -0.00000000
vn 1.00000000 0.00000000 0.00001434
vn 1.00000000 0.00000000 0.00001434
vn 1.00000000 0.00000000 0.00001434
vn 1.00000000 0.00000000 -0.00000000
vn 1.00000000 0.00000000 -0.00000000
vn 1.00000000 0.00000000 -0.00000938
vn 1.00000000 0.00000000 -0.00000938
vn 1.00000000 0.00000000 -0.00000938
vn 1.00000000 0.00000000 0.00001897
vn 1.00000000 0.00000000 0.00001897
vn 1.00000000 0.00000000 0.00001897
vn 1.00000000 0.00000000 -0.00000920
vn 1.00000000 0.00000000 -0.00000920
vn 1.00000000 0.00000000 -0.00000920
vn 1.00000000 0.00000000 -0.00000000
vn 1.00000000 0.00000000 -0.00000000
vn 1.00000000 0.00000000 -0.00000000
vn 1.00000000 0.00000000 -0.00000000
vn 1.00000000 0.00000000 -0.00000000
vn 1.00000000 0.00000000 -0.00000899
vn 1.00000000 0.00000000 -0.00000899
vn 1.00000000 0.00000000 -0.00000899
vn 1.00000000 0.00000000 -0.00000000
vn 1.00000000 0.00000000 -0.00000000
vn 1.00000000 0.00000000 -0.00004541
vn 1.00000000 0.00000000 -0.00004541
vn 1.00000000 0.00000000 -0.00004541
vn 1.00000000 0.00000000 -0.00000000
vn 1.00000000 0.00000000 -0.00000000
vn 1.00000000 0.00000000 -0.00000000
vn 1.00000000 0.00000000 -0.00005837
vn 1.00000000 0.00000000 -0.00005837
vn 1.00000000 0.00000000 -0.00005837
vn 1.00000000 0.00000000 -0.00005110
vn 1.00000000 0.00000000 -0.00005110
vn 1.00000000 0.00000000 -0.00005110
vn 1.00000000 0.00000000 0.00000810
vn 1.00000000 0.00000000 0.00000810
vn 1.00000000 0.00000000 0.00000810
vn 1.00000000 0.00000000 -0.00000000
vn 1.00000000 0.00000000 -0.00000000
vn 1.00000000 0.00000000 -0.00000000
vn 1.00000000 0.00000000 -0.00000940
vn 1.00000000 0.00000000 -0.00000940
vn 1.00000000 0.00000000 -0.00000940
vn 1.00000000 0.00000000 -0.00000000
vn 1.00000000 0.00000000 -0.00000000
vn 1.00000000 0.00000000 -0.00000000
vn 1.00000000 0.00000000 0.00000640
vn 1.00000000 0.00000000 0.00000640
vn 1.00000000 0.00000000 0.00000640
vn 1.00000000 0.00000000 -0.00000000
vn 1.00000000 0.00000000 -0.00000000
vn 1.00000000 0.00000000 -0.00000000
vn 1.00000000 0.00000000 0.00000450
vn 1.00000000 0.00000000 0.00000450
vn 1.00000000 0.00000000 0.00000450
vn 1.00000000 0.00000000 -0.00000000
vn 1.00000000 0.00000000 -0.00000000
vn 1.00000000 0.00000000 -0.00000000
vn 1.00000000 0.00000000 -0.00000000
vn 1.00000000 0.00000000 0.00002481
vn 1.00000000 0.00000000 0.00002481
vn 1.00000000 0.00000000 0.00002481
vn 1.00000000 0.00000000 -0.00010562
vn 1.00000000 0.00000000 -0.00010562
vn 1.00000000 0.00000000 -0.00010562
vn 1.00000000 0.00000618 -0.00002185
vn 1.00000000 0.00000618 -0.00002185
vn 1.00000000 0.00000618 -0.00002185
vn 1.00000000 0.00000650 -0.00003353
vn 1.00000000 0.00000650 -0.00003353
vn 1.00000000 0.00000650 -0.00003353
vn 1.00000000 0.00000000 -0.00000000
vn 1.00000000 0.00000000 -0.00000000
vn 1.00000000 0.00000000 -0.00000000
vn 1.00000000 0.00000000 -0.00000000
vn 1.00000000 0.00000000 -0.00001000
vn 1.00000000 0.00000000 -0.00001000
vn 1.00000000 0.00000000 -0.00001000
vn 1.00000000 0.00000000 -0.00000000
vn 1.00000000 0.00000000 -0.00000000
vn 1.00000000 0.00000000 0.00004540
vn 1.00000000 0.00000000 0.00004540
vn 1.00000000 0.00000000 0.00004540
vn 1.00000000 0.00000000 -0.00000000
vn 1.00000000 0.00000000 -0.00000000
vn 1.00000000 0.00000000 -0.00000000
vn 1.00000000 0.00000000 -0.00000000
vn 1.00000000 0.00000000 -0.00000000
vn 1.00000000 0.00000000 -0.00000594
vn 1.00000000 0.00000000 -0.00000594
vn 1.00000000 0.00000000 -0.00000594
vn 1.00000000 0.00000000 0.00001761
vn 1.00000000 0.00000000 0.00001761
vn 1.00000000 0.00000000 0.00001761
vn 0.62363225 0.33918440 0.70429873
vn 0.62361991 0.00001136 0.78172773
vn 0.62362015 0.00000832 0.78172755
vn 0.62363011 0.33917588 0.70430475
vn 0.62363255 -0.33916768 0.70430660
vn 0.62363356 -0.33917919 0.70430011
vn 0.62361807 -0.61117530 0.48740667
vn 0.62361437 -0.61118448 0.48739988
vn 0.62363482 -0.76211405 0.17395911
vn 0.62363172 -0.76211905 0.17394824
vn 0.62362480 -0.76212555 -0.17394479
vn 0.62362474 -0.76212323 -0.17395502
vn 0.62363660 -0.61117834 -0.48737916
vn 0.62363893 -0.61117452 -0.48738095
vn 0.62361079 -0.33917329 -0.70432317
vn 0.62361234 -0.33916816 -0.70432419
vn 0.62363225 -0.00000731 -0.78171796
vn 0.62363040 -0.00000088 -0.78171945
vn 0.62362498 0.33917606 -0.70430923
vn 0.62362021 0.33918440 -0.70430946
vn 0.62363833 0.61116660 -0.48739174
vn 0.62363291 0.61117470 -0.48738846
vn 0.62363321 0.76211560 -0.17395872
vn 0.62363493 0.76211548 -0.17395270
vn 0.62361497 0.76213247 0.17394966
vn 0.62361497 0.76213199 0.17395158
vn 0.62362558 0.61117429 0.48739833
vn 0.62362063 0.61117297 0.48740634
vn 0.62360281 0.33918455 0.70432484
vn 0.62361908 0.00000321 0.78172839
vn 0.62361693 -0.00000328 0.78173012
vn 0.62360710 0.33918017 0.70432305
vn 0.62363189 -0.33917344 0.70430434
vn 0.62362689 -0.33917594 0.70430756
vn 0.62364084 -0.61116630 0.48738894
vn 0.62363887 -0.61116958 0.48738715
vn 0.62362111 -0.76212418 0.17396411
vn 0.62362260 -0.76212525 0.17395386
vn 0.62361813 -0.76212901 -0.17395373
vn 0.62361670 -0.76212817 -0.17396231
vn 0.62363237 -0.61120450 -0.48735183
vn 0.62361771 -0.61121142 -0.48736188
vn 0.62363327 -0.61114478 -0.48742560
vn 0.61391473 -0.49216259 -0.61715865
vn 0.61393660 -0.49218947 -0.61711544
vn 0.62363005 -0.61118150 -0.48738357
vn 0.61393142 -0.49216494 -0.61714005
vn 0.62361372 -0.33918211 -0.70431632
vn 0.62361497 -0.33917579 -0.70431828
vn 0.61393726 -0.49216622 -0.61713326
vn 0.62363046 -0.00000845 -0.78171927
vn 0.62363082 -0.00000143 -0.78171897
vn 0.62361825 0.33917272 -0.70431685
vn 0.62361705 0.33917734 -0.70431560
vn 0.62362784 0.61117023 -0.48740059
vn 0.62362140 0.61118054 -0.48739588
vn 0.62336159 0.76178688 -0.17635538
vn 0.62335789 0.76179087 -0.17635128
vn 0.62388831 0.76245397 0.17154387
vn 0.62388873 0.76245350 0.17154467
vn 0.62362355 0.61118579 0.48738664
vn 0.62362921 0.61118215 0.48738393
vn 0.62355363 0.33874556 0.70457953
vn 0.62363756 0.00001104 0.78171366
vn 0.62363976 0.00000262 0.78171188
vn 0.62356001 0.33874035 0.70457637
vn 0.62363482 -0.33915728 0.70430964
vn 0.62363797 -0.33916330 0.70430386
vn 0.62363809 -0.61116165 0.48739824
vn 0.62363774 -0.61116439 0.48739532
vn 0.62363368 -0.76211739 0.17394906
vn 0.62363118 -0.76212174 0.17393847
vn 0.62321484 -0.76326215 -0.17039405
vn 0.62321275 -0.76326197 -0.17040242
vn 0.61402333 -0.70646930 -0.35196105
vn 0.61401749 -0.70646584 -0.35197809
vn 0.62211525 -0.60316497 -0.49916393
vn 0.62211370 -0.60315883 -0.49917328
vn 0.62360734 -0.33918244 -0.70432180
vn 0.62360972 -0.33917677 -0.70432246
vn 0.62363213 -0.00001072 -0.78171790
vn 0.62362856 -0.00000875 -0.78172094
vn 0.61393905 0.17564806 -0.76956272
vn 0.61392570 0.17564629 -0.76957363
vn 0.62362844 0.33917859 -0.70430499
vn 0.62361759 0.33918422 -0.70431185
vn 0.62363088 0.61116189 -0.48740709
vn 0.62363195 0.61116618 -0.48740029
vn 0.62362319 0.76212496 -0.17395334
vn 0.62362772 0.76212323 -0.17394455
vn 0.62361306 0.76213491 0.17394572
vn 0.62361801 0.76213020 0.17394884
vn 0.62369031 0.61082959 0.48774743
vn 0.62369967 0.61082387 0.48774272
vn 0.62361324 0.33919337 0.70431125
vn 0.62364137 0.00000661 0.78171057
vn 0.62363970 -0.00000201 0.78171194
vn 0.62360966 0.33918357 0.70431918
vn 0.62362933 -0.33916619 0.70431012
vn 0.62363309 -0.33916497 0.70430744
vn 0.62361914 -0.61117667 0.48740357
vn 0.62361580 -0.61118525 0.48739719
vn 0.62363911 -0.76211113 0.17395657
vn 0.62363434 -0.76211739 0.17394611
vn 0.62322354 -0.76323080 -0.17050275
vn 0.62321723 -0.76323313 -0.17051564
vn 0.62404078 -0.61314881 -0.48437762
vn 0.62403524 -0.61314791 -0.48438588
vn 0.62362504 -0.33918729 -0.70430380
vn 0.62362295 -0.33917415 -0.70431197
vn 0.62338382 -0.00220640 -0.78191292
vn 0.62338555 -0.00220480 -0.78191161
vn 0.62386096 0.33711490 -0.70508939
vn 0.62386417 0.33711872 -0.70508474
vn 0.62361926 0.61117268 -0.48740846
vn 0.62362069 0.61118084 -0.48739633
vn 0.62362069 0.76212573 -0.17395853
vn 0.62362045 0.76212722 -0.17395313
vn 0.62364179 0.76211315 0.17393804
vn 0.62364262 0.76211220 0.17393972
vn 0.62363082 0.61117989 0.48738465
vn 0.62363428 0.61117280 0.48738906
vn 0.00000000 -0.43387523 -0.90097296
vn 0.00000000 -0.00000773 -1.00000000
vn 0.00000000 -0.00000161 -1.00000000
vn 0.00000000 -0.43387273 -0.90097409
vn 0.00000000 0.43387139 -0.90097487
vn 0.00000000 0.43387431 -0.90097338
vn 0.00001068 0.78183013 -0.62349147
vn -0.00001063 0.78182626 -0.62349635
vn 0.00001063 0.78186691 -0.62344539
vn 0.00000000 0.97492772 -0.22252189
vn 0.00000000 0.97492915 -0.22251529
vn -0.00001068 0.78186709 -0.62344515
vn 0.00000000 0.97492874 0.22251770
vn 0.00000000 0.97492725 0.22252387
vn 0.00001068 0.78186041 0.62345368
vn -0.00001063 0.78186041 0.62345344
vn 0.00007466 0.78182751 0.62349486
vn 0.00000000 0.43388635 0.90096760
vn 0.00000000 0.43388182 0.90096980
vn -0.00001068 0.78182727 0.62349510
vn 0.00000000 -0.00000325 1.00000000
vn 0.00000000 -0.00000828 1.00000000
vn 0.00000000 -0.43387225 0.90097439
vn 0.00000000 -0.43387583 0.90097272
vn 0.00001068 -0.78182101 0.62350297
vn -0.00001063 -0.78181738 0.62350738
vn 0.00001063 -0.78186238 0.62345111
vn 0.00000000 -0.97492772 0.22252190
vn 0.00000000 -0.97492915 0.22251590
vn -0.00001068 -0.78183210 0.62348908
vn 0.00000000 -0.97492599 -0.22252944
vn 0.00000000 -0.97492403 -0.22253822
vn 0.00001068 -0.78186691 -0.62344545
vn -0.00001063 -0.78186351 -0.62344962
vn 0.00001063 -0.78185159 -0.62346464
vn -0.00001068 -0.78185570 -0.62345946
vn 0.00000000 -0.43389121 -0.90096527
vn 0.00000000 0.00000160 -1.00000000
vn 0.00000000 0.00000887 -1.00000000
vn 0.00000000 -0.43388110 -0.90097022
vn 0.00000000 0.43389001 -0.90096587
vn 0.00000000 0.43389854 -0.90096176
vn 0.00001068 0.78178805 -0.62354439
vn -0.00001063 0.78179228 -0.62353897
vn 0.00001063 0.78184837 -0.62346858
vn 0.00000000 0.97492772 -0.22252165
vn 0.00000000 0.97492868 -0.22251751
vn -0.00001068 0.78181589 -0.62350941
vn 0.00000000 0.97492605 0.22252914
vn 0.00000000 0.97492415 0.22253749
vn 0.00001068 0.78186107 0.62345284
vn -0.00001063 0.78185838 0.62345618
vn 0.00001063 0.78181487 0.62351078
vn 0.00000000 0.62350547 0.78181911
vn 0.00000000 0.62349695 0.78182578
vn -0.00001068 0.78179985 0.62352955
vn 0.00000000 0.43388090 0.90097022
vn 0.00000000 0.43387476 0.90097320
vn 0.00000000 -0.00000325 1.00000000
vn 0.00000000 -0.00000938 1.00000000
vn 0.00000000 -0.43388751 0.90096706
vn 0.00000000 -0.43389666 0.90096271
vn 0.00001068 -0.78179026 0.62354147
vn -0.00001063 -0.78179455 0.62353611
vn 0.00001063 -0.78184783 0.62346929
vn 0.00000000 -0.97423518 0.22553472
vn 0.00000000 -0.97423601 0.22553089
vn -0.00001068 -0.78184485 0.62347311
vn 0.00000000 -0.97561467 -0.21949063
vn 0.00000000 -0.97561377 -0.21949457
vn 0.00001068 -0.78185248 -0.62346345
vn -0.00001063 -0.78185552 -0.62345970
vn 0.00001063 -0.78179687 -0.62353325
vn -0.00001068 -0.78179228 -0.62353909
vn 0.00000000 -0.43331063 -0.90124464
vn 0.00000000 -0.00000405 -1.00000000
vn 0.00000000 0.00000526 -1.00000000
vn 0.00000000 -0.43330035 -0.90124959
vn 0.00000000 0.43386465 -0.90097809
vn 0.00000000 0.43387151 -0.90097481
vn 0.00001068 0.78179055 -0.62354118
vn -0.00001063 0.78178996 -0.62354183
vn 0.00001063 0.78184837 -0.62346858
vn 0.00000000 0.97492832 -0.22251916
vn 0.00000000 0.97492939 -0.22251485
vn -0.00001068 0.78181589 -0.62350941
vn 0.00000000 0.97597504 0.21788231
vn 0.00000000 0.97597265 0.21789314
vn 0.00000000 0.89506412 0.44593742
vn 0.00000000 0.89506298 0.44593981
vn 0.00000983 0.77038503 0.63757902
vn -0.00000978 0.77038479 0.63757914
vn 0.00000978 0.77036077 0.63760841
vn 0.00000000 0.43389019 0.90096587
vn 0.00000000 0.43388370 0.90096891
vn -0.00000983 0.77036011 0.63760895
vn 0.00000000 0.00001015 1.00000000
vn 0.00000000 0.00000085 1.00000000
vn 0.00000000 -0.22251600 0.97492903
vn 0.00000000 -0.22252803 0.97492629
vn 0.00000000 -0.43388706 0.90096736
vn 0.00000000 -0.43389836 0.90096194
vn 0.00001068 -0.78179044 0.62354136
vn -0.00001063 -0.78179449 0.62353629
vn 0.00001063 -0.78186691 0.62344539
vn 0.00000000 -0.97492832 0.22251923
vn 0.00000000 -0.97492981 0.22251262
vn -0.00001068 -0.78186709 0.62344515
vn 0.00000000 -0.97492987 -0.22251271
vn 0.00000000 -0.97492892 -0.22251652
vn 0.00001071 -0.78143191 -0.62399054
vn -0.00001066 -0.78143513 -0.62398648
vn 0.00001066 -0.78140235 -0.62402761
vn -0.00001071 -0.78139770 -0.62403339
vn 0.00000000 -0.43387607 -0.90097266
vn 0.00000000 0.00000395 -1.00000000
vn 0.00000000 0.00001259 -1.00000000
vn 0.00000000 -0.43387160 -0.90097469
vn 0.00000000 0.43386868 -0.90097612
vn 0.00000000 0.43387526 -0.90097296
vn 0.00001068 0.78179055 -0.62354118
vn -0.00001063 0.78178996 -0.62354183
vn 0.00001063 0.78186792 -0.62344426
vn 0.00000000 0.97492832 -0.22251917
vn 0.00000000 0.97492981 -0.22251272
vn -0.00001068 0.78186786 -0.62344426
vn 0.00000000 0.97594166 0.21803188
vn 0.00000000 0.97594029 0.21803820
vn 0.00001089 0.78471959 0.61985105
vn -0.00007615 0.78471935 0.61985129
vn 0.00001084 0.78470427 0.61987031
vn 0.00000000 0.43387118 0.90097493
vn 0.00000000 0.43386707 0.90097690
vn -0.00001090 0.78470826 0.61986524
vn 0.00000000 0.00281347 0.99999613
vn 0.00000000 0.00280555 0.99999613
vn 0.00000000 -0.43134192 0.90218860
vn 0.00000000 -0.43134621 0.90218651
vn 0.00001068 -0.78185058 0.62346601
vn -0.00001153 -0.78181893 0.62350547
vn 0.00001063 -0.78186035 0.62345362
vn 0.00000000 -0.97492701 0.22252488
vn 0.00000000 -0.97492844 0.22251855
vn -0.00001068 -0.78189027 0.62341619
vn 0.00000000 -0.97492945 -0.22251451
vn 0.00000000 -0.97492796 -0.22252095
vn 0.00001068 -0.78186649 -0.62344605
vn -0.00001063 -0.78186625 -0.62344635
vn 0.00001063 -0.78182232 -0.62350124
vn -0.00001068 -0.78182560 -0.62349731
vn 0.71603161 -0.30288318 -0.62893605
vn 0.71603012 -0.30287877 -0.62893981
vn 0.71601892 -0.00000107 -0.69808084
vn 0.71601707 -0.00000608 -0.69808275
vn 0.71602237 0.30288544 -0.62894541
vn 0.71602255 0.30288440 -0.62894571
vn 0.71602786 0.54578060 -0.43523297
vn 0.71602488 0.54578072 -0.43523771
vn 0.71601361 0.68057477 -0.15537855
vn 0.71600652 0.68058217 -0.15537906
vn 0.71602917 0.68057889 -0.15528882
vn 0.71602440 0.68058366 -0.15528971
vn 0.71603197 0.68057597 0.15528871
vn 0.71601677 0.68059099 0.15529308
vn 0.71598595 0.68059856 0.15540183
vn 0.71597397 0.68061030 0.15540588
vn 0.71602064 0.54577732 0.43524900
vn 0.71602416 0.54577768 0.43524265
vn 0.71601492 0.30288312 0.62895501
vn 0.71601206 0.30288881 0.62895554
vn 0.71600097 -0.00000592 0.69809926
vn 0.71599972 0.00000011 0.69810063
vn 0.71600682 -0.30289450 0.62895876
vn 0.71601027 -0.30289015 0.62895691
vn 0.71601886 -0.54578632 0.43524048
vn 0.71601856 -0.54578441 0.43524343
vn 0.71601278 -0.68056989 0.15540399
vn 0.71600622 -0.68058568 0.15536514
vn 0.71600455 -0.68060422 0.15529159
vn 0.71599644 -0.68061209 0.15529417
vn 0.71601224 -0.68059576 -0.15529276
vn 0.71601617 -0.68059158 -0.15529321
vn 0.71603835 -0.68055350 -0.15535811
vn 0.71604085 -0.68055123 -0.15535603
vn 0.71600777 -0.54578918 -0.43525514
vn 0.71600586 -0.54579473 -0.43525133
vn 0.71602309 -0.30288950 -0.62894273
vn 0.71602577 -0.30287778 -0.62894535
vn 0.71601748 0.00000999 -0.69808233
vn 0.71601623 0.00000047 -0.69808370
vn 0.71601570 0.30288947 -0.62895119
vn 0.71601754 0.30288422 -0.62895161
vn 0.71602154 0.54577869 -0.43524572
vn 0.71602082 0.54577667 -0.43524936
vn 0.71600646 0.68058258 -0.15537754
vn 0.71598661 0.68060273 -0.15538086
vn 0.71601057 0.68059570 -0.15530105
vn 0.71600693 0.68059844 -0.15530549
vn 0.71600997 0.68058550 0.15534857
vn 0.70475292 0.69276857 0.15295418
vn 0.59069782 0.64461672 0.48533019
vn 0.57817441 0.65336370 0.48870254
vn 0.57815659 0.65330803 0.48879805
vn 0.59064615 0.64455235 0.48547858
vn 0.57047105 0.50930017 0.64434171
vn 0.59088641 0.48761407 0.64271754
vn 0.59086144 0.48760852 0.64274466
vn 0.57046330 0.50933737 0.64431906
vn 0.70256931 0.29053962 0.64960229
vn 0.71566033 0.27421477 0.64236796
vn 0.71600139 -0.00000594 0.69809890
vn 0.71599764 0.00000079 0.69810271
vn 0.71599644 -0.30289239 0.62897170
vn 0.71599895 -0.30288914 0.62897038
vn 0.71602035 -0.54578769 0.43523630
vn 0.71602505 -0.54578251 0.43523508
vn 0.71578074 -0.68033373 0.15749298
vn 0.71578139 -0.68033206 0.15749681
vn 0.71626621 -0.68080747 -0.15317935
vn 0.71626669 -0.68080765 -0.15317638
vn 0.71602499 -0.54577130 -0.43524939
vn 0.71602589 -0.54577446 -0.43524393
vn 0.71596617 -0.30249637 -0.62919664
vn 0.71596628 -0.30249023 -0.62919950
vn 0.71600860 0.00000108 -0.69809145
vn 0.71601057 -0.00000999 -0.69808942
vn 0.71602309 0.30289206 -0.62894154
vn 0.71602428 0.30288830 -0.62894195
vn 0.71601355 0.54579675 -0.43523616
vn 0.71601129 0.54579359 -0.43524390
vn 0.71600860 0.68058085 -0.15537527
vn 0.71599007 0.68060869 -0.15533869
vn 0.71602225 0.68058622 -0.15528841
vn 0.71601957 0.68058872 -0.15529004
vn 0.71563643 0.68170011 0.15214927
vn 0.71563548 0.68170148 0.15214787
vn 0.71564239 0.68168014 0.15221073
vn 0.71562934 0.68169427 0.15220916
vn 0.70721912 0.63280779 0.31527054
vn 0.70721269 0.63280946 0.31528142
vn 0.71462792 0.53887790 0.44600171
vn 0.71461987 0.53888249 0.44600913
vn 0.71602690 0.30288434 0.62894088
vn 0.71602857 0.30288956 0.62893641
vn 0.71599555 0.00000071 0.69810492
vn 0.71599191 0.00001013 0.69810855
vn 0.70707327 -0.15735364 0.68941081
vn 0.70707339 -0.15734953 0.68941164
vn 0.71599782 -0.30289459 0.62896895
vn 0.71599847 -0.30289260 0.62896919
vn 0.71601146 -0.54578012 0.43526039
vn 0.71601200 -0.54578102 0.43525857
vn 0.71601832 -0.68058014 0.15533316
vn 0.71601671 -0.68058175 0.15533367
vn 0.71601015 -0.68058306 -0.15535854
vn 0.71600980 -0.68058467 -0.15535311
vn 0.71605951 -0.54546601 -0.43557504
vn 0.71606249 -0.54546952 -0.43556568
vn 0.71602392 -0.30288437 -0.62894416
vn 0.71602595 -0.30288112 -0.62894350
vn 0.71601558 0.00000556 -0.69808435
vn 0.71601564 -0.00000338 -0.69808424
vn 0.71602088 0.30289516 -0.62894255
vn 0.71602017 0.30289084 -0.62894541
vn 0.71601582 0.54578644 -0.43524531
vn 0.71600884 0.54578757 -0.43525553
vn 0.71598655 0.68060243 -0.15538223
vn 0.71596032 0.68062705 -0.15539521
vn 0.71601605 0.68059272 -0.15528901
vn 0.71601665 0.68059206 -0.15528901
vn 0.71562725 0.68168932 0.15224111
vn 0.71562195 0.68169528 0.15223953
vn 0.71566707 0.68162954 0.15232155
vn 0.71567130 0.68162483 0.15232265
vn 0.71637708 0.54749179 0.43250036
vn 0.71637064 0.54749781 0.43250346
vn 0.71600884 0.30288535 0.62896085
vn 0.71600550 0.30288503 0.62896490
vn 0.71577275 0.00197082 0.69833052
vn 0.71577394 0.00197008 0.69832927
vn 0.71624577 -0.30102202 0.62958539
vn 0.71625209 -0.30101833 0.62957996
vn 0.71600246 -0.54580307 0.43524644
vn 0.71600908 -0.54579687 0.43524334
vn 0.71601444 -0.68057287 0.15538336
vn 0.71602458 -0.68056434 0.15537399
vn 0.71602148 -0.68058705 0.15528865
vn 0.71601754 -0.68059093 0.15528946
vn 0.71602058 -0.68058795 -0.15528899
vn 0.71600431 -0.68060410 -0.15529296
vn 0.71602297 -0.68056786 -0.15536581
vn 0.71601605 -0.68057495 -0.15536639
vn 0.71602082 -0.54577947 -0.43524587
vn 0.71602207 -0.54578096 -0.43524191
vn 1.00000000 0.00000000 -0.00000224
vn 1.00000000 0.00000062 -0.00000192
vn -0.82781923 0.16112083 -0.53735954
vn -0.82666558 -0.16227435 -0.53878665
vn -0.64148527 -0.16279206 -0.74966353
vn -0.64143270 0.16279411 -0.74970812
vn -0.01116972 -0.16150004 -0.98680949
vn -0.01119620 0.16148944 -0.98681098
vn -0.20355706 0.16205461 -0.96555829
vn -0.20358531 -0.16206864 -0.96555001
vn 0.40948766 -0.16341844 -0.89756018
vn 0.40970123 0.16339979 -0.89746612
vn 0.15024413 0.16155259 -0.97536016
vn 0.15034255 -0.16149041 -0.97535539
vn 0.65628481 -0.16155574 -0.73701423
vn 0.65587217 0.16174152 -0.73734075
vn 0.91968077 -0.16161138 -0.35786742
vn 0.91980028 0.16142564 -0.35764384
vn 0.80075246 0.15989934 -0.57725894
vn 0.80054426 -0.15960386 -0.57762921
vn 0.97492492 -0.16130075 -0.15330878
vn 0.97485554 0.16128412 -0.15376659
vn 0.98662496 -0.15769966 -0.04125497
vn 0.98662722 0.15777613 -0.04090724
vn 0.98713338 -0.15984124 -0.00429006
vn 0.98715651 0.15969141 -0.00455804
vn -0.41722137 -0.16204770 -0.89424098
vn -0.41726243 0.16202660 -0.89422572
vn -0.89272922 0.13566525 -0.42968541
vn -0.89419568 -0.13523370 -0.42676222
vn 0.65106964 0.00000000 0.75901812
vn 0.80367696 0.00000034 0.59506589
vn 0.80367571 0.00000000 0.59506762
vn 0.65106726 0.00000000 0.75902015
vn 0.20786923 0.00000131 0.97815663
vn 0.01331565 0.00000000 0.99991137
vn 0.01331553 -0.00000060 0.99991137
vn 0.20786926 0.00000258 0.97815663
vn -0.18467607 -0.00000025 0.98279947
vn -0.42673448 0.00000338 0.90437704
vn -0.42672509 0.00000087 0.90438145
vn -0.18467528 -0.00000268 0.98279959
vn -0.67423368 0.00000209 0.73851812
vn -0.67423081 0.00000062 0.73852074
vn -0.86086160 -0.00000086 0.50883919
vn -0.95966321 0.00000019 0.28115216
vn -0.95966136 -0.00000039 0.28115860
vn -0.86086130 -0.00000164 0.50883979
vn -0.99570936 0.00000112 0.09253566
vn -0.99570876 0.00000026 0.09254216
vn -0.99834359 0.00000153 -0.05753358
vn -0.99834377 0.00000109 -0.05752991
vn -0.99196815 0.00000000 -0.12648793
vn -0.99196762 0.00000046 -0.12649213
vn 0.42485631 0.00000088 0.90526074
vn 0.42485714 0.00000000 0.90526038
vn 0.90542406 0.00000113 0.42450827
vn 0.90542454 0.00000148 0.42450723
vn 0.11407314 0.98451900 0.13307744
vn 0.13443165 0.98585278 0.10011236
vn -0.12336354 0.98921013 -0.07902392
vn -0.09397192 0.98949569 -0.10985248
vn 0.13440160 -0.98585510 0.10012943
vn 0.11409723 -0.98452294 0.13302843
vn -0.09401211 -0.98949641 -0.10981198
vn -0.12333912 -0.98914647 -0.07985409
vn 0.03567408 -0.98521984 0.16753897
vn 0.00221966 -0.98570573 0.16846158
vn -0.00173695 -0.98838389 -0.15196787
vn -0.03073319 -0.98886871 -0.14558206
vn 0.00224765 0.98569983 0.16849583
vn 0.03566531 0.98521453 0.16757196
vn -0.03070283 0.98886889 -0.14558756
vn -0.00175631 0.98838377 -0.15196860
vn -0.03226682 -0.98514700 0.16865411
vn -0.07490821 -0.98474163 0.15707567
vn 0.05814223 -0.99000275 -0.12850678
vn 0.02324052 -0.98839253 -0.15013337
vn -0.07486755 0.98473322 0.15714763
vn -0.03231227 0.98513991 0.16868688
vn 0.02317852 0.98838109 -0.15021858
vn 0.05830761 0.99000233 -0.12843506
vn -0.11822692 -0.98441118 0.13021933
vn 0.09972946 -0.98881131 -0.11093407
vn -0.11809285 0.98441857 0.13028529
vn 0.09956959 0.98877925 -0.11136179
vn -0.14938693 -0.98464316 0.09034085
vn -0.16861592 -0.98457742 0.04664683
vn 0.13672645 -0.98907954 -0.05502344
vn 0.12352738 -0.98855859 -0.08656202
vn -0.16909817 0.98451263 0.04626807
vn -0.14939420 0.98465496 0.09019993
vn 0.12387437 0.98852521 -0.08644723
vn 0.13668761 0.98909628 -0.05481903
vn -0.16788214 -0.98570174 0.01441281
vn 0.15022941 -0.98836774 -0.02367134
vn -0.16807339 0.98566306 0.01482190
vn 0.15017653 0.98836672 -0.02404694
vn -0.16762933 -0.98581338 -0.00850818
vn 0.15956557 -0.98716915 -0.00600097
vn -0.16758655 0.98582166 -0.00839032
vn 0.15957917 0.98716897 -0.00565130
vn -0.14664339 -0.98902708 -0.01792516
vn 0.16146453 -0.98687816 -0.00085899
vn -0.01496983 0.00082045 -0.99988765
vn -0.02367561 -0.00000077 -0.99971968
vn -0.02359912 -0.00000095 -0.99972153
vn -0.01856443 0.00056596 -0.99982750
vn -0.01257837 0.03314829 -0.99937135
vn -0.01408011 0.00676168 -0.99987799
vn -0.01498023 0.00083661 -0.99988753
vn -0.02383300 0.00000000 -0.99971598
vn -0.02366606 -0.00000253 -0.99971998
vn -0.01857814 0.00055574 -0.99982727
vn -0.01407426 0.00671133 -0.99987847
vn -0.01257871 0.03298364 -0.99937671
vn -0.14651054 0.98904443 -0.01805391
vn 0.16129124 0.98690629 -0.00109289
vn 0.07305739 0.98513961 0.15544340
vn -0.06293492 0.98887575 -0.13477366
vn 0.07301617 -0.98514521 0.15542693
vn -0.06291211 -0.98887432 -0.13479495
vn 0.15517874 -0.98495877 0.07599954
vn -0.14762005 -0.98850358 -0.03269544
vn 0.15626799 0.98498535 0.07337650
vn -0.11604952 0.99173617 -0.05469863
vn 0.95218033 0.00000157 0.30553681
vn 0.95218199 0.00000157 0.30553162
vn -0.79672849 0.31619826 -0.51501697
vn -0.61670947 0.31631407 -0.72084320
vn -0.61681676 -0.31626940 -0.72077096
vn -0.79553944 -0.31398165 -0.51820135
vn -0.01074883 -0.31613919 -0.94865197
vn -0.19575672 -0.31621790 -0.92827016
vn -0.19570097 0.31626207 -0.92826688
vn -0.01079678 0.31621310 -0.94862682
vn 0.39265028 -0.31629574 -0.86358714
vn 0.14462139 -0.31628609 -0.93757546
vn 0.14444456 0.31616628 -0.93764323
vn 0.39302284 0.31636250 -0.86339331
vn 0.63204211 -0.31585500 -0.70764285
vn 0.63137841 0.31554884 -0.70837158
vn 0.88296402 -0.31453741 -0.34848368
vn 0.77361041 -0.31253991 -0.55122203
vn 0.77414632 0.31211415 -0.55071068
vn 0.88301611 0.31489071 -0.34803212
vn 0.93725491 -0.31583631 -0.14765075
vn 0.93708146 0.31595024 -0.14850500
vn 0.94979095 -0.31059888 -0.03775509
vn 0.94981647 0.31060103 -0.03708943
vn 0.94881314 -0.31581026 -0.00418283
vn 0.94866705 0.31624138 -0.00471243
vn -0.40119445 0.31623122 -0.85967487
vn -0.40113139 -0.31615418 -0.85973257
vn -0.87448227 -0.25432277 -0.41303846
vn -0.86964315 0.26327139 -0.41762301
vn 0.61746794 0.31625953 0.72021747
vn 0.64270556 0.15781164 0.74968332
vn 0.79367286 0.15877995 0.58725828
vn 0.76203740 0.31570712 0.56535655
vn 0.76200396 -0.31569320 0.56540954
vn 0.79365426 -0.15877949 0.58728373
vn 0.64273137 -0.15780808 0.74966198
vn 0.61752218 -0.31627405 0.72016466
vn 0.19753848 -0.31626463 0.92787671
vn 0.20553774 -0.15841050 0.96574336
vn 0.01306201 -0.15884130 0.98721772
vn 0.01257683 -0.31623715 0.94859689
vn 0.01261887 0.31622747 0.94859946
vn 0.01308409 0.15885937 0.98721451
vn 0.20552869 0.15841672 0.96574438
vn 0.19751365 0.31622711 0.92789483
vn -0.17650703 -0.31610093 0.93216175
vn -0.18256432 -0.15827605 0.97037053
vn -0.42148143 -0.15788206 0.89298749
vn -0.40621763 -0.31603512 0.85738498
vn -0.40613011 0.31600848 0.85743630
vn -0.42143294 0.15790150 0.89300704
vn -0.18259065 0.15830985 0.97036010
vn -0.17657241 0.31607389 0.93215853
vn -0.66600055 -0.15766212 0.72909945
vn -0.63913745 -0.31602055 0.70116645
vn -0.63893878 0.31619766 0.70126760
vn -0.66592926 0.15760256 0.72917742
vn -0.81539017 -0.31504971 0.48567736
vn -0.85031050 -0.15756735 0.50213999
vn -0.94721806 -0.15568864 0.28024793
vn -0.91321367 -0.31074625 0.26358625
vn -0.91354889 0.31033331 0.26290986
vn -0.94728076 0.15588498 0.27992707
vn -0.85036021 0.15750234 0.50207621
vn -0.81542826 0.31524760 0.48548505
vn -0.98311687 -0.15816267 0.09201075
vn -0.94512522 -0.31514436 0.08615272
vn -0.94517922 0.31479076 0.08685030
vn -0.98304737 0.15839498 0.09235270
vn -0.98582006 -0.15828124 -0.05573015
vn -0.94790328 -0.31437436 -0.05145985
vn -0.94784421 0.31458500 -0.05126008
vn -0.98583513 0.15822348 -0.05562738
vn -0.97946298 -0.16104467 -0.12131301
vn -0.94252783 -0.31316859 -0.11647657
vn -0.94236434 0.31351456 -0.11686847
vn -0.97945553 0.16093001 -0.12152536
vn 0.40345702 0.31619635 0.85862815
vn 0.41983560 0.15833332 0.89368260
vn 0.41981655 -0.15829808 0.89369786
vn 0.40341678 -0.31619075 0.85864913
vn 0.85764265 -0.31558296 0.40602532
vn 0.89168656 -0.15770103 0.42429429
vn 0.89168352 0.15776408 0.42427701
vn 0.85770935 0.31551349 0.40593857
vn 0.93776196 0.15193835 0.31227770
vn 0.90190637 0.30956331 0.30122337
vn 0.90450996 -0.30250570 0.30058646
vn 0.93862796 -0.14758195 0.31176472
vn -0.26721048 0.94839072 -0.17074431
vn -0.20553553 0.94869173 -0.24028978
vn -0.20561780 -0.94870961 -0.24014866
vn -0.26560473 -0.94868499 -0.17161307
vn -0.00360497 -0.94869673 -0.31616706
vn -0.06530780 -0.94870448 -0.30934578
vn -0.06525654 0.94867891 -0.30943483
vn -0.00366071 0.94867074 -0.31624427
vn 0.13164335 -0.94872004 -0.28740284
vn 0.04840562 -0.94865030 -0.31260118
vn 0.04821666 0.94867647 -0.31255102
vn 0.13214007 0.94868851 -0.28727895
vn 0.21076007 -0.94851255 -0.23644067
vn 0.20988280 0.94857401 -0.23697382
vn 0.29705778 -0.94811434 -0.11329594
vn 0.25856021 -0.94698858 -0.19068089
vn 0.25866643 0.94717008 -0.18963270
vn 0.29766148 0.94796658 -0.11294743
vn 0.31268564 -0.94861221 -0.04860580
vn 0.31267777 0.94856817 -0.04950684
vn 0.32203469 -0.94661081 -0.01488675
vn 0.32192430 0.94665962 -0.01415504
vn 0.31624198 -0.94867730 -0.00160207
vn 0.31664872 0.94854051 -0.00211672
vn -0.13383828 0.94866234 -0.28657815
vn -0.13372454 -0.94869274 -0.28653061
vn -0.28769195 -0.95205945 -0.10400094
vn -0.31368604 0.93789583 -0.14816359
vn 0.20574963 0.94869357 0.24009903
vn 0.25500122 0.94851881 0.18784726
vn 0.25493908 -0.94853169 0.18786621
vn 0.20579667 -0.94869775 0.24004224
vn 0.06577768 -0.94869268 0.30928245
vn 0.00411379 -0.94868159 0.31620619
vn 0.00415683 0.94867653 0.31622076
vn 0.06575133 0.94869018 0.30929545
vn -0.05797089 -0.94864345 0.31099042
vn -0.13450721 -0.94863605 0.28635219
vn -0.13442598 0.94863069 0.28640792
vn -0.05802379 0.94865203 0.31095427
vn -0.21354707 -0.94869208 0.23319738
vn -0.21355879 0.94860989 0.23352060
vn -0.27365017 -0.94844174 0.15991855
vn -0.30709025 -0.94701868 0.09408087
vn -0.30702630 0.94710523 0.09341642
vn -0.27393642 0.94836146 0.15990438
vn -0.31616011 -0.94823843 0.02977817
vn -0.31568110 0.94837636 0.03045772
vn -0.31714675 -0.94818741 -0.01893587
vn -0.31740633 0.94810456 -0.01873645
vn -0.31662408 -0.94776046 -0.03872070
vn -0.31693548 0.94763929 -0.03913601
vn 0.13440217 0.94868362 0.28624386
vn 0.13436610 -0.94868129 0.28626823
vn 0.28595322 -0.94796681 0.13996369
vn 0.28547034 0.94850004 0.13731168
vn 0.32293555 0.93982786 0.11151725
vn 0.19953609 0.97744346 0.06920765
vn 0.20323408 -0.97663015 0.06992504
vn 0.33502460 -0.93554169 0.11189358
vn -0.14648999 -0.98921210 0.00009575
vn 0.94901943 -0.00000424 0.31521752
vn 0.94901985 0.00000049 0.31521657
vn 0.90346366 -0.00000115 0.42866474
vn 0.80361569 0.00000000 0.59514856
vn 0.65088344 -0.00000026 0.75917768
vn 0.42522430 -0.00000009 0.90508801
vn 0.20819001 0.00000050 0.97808844
vn 0.01326423 0.00000041 0.99991202
vn -0.18525243 0.00000356 0.98269099
vn -0.42719829 -0.00000000 0.90415800
vn -0.67421180 -0.00000173 0.73853809
vn -0.86055458 0.00000009 0.50935835
vn -0.95950103 0.00000000 0.28170508
vn -0.99567688 -0.00000090 0.09288516
vn -0.99844444 -0.00000025 -0.05575712
vn -0.99238992 0.00000045 -0.12313548
vn -0.99239010 -0.00000357 -0.12313364
vn -0.99844456 -0.00000038 -0.05575423
vn -0.99567640 -0.00000002 0.09289005
vn -0.95949912 0.00000000 0.28171155
vn -0.86054981 0.00000000 0.50936633
vn -0.67420423 0.00000360 0.73854494
vn -0.42719185 0.00000045 0.90416104
vn -0.18524525 0.00000381 0.98269230
vn 0.01326856 0.00000105 0.99991196
vn 0.20819455 0.00000049 0.97808743
vn 0.42522922 0.00000000 0.90508568
vn 0.65088904 0.00000000 0.75917286
vn 0.80361718 0.00000000 0.59514666
vn 0.90346652 0.00000000 0.42865869
vn 0.31793201 0.00000000 0.94811350
vn 0.31793201 0.00000000 0.94811350
vn 0.31793201 0.00000000 0.94811350
vn 0.31795487 0.00000552 0.94810587
vn 0.31795487 0.00000552 0.94810587
vn 0.31795487 0.00000552 0.94810587
vn 0.57156843 -0.79877925 0.18778029
vn 0.54239601 -0.79965341 0.25760639
vn 0.54186255 -0.80053014 0.25600097
vn 0.56911904 -0.80171937 0.18261880
vn 0.48299295 -0.79940158 0.35731637
vn 0.48297200 -0.79943162 0.35727733
vn 0.39072481 -0.79962730 0.45599380
vn 0.39066648 -0.79967093 0.45596746
vn 0.25537339 -0.79954541 0.54360980
vn 0.25539276 -0.79945606 0.54373223
vn 0.12489758 -0.79959917 0.58740258
vn 0.12486881 -0.79952234 0.58751327
vn 0.00812500 -0.79946798 0.60065377
vn 0.00814845 -0.79948169 0.60063535
vn -0.11115367 -0.79948592 0.59031099
vn -0.11105698 -0.79961729 0.59015137
vn -0.25650615 -0.79947931 0.54317349
vn -0.25638416 -0.79959679 0.54305816
vn -0.40498236 -0.79960626 0.44341749
vn -0.40502170 -0.79959267 0.44340608
vn -0.51684386 -0.79961622 0.30575541
vn -0.51704282 -0.79947871 0.30577886
vn -0.57625067 -0.79959661 0.16905773
vn -0.57643569 -0.79946685 0.16904028
vn -0.59800160 -0.79955453 0.05573689
vn -0.59810841 -0.79947639 0.05571229
vn -0.59935528 -0.79976946 -0.03379238
vn -0.59964478 -0.79951930 -0.03456841
vn -0.59602946 -0.79954720 -0.07398093
vn -0.59638500 -0.79918420 -0.07503051
vn -0.69447958 0.00000000 0.71951246
vn -0.69447958 0.00000000 0.71951246
vn -0.69447958 0.00000000 0.71951246
vn -0.69448203 0.00000000 0.71951008
vn -0.69448203 0.00000000 0.71951008
vn -0.69448203 0.00000000 0.71951008
vn -0.59626764 0.79931420 -0.07457703
vn -0.59969014 0.79953021 -0.03351685
vn -0.59920579 0.79987448 -0.03395897
vn -0.59480429 0.80028629 -0.07582703
vn -0.59810227 0.79948390 0.05567084
vn -0.59799963 0.79956418 0.05561942
vn -0.57641917 0.79947126 0.16907582
vn -0.57627171 0.79960203 0.16896056
vn -0.51699728 0.79948330 0.30584350
vn -0.51687759 0.79962051 0.30568707
vn -0.40478662 0.79960823 0.44359276
vn -0.40476459 0.79960889 0.44361162
vn -0.25643060 0.79960555 0.54302335
vn -0.25643888 0.79948837 0.54319197
vn -0.11109259 0.79962760 0.59013075
vn -0.11105029 0.79949528 0.59031790
vn 0.00783519 0.79948688 0.60063249
vn 0.00782638 0.79947972 0.60064220
vn 0.12502214 0.79952961 0.58747071
vn 0.12497100 0.79960215 0.58738303
vn 0.25527889 0.79946280 0.54377562
vn 0.25517476 0.79955810 0.54368436
vn 0.39101547 0.79969764 0.45562130
vn 0.39113143 0.79962999 0.45564038
vn 0.48263040 0.79943502 0.35773116
vn 0.48262826 0.79941815 0.35777169
vn 0.54216969 0.80025762 0.25620267
vn 0.54388016 0.79964924 0.25447127
vn 0.56997269 0.79955447 0.18932465
vn 0.57232225 0.79839069 0.18713503
vn 0.00006126 -0.00023442 1.00000000
vn 0.00006126 -0.00023442 1.00000000
vn 0.00006126 -0.00023442 1.00000000
vn -0.00019621 -0.00004680 1.00000000
vn -0.00019621 -0.00004680 1.00000000
vn -0.00019621 -0.00004680 1.00000000
vn 0.00029338 0.00011897 1.00000000
vn 0.00005394 0.00035408 1.00000000
vn 0.00005394 0.00035408 1.00000000
vn 1.00000000 0.00000000 -0.00001230
vn 1.00000000 0.00000000 -0.00001230
vn 1.00000000 0.00000000 -0.00001230
vn 1.00000000 0.00000000 -0.00000000
vn 1.00000000 0.00000000 -0.00000000
vn 1.00000000 0.00000000 -0.00000000
vn 1.00000000 0.00000000 -0.00000000
vn 1.00000000 0.00000000 -0.00000000
vn 1.00000000 0.00000000 -0.00000000
vn 1.00000000 0.00000000 -0.00000000
vn 1.00000000 0.00000000 0.00001804
vn 1.00000000 0.00000000 0.00001804
vn 1.00000000 0.00000000 0.00001804
vn 1.00000000 0.00000000 -0.00000784
vn 1.00000000 0.00000000 -0.00000784
vn 1.00000000 0.00000000 -0.00000784
vn 1.00000000 0.00000000 -0.00000000
vn 1.00000000 0.00000000 -0.00000000
vn 1.00000000 0.00000000 -0.00000000
vn 1.00000000 0.00000000 -0.00001576
vn 1.00000000 0.00000000 -0.00001576
vn 1.00000000 0.00000000 -0.00001576
vn 1.00000000 0.00000000 -0.00005868
vn 1.00000000 0.00000000 -0.00005868
vn 1.00000000 0.00000000 -0.00005868
vn 1.00000000 0.00000000 -0.00000000
vn 1.00000000 0.00000000 -0.00000000
vn 1.00000000 0.00000000 -0.00000000
vn 1.00000000 0.00000000 0.00001294
vn 1.00000000 0.00000000 0.00001294
vn 1.00000000 0.00000000 0.00001294
vn 1.00000000 0.00000000 0.00000387
vn 1.00000000 0.00000000 0.00000387
vn 1.00000000 0.00000000 0.00000387
vn 1.00000000 0.00000000 0.00000336
vn 1.00000000 0.00000000 0.00000336
vn 1.00000000 0.00000000 0.00000336
vn 1.00000000 0.00000000 0.00001307
vn 1.00000000 0.00000000 0.00001307
vn 1.00000000 0.00000000 0.00001307
vn 1.00000000 0.00000000 -0.00001008
vn 1.00000000 0.00000000 -0.00001008
vn 1.00000000 0.00000000 -0.00001008
vn 1.00000000 0.00000000 -0.00000224
vn 1.00000000 0.00000000 -0.00000224
vn 1.00000000 0.00000000 -0.00000224
vn 1.00000000 0.00000000 0.00001160
vn 1.00000000 0.00000000 0.00001160
vn 1.00000000 0.00000000 0.00001160
vn 1.00000000 0.00000000 0.00001294
vn 1.00000000 0.00000000 0.00001294
vn 1.00000000 0.00000000 0.00001294
vn 1.00000000 0.00000000 -0.00001571
vn 1.00000000 0.00000000 -0.00001571
vn 1.00000000 0.00000000 -0.00001571
vn 0.98708838 -0.00000027 0.16017668
vn 1.00000000 -0.00000012 0.00001012
vn 1.00000000 -0.00000016 0.00000500
vn 0.98708385 -0.00000047 0.16020474
vn 1.00000000 0.00000000 0.00000063
vn 1.00000000 0.00000000 -0.00000000
vn 1.00000000 0.00000000 -0.00000000
vn 1.00000000 0.00000000 -0.00000000
vn 1.00000000 0.00000000 0.00000647
vn 1.00000000 0.00000000 0.00000647
vn 1.00000000 0.00000000 0.00000647
vn 1.00000000 0.00000000 -0.00000000
vn 1.00000000 0.00000000 -0.00000000
vn 1.00000000 0.00000000 -0.00000000
vn 1.00000000 0.00000000 0.00000186
vn 1.00000000 0.00000000 -0.00000475
vn 1.00000000 0.00000000 0.00000491
vn 1.00000000 0.00000000 -0.00000387
vn 1.00000000 0.00000000 -0.00000387
vn 1.00000000 0.00000000 -0.00000387
vn 1.00000000 0.00000000 0.00001456
vn 1.00000000 0.00000000 0.00001456
vn 1.00000000 0.00000000 0.00001456
vn 1.00000000 0.00000000 -0.00000324
vn 1.00000000 0.00000000 -0.00000324
vn 1.00000000 0.00000000 -0.00000324
vn 1.00000000 0.00000000 0.00000524
vn 1.00000000 0.00000000 0.00000524
vn 1.00000000 0.00000000 0.00000524
vn 1.00000000 0.00000000 0.00000932
vn 1.00000000 0.00000000 0.00000170
vn 0.99235398 0.00000000 -0.12342446
vn 1.00000000 0.00000000 -0.00001858
vn 1.00000000 0.00000000 -0.00001858
vn 1.00000000 0.00000000 -0.00001858
vn 1.00000000 0.00000000 -0.00000000
vn 1.00000000 0.00000000 0.00000244
vn 1.00000000 0.00000000 -0.00000000
vn 1.00000000 0.00000000 -0.00000351
vn 1.00000000 0.00000000 -0.00000351
vn 1.00000000 0.00000000 -0.00000351
vn 1.00000000 0.00000000 0.00002397
vn 1.00000000 0.00000000 0.00002397
vn 1.00000000 0.00000000 0.00002397
vn 1.00000000 0.00000000 -0.00000734
vn 1.00000000 0.00000000 -0.00000734
vn 1.00000000 0.00000000 -0.00000734
vn 1.00000000 0.00000000 0.00000007
vn 1.00000000 0.00000000 0.00000082
vn 0.99234599 -0.00000016 -0.12348850
vn 1.00000000 0.00000000 -0.00000000
vn 1.00000000 0.00000000 -0.00000000
vn 1.00000000 0.00000000 -0.00000000
vn 1.00000000 0.00000000 0.00000455
vn 1.00000000 0.00000062 -0.00000268
vn 1.00000000 0.00000002 0.00001265
vn 0.98710012 0.00000116 0.16010381
vn 1.00000000 -0.00000113 0.00001009
vn 1.00000000 0.00000086 0.00000057
vn 1.00000000 0.00000065 0.00000795
vn 1.00000000 0.00000000 0.00001466
vn 1.00000000 0.00000000 0.00001466
vn 1.00000000 0.00000000 0.00001466
vn 1.00000000 -0.00000070 -0.00000050
vn 1.00000000 -0.00000100 -0.00001245
vn 0.99235582 -0.00000058 -0.12341028
vn 1.00000000 0.00000000 -0.00000734
vn 1.00000000 0.00000000 -0.00000734
vn 1.00000000 0.00000000 -0.00000734
vn 1.00000000 -0.00000051 -0.00000910
vn 1.00000000 -0.00000105 -0.00000927
vn 0.99234819 0.00000014 -0.12347079
vn 0.98708421 0.00000021 0.16020215
vn 1.00000000 0.00000118 0.00001404
vn 1.00000000 0.00000053 0.00001039
vn 0.85064626 0.00001165 0.52573866
vn 0.52571267 0.00000006 0.85066223
vn 0.31618673 0.00000006 0.94869691
vn 0.85064626 -0.00001006 0.52573854
vn 0.52569920 -0.00000266 0.85067052
vn 0.31618682 -0.00000066 0.94869697
vn 0.52570480 0.00000010 0.85066706
vn 0.31620282 -0.00000033 0.94869161
vn 0.85066342 -0.00000999 0.52571088
vn 0.88927835 -0.00000008 -0.45736644
vn 0.59802836 -0.00000337 -0.80147505
vn 0.20515591 0.00000015 -0.97872931
vn -0.00056783 0.00000015 -0.99999982
vn 0.00000025 0.00000000 -1.00000000
vn 0.00000025 0.00000000 -1.00000000
vn 0.00000025 0.00000000 -1.00000000
vn 0.00000025 0.00000000 -1.00000000
vn 0.00056861 -0.00000081 -0.99999988
vn 0.00056861 0.00000005 -0.99999982
vn -0.20514724 0.00000002 -0.97873122
vn -0.59774619 -0.00000944 -0.80168551
vn -0.88914269 -0.00000469 -0.45763013
vn -0.99235064 0.00000002 -0.12345198
vn -0.98708773 -0.00000010 0.16018109
vn -0.82213569 0.00007390 0.56929159
vn -0.48117292 -0.00018617 0.87662572
vn -0.31619316 -0.00000019 0.94869488
vn 0.88967836 0.00000456 -0.45658779
vn 0.59870178 -0.00000517 -0.80097210
vn 0.20514381 0.00000032 -0.97873187
vn -0.00056783 0.00000015 -0.99999982
vn 0.00000014 0.00000005 -1.00000000
vn 0.00000014 0.00000005 -1.00000000
vn 0.00000014 0.00000005 -1.00000000
vn 0.00000026 0.00000020 -1.00000000
vn 0.00000026 0.00000020 -1.00000000
vn 0.00000026 0.00000020 -1.00000000
vn 0.00056860 0.00000000 -0.99999982
vn -0.20514451 0.00000002 -0.97873169
vn -0.59701359 0.00008952 -0.80223107
vn -0.88877016 0.00009990 -0.45835310
vn -0.99235088 -0.00000044 -0.12344958
vn -0.98708761 -0.00000037 0.16018149
vn -0.86606264 -0.00011410 0.49993548
vn -0.55135554 0.00004390 0.83427036
vn -0.31619403 0.00000004 0.94869459
vn 0.88952541 0.00001511 -0.45688564
vn 0.59835899 0.00001645 -0.80122811
vn 0.20514806 0.00000002 -0.97873098
vn -0.00056783 -0.00000017 -0.99999982
vn 0.00000000 0.00000000 -1.00000000
vn 0.00000000 0.00000000 -1.00000000
vn 0.00000000 0.00000000 -1.00000000
vn 0.00000015 0.00000000 -1.00000000
vn 0.00000015 0.00000000 -1.00000000
vn 0.00000015 0.00000000 -1.00000000
vn 0.00000000 -0.00000882 -1.00000000
vn 0.00000000 -0.00000882 -1.00000000
vn 0.00000000 -0.00000882 -1.00000000
vn 0.00000048 0.00000033 -1.00000000
vn 0.00000048 0.00000033 -1.00000000
vn 0.00000048 0.00000033 -1.00000000
vn 0.00000012 0.00000060 -1.00000000
vn 0.00000012 0.00000060 -1.00000000
vn 0.00000012 0.00000060 -1.00000000
vn 0.00000015 0.00000046 -1.00000000
vn 0.00000015 0.00000046 -1.00000000
vn 0.00000015 0.00000046 -1.00000000
vn 0.00000010 0.00000000 -1.00000000
vn 0.00000010 0.00000000 -1.00000000
vn 0.00000010 0.00000000 -1.00000000
vn -0.00033542 -0.00000020 -0.99999994
vn -0.00033293 0.00004137 -0.99999994
vn 0.00033571 0.00000108 -0.99999994
vn -0.20514663 0.00000011 -0.97873133
vn 0.00056861 0.00000000 -0.99999982
vn -0.60119694 0.00017299 -0.79910082
vn -0.96952218 0.00000005 -0.24500374
vn -0.89125878 0.00019169 -0.45349512
vn -0.99235117 -0.00000003 -0.12344757
vn -0.98708719 -0.00000016 0.16018444
vn -0.85212851 -0.00064365 0.52333230
vn -0.52729994 -0.00077013 0.84967893
vn -0.31620011 0.00000077 0.94869250
vn 0.00000014 0.00000000 -1.00000000
vn 0.00000014 0.00000000 -1.00000000
vn 0.00000014 0.00000000 -1.00000000
vn 0.00000014 -0.00000066 -1.00000000
vn 0.00000014 -0.00000066 -1.00000000
vn 0.00000014 -0.00000066 -1.00000000
vn -0.30097368 -0.46044230 -0.83510941
vn -0.46194744 -0.30188438 -0.83394879
vn -0.46262348 0.30118677 -0.83382612
vn -0.30167568 0.45978856 -0.83521634
vn 0.30098152 0.46045092 -0.83510196
vn 0.46196401 0.30187410 -0.83394325
vn 0.46261585 -0.30118269 -0.83383197
vn 0.30171347 -0.45978066 -0.83520699
vn -0.10202443 -0.58033317 -0.80796319
vn -0.30095333 -0.46050057 -0.83508462
vn -0.58680218 0.10202374 -0.80327725
vn -0.46266094 0.30115348 -0.83381742
vn 0.10204228 0.58033395 -0.80796027
vn 0.30095556 0.46045846 -0.83510709
vn 0.58678871 -0.10201885 -0.80328774
vn 0.46266037 -0.30113789 -0.83382344
vn -0.46195507 -0.30181915 -0.83396804
vn -0.58700323 -0.10152869 -0.80319315
vn -0.30165511 0.45979869 -0.83521819
vn -0.10124363 0.58077484 -0.80774397
vn 0.46193296 0.30182645 -0.83397776
vn 0.58696806 0.10151869 -0.80322009
vn 0.30168787 -0.45976633 -0.83522415
vn 0.10127065 -0.58074069 -0.80776513
vn -0.58702111 -0.10148668 -0.80318534
vn -0.60123241 0.00016445 -0.79907411
vn -0.47514147 -0.71108383 0.51826668
vn -0.71107990 -0.47514880 0.51826549
vn -0.71108252 0.47515285 0.51825815
vn -0.47515115 0.71106279 0.51828665
vn 0.47513819 0.71108383 0.51826966
vn 0.71106738 0.47511640 0.51831234
vn 0.71107352 -0.47514802 0.51827490
vn 0.47514710 -0.71107966 0.51826733
vn -0.16685189 -0.83879513 0.51825029
vn -0.47511667 -0.71109873 0.51826900
vn -0.83878350 0.16684654 0.51827073
vn -0.71110624 0.47510806 0.51826668
vn 0.16685793 0.83877128 0.51828694
vn 0.47509789 0.71109962 0.51828498
vn 0.83881313 -0.16688171 0.51821136
vn 0.71110857 -0.47511742 0.51825488
vn -0.71109670 -0.47512159 0.51826727
vn -0.83877558 -0.16685812 0.51827985
vn -0.47510761 0.71109736 0.51827925
vn -0.16685484 0.83878034 0.51827312
vn 0.71111000 0.47511882 0.51825154
vn 0.83877832 0.16682735 0.51828510
vn 0.47512183 -0.71109587 0.51826817
vn 0.16686895 -0.83876628 0.51829135
vn -0.83878237 -0.16684349 0.51827365
vn -0.85208499 -0.00065838 0.52340299
vn 0.58700687 0.10147859 -0.80319679
vn 0.59803766 -0.00023717 -0.80146796
vn 0.83876151 0.16681628 0.51831609
vn 0.85063910 -0.00001510 0.52575004
vn -0.10124175 0.58075202 -0.80776066
vn 0.10198050 0.58037609 -0.80793786
vn 0.10122690 -0.58076000 -0.80775678
vn -0.10198032 -0.58036995 -0.80794227
vn -0.16679968 0.83879602 0.51826566
vn 0.16682322 0.83877987 0.51828408
vn 0.16683139 -0.83878893 0.51826692
vn -0.16682363 -0.83878309 0.51827872
vn 0.85060865 0.00000092 0.52579951
vn 0.83877355 -0.16681997 0.51829529
vn 0.85064900 -0.00001470 0.52573407
vn 0.85061288 0.00001547 0.52579266
vn 0.85063577 -0.00002326 0.52575541
vn 0.85060847 0.00000908 0.52579963
vn 0.85061455 0.00000132 0.52578980
vn 0.85060775 -0.00000214 0.52580088
vn 0.59803826 -0.00024525 -0.80146748
vn 0.59809083 0.00000056 -0.80142844
vn -0.59859097 -0.00005635 -0.80105489
vn -0.58683634 0.10201382 -0.80325359
vn -0.85081285 0.00105223 0.52546787
vn -0.83878255 0.16682611 0.51827890
vn 0.59801084 -0.00000112 -0.80148798
vn 0.59878492 0.00002044 -0.80090988
vn -0.59779543 -0.00000606 -0.80164868
vn -0.59860700 -0.00005705 -0.80104297
vn -0.82210737 0.00007662 0.56933260
vn -0.85080177 0.00104907 0.52548581
vn 0.59843320 0.00002078 -0.80117273
vn 0.58685434 -0.10197047 -0.80324596
vn -0.60128850 0.00018283 -0.79903203
vn -0.59709018 0.00009414 -0.80217421
vn -0.85209906 -0.00065679 0.52338010
vn -0.86601043 -0.00011409 0.50002599
vn 0.59875548 -0.00001577 -0.80093193
vn 0.59855360 0.00001693 -0.80108285
vn -0.59708565 0.00010033 -0.80217749
vn -0.59777683 -0.00001804 -0.80166256
vn -0.86603326 -0.00012964 0.49998635
vn -0.82207489 0.00007637 0.56937933
f 2359/2359/2359 2360/2360/2360 2361/2361/2361
f 2359/2359/2359 2361/2361/2361 2362/2362/2362
f 2363/2363/2363 2364/2364/2364 2365/2365/2365
f 2366/2366/2366 2367/2367/2367 2362/2362/2362
f 2362/2362/2362 2361/2361/2361 2366/2366/2366
f 2368/2368/2368 2369/2369/2369 2367/2367/2367
f 2367/2367/2367 2366/2366/2366 2368/2368/2368
f 2370/2370/2370 2371/2371/2371 2369/2369/2369
f 2369/2369/2369 2368/2368/2368 2370/2370/2370
f 2372/2372/2372 2371/2371/2371 2370/2370/2370
f 2370/2370/2370 2373/2373/2373 2372/2372/2372
f 2374/2374/2374 2375/2375/2375 2372/2372/2372
f 2372/2372/2372 2373/2373/2373 2374/2374/2374
f 2376/2376/2376 2377/2377/2377 2375/2375/2375
f 2375/2375/2375 2374/2374/2374 2376/2376/2376
f 2378/2378/2378 2379/2379/2379 2377/2377/2377
f 2377/2377/2377 2376/2376/2376 2378/2378/2378
f 2379/2379/2379 2378/2378/2378 2380/2380/2380
f 2380/2380/2380 2381/2381/2381 2379/2379/2379
f 2382/2382/2382 2383/2383/2383 2384/2384/2384
f 2384/2384/2384 2385/2385/2385 2382/2382/2382
f 2386/2386/2386 2387/2387/2387 2383/2383/2383
f 2383/2383/2383 2382/2382/2382 2386/2386/2386
f 2388/2388/2388 2389/2389/2389 2387/2387/2387
f 2387/2387/2387 2386/2386/2386 2388/2388/2388
f 2390/2390/2390 2389/2389/2389 2388/2388/2388
f 2388/2388/2388 2391/2391/2391 2390/2390/2390
f 2392/2392/2392 2393/2393/2393 2390/2390/2390
f 2390/2390/2390 2391/2391/2391 2392/2392/2392
f 2394/2394/2394 2395/2395/2395 2393/2393/2393
f 2393/2393/2393 2392/2392/2392 2394/2394/2394
f 2396/2396/2396 2397/2397/2397 2395/2395/2395
f 2395/2395/2395 2394/2394/2394 2396/2396/2396
f 2398/2398/2398 2399/2399/2399 2400/2400/2400
f 2401/2401/2401 2402/2402/2402 2403/2403/2403
f 2404/2404/2404 2405/2405/2405 2406/2406/2406
f 2407/2407/2407 2408/2408/2408 2409/2409/2409
f 2410/2410/2410 2411/2411/2411 2412/2412/2412
f 2413/2413/2413 2414/2414/2414 2415/2415/2415
f 2416/2416/2416 2417/2417/2417 2418/2418/2418
f 2419/2419/2419 2420/2420/2420 2421/2421/2421
f 2422/2422/2422 2423/2423/2423 2424/2424/2424
f 2424/2424/2424 2425/2425/2425 2422/2422/2422
f 2426/2426/2426 2427/2427/2427 2428/2428/2428
f 2428/2428/2428 2429/2429/2429 2426/2426/2426
f 2430/2430/2430 2431/2431/2431 2432/2432/2432
f 2432/2432/2432 2433/2433/2433 2430/2430/2430
f 2434/2434/2434 2435/2435/2435 2436/2436/2436
f 2436/2436/2436 2437/2437/2437 2434/2434/2434
f 2438/2438/2438 2439/2439/2439 2440/2440/2440
f 2440/2440/2440 2441/2441/2441 2438/2438/2438
f 2442/2442/2442 2443/2443/2443 2444/2444/2444
f 2444/2444/2444 2445/2445/2445 2442/2442/2442
f 2431/2431/2431 2429/2429/2429 2428/2428/2428
f 2428/2428/2428 2432/2432/2432 2431/2431/2431
f 2435/2435/2435 2446/2446/2446 2447/2447/2447
f 2447/2447/2447 2436/2436/2436 2435/2435/2435
f 2448/2448/2448 2425/2425/2425 2424/2424/2424
f 2424/2424/2424 2449/2449/2449 2448/2448/2448
f 2450/2450/2450 2451/2451/2451 2452/2452/2452
f 2452/2452/2452 2453/2453/2453 2450/2450/2450
f 2454/2454/2454 2455/2455/2455 2456/2456/2456
f 2456/2456/2456 2457/2457/2457 2454/2454/2454
f 2422/2422/2422 2458/2458/2458 2459/2459/2459
f 2459/2459/2459 2423/2423/2423 2422/2422/2422
f 2460/2460/2460 2438/2438/2438 2441/2441/2441
f 2441/2441/2441 2461/2461/2461 2460/2460/2460
f 2426/2426/2426 2442/2442/2442 2445/2445/2445
f 2445/2445/2445 2427/2427/2427 2426/2426/2426
f 2447/2447/2447 2446/2446/2446 2462/2462/2462
f 2462/2462/2462 2463/2463/2463 2447/2447/2447
f 2373/2373/2373 2370/2370/2370 2464/2464/2464
f 2464/2464/2464 2465/2465/2465 2373/2373/2373
f 2391/2391/2391 2388/2388/2388 2466/2466/2466
f 2466/2466/2466 2467/2467/2467 2391/2391/2391
f 2468/2468/2468 2394/2394/2394 2392/2392/2392
f 2392/2392/2392 2469/2469/2469 2468/2468/2468
f 2470/2470/2470 2368/2368/2368 2366/2366/2366
f 2366/2366/2366 2471/2471/2471 2470/2470/2470
f 2472/2472/2472 2376/2376/2376 2374/2374/2374
f 2374/2374/2374 2473/2473/2473 2472/2472/2472
f 2474/2474/2474 2386/2386/2386 2382/2382/2382
f 2382/2382/2382 2475/2475/2475 2474/2474/2474
f 2469/2469/2469 2392/2392/2392 2391/2391/2391
f 2391/2391/2391 2467/2467/2467 2469/2469/2469
f 2471/2471/2471 2366/2366/2366 2361/2361/2361
f 2361/2361/2361 2476/2476/2476 2471/2471/2471
f 2473/2473/2473 2374/2374/2374 2373/2373/2373
f 2373/2373/2373 2465/2465/2465 2473/2473/2473
f 2475/2475/2475 2382/2382/2382 2385/2385/2385
f 2385/2385/2385 2477/2477/2477 2475/2475/2475
f 2478/2478/2478 2396/2396/2396 2394/2394/2394
f 2394/2394/2394 2468/2468/2468 2478/2478/2478
f 2464/2464/2464 2370/2370/2370 2368/2368/2368
f 2368/2368/2368 2470/2470/2470 2464/2464/2464
f 2479/2479/2479 2378/2378/2378 2376/2376/2376
f 2376/2376/2376 2472/2472/2472 2479/2479/2479
f 2466/2466/2466 2388/2388/2388 2386/2386/2386
f 2386/2386/2386 2474/2474/2474 2466/2466/2466
f 2361/2361/2361 2360/2360/2360 2480/2480/2480
f 2480/2480/2480 2476/2476/2476 2361/2361/2361
f 2378/2378/2378 2479/2479/2479 2481/2481/2481
f 2481/2481/2481 2380/2380/2380 2378/2378/2378
f 2482/2482/2482 2483/2483/2483 2422/2422/2422
f 2422/2422/2422 2425/2425/2425 2482/2482/2482
f 2484/2484/2484 2485/2485/2485 2426/2426/2426
f 2426/2426/2426 2429/2429/2429 2484/2484/2484
f 2455/2455/2455 2486/2486/2486 2487/2487/2487
f 2487/2487/2487 2488/2488/2488 2455/2455/2455
f 2434/2434/2434 2489/2489/2489 2490/2490/2490
f 2490/2490/2490 2435/2435/2435 2434/2434/2434
f 2438/2438/2438 2491/2491/2491 2492/2492/2492
f 2492/2492/2492 2439/2439/2439 2438/2438/2438
f 2493/2493/2493 2494/2494/2494 2495/2495/2495
f 2495/2495/2495 2450/2450/2450 2493/2493/2493
f 2431/2431/2431 2496/2496/2496 2484/2484/2484
f 2484/2484/2484 2429/2429/2429 2431/2431/2431
f 2435/2435/2435 2490/2490/2490 2497/2497/2497
f 2497/2497/2497 2446/2446/2446 2435/2435/2435
f 2448/2448/2448 2498/2498/2498 2482/2482/2482
f 2482/2482/2482 2425/2425/2425 2448/2448/2448
f 2450/2450/2450 2495/2495/2495 2499/2499/2499
f 2499/2499/2499 2451/2451/2451 2450/2450/2450
f 2454/2454/2454 2500/2500/2500 2486/2486/2486
f 2486/2486/2486 2455/2455/2455 2454/2454/2454
f 2422/2422/2422 2483/2483/2483 2501/2501/2501
f 2501/2501/2501 2458/2458/2458 2422/2422/2422
f 2460/2460/2460 2502/2502/2502 2491/2491/2491
f 2491/2491/2491 2438/2438/2438 2460/2460/2460
f 2426/2426/2426 2485/2485/2485 2503/2503/2503
f 2503/2503/2503 2442/2442/2442 2426/2426/2426
f 2497/2497/2497 2504/2504/2504 2462/2462/2462
f 2462/2462/2462 2446/2446/2446 2497/2497/2497
f 2502/2502/2502 2460/2460/2460 2505/2505/2505
f 2505/2505/2505 2506/2506/2506 2502/2502/2502
f 2507/2507/2507 2424/2424/2424 2423/2423/2423
f 2423/2423/2423 2508/2508/2508 2507/2507/2507
f 2509/2509/2509 2428/2428/2428 2427/2427/2427
f 2427/2427/2427 2510/2510/2510 2509/2509/2509
f 2511/2511/2511 2433/2433/2433 2432/2432/2432
f 2432/2432/2432 2512/2512/2512 2511/2511/2511
f 2513/2513/2513 2437/2437/2437 2436/2436/2436
f 2436/2436/2436 2514/2514/2514 2513/2513/2513
f 2515/2515/2515 2441/2441/2441 2440/2440/2440
f 2440/2440/2440 2516/2516/2516 2515/2515/2515
f 2517/2517/2517 2445/2445/2445 2444/2444/2444
f 2444/2444/2444 2518/2518/2518 2517/2517/2517
f 2512/2512/2512 2432/2432/2432 2428/2428/2428
f 2428/2428/2428 2509/2509/2509 2512/2512/2512
f 2514/2514/2514 2436/2436/2436 2447/2447/2447
f 2447/2447/2447 2519/2519/2519 2514/2514/2514
f 2520/2520/2520 2449/2449/2449 2424/2424/2424
f 2424/2424/2424 2507/2507/2507 2520/2520/2520
f 2521/2521/2521 2453/2453/2453 2452/2452/2452
f 2452/2452/2452 2522/2522/2522 2521/2521/2521
f 2523/2523/2523 2457/2457/2457 2456/2456/2456
f 2456/2456/2456 2524/2524/2524 2523/2523/2523
f 2508/2508/2508 2423/2423/2423 2459/2459/2459
f 2459/2459/2459 2525/2525/2525 2508/2508/2508
f 2526/2526/2526 2461/2461/2461 2441/2441/2441
f 2441/2441/2441 2515/2515/2515 2526/2526/2526
f 2510/2510/2510 2427/2427/2427 2445/2445/2445
f 2445/2445/2445 2517/2517/2517 2510/2510/2510
f 2447/2447/2447 2463/2463/2463 2527/2527/2527
f 2527/2527/2527 2519/2519/2519 2447/2447/2447
f 2522/2522/2522 2452/2452/2452 2528/2528/2528
f 2528/2528/2528 2529/2529/2529 2522/2522/2522
f 2530/2530/2530 2531/2531/2531 2532/2532/2532
f 2533/2533/2533 2530/2530/2530 2532/2532/2532
f 2534/2534/2534 2533/2533/2533 2532/2532/2532
f 2534/2534/2534 2532/2532/2532 2535/2535/2535
f 2536/2536/2536 2537/2537/2537 2538/2538/2538
f 2539/2539/2539 2536/2536/2536 2538/2538/2538
f 2540/2540/2540 2539/2539/2539 2538/2538/2538
f 2540/2540/2540 2538/2538/2538 2541/2541/2541
f 2542/2542/2542 2543/2543/2543 2544/2544/2544
f 2544/2544/2544 2545/2545/2545 2542/2542/2542
f 2546/2546/2546 2547/2547/2547 2548/2548/2548
f 2548/2548/2548 2549/2549/2549 2546/2546/2546
f 2550/2550/2550 2551/2551/2551 2552/2552/2552
f 2552/2552/2552 2553/2553/2553 2550/2550/2550
f 2554/2554/2554 2555/2555/2555 2556/2556/2556
f 2556/2556/2556 2557/2557/2557 2554/2554/2554
f 2545/2545/2545 2544/2544/2544 2537/2537/2537
f 2537/2537/2537 2536/2536/2536 2545/2545/2545
f 2549/2549/2549 2548/2548/2548 2558/2558/2558
f 2558/2558/2558 2559/2559/2559 2549/2549/2549
f 2553/2553/2553 2552/2552/2552 2531/2531/2531
f 2531/2531/2531 2530/2530/2530 2553/2553/2553
f 2557/2557/2557 2556/2556/2556 2560/2560/2560
f 2560/2560/2560 2561/2561/2561 2557/2557/2557
f 2562/2562/2562 2563/2563/2563 2543/2543/2543
f 2543/2543/2543 2542/2542/2542 2562/2562/2562
f 2535/2535/2535 2532/2532/2532 2547/2547/2547
f 2547/2547/2547 2546/2546/2546 2535/2535/2535
f 2564/2564/2564 2565/2565/2565 2551/2551/2551
f 2551/2551/2551 2550/2550/2550 2564/2564/2564
f 2541/2541/2541 2538/2538/2538 2555/2555/2555
f 2555/2555/2555 2554/2554/2554 2541/2541/2541
f 2559/2559/2559 2558/2558/2558 2566/2566/2566
f 2566/2566/2566 2567/2567/2567 2559/2559/2559
f 2561/2561/2561 2560/2560/2560 2568/2568/2568
f 2568/2568/2568 2569/2569/2569 2561/2561/2561
f 2460/2460/2460 2461/2461/2461 2570/2570/2570
f 2570/2570/2570 2505/2505/2505 2460/2460/2460
f 2505/2505/2505 2570/2570/2570 2571/2571/2571
f 2571/2571/2571 2572/2572/2572 2505/2505/2505
f 2452/2452/2452 2451/2451/2451 2573/2573/2573
f 2573/2573/2573 2528/2528/2528 2452/2452/2452
f 2528/2528/2528 2573/2573/2573 2574/2574/2574
f 2574/2574/2574 2575/2575/2575 2528/2528/2528
f 2576/2576/2576 2577/2577/2577 2578/2578/2578
f 2579/2579/2579 2580/2580/2580 2581/2581/2581
f 2582/2582/2582 2583/2583/2583 2584/2584/2584
f 2585/2585/2585 2586/2586/2586 2587/2587/2587
f 2588/2588/2588 2589/2589/2589 2590/2590/2590
f 2591/2591/2591 2592/2592/2592 2593/2593/2593
f 2594/2594/2594 2595/2595/2595 2596/2596/2596
f 2597/2597/2597 2598/2598/2598 2599/2599/2599
f 2600/2600/2600 2601/2601/2601 2602/2602/2602
f 2603/2603/2603 2604/2604/2604 2605/2605/2605
f 2606/2606/2606 2607/2607/2607 2608/2608/2608
f 2609/2609/2609 2610/2610/2610 2611/2611/2611
f 2612/2612/2612 2613/2613/2613 2614/2614/2614
f 2615/2615/2615 2616/2616/2616 2617/2617/2617
f 2618/2618/2618 2619/2619/2619 2620/2620/2620
f 2621/2621/2621 2622/2622/2622 2623/2623/2623
f 2624/2624/2624 2625/2625/2625 2626/2626/2626
f 2627/2627/2627 2628/2628/2628 2629/2629/2629
f 2630/2630/2630 2631/2631/2631 2632/2632/2632
f 2633/2633/2633 2634/2634/2634 2635/2635/2635
f 2636/2636/2636 2637/2637/2637 2638/2638/2638
f 2639/2639/2639 2640/2640/2640 2641/2641/2641
f 2642/2642/2642 2643/2643/2643 2644/2644/2644
f 2645/2645/2645 2646/2646/2646 2647/2647/2647
f 2647/2647/2647 2648/2648/2648 2645/2645/2645
f 2649/2649/2649 2650/2650/2650 2651/2651/2651
f 2651/2651/2651 2652/2652/2652 2649/2649/2649
f 2653/2653/2653 2654/2654/2654 2655/2655/2655
f 2655/2655/2655 2656/2656/2656 2653/2653/2653
f 2657/2657/2657 2658/2658/2658 2654/2654/2654
f 2654/2654/2654 2653/2653/2653 2657/2657/2657
f 2659/2659/2659 2660/2660/2660 2661/2661/2661
f 2661/2661/2661 2662/2662/2662 2659/2659/2659
f 2663/2663/2663 2664/2664/2664 2660/2660/2660
f 2660/2660/2660 2659/2659/2659 2663/2663/2663
f 2665/2665/2665 2666/2666/2666 2664/2664/2664
f 2664/2664/2664 2663/2663/2663 2665/2665/2665
f 2667/2667/2667 2668/2668/2668 2666/2666/2666
f 2666/2666/2666 2665/2665/2665 2667/2667/2667
f 2648/2648/2648 2647/2647/2647 2669/2669/2669
f 2669/2669/2669 2670/2670/2670 2648/2648/2648
f 2646/2646/2646 2645/2645/2645 2671/2671/2671
f 2671/2671/2671 2672/2672/2672 2646/2646/2646
f 2655/2655/2655 2650/2650/2650 2649/2649/2649
f 2649/2649/2649 2656/2656/2656 2655/2655/2655
f 2651/2651/2651 2670/2670/2670 2669/2669/2669
f 2669/2669/2669 2652/2652/2652 2651/2651/2651
f 2661/2661/2661 2658/2658/2658 2657/2657/2657
f 2657/2657/2657 2662/2662/2662 2661/2661/2661
f 2673/2673/2673 2674/2674/2674 2675/2675/2675
f 2675/2675/2675 2676/2676/2676 2673/2673/2673
f 2677/2677/2677 2678/2678/2678 2679/2679/2679
f 2679/2679/2679 2680/2680/2680 2677/2677/2677
f 2681/2681/2681 2682/2682/2682 2683/2683/2683
f 2683/2683/2683 2684/2684/2684 2681/2681/2681
f 2682/2682/2682 2685/2685/2685 2686/2686/2686
f 2686/2686/2686 2683/2683/2683 2682/2682/2682
f 2687/2687/2687 2688/2688/2688 2689/2689/2689
f 2689/2689/2689 2690/2690/2690 2687/2687/2687
f 2688/2688/2688 2691/2691/2691 2692/2692/2692
f 2692/2692/2692 2689/2689/2689 2688/2688/2688
f 2691/2691/2691 2693/2693/2693 2694/2694/2694
f 2694/2694/2694 2692/2692/2692 2691/2691/2691
f 2693/2693/2693 2695/2695/2695 2696/2696/2696
f 2696/2696/2696 2694/2694/2694 2693/2693/2693
f 2697/2697/2697 2673/2673/2673 2676/2676/2676
f 2676/2676/2676 2698/2698/2698 2697/2697/2697
f 2699/2699/2699 2675/2675/2675 2674/2674/2674
f 2674/2674/2674 2700/2700/2700 2699/2699/2699
f 2679/2679/2679 2678/2678/2678 2681/2681/2681
f 2681/2681/2681 2684/2684/2684 2679/2679/2679
f 2697/2697/2697 2698/2698/2698 2677/2677/2677
f 2677/2677/2677 2680/2680/2680 2697/2697/2697
f 2686/2686/2686 2685/2685/2685 2687/2687/2687
f 2687/2687/2687 2690/2690/2690 2686/2686/2686
f 2701/2701/2701 2702/2702/2702 2703/2703/2703
f 2703/2703/2703 2704/2704/2704 2701/2701/2701
f 2705/2705/2705 2706/2706/2706 2707/2707/2707
f 2707/2707/2707 2708/2708/2708 2705/2705/2705
f 2709/2709/2709 2710/2710/2710 2711/2711/2711
f 2711/2711/2711 2712/2712/2712 2709/2709/2709
f 2713/2713/2713 2714/2714/2714 2715/2715/2715
f 2715/2715/2715 2716/2716/2716 2713/2713/2713
f 2717/2717/2717 2718/2718/2718 2719/2719/2719
f 2719/2719/2719 2720/2720/2720 2717/2717/2717
f 2721/2721/2721 2722/2722/2722 2723/2723/2723
f 2723/2723/2723 2724/2724/2724 2721/2721/2721
f 2718/2718/2718 2725/2725/2725 2726/2726/2726
f 2726/2726/2726 2719/2719/2719 2718/2718/2718
f 2727/2727/2727 2721/2721/2721 2724/2724/2724
f 2724/2724/2724 2728/2728/2728 2727/2727/2727
f 2729/2729/2729 2730/2730/2730 2731/2731/2731
f 2731/2731/2731 2732/2732/2732 2729/2729/2729
f 2733/2733/2733 2734/2734/2734 2735/2735/2735
f 2735/2735/2735 2736/2736/2736 2733/2733/2733
f 2730/2730/2730 2737/2737/2737 2738/2738/2738
f 2738/2738/2738 2731/2731/2731 2730/2730/2730
f 2739/2739/2739 2733/2733/2733 2736/2736/2736
f 2736/2736/2736 2740/2740/2740 2739/2739/2739
f 2737/2737/2737 2741/2741/2741 2742/2742/2742
f 2742/2742/2742 2738/2738/2738 2737/2737/2737
f 2743/2743/2743 2739/2739/2739 2740/2740/2740
f 2740/2740/2740 2744/2744/2744 2743/2743/2743
f 2741/2741/2741 2745/2745/2745 2746/2746/2746
f 2746/2746/2746 2742/2742/2742 2741/2741/2741
f 2747/2747/2747 2748/2748/2748 2749/2749/2749
f 2747/2747/2747 2749/2749/2749 2750/2750/2750
f 2750/2750/2750 2751/2751/2751 2752/2752/2752
f 2750/2750/2750 2752/2752/2752 2753/2753/2753
f 2747/2747/2747 2750/2750/2750 2753/2753/2753
f 2753/2753/2753 2754/2754/2754 2755/2755/2755
f 2753/2753/2753 2755/2755/2755 2756/2756/2756
f 2747/2747/2747 2753/2753/2753 2756/2756/2756
f 2757/2757/2757 2747/2747/2747 2756/2756/2756
f 2758/2758/2758 2757/2757/2757 2756/2756/2756
f 2759/2759/2759 2743/2743/2743 2744/2744/2744
f 2744/2744/2744 2760/2760/2760 2759/2759/2759
f 2761/2761/2761 2701/2701/2701 2704/2704/2704
f 2704/2704/2704 2762/2762/2762 2761/2761/2761
f 2706/2706/2706 2763/2763/2763 2764/2764/2764
f 2764/2764/2764 2707/2707/2707 2706/2706/2706
f 2765/2765/2765 2705/2705/2705 2708/2708/2708
f 2708/2708/2708 2766/2766/2766 2765/2765/2765
f 2702/2702/2702 2767/2767/2767 2768/2768/2768
f 2768/2768/2768 2703/2703/2703 2702/2702/2702
f 2710/2710/2710 2717/2717/2717 2720/2720/2720
f 2720/2720/2720 2711/2711/2711 2710/2710/2710
f 2722/2722/2722 2713/2713/2713 2716/2716/2716
f 2716/2716/2716 2723/2723/2723 2722/2722/2722
f 2763/2763/2763 2709/2709/2709 2712/2712/2712
f 2712/2712/2712 2764/2764/2764 2763/2763/2763
f 2714/2714/2714 2761/2761/2761 2762/2762/2762
f 2762/2762/2762 2715/2715/2715 2714/2714/2714
f 2725/2725/2725 2729/2729/2729 2732/2732/2732
f 2732/2732/2732 2726/2726/2726 2725/2725/2725
f 2734/2734/2734 2727/2727/2727 2728/2728/2728
f 2728/2728/2728 2735/2735/2735 2734/2734/2734
f 2699/2699/2699 2700/2700/2700 2769/2769/2769
f 2769/2769/2769 2770/2770/2770 2699/2699/2699
f 2771/2771/2771 2772/2772/2772 2773/2773/2773
f 2774/2774/2774 2775/2775/2775 2776/2776/2776
f 2777/2777/2777 2778/2778/2778 2779/2779/2779
f 2780/2780/2780 2781/2781/2781 2782/2782/2782
f 2783/2783/2783 2784/2784/2784 2785/2785/2785
f 2786/2786/2786 2787/2787/2787 2788/2788/2788
f 2766/2766/2766 2789/2789/2789 2790/2790/2790
f 2791/2791/2791 2792/2792/2792 2793/2793/2793
f 2794/2794/2794 2795/2795/2795 2796/2796/2796
f 2797/2797/2797 2798/2798/2798 2799/2799/2799
f 2799/2799/2799 2800/2800/2800 2797/2797/2797
f 2801/2801/2801 2802/2802/2802 2803/2803/2803
f 2801/2801/2801 2803/2803/2803 2804/2804/2804
f 2801/2801/2801 2804/2804/2804 2805/2805/2805
f 2806/2806/2806 2807/2807/2807 2808/2808/2808
f 2809/2809/2809 2810/2810/2810 2811/2811/2811
f 2812/2812/2812 2813/2813/2813 2814/2814/2814
f 2815/2815/2815 2816/2816/2816 2817/2817/2817
f 2818/2818/2818 2819/2819/2819 2820/2820/2820
f 2821/2821/2821 2645/2645/2645 2648/2648/2648
f 2648/2648/2648 2822/2822/2822 2821/2821/2821
f 2823/2823/2823 2647/2647/2647 2646/2646/2646
f 2646/2646/2646 2824/2824/2824 2823/2823/2823
f 2825/2825/2825 2649/2649/2649 2652/2652/2652
f 2652/2652/2652 2826/2826/2826 2825/2825/2825
f 2827/2827/2827 2651/2651/2651 2650/2650/2650
f 2650/2650/2650 2828/2828/2828 2827/2827/2827
f 2829/2829/2829 2653/2653/2653 2656/2656/2656
f 2656/2656/2656 2830/2830/2830 2829/2829/2829
f 2831/2831/2831 2655/2655/2655 2654/2654/2654
f 2654/2654/2654 2832/2832/2832 2831/2831/2831
f 2833/2833/2833 2657/2657/2657 2653/2653/2653
f 2653/2653/2653 2829/2829/2829 2833/2833/2833
f 2832/2832/2832 2654/2654/2654 2658/2658/2658
f 2658/2658/2658 2834/2834/2834 2832/2832/2832
f 2835/2835/2835 2659/2659/2659 2662/2662/2662
f 2662/2662/2662 2836/2836/2836 2835/2835/2835
f 2837/2837/2837 2661/2661/2661 2660/2660/2660
f 2660/2660/2660 2838/2838/2838 2837/2837/2837
f 2839/2839/2839 2663/2663/2663 2659/2659/2659
f 2659/2659/2659 2835/2835/2835 2839/2839/2839
f 2838/2838/2838 2660/2660/2660 2664/2664/2664
f 2664/2664/2664 2840/2840/2840 2838/2838/2838
f 2841/2841/2841 2665/2665/2665 2663/2663/2663
f 2663/2663/2663 2839/2839/2839 2841/2841/2841
f 2840/2840/2840 2664/2664/2664 2666/2666/2666
f 2666/2666/2666 2842/2842/2842 2840/2840/2840
f 2843/2843/2843 2667/2667/2667 2665/2665/2665
f 2665/2665/2665 2841/2841/2841 2843/2843/2843
f 2842/2842/2842 2666/2666/2666 2668/2668/2668
f 2668/2668/2668 2844/2844/2844 2842/2842/2842
f 2822/2822/2822 2648/2648/2648 2670/2670/2670
f 2670/2670/2670 2845/2845/2845 2822/2822/2822
f 2846/2846/2846 2669/2669/2669 2647/2647/2647
f 2647/2647/2647 2823/2823/2823 2846/2846/2846
f 2824/2824/2824 2646/2646/2646 2672/2672/2672
f 2672/2672/2672 2847/2847/2847 2824/2824/2824
f 2848/2848/2848 2671/2671/2671 2645/2645/2645
f 2645/2645/2645 2821/2821/2821 2848/2848/2848
f 2830/2830/2830 2656/2656/2656 2649/2649/2649
f 2649/2649/2649 2825/2825/2825 2830/2830/2830
f 2828/2828/2828 2650/2650/2650 2655/2655/2655
f 2655/2655/2655 2831/2831/2831 2828/2828/2828
f 2826/2826/2826 2652/2652/2652 2669/2669/2669
f 2669/2669/2669 2846/2846/2846 2826/2826/2826
f 2845/2845/2845 2670/2670/2670 2651/2651/2651
f 2651/2651/2651 2827/2827/2827 2845/2845/2845
f 2836/2836/2836 2662/2662/2662 2657/2657/2657
f 2657/2657/2657 2833/2833/2833 2836/2836/2836
f 2834/2834/2834 2658/2658/2658 2661/2661/2661
f 2661/2661/2661 2837/2837/2837 2834/2834/2834
f 2849/2849/2849 2850/2850/2850 2851/2851/2851
f 2851/2851/2851 2852/2852/2852 2849/2849/2849
f 2853/2853/2853 2854/2854/2854 2855/2855/2855
f 2855/2855/2855 2856/2856/2856 2853/2853/2853
f 2857/2857/2857 2858/2858/2858 2859/2859/2859
f 2859/2859/2859 2860/2860/2860 2857/2857/2857
f 2861/2861/2861 2862/2862/2862 2863/2863/2863
f 2863/2863/2863 2864/2864/2864 2861/2861/2861
f 2865/2865/2865 2866/2866/2866 2867/2867/2867
f 2867/2867/2867 2868/2868/2868 2865/2865/2865
f 2869/2869/2869 2870/2870/2870 2871/2871/2871
f 2871/2871/2871 2872/2872/2872 2869/2869/2869
f 2868/2868/2868 2867/2867/2867 2873/2873/2873
f 2873/2873/2873 2874/2874/2874 2868/2868/2868
f 2875/2875/2875 2876/2876/2876 2870/2870/2870
f 2870/2870/2870 2869/2869/2869 2875/2875/2875
f 2877/2877/2877 2878/2878/2878 2879/2879/2879
f 2879/2879/2879 2880/2880/2880 2877/2877/2877
f 2881/2881/2881 2882/2882/2882 2883/2883/2883
f 2883/2883/2883 2884/2884/2884 2881/2881/2881
f 2880/2880/2880 2879/2879/2879 2885/2885/2885
f 2885/2885/2885 2886/2886/2886 2880/2880/2880
f 2887/2887/2887 2888/2888/2888 2882/2882/2882
f 2882/2882/2882 2881/2881/2881 2887/2887/2887
f 2886/2886/2886 2885/2885/2885 2889/2889/2889
f 2889/2889/2889 2890/2890/2890 2886/2886/2886
f 2891/2891/2891 2892/2892/2892 2888/2888/2888
f 2888/2888/2888 2887/2887/2887 2891/2891/2891
f 2890/2890/2890 2889/2889/2889 2893/2893/2893
f 2893/2893/2893 2894/2894/2894 2890/2890/2890
f 2895/2895/2895 2896/2896/2896 2892/2892/2892
f 2892/2892/2892 2891/2891/2891 2895/2895/2895
f 2897/2897/2897 2898/2898/2898 2850/2850/2850
f 2850/2850/2850 2849/2849/2849 2897/2897/2897
f 2856/2856/2856 2855/2855/2855 2899/2899/2899
f 2899/2899/2899 2900/2900/2900 2856/2856/2856
f 2901/2901/2901 2902/2902/2902 2854/2854/2854
f 2854/2854/2854 2853/2853/2853 2901/2901/2901
f 2852/2852/2852 2851/2851/2851 2903/2903/2903
f 2903/2903/2903 2904/2904/2904 2852/2852/2852
f 2860/2860/2860 2859/2859/2859 2866/2866/2866
f 2866/2866/2866 2865/2865/2865 2860/2860/2860
f 2872/2872/2872 2871/2871/2871 2862/2862/2862
f 2862/2862/2862 2861/2861/2861 2872/2872/2872
f 2900/2900/2900 2899/2899/2899 2858/2858/2858
f 2858/2858/2858 2857/2857/2857 2900/2900/2900
f 2864/2864/2864 2863/2863/2863 2898/2898/2898
f 2898/2898/2898 2897/2897/2897 2864/2864/2864
f 2874/2874/2874 2873/2873/2873 2878/2878/2878
f 2878/2878/2878 2877/2877/2877 2874/2874/2874
f 2884/2884/2884 2883/2883/2883 2876/2876/2876
f 2876/2876/2876 2875/2875/2875 2884/2884/2884
f 2904/2904/2904 2903/2903/2903 2905/2905/2905
f 2905/2905/2905 2906/2906/2906 2904/2904/2904
f 2907/2907/2907 2908/2908/2908 2902/2902/2902
f 2902/2902/2902 2901/2901/2901 2907/2907/2907
f 2909/2909/2909 2910/2910/2910 2911/2911/2911
f 2912/2912/2912 2913/2913/2913 2914/2914/2914
f 2915/2915/2915 2797/2797/2797 2800/2800/2800
f 2797/2797/2797 2916/2916/2916 2798/2798/2798
f 2805/2805/2805 2917/2917/2917 2801/2801/2801
f 2801/2801/2801 2918/2918/2918 2802/2802/2802
f 2802/2802/2802 2919/2919/2919 2803/2803/2803
f 2920/2920/2920 2921/2921/2921 2922/2922/2922
f 2804/2804/2804 2923/2923/2923 2805/2805/2805
f 2924/2924/2924 2925/2925/2925 2926/2926/2926
f 2927/2927/2927 2928/2928/2928 2929/2929/2929
f 2930/2930/2930 2931/2931/2931 2932/2932/2932
f 2933/2933/2933 2934/2934/2934 2935/2935/2935
f 2936/2936/2936 2937/2937/2937 2938/2938/2938
f 2939/2939/2939 2940/2940/2940 2941/2941/2941
f 2703/2703/2703 2942/2942/2942 2943/2943/2943
f 2943/2943/2943 2704/2704/2704 2703/2703/2703
f 2707/2707/2707 2944/2944/2944 2945/2945/2945
f 2945/2945/2945 2708/2708/2708 2707/2707/2707
f 2711/2711/2711 2946/2946/2946 2947/2947/2947
f 2947/2947/2947 2712/2712/2712 2711/2711/2711
f 2715/2715/2715 2948/2948/2948 2949/2949/2949
f 2949/2949/2949 2716/2716/2716 2715/2715/2715
f 2719/2719/2719 2950/2950/2950 2951/2951/2951
f 2951/2951/2951 2720/2720/2720 2719/2719/2719
f 2723/2723/2723 2952/2952/2952 2953/2953/2953
f 2953/2953/2953 2724/2724/2724 2723/2723/2723
f 2726/2726/2726 2954/2954/2954 2950/2950/2950
f 2950/2950/2950 2719/2719/2719 2726/2726/2726
f 2724/2724/2724 2953/2953/2953 2955/2955/2955
f 2955/2955/2955 2728/2728/2728 2724/2724/2724
f 2731/2731/2731 2956/2956/2956 2957/2957/2957
f 2957/2957/2957 2732/2732/2732 2731/2731/2731
f 2735/2735/2735 2958/2958/2958 2959/2959/2959
f 2959/2959/2959 2736/2736/2736 2735/2735/2735
f 2738/2738/2738 2960/2960/2960 2956/2956/2956
f 2956/2956/2956 2731/2731/2731 2738/2738/2738
f 2736/2736/2736 2959/2959/2959 2961/2961/2961
f 2961/2961/2961 2740/2740/2740 2736/2736/2736
f 2742/2742/2742 2962/2962/2962 2960/2960/2960
f 2960/2960/2960 2738/2738/2738 2742/2742/2742
f 2740/2740/2740 2961/2961/2961 2963/2963/2963
f 2963/2963/2963 2744/2744/2744 2740/2740/2740
f 2746/2746/2746 2964/2964/2964 2962/2962/2962
f 2962/2962/2962 2742/2742/2742 2746/2746/2746
f 2744/2744/2744 2963/2963/2963 2965/2965/2965
f 2965/2965/2965 2760/2760/2760 2744/2744/2744
f 2704/2704/2704 2943/2943/2943 2966/2966/2966
f 2966/2966/2966 2762/2762/2762 2704/2704/2704
f 2764/2764/2764 2967/2967/2967 2944/2944/2944
f 2944/2944/2944 2707/2707/2707 2764/2764/2764
f 2708/2708/2708 2945/2945/2945 2968/2968/2968
f 2968/2968/2968 2766/2766/2766 2708/2708/2708
f 2768/2768/2768 2969/2969/2969 2942/2942/2942
f 2942/2942/2942 2703/2703/2703 2768/2768/2768
f 2720/2720/2720 2951/2951/2951 2946/2946/2946
f 2946/2946/2946 2711/2711/2711 2720/2720/2720
f 2716/2716/2716 2949/2949/2949 2952/2952/2952
f 2952/2952/2952 2723/2723/2723 2716/2716/2716
f 2712/2712/2712 2947/2947/2947 2967/2967/2967
f 2967/2967/2967 2764/2764/2764 2712/2712/2712
f 2762/2762/2762 2966/2966/2966 2948/2948/2948
f 2948/2948/2948 2715/2715/2715 2762/2762/2762
f 2732/2732/2732 2957/2957/2957 2954/2954/2954
f 2954/2954/2954 2726/2726/2726 2732/2732/2732
f 2728/2728/2728 2955/2955/2955 2958/2958/2958
f 2958/2958/2958 2735/2735/2735 2728/2728/2728
f 2701/2701/2701 2970/2970/2970 2971/2971/2971
f 2971/2971/2971 2702/2702/2702 2701/2701/2701
f 2705/2705/2705 2972/2972/2972 2973/2973/2973
f 2973/2973/2973 2706/2706/2706 2705/2705/2705
f 2709/2709/2709 2974/2974/2974 2975/2975/2975
f 2975/2975/2975 2710/2710/2710 2709/2709/2709
f 2713/2713/2713 2976/2976/2976 2977/2977/2977
f 2977/2977/2977 2714/2714/2714 2713/2713/2713
f 2717/2717/2717 2978/2978/2978 2979/2979/2979
f 2979/2979/2979 2718/2718/2718 2717/2717/2717
f 2721/2721/2721 2980/2980/2980 2981/2981/2981
f 2981/2981/2981 2722/2722/2722 2721/2721/2721
f 2718/2718/2718 2979/2979/2979 2982/2982/2982
f 2982/2982/2982 2725/2725/2725 2718/2718/2718
f 2727/2727/2727 2983/2983/2983 2980/2980/2980
f 2980/2980/2980 2721/2721/2721 2727/2727/2727
f 2729/2729/2729 2984/2984/2984 2985/2985/2985
f 2985/2985/2985 2730/2730/2730 2729/2729/2729
f 2733/2733/2733 2986/2986/2986 2987/2987/2987
f 2987/2987/2987 2734/2734/2734 2733/2733/2733
f 2730/2730/2730 2985/2985/2985 2988/2988/2988
f 2988/2988/2988 2737/2737/2737 2730/2730/2730
f 2739/2739/2739 2989/2989/2989 2986/2986/2986
f 2986/2986/2986 2733/2733/2733 2739/2739/2739
f 2737/2737/2737 2988/2988/2988 2990/2990/2990
f 2990/2990/2990 2741/2741/2741 2737/2737/2737
f 2743/2743/2743 2991/2991/2991 2989/2989/2989
f 2989/2989/2989 2739/2739/2739 2743/2743/2743
f 2741/2741/2741 2990/2990/2990 2992/2992/2992
f 2992/2992/2992 2745/2745/2745 2741/2741/2741
f 2759/2759/2759 2993/2993/2993 2991/2991/2991
f 2991/2991/2991 2743/2743/2743 2759/2759/2759
f 2761/2761/2761 2994/2994/2994 2970/2970/2970
f 2970/2970/2970 2701/2701/2701 2761/2761/2761
f 2706/2706/2706 2973/2973/2973 2995/2995/2995
f 2995/2995/2995 2763/2763/2763 2706/2706/2706
f 2765/2765/2765 2996/2996/2996 2972/2972/2972
f 2972/2972/2972 2705/2705/2705 2765/2765/2765
f 2702/2702/2702 2971/2971/2971 2997/2997/2997
f 2997/2997/2997 2767/2767/2767 2702/2702/2702
f 2710/2710/2710 2975/2975/2975 2978/2978/2978
f 2978/2978/2978 2717/2717/2717 2710/2710/2710
f 2722/2722/2722 2981/2981/2981 2976/2976/2976
f 2976/2976/2976 2713/2713/2713 2722/2722/2722
f 2763/2763/2763 2995/2995/2995 2974/2974/2974
f 2974/2974/2974 2709/2709/2709 2763/2763/2763
f 2714/2714/2714 2977/2977/2977 2994/2994/2994
f 2994/2994/2994 2761/2761/2761 2714/2714/2714
f 2725/2725/2725 2982/2982/2982 2984/2984/2984
f 2984/2984/2984 2729/2729/2729 2725/2725/2725
f 2734/2734/2734 2987/2987/2987 2983/2983/2983
f 2983/2983/2983 2727/2727/2727 2734/2734/2734
f 2767/2767/2767 2997/2997/2997 2998/2998/2998
f 2998/2998/2998 2999/2999/2999 2767/2767/2767
f 3000/3000/3000 3001/3001/3001 2996/2996/2996
f 2996/2996/2996 2765/2765/2765 3000/3000/3000
f 3002/3002/3002 3003/3003/3003 3004/3004/3004
f 3005/3005/3005 3006/3006/3006 3007/3007/3007
f 3008/3008/3008 3009/3009/3009 3010/3010/3010
f 2798/2798/2798 2916/2916/2916 3011/3011/3011
f 3012/3012/3012 3013/3013/3013 3014/3014/3014
f 3015/3015/3015 3016/3016/3016 3017/3017/3017
f 3018/3018/3018 3019/3019/3019 3020/3020/3020
f 3021/3021/3021 3022/3022/3022 3023/3023/3023
f 3024/3024/3024 3025/3025/3025 3026/3026/3026
f 3027/3027/3027 3028/3028/3028 3029/3029/3029
f 3030/3030/3030 3031/3031/3031 3032/3032/3032
f 3030/3030/3030 3032/3032/3032 3033/3033/3033
f 3034/3034/3034 3029/3029/3029 3028/3028/3028
f 3034/3034/3034 3028/3028/3028 3035/3035/3035
f 3036/3036/3036 3034/3034/3034 3035/3035/3035
f 3036/3036/3036 3035/3035/3035 3037/3037/3037
f 3038/3038/3038 3039/3039/3039 3040/3040/3040
f 3041/3041/3041 3042/3042/3042 3043/3043/3043
f 3044/3044/3044 3045/3045/3045 3046/3046/3046
f 3047/3047/3047 3048/3048/3048 3049/3049/3049
f 3050/3050/3050 3051/3051/3051 3052/3052/3052
f 3053/3053/3053 3054/3054/3054 3055/3055/3055
f 2768/2768/2768 2767/2767/2767 2999/2999/2999
f 3056/3056/3056 3057/3057/3057 3058/3058/3058
f 3059/3059/3059 3060/3060/3060 3061/3061/3061
f 3062/3062/3062 3063/3063/3063 3064/3064/3064
f 2790/2790/2790 3000/3000/3000 2765/2765/2765
f 2765/2765/2765 2766/2766/2766 2790/2790/2790
f 3065/3065/3065 3066/3066/3066 3067/3067/3067
f 3068/3068/3068 3069/3069/3069 3070/3070/3070
f 3071/3071/3071 3072/3072/3072 3073/3073/3073
f 3074/3074/3074 3075/3075/3075 3076/3076/3076
f 3077/3077/3077 3078/3078/3078 3079/3079/3079
f 2908/2908/2908 2905/2905/2905 3080/3080/3080
f 3080/3080/3080 3081/3081/3081 2908/2908/2908
f 2905/2905/2905 2903/2903/2903 3082/3082/3082
f 3082/3082/3082 3080/3080/3080 2905/2905/2905
f 2903/2903/2903 2851/2851/2851 3083/3083/3083
f 3083/3083/3083 3082/3082/3082 2903/2903/2903
f 2851/2851/2851 2850/2850/2850 3084/3084/3084
f 3084/3084/3084 3083/3083/3083 2851/2851/2851
f 2850/2850/2850 2898/2898/2898 3085/3085/3085
f 3085/3085/3085 3084/3084/3084 2850/2850/2850
f 2898/2898/2898 2863/2863/2863 3086/3086/3086
f 3086/3086/3086 3085/3085/3085 2898/2898/2898
f 2863/2863/2863 2862/2862/2862 3087/3087/3087
f 3087/3087/3087 3086/3086/3086 2863/2863/2863
f 2862/2862/2862 2871/2871/2871 3088/3088/3088
f 3088/3088/3088 3087/3087/3087 2862/2862/2862
f 2871/2871/2871 2870/2870/2870 3089/3089/3089
f 3089/3089/3089 3088/3088/3088 2871/2871/2871
f 2870/2870/2870 2876/2876/2876 3090/3090/3090
f 3090/3090/3090 3089/3089/3089 2870/2870/2870
f 2876/2876/2876 2883/2883/2883 3091/3091/3091
f 3091/3091/3091 3090/3090/3090 2876/2876/2876
f 2883/2883/2883 2882/2882/2882 3092/3092/3092
f 3092/3092/3092 3091/3091/3091 2883/2883/2883
f 2882/2882/2882 2888/2888/2888 3093/3093/3093
f 3093/3093/3093 3092/3092/3092 2882/2882/2882
f 2888/2888/2888 2892/2892/2892 3094/3094/3094
f 3094/3094/3094 3093/3093/3093 2888/2888/2888
f 2892/2892/2892 2896/2896/2896 3095/3095/3095
f 3095/3095/3095 3094/3094/3094 2892/2892/2892
f 2896/2896/2896 2893/2893/2893 3096/3096/3096
f 3096/3096/3096 3095/3095/3095 2896/2896/2896
f 2893/2893/2893 2889/2889/2889 3097/3097/3097
f 3097/3097/3097 3096/3096/3096 2893/2893/2893
f 2889/2889/2889 2885/2885/2885 3098/3098/3098
f 3098/3098/3098 3097/3097/3097 2889/2889/2889
f 2885/2885/2885 2879/2879/2879 3099/3099/3099
f 3099/3099/3099 3098/3098/3098 2885/2885/2885
f 2879/2879/2879 2878/2878/2878 3100/3100/3100
f 3100/3100/3100 3099/3099/3099 2879/2879/2879
f 2878/2878/2878 2873/2873/2873 3101/3101/3101
f 3101/3101/3101 3100/3100/3100 2878/2878/2878
f 2873/2873/2873 2867/2867/2867 3102/3102/3102
f 3102/3102/3102 3101/3101/3101 2873/2873/2873
f 2867/2867/2867 2866/2866/2866 3103/3103/3103
f 3103/3103/3103 3102/3102/3102 2867/2867/2867
f 2866/2866/2866 2859/2859/2859 3104/3104/3104
f 3104/3104/3104 3103/3103/3103 2866/2866/2866
f 2859/2859/2859 2858/2858/2858 3105/3105/3105
f 3105/3105/3105 3104/3104/3104 2859/2859/2859
f 2858/2858/2858 2899/2899/2899 3106/3106/3106
f 3106/3106/3106 3105/3105/3105 2858/2858/2858
f 2899/2899/2899 2855/2855/2855 3107/3107/3107
f 3107/3107/3107 3106/3106/3106 2899/2899/2899
f 2855/2855/2855 2854/2854/2854 3108/3108/3108
f 3108/3108/3108 3107/3107/3107 2855/2855/2855
f 2854/2854/2854 2902/2902/2902 3109/3109/3109
f 3109/3109/3109 3108/3108/3108 2854/2854/2854
f 2902/2902/2902 2908/2908/2908 3081/3081/3081
f 3081/3081/3081 3109/3109/3109 2902/2902/2902
f 3110/3110/3110 3111/3111/3111 3112/3112/3112
f 3113/3113/3113 3114/3114/3114 3115/3115/3115
f 3116/3116/3116 3117/3117/3117 3118/3118/3118
f 3118/3118/3118 3119/3119/3119 3116/3116/3116
f 3117/3117/3117 3120/3120/3120 3121/3121/3121
f 3121/3121/3121 3118/3118/3118 3117/3117/3117
f 3120/3120/3120 3122/3122/3122 3123/3123/3123
f 3123/3123/3123 3121/3121/3121 3120/3120/3120
f 3122/3122/3122 3124/3124/3124 3125/3125/3125
f 3125/3125/3125 3123/3123/3123 3122/3122/3122
f 3124/3124/3124 3126/3126/3126 3127/3127/3127
f 3127/3127/3127 3125/3125/3125 3124/3124/3124
f 3126/3126/3126 3128/3128/3128 3129/3129/3129
f 3129/3129/3129 3127/3127/3127 3126/3126/3126
f 3128/3128/3128 3130/3130/3130 3131/3131/3131
f 3131/3131/3131 3129/3129/3129 3128/3128/3128
f 3130/3130/3130 3132/3132/3132 3133/3133/3133
f 3133/3133/3133 3131/3131/3131 3130/3130/3130
f 3132/3132/3132 3134/3134/3134 3135/3135/3135
f 3135/3135/3135 3133/3133/3133 3132/3132/3132
f 3134/3134/3134 3136/3136/3136 3137/3137/3137
f 3137/3137/3137 3135/3135/3135 3134/3134/3134
f 3136/3136/3136 3138/3138/3138 3139/3139/3139
f 3139/3139/3139 3137/3137/3137 3136/3136/3136
f 3138/3138/3138 3140/3140/3140 3141/3141/3141
f 3141/3141/3141 3139/3139/3139 3138/3138/3138
f 3140/3140/3140 3142/3142/3142 3143/3143/3143
f 3143/3143/3143 3141/3141/3141 3140/3140/3140
f 3142/3142/3142 3144/3144/3144 3145/3145/3145
f 3145/3145/3145 3143/3143/3143 3142/3142/3142
f 3146/3146/3146 3147/3147/3147 3148/3148/3148
f 3149/3149/3149 3150/3150/3150 3151/3151/3151
f 3152/3152/3152 3153/3153/3153 3154/3154/3154
f 3154/3154/3154 3155/3155/3155 3152/3152/3152
f 3153/3153/3153 3156/3156/3156 3157/3157/3157
f 3157/3157/3157 3154/3154/3154 3153/3153/3153
f 3156/3156/3156 3158/3158/3158 3159/3159/3159
f 3159/3159/3159 3157/3157/3157 3156/3156/3156
f 3158/3158/3158 3160/3160/3160 3161/3161/3161
f 3161/3161/3161 3159/3159/3159 3158/3158/3158
f 3160/3160/3160 3162/3162/3162 3163/3163/3163
f 3163/3163/3163 3161/3161/3161 3160/3160/3160
f 3162/3162/3162 3164/3164/3164 3165/3165/3165
f 3165/3165/3165 3163/3163/3163 3162/3162/3162
f 3164/3164/3164 3166/3166/3166 3167/3167/3167
f 3167/3167/3167 3165/3165/3165 3164/3164/3164
f 3166/3166/3166 3168/3168/3168 3169/3169/3169
f 3169/3169/3169 3167/3167/3167 3166/3166/3166
f 3168/3168/3168 3170/3170/3170 3171/3171/3171
f 3171/3171/3171 3169/3169/3169 3168/3168/3168
f 3170/3170/3170 3172/3172/3172 3173/3173/3173
f 3173/3173/3173 3171/3171/3171 3170/3170/3170
f 3172/3172/3172 3174/3174/3174 3175/3175/3175
f 3175/3175/3175 3173/3173/3173 3172/3172/3172
f 3174/3174/3174 3176/3176/3176 3177/3177/3177
f 3177/3177/3177 3175/3175/3175 3174/3174/3174
f 3176/3176/3176 3178/3178/3178 3179/3179/3179
f 3179/3179/3179 3177/3177/3177 3176/3176/3176
f 3178/3178/3178 3180/3180/3180 3181/3181/3181
f 3181/3181/3181 3179/3179/3179 3178/3178/3178
f 3182/3182/3182 3183/3183/3183 3184/3184/3184
f 3185/3185/3185 3186/3186/3186 3187/3187/3187
f 3188/3188/3188 3189/3189/3189 3190/3190/3190
f 3191/3191/3191 3192/3192/3192 3193/3193/3193
f 3194/3194/3194 3195/3195/3195 3196/3196/3196
f 3194/3194/3194 3196/3196/3196 3197/3197/3197
f 3198/3198/3198 3199/3199/3199 3200/3200/3200
f 3197/3197/3197 3201/3201/3201 3202/3202/3202
f 3202/3202/3202 3203/3203/3203 3204/3204/3204
f 3202/3202/3202 3204/3204/3204 3205/3205/3205
f 3197/3197/3197 3202/3202/3202 3205/3205/3205
f 3194/3194/3194 3197/3197/3197 3205/3205/3205
f 3206/3206/3206 3207/3207/3207 3208/3208/3208
f 3209/3209/3209 3206/3206/3206 3208/3208/3208
f 3210/3210/3210 3211/3211/3211 3212/3212/3212
f 3213/3213/3213 3209/3209/3209 3214/3214/3214
f 3215/3215/3215 3216/3216/3216 3217/3217/3217
f 3218/3218/3218 3219/3219/3219 3220/3220/3220
f 3221/3221/3221 3222/3222/3222 3223/3223/3223
f 3224/3224/3224 3225/3225/3225 3226/3226/3226
f 3227/3227/3227 3224/3224/3224 3226/3226/3226
f 3227/3227/3227 3226/3226/3226 3228/3228/3228
f 3229/3229/3229 3230/3230/3230 3231/3231/3231
f 3232/3232/3232 3227/3227/3227 3233/3233/3233
f 3234/3234/3234 3235/3235/3235 3236/3236/3236
f 3237/3237/3237 3238/3238/3238 3239/3239/3239
f 3240/3240/3240 3241/3241/3241 3242/3242/3242
f 3243/3243/3243 3244/3244/3244 3245/3245/3245
f 3246/3246/3246 3247/3247/3247 3248/3248/3248
f 3249/3249/3249 3250/3250/3250 3251/3251/3251
f 3252/3252/3252 3253/3253/3253 3254/3254/3254
f 3255/3255/3255 3249/3249/3249 3256/3256/3256
f 3257/3257/3257 3255/3255/3255 3256/3256/3256
f 3258/3258/3258 3259/3259/3259 3260/3260/3260
f 3261/3261/3261 3257/3257/3257 3262/3262/3262
f 3263/3263/3263 3261/3261/3261 3262/3262/3262
f 3239/3239/3239 3263/3263/3263 3262/3262/3262
f 3264/3264/3264 3265/3265/3265 3266/3266/3266
f 3237/3237/3237 3239/3239/3239 3267/3267/3267
f 3268/3268/3268 3269/3269/3269 3270/3270/3270
f 3271/3271/3271 3272/3272/3272 3273/3273/3273
f 3274/3274/3274 3275/3275/3275 3276/3276/3276
f 3277/3277/3277 3278/3278/3278 3279/3279/3279
f 3280/3280/3280 3281/3281/3281 3282/3282/3282
f 3283/3283/3283 3284/3284/3284 3285/3285/3285
f 3283/3283/3283 3285/3285/3285 3286/3286/3286
f 3287/3287/3287 3288/3288/3288 3289/3289/3289
f 3290/3290/3290 3286/3286/3286 3291/3291/3291
f 3292/3292/3292 3293/3293/3293 3294/3294/3294
f 3295/3295/3295 3296/3296/3296 3297/3297/3297
f 3295/3295/3295 3297/3297/3297 3298/3298/3298
f 3295/3295/3295 3298/3298/3298 3299/3299/3299
f 3300/3300/3300 3301/3301/3301 3302/3302/3302
f 3303/3303/3303 3304/3304/3304 3305/3305/3305
f 3306/3306/3306 3307/3307/3307 3308/3308/3308
f 3308/3308/3308 3309/3309/3309 3306/3306/3306
f 3307/3307/3307 3310/3310/3310 3311/3311/3311
f 3311/3311/3311 3308/3308/3308 3307/3307/3307
f 3310/3310/3310 3312/3312/3312 3313/3313/3313
f 3313/3313/3313 3311/3311/3311 3310/3310/3310
f 3312/3312/3312 3314/3314/3314 3315/3315/3315
f 3315/3315/3315 3313/3313/3313 3312/3312/3312
f 3314/3314/3314 3316/3316/3316 3317/3317/3317
f 3317/3317/3317 3315/3315/3315 3314/3314/3314
f 3316/3316/3316 3318/3318/3318 3319/3319/3319
f 3319/3319/3319 3317/3317/3317 3316/3316/3316
f 3318/3318/3318 3320/3320/3320 3321/3321/3321
f 3321/3321/3321 3319/3319/3319 3318/3318/3318
f 3320/3320/3320 3322/3322/3322 3323/3323/3323
f 3323/3323/3323 3321/3321/3321 3320/3320/3320
f 3322/3322/3322 3324/3324/3324 3325/3325/3325
f 3325/3325/3325 3323/3323/3323 3322/3322/3322
f 3324/3324/3324 3326/3326/3326 3327/3327/3327
f 3327/3327/3327 3325/3325/3325 3324/3324/3324
f 3326/3326/3326 3328/3328/3328 3329/3329/3329
f 3329/3329/3329 3327/3327/3327 3326/3326/3326
f 3328/3328/3328 3330/3330/3330 3331/3331/3331
f 3331/3331/3331 3329/3329/3329 3328/3328/3328
f 3330/3330/3330 3332/3332/3332 3333/3333/3333
f 3333/3333/3333 3331/3331/3331 3330/3330/3330
f 3332/3332/3332 3306/3306/3306 3309/3309/3309
f 3309/3309/3309 3333/3333/3333 3332/3332/3332
f 3334/3334/3334 3335/3335/3335 3336/3336/3336
f 3336/3336/3336 3337/3337/3337 3334/3334/3334
f 3335/3335/3335 3338/3338/3338 3339/3339/3339
f 3339/3339/3339 3336/3336/3336 3335/3335/3335
f 3338/3338/3338 3340/3340/3340 3341/3341/3341
f 3341/3341/3341 3339/3339/3339 3338/3338/3338
f 3340/3340/3340 3342/3342/3342 3343/3343/3343
f 3343/3343/3343 3341/3341/3341 3340/3340/3340
f 3342/3342/3342 3344/3344/3344 3345/3345/3345
f 3345/3345/3345 3343/3343/3343 3342/3342/3342
f 3344/3344/3344 3346/3346/3346 3347/3347/3347
f 3347/3347/3347 3345/3345/3345 3344/3344/3344
f 3348/3348/3348 3349/3349/3349 3350/3350/3350
f 3350/3350/3350 3351/3351/3351 3348/3348/3348
f 3352/3352/3352 3353/3353/3353 3354/3354/3354
f 3354/3354/3354 3355/3355/3355 3352/3352/3352
f 3353/3353/3353 3356/3356/3356 3357/3357/3357
f 3357/3357/3357 3354/3354/3354 3353/3353/3353
f 3356/3356/3356 3358/3358/3358 3359/3359/3359
f 3359/3359/3359 3357/3357/3357 3356/3356/3356
f 3358/3358/3358 3360/3360/3360 3361/3361/3361
f 3361/3361/3361 3359/3359/3359 3358/3358/3358
f 3360/3360/3360 3362/3362/3362 3363/3363/3363
f 3363/3363/3363 3361/3361/3361 3360/3360/3360
f 3362/3362/3362 3364/3364/3364 3365/3365/3365
f 3365/3365/3365 3363/3363/3363 3362/3362/3362
f 3364/3364/3364 3366/3366/3366 3367/3367/3367
f 3367/3367/3367 3365/3365/3365 3364/3364/3364
f 3366/3366/3366 3334/3334/3334 3337/3337/3337
f 3337/3337/3337 3367/3367/3367 3366/3366/3366
f 3368/3368/3368 3369/3369/3369 3370/3370/3370
f 3370/3370/3370 3371/3371/3371 3368/3368/3368
f 3369/3369/3369 3372/3372/3372 3373/3373/3373
f 3373/3373/3373 3370/3370/3370 3369/3369/3369
f 3372/3372/3372 3374/3374/3374 3375/3375/3375
f 3375/3375/3375 3373/3373/3373 3372/3372/3372
f 3374/3374/3374 3376/3376/3376 3377/3377/3377
f 3377/3377/3377 3375/3375/3375 3374/3374/3374
f 3376/3376/3376 3378/3378/3378 3379/3379/3379
f 3379/3379/3379 3377/3377/3377 3376/3376/3376
f 3378/3378/3378 3380/3380/3380 3381/3381/3381
f 3381/3381/3381 3379/3379/3379 3378/3378/3378
f 3380/3380/3380 3382/3382/3382 3383/3383/3383
f 3383/3383/3383 3381/3381/3381 3380/3380/3380
f 3382/3382/3382 3384/3384/3384 3385/3385/3385
f 3385/3385/3385 3383/3383/3383 3382/3382/3382
f 3384/3384/3384 3386/3386/3386 3387/3387/3387
f 3387/3387/3387 3385/3385/3385 3384/3384/3384
f 3386/3386/3386 3388/3388/3388 3389/3389/3389
f 3389/3389/3389 3387/3387/3387 3386/3386/3386
f 3388/3388/3388 3390/3390/3390 3391/3391/3391
f 3391/3391/3391 3389/3389/3389 3388/3388/3388
f 3390/3390/3390 3392/3392/3392 3393/3393/3393
f 3393/3393/3393 3391/3391/3391 3390/3390/3390
f 3392/3392/3392 3394/3394/3394 3395/3395/3395
f 3395/3395/3395 3393/3393/3393 3392/3392/3392
f 3394/3394/3394 3396/3396/3396 3397/3397/3397
f 3397/3397/3397 3395/3395/3395 3394/3394/3394
f 3396/3396/3396 3398/3398/3398 3399/3399/3399
f 3399/3399/3399 3397/3397/3397 3396/3396/3396
f 3398/3398/3398 3368/3368/3368 3371/3371/3371
f 3371/3371/3371 3399/3399/3399 3398/3398/3398
f 3400/3400/3400 3401/3401/3401 3402/3402/3402
f 3402/3402/3402 3403/3403/3403 3400/3400/3400
f 3401/3401/3401 3404/3404/3404 3405/3405/3405
f 3405/3405/3405 3402/3402/3402 3401/3401/3401
f 3404/3404/3404 3406/3406/3406 3407/3407/3407
f 3407/3407/3407 3405/3405/3405 3404/3404/3404
f 3406/3406/3406 3408/3408/3408 3409/3409/3409
f 3409/3409/3409 3407/3407/3407 3406/3406/3406
f 3408/3408/3408 3410/3410/3410 3411/3411/3411
f 3411/3411/3411 3409/3409/3409 3408/3408/3408
f 3410/3410/3410 3412/3412/3412 3413/3413/3413
f 3413/3413/3413 3411/3411/3411 3410/3410/3410
f 3412/3412/3412 3414/3414/3414 3415/3415/3415
f 3415/3415/3415 3413/3413/3413 3412/3412/3412
f 3414/3414/3414 3416/3416/3416 3417/3417/3417
f 3417/3417/3417 3415/3415/3415 3414/3414/3414
f 3416/3416/3416 3418/3418/3418 3419/3419/3419
f 3419/3419/3419 3417/3417/3417 3416/3416/3416
f 3418/3418/3418 3420/3420/3420 3421/3421/3421
f 3421/3421/3421 3419/3419/3419 3418/3418/3418
f 3420/3420/3420 3422/3422/3422 3423/3423/3423
f 3423/3423/3423 3421/3421/3421 3420/3420/3420
f 3422/3422/3422 3424/3424/3424 3425/3425/3425
f 3425/3425/3425 3423/3423/3423 3422/3422/3422
f 3424/3424/3424 3426/3426/3426 3427/3427/3427
f 3427/3427/3427 3425/3425/3425 3424/3424/3424
f 3426/3426/3426 3400/3400/3400 3403/3403/3403
f 3403/3403/3403 3427/3427/3427 3426/3426/3426
f 3428/3428/3428 3429/3429/3429 3430/3430/3430
f 3430/3430/3430 3431/3431/3431 3428/3428/3428
f 3429/3429/3429 3432/3432/3432 3433/3433/3433
f 3433/3433/3433 3430/3430/3430 3429/3429/3429
f 3432/3432/3432 3434/3434/3434 3435/3435/3435
f 3435/3435/3435 3433/3433/3433 3432/3432/3432
f 3436/3436/3436 3437/3437/3437 3438/3438/3438
f 3438/3438/3438 3439/3439/3439 3436/3436/3436
f 3437/3437/3437 3440/3440/3440 3441/3441/3441
f 3441/3441/3441 3438/3438/3438 3437/3437/3437
f 3440/3440/3440 3442/3442/3442 3443/3443/3443
f 3443/3443/3443 3441/3441/3441 3440/3440/3440
f 3444/3444/3444 3445/3445/3445 3446/3446/3446
f 3446/3446/3446 3447/3447/3447 3444/3444/3444
f 3445/3445/3445 3448/3448/3448 3449/3449/3449
f 3449/3449/3449 3446/3446/3446 3445/3445/3445
f 3448/3448/3448 3450/3450/3450 3451/3451/3451
f 3451/3451/3451 3449/3449/3449 3448/3448/3448
f 3450/3450/3450 3452/3452/3452 3453/3453/3453
f 3453/3453/3453 3451/3451/3451 3450/3450/3450
f 3454/3454/3454 3455/3455/3455 3456/3456/3456
f 3456/3456/3456 3457/3457/3457 3454/3454/3454
f 3455/3455/3455 3458/3458/3458 3459/3459/3459
f 3459/3459/3459 3456/3456/3456 3455/3455/3455
f 3458/3458/3458 3460/3460/3460 3461/3461/3461
f 3461/3461/3461 3459/3459/3459 3458/3458/3458
f 3462/3462/3462 3428/3428/3428 3431/3431/3431
f 3431/3431/3431 3463/3463/3463 3462/3462/3462
f 3464/3464/3464 3465/3465/3465 3466/3466/3466
f 3466/3466/3466 3467/3467/3467 3464/3464/3464
f 3465/3465/3465 3468/3468/3468 3469/3469/3469
f 3469/3469/3469 3466/3466/3466 3465/3465/3465
f 3468/3468/3468 3470/3470/3470 3471/3471/3471
f 3471/3471/3471 3469/3469/3469 3468/3468/3468
f 3472/3472/3472 3473/3473/3473 3474/3474/3474
f 3474/3474/3474 3475/3475/3475 3472/3472/3472
f 3473/3473/3473 3476/3476/3476 3477/3477/3477
f 3477/3477/3477 3474/3474/3474 3473/3473/3473
f 3476/3476/3476 3478/3478/3478 3479/3479/3479
f 3479/3479/3479 3477/3477/3477 3476/3476/3476
f 3480/3480/3480 3481/3481/3481 3482/3482/3482
f 3482/3482/3482 3483/3483/3483 3480/3480/3480
f 3481/3481/3481 3484/3484/3484 3485/3485/3485
f 3485/3485/3485 3482/3482/3482 3481/3481/3481
f 3484/3484/3484 3486/3486/3486 3487/3487/3487
f 3487/3487/3487 3485/3485/3485 3484/3484/3484
f 3486/3486/3486 3488/3488/3488 3489/3489/3489
f 3489/3489/3489 3487/3487/3487 3486/3486/3486
f 3488/3488/3488 3490/3490/3490 3491/3491/3491
f 3491/3491/3491 3489/3489/3489 3488/3488/3488
f 3492/3492/3492 3493/3493/3493 3494/3494/3494
f 3494/3494/3494 3495/3495/3495 3492/3492/3492
f 3493/3493/3493 3496/3496/3496 3497/3497/3497
f 3497/3497/3497 3494/3494/3494 3493/3493/3493
f 3496/3496/3496 3498/3498/3498 3499/3499/3499
f 3499/3499/3499 3497/3497/3497 3496/3496/3496
f 3500/3500/3500 3464/3464/3464 3467/3467/3467
f 3467/3467/3467 3501/3501/3501 3500/3500/3500
f 3502/3502/3502 3503/3503/3503 3504/3504/3504
f 3504/3504/3504 3505/3505/3505 3502/3502/3502
f 3503/3503/3503 3506/3506/3506 3507/3507/3507
f 3507/3507/3507 3504/3504/3504 3503/3503/3503
f 3506/3506/3506 3508/3508/3508 3509/3509/3509
f 3509/3509/3509 3507/3507/3507 3506/3506/3506
f 3510/3510/3510 3511/3511/3511 3512/3512/3512
f 3512/3512/3512 3513/3513/3513 3510/3510/3510
f 3511/3511/3511 3514/3514/3514 3515/3515/3515
f 3515/3515/3515 3512/3512/3512 3511/3511/3511
f 3514/3514/3514 3516/3516/3516 3517/3517/3517
f 3517/3517/3517 3515/3515/3515 3514/3514/3514
f 3516/3516/3516 3518/3518/3518 3519/3519/3519
f 3519/3519/3519 3517/3517/3517 3516/3516/3516
f 3520/3520/3520 3521/3521/3521 3522/3522/3522
f 3522/3522/3522 3523/3523/3523 3520/3520/3520
f 3521/3521/3521 3524/3524/3524 3525/3525/3525
f 3525/3525/3525 3522/3522/3522 3521/3521/3521
f 3524/3524/3524 3526/3526/3526 3527/3527/3527
f 3527/3527/3527 3525/3525/3525 3524/3524/3524
f 3526/3526/3526 3528/3528/3528 3529/3529/3529
f 3529/3529/3529 3527/3527/3527 3526/3526/3526
f 3528/3528/3528 3530/3530/3530 3531/3531/3531
f 3531/3531/3531 3529/3529/3529 3528/3528/3528
f 3532/3532/3532 3533/3533/3533 3534/3534/3534
f 3534/3534/3534 3535/3535/3535 3532/3532/3532
f 3533/3533/3533 3536/3536/3536 3537/3537/3537
f 3537/3537/3537 3534/3534/3534 3533/3533/3533
f 3536/3536/3536 3538/3538/3538 3539/3539/3539
f 3539/3539/3539 3537/3537/3537 3536/3536/3536
f 3540/3540/3540 3502/3502/3502 3505/3505/3505
f 3505/3505/3505 3541/3541/3541 3540/3540/3540
f 3542/3542/3542 3543/3543/3543 3544/3544/3544
f 3544/3544/3544 3545/3545/3545 3542/3542/3542
f 3543/3543/3543 3546/3546/3546 3547/3547/3547
f 3547/3547/3547 3544/3544/3544 3543/3543/3543
f 3546/3546/3546 3548/3548/3548 3549/3549/3549
f 3549/3549/3549 3547/3547/3547 3546/3546/3546
f 3550/3550/3550 3551/3551/3551 3552/3552/3552
f 3552/3552/3552 3553/3553/3553 3550/3550/3550
f 3551/3551/3551 3554/3554/3554 3555/3555/3555
f 3555/3555/3555 3552/3552/3552 3551/3551/3551
f 3554/3554/3554 3556/3556/3556 3557/3557/3557
f 3557/3557/3557 3555/3555/3555 3554/3554/3554
f 3558/3558/3558 3559/3559/3559 3560/3560/3560
f 3560/3560/3560 3561/3561/3561 3558/3558/3558
f 3559/3559/3559 3562/3562/3562 3563/3563/3563
f 3563/3563/3563 3560/3560/3560 3559/3559/3559
f 3562/3562/3562 3564/3564/3564 3565/3565/3565
f 3565/3565/3565 3563/3563/3563 3562/3562/3562
f 3564/3564/3564 3566/3566/3566 3567/3567/3567
f 3567/3567/3567 3565/3565/3565 3564/3564/3564
f 3568/3568/3568 3569/3569/3569 3570/3570/3570
f 3570/3570/3570 3571/3571/3571 3568/3568/3568
f 3569/3569/3569 3572/3572/3572 3573/3573/3573
f 3573/3573/3573 3570/3570/3570 3569/3569/3569
f 3572/3572/3572 3574/3574/3574 3575/3575/3575
f 3575/3575/3575 3573/3573/3573 3572/3572/3572
f 3576/3576/3576 3542/3542/3542 3545/3545/3545
f 3545/3545/3545 3577/3577/3577 3576/3576/3576
f 3578/3578/3578 3579/3579/3579 3580/3580/3580
f 3580/3580/3580 3581/3581/3581 3578/3578/3578
f 3581/3581/3581 3580/3580/3580 3582/3582/3582
f 3582/3582/3582 3583/3583/3583 3581/3581/3581
f 3583/3583/3583 3582/3582/3582 3584/3584/3584
f 3584/3584/3584 3585/3585/3585 3583/3583/3583
f 3585/3585/3585 3584/3584/3584 3586/3586/3586
f 3586/3586/3586 3587/3587/3587 3585/3585/3585
f 3588/3588/3588 3589/3589/3589 3590/3590/3590
f 3590/3590/3590 3591/3591/3591 3588/3588/3588
f 3592/3592/3592 3593/3593/3593 3594/3594/3594
f 3594/3594/3594 3595/3595/3595 3592/3592/3592
f 3595/3595/3595 3594/3594/3594 3596/3596/3596
f 3596/3596/3596 3597/3597/3597 3595/3595/3595
f 3597/3597/3597 3596/3596/3596 3598/3598/3598
f 3598/3598/3598 3599/3599/3599 3597/3597/3597
f 3599/3599/3599 3598/3598/3598 3600/3600/3600
f 3600/3600/3600 3601/3601/3601 3599/3599/3599
f 3601/3601/3601 3600/3600/3600 3602/3602/3602
f 3602/3602/3602 3603/3603/3603 3601/3601/3601
f 3603/3603/3603 3602/3602/3602 3604/3604/3604
f 3604/3604/3604 3605/3605/3605 3603/3603/3603
f 3606/3606/3606 3607/3607/3607 3608/3608/3608
f 3608/3608/3608 3609/3609/3609 3606/3606/3606
f 3610/3610/3610 3611/3611/3611 3612/3612/3612
f 3612/3612/3612 3613/3613/3613 3610/3610/3610
f 3613/3613/3613 3612/3612/3612 3579/3579/3579
f 3579/3579/3579 3578/3578/3578 3613/3613/3613
f 3614/3614/3614 3615/3615/3615 3616/3616/3616
f 3616/3616/3616 3617/3617/3617 3614/3614/3614
f 3617/3617/3617 3616/3616/3616 3618/3618/3618
f 3618/3618/3618 3619/3619/3619 3617/3617/3617
f 3619/3619/3619 3618/3618/3618 3620/3620/3620
f 3620/3620/3620 3621/3621/3621 3619/3619/3619
f 3621/3621/3621 3620/3620/3620 3622/3622/3622
f 3622/3622/3622 3623/3623/3623 3621/3621/3621
f 3624/3624/3624 3625/3625/3625 3626/3626/3626
f 3626/3626/3626 3627/3627/3627 3624/3624/3624
f 3627/3627/3627 3626/3626/3626 3628/3628/3628
f 3628/3628/3628 3629/3629/3629 3627/3627/3627
f 3630/3630/3630 3631/3631/3631 3632/3632/3632
f 3632/3632/3632 3633/3633/3633 3630/3630/3630
f 3634/3634/3634 3635/3635/3635 3636/3636/3636
f 3636/3636/3636 3637/3637/3637 3634/3634/3634
f 3637/3637/3637 3636/3636/3636 3638/3638/3638
f 3638/3638/3638 3639/3639/3639 3637/3637/3637
f 3639/3639/3639 3638/3638/3638 3640/3640/3640
f 3640/3640/3640 3641/3641/3641 3639/3639/3639
f 3641/3641/3641 3640/3640/3640 3642/3642/3642
f 3642/3642/3642 3643/3643/3643 3641/3641/3641
f 3643/3643/3643 3642/3642/3642 3644/3644/3644
f 3644/3644/3644 3645/3645/3645 3643/3643/3643
f 3645/3645/3645 3644/3644/3644 3646/3646/3646
f 3646/3646/3646 3647/3647/3647 3645/3645/3645
f 3647/3647/3647 3646/3646/3646 3648/3648/3648
f 3648/3648/3648 3649/3649/3649 3647/3647/3647
f 3649/3649/3649 3648/3648/3648 3615/3615/3615
f 3615/3615/3615 3614/3614/3614 3649/3649/3649
f 3650/3650/3650 3651/3651/3651 3652/3652/3652
f 3652/3652/3652 3653/3653/3653 3650/3650/3650
f 3653/3653/3653 3652/3652/3652 3654/3654/3654
f 3654/3654/3654 3655/3655/3655 3653/3653/3653
f 3655/3655/3655 3654/3654/3654 3656/3656/3656
f 3656/3656/3656 3657/3657/3657 3655/3655/3655
f 3657/3657/3657 3656/3656/3656 3658/3658/3658
f 3658/3658/3658 3659/3659/3659 3657/3657/3657
f 3660/3660/3660 3661/3661/3661 3662/3662/3662
f 3662/3662/3662 3663/3663/3663 3660/3660/3660
f 3664/3664/3664 3665/3665/3665 3666/3666/3666
f 3666/3666/3666 3667/3667/3667 3664/3664/3664
f 3667/3667/3667 3666/3666/3666 3668/3668/3668
f 3668/3668/3668 3669/3669/3669 3667/3667/3667
f 3669/3669/3669 3668/3668/3668 3670/3670/3670
f 3670/3670/3670 3671/3671/3671 3669/3669/3669
f 3671/3671/3671 3670/3670/3670 3672/3672/3672
f 3672/3672/3672 3673/3673/3673 3671/3671/3671
f 3673/3673/3673 3672/3672/3672 3674/3674/3674
f 3674/3674/3674 3675/3675/3675 3673/3673/3673
f 3675/3675/3675 3674/3674/3674 3676/3676/3676
f 3676/3676/3676 3677/3677/3677 3675/3675/3675
f 3677/3677/3677 3676/3676/3676 3678/3678/3678
f 3678/3678/3678 3679/3679/3679 3677/3677/3677
f 3679/3679/3679 3678/3678/3678 3680/3680/3680
f 3680/3680/3680 3681/3681/3681 3679/3679/3679
f 3681/3681/3681 3680/3680/3680 3682/3682/3682
f 3682/3682/3682 3683/3683/3683 3681/3681/3681
f 3683/3683/3683 3682/3682/3682 3684/3684/3684
f 3684/3684/3684 3685/3685/3685 3683/3683/3683
f 3685/3685/3685 3684/3684/3684 3651/3651/3651
f 3651/3651/3651 3650/3650/3650 3685/3685/3685
f 3686/3686/3686 3687/3687/3687 3688/3688/3688
f 3688/3688/3688 3689/3689/3689 3686/3686/3686
f 3689/3689/3689 3688/3688/3688 3690/3690/3690
f 3690/3690/3690 3691/3691/3691 3689/3689/3689
f 3691/3691/3691 3690/3690/3690 3692/3692/3692
f 3692/3692/3692 3693/3693/3693 3691/3691/3691
f 3693/3693/3693 3692/3692/3692 3694/3694/3694
f 3694/3694/3694 3695/3695/3695 3693/3693/3693
f 3696/3696/3696 3697/3697/3697 3698/3698/3698
f 3698/3698/3698 3699/3699/3699 3696/3696/3696
f 3700/3700/3700 3701/3701/3701 3702/3702/3702
f 3702/3702/3702 3703/3703/3703 3700/3700/3700
f 3703/3703/3703 3702/3702/3702 3704/3704/3704
f 3704/3704/3704 3705/3705/3705 3703/3703/3703
f 3705/3705/3705 3704/3704/3704 3706/3706/3706
f 3706/3706/3706 3707/3707/3707 3705/3705/3705
f 3707/3707/3707 3706/3706/3706 3708/3708/3708
f 3708/3708/3708 3709/3709/3709 3707/3707/3707
f 3709/3709/3709 3708/3708/3708 3710/3710/3710
f 3710/3710/3710 3711/3711/3711 3709/3709/3709
f 3711/3711/3711 3710/3710/3710 3712/3712/3712
f 3712/3712/3712 3713/3713/3713 3711/3711/3711
f 3714/3714/3714 3715/3715/3715 3716/3716/3716
f 3716/3716/3716 3717/3717/3717 3714/3714/3714
f 3718/3718/3718 3719/3719/3719 3720/3720/3720
f 3720/3720/3720 3721/3721/3721 3718/3718/3718
f 3721/3721/3721 3720/3720/3720 3687/3687/3687
f 3687/3687/3687 3686/3686/3686 3721/3721/3721
f 3722/3722/3722 3723/3723/3723 2575/2575/2575
f 3724/3724/3724 3725/3725/3725 3726/3726/3726
f 3726/3726/3726 3727/3727/3727 3724/3724/3724
f 3728/3728/3728 3729/3729/3729 3730/3730/3730
f 3730/3730/3730 3731/3731/3731 3728/3728/3728
f 3732/3732/3732 3733/3733/3733 3734/3734/3734
f 3734/3734/3734 3735/3735/3735 3732/3732/3732
f 3736/3736/3736 3737/3737/3737 3733/3733/3733
f 3733/3733/3733 3732/3732/3732 3736/3736/3736
f 3738/3738/3738 3739/3739/3739 3740/3740/3740
f 3740/3740/3740 3741/3741/3741 3738/3738/3738
f 3742/3742/3742 3743/3743/3743 3739/3739/3739
f 3739/3739/3739 3738/3738/3738 3742/3742/3742
f 3744/3744/3744 3745/3745/3745 3743/3743/3743
f 3743/3743/3743 3742/3742/3742 3744/3744/3744
f 3746/3746/3746 3747/3747/3747 3745/3745/3745
f 3745/3745/3745 3744/3744/3744 3746/3746/3746
f 3727/3727/3727 3726/3726/3726 3748/3748/3748
f 3748/3748/3748 3749/3749/3749 3727/3727/3727
f 3725/3725/3725 3724/3724/3724 3750/3750/3750
f 3750/3750/3750 3751/3751/3751 3725/3725/3725
f 3734/3734/3734 3729/3729/3729 3728/3728/3728
f 3728/3728/3728 3735/3735/3735 3734/3734/3734
f 3730/3730/3730 3749/3749/3749 3748/3748/3748
f 3748/3748/3748 3731/3731/3731 3730/3730/3730
f 3740/3740/3740 3737/3737/3737 3736/3736/3736
f 3736/3736/3736 3741/3741/3741 3740/3740/3740
f 3752/3752/3752 3753/3753/3753 3754/3754/3754
f 3754/3754/3754 3755/3755/3755 3752/3752/3752
f 3756/3756/3756 3757/3757/3757 3758/3758/3758
f 3758/3758/3758 3759/3759/3759 3756/3756/3756
f 3760/3760/3760 3761/3761/3761 3762/3762/3762
f 3762/3762/3762 3763/3763/3763 3760/3760/3760
f 3761/3761/3761 3764/3764/3764 3765/3765/3765
f 3765/3765/3765 3762/3762/3762 3761/3761/3761
f 3766/3766/3766 3767/3767/3767 3768/3768/3768
f 3768/3768/3768 3769/3769/3769 3766/3766/3766
f 3767/3767/3767 3770/3770/3770 3771/3771/3771
f 3771/3771/3771 3768/3768/3768 3767/3767/3767
f 3770/3770/3770 3772/3772/3772 3773/3773/3773
f 3773/3773/3773 3771/3771/3771 3770/3770/3770
f 3772/3772/3772 3774/3774/3774 3775/3775/3775
f 3775/3775/3775 3773/3773/3773 3772/3772/3772
f 3776/3776/3776 3752/3752/3752 3755/3755/3755
f 3755/3755/3755 3777/3777/3777 3776/3776/3776
f 3778/3778/3778 3754/3754/3754 3753/3753/3753
f 3753/3753/3753 3779/3779/3779 3778/3778/3778
f 3758/3758/3758 3757/3757/3757 3760/3760/3760
f 3760/3760/3760 3763/3763/3763 3758/3758/3758
f 3776/3776/3776 3777/3777/3777 3756/3756/3756
f 3756/3756/3756 3759/3759/3759 3776/3776/3776
f 3765/3765/3765 3764/3764/3764 3766/3766/3766
f 3766/3766/3766 3769/3769/3769 3765/3765/3765
f 3780/3780/3780 3781/3781/3781 3782/3782/3782
f 3782/3782/3782 3783/3783/3783 3780/3780/3780
f 3784/3784/3784 3785/3785/3785 3786/3786/3786
f 3786/3786/3786 3787/3787/3787 3784/3784/3784
f 3788/3788/3788 3789/3789/3789 3790/3790/3790
f 3790/3790/3790 3791/3791/3791 3788/3788/3788
f 3792/3792/3792 3793/3793/3793 3794/3794/3794
f 3794/3794/3794 3795/3795/3795 3792/3792/3792
f 3796/3796/3796 3797/3797/3797 3798/3798/3798
f 3798/3798/3798 3799/3799/3799 3796/3796/3796
f 3800/3800/3800 3801/3801/3801 3802/3802/3802
f 3802/3802/3802 3803/3803/3803 3800/3800/3800
f 3797/3797/3797 3804/3804/3804 3805/3805/3805
f 3805/3805/3805 3798/3798/3798 3797/3797/3797
f 3806/3806/3806 3800/3800/3800 3803/3803/3803
f 3803/3803/3803 3807/3807/3807 3806/3806/3806
f 3808/3808/3808 3809/3809/3809 3810/3810/3810
f 3810/3810/3810 3811/3811/3811 3808/3808/3808
f 3812/3812/3812 3813/3813/3813 3814/3814/3814
f 3814/3814/3814 3815/3815/3815 3812/3812/3812
f 3809/3809/3809 3816/3816/3816 3817/3817/3817
f 3817/3817/3817 3810/3810/3810 3809/3809/3809
f 3818/3818/3818 3812/3812/3812 3815/3815/3815
f 3815/3815/3815 3819/3819/3819 3818/3818/3818
f 3816/3816/3816 3820/3820/3820 3821/3821/3821
f 3821/3821/3821 3817/3817/3817 3816/3816/3816
f 3822/3822/3822 3818/3818/3818 3819/3819/3819
f 3819/3819/3819 3823/3823/3823 3822/3822/3822
f 3820/3820/3820 3824/3824/3824 3825/3825/3825
f 3825/3825/3825 3821/3821/3821 3820/3820/3820
f 3826/3826/3826 3827/3827/3827 3828/3828/3828
f 3826/3826/3826 3828/3828/3828 3829/3829/3829
f 3829/3829/3829 3830/3830/3830 3831/3831/3831
f 3829/3829/3829 3831/3831/3831 3832/3832/3832
f 3826/3826/3826 3829/3829/3829 3832/3832/3832
f 3832/3832/3832 3833/3833/3833 3834/3834/3834
f 3832/3832/3832 3834/3834/3834 3835/3835/3835
f 3826/3826/3826 3832/3832/3832 3835/3835/3835
f 3836/3836/3836 3826/3826/3826 3835/3835/3835
f 3837/3837/3837 3836/3836/3836 3835/3835/3835
f 3838/3838/3838 3822/3822/3822 3823/3823/3823
f 3823/3823/3823 3839/3839/3839 3838/3838/3838
f 3840/3840/3840 3780/3780/3780 3783/3783/3783
f 3783/3783/3783 3841/3841/3841 3840/3840/3840
f 3785/3785/3785 3842/3842/3842 3843/3843/3843
f 3843/3843/3843 3786/3786/3786 3785/3785/3785
f 3844/3844/3844 3784/3784/3784 3787/3787/3787
f 3787/3787/3787 3845/3845/3845 3844/3844/3844
f 3781/3781/3781 3846/3846/3846 3847/3847/3847
f 3847/3847/3847 3782/3782/3782 3781/3781/3781
f 3789/3789/3789 3796/3796/3796 3799/3799/3799
f 3799/3799/3799 3790/3790/3790 3789/3789/3789
f 3801/3801/3801 3792/3792/3792 3795/3795/3795
f 3795/3795/3795 3802/3802/3802 3801/3801/3801
f 3842/3842/3842 3788/3788/3788 3791/3791/3791
f 3791/3791/3791 3843/3843/3843 3842/3842/3842
f 3793/3793/3793 3840/3840/3840 3841/3841/3841
f 3841/3841/3841 3794/3794/3794 3793/3793/3793
f 3804/3804/3804 3808/3808/3808 3811/3811/3811
f 3811/3811/3811 3805/3805/3805 3804/3804/3804
f 3813/3813/3813 3806/3806/3806 3807/3807/3807
f 3807/3807/3807 3814/3814/3814 3813/3813/3813
f 3778/3778/3778 3779/3779/3779 3848/3848/3848
f 3848/3848/3848 3849/3849/3849 3778/3778/3778
f 3850/3850/3850 3724/3724/3724 3727/3727/3727
f 3727/3727/3727 3851/3851/3851 3850/3850/3850
f 3852/3852/3852 3726/3726/3726 3725/3725/3725
f 3725/3725/3725 3853/3853/3853 3852/3852/3852
f 3854/3854/3854 3728/3728/3728 3731/3731/3731
f 3731/3731/3731 3855/3855/3855 3854/3854/3854
f 3856/3856/3856 3730/3730/3730 3729/3729/3729
f 3729/3729/3729 3857/3857/3857 3856/3856/3856
f 3858/3858/3858 3732/3732/3732 3735/3735/3735
f 3735/3735/3735 3859/3859/3859 3858/3858/3858
f 3860/3860/3860 3734/3734/3734 3733/3733/3733
f 3733/3733/3733 3861/3861/3861 3860/3860/3860
f 3862/3862/3862 3736/3736/3736 3732/3732/3732
f 3732/3732/3732 3858/3858/3858 3862/3862/3862
f 3861/3861/3861 3733/3733/3733 3737/3737/3737
f 3737/3737/3737 3863/3863/3863 3861/3861/3861
f 3864/3864/3864 3738/3738/3738 3741/3741/3741
f 3741/3741/3741 3865/3865/3865 3864/3864/3864
f 3866/3866/3866 3740/3740/3740 3739/3739/3739
f 3739/3739/3739 3867/3867/3867 3866/3866/3866
f 3868/3868/3868 3742/3742/3742 3738/3738/3738
f 3738/3738/3738 3864/3864/3864 3868/3868/3868
f 3867/3867/3867 3739/3739/3739 3743/3743/3743
f 3743/3743/3743 3869/3869/3869 3867/3867/3867
f 3870/3870/3870 3744/3744/3744 3742/3742/3742
f 3742/3742/3742 3868/3868/3868 3870/3870/3870
f 3869/3869/3869 3743/3743/3743 3745/3745/3745
f 3745/3745/3745 3871/3871/3871 3869/3869/3869
f 3872/3872/3872 3746/3746/3746 3744/3744/3744
f 3744/3744/3744 3870/3870/3870 3872/3872/3872
f 3871/3871/3871 3745/3745/3745 3747/3747/3747
f 3747/3747/3747 3873/3873/3873 3871/3871/3871
f 3851/3851/3851 3727/3727/3727 3749/3749/3749
f 3749/3749/3749 3874/3874/3874 3851/3851/3851
f 3875/3875/3875 3748/3748/3748 3726/3726/3726
f 3726/3726/3726 3852/3852/3852 3875/3875/3875
f 3853/3853/3853 3725/3725/3725 3751/3751/3751
f 3751/3751/3751 3876/3876/3876 3853/3853/3853
f 3877/3877/3877 3750/3750/3750 3724/3724/3724
f 3724/3724/3724 3850/3850/3850 3877/3877/3877
f 3859/3859/3859 3735/3735/3735 3728/3728/3728
f 3728/3728/3728 3854/3854/3854 3859/3859/3859
f 3857/3857/3857 3729/3729/3729 3734/3734/3734
f 3734/3734/3734 3860/3860/3860 3857/3857/3857
f 3855/3855/3855 3731/3731/3731 3748/3748/3748
f 3748/3748/3748 3875/3875/3875 3855/3855/3855
f 3874/3874/3874 3749/3749/3749 3730/3730/3730
f 3730/3730/3730 3856/3856/3856 3874/3874/3874
f 3865/3865/3865 3741/3741/3741 3736/3736/3736
f 3736/3736/3736 3862/3862/3862 3865/3865/3865
f 3863/3863/3863 3737/3737/3737 3740/3740/3740
f 3740/3740/3740 3866/3866/3866 3863/3863/3863
f 3878/3878/3878 3879/3879/3879 3880/3880/3880
f 3880/3880/3880 3881/3881/3881 3878/3878/3878
f 3882/3882/3882 3883/3883/3883 3884/3884/3884
f 3884/3884/3884 3885/3885/3885 3882/3882/3882
f 3886/3886/3886 3887/3887/3887 3888/3888/3888
f 3888/3888/3888 3889/3889/3889 3886/3886/3886
f 3890/3890/3890 3891/3891/3891 3892/3892/3892
f 3892/3892/3892 3893/3893/3893 3890/3890/3890
f 3894/3894/3894 3895/3895/3895 3896/3896/3896
f 3896/3896/3896 3897/3897/3897 3894/3894/3894
f 3898/3898/3898 3899/3899/3899 3900/3900/3900
f 3900/3900/3900 3901/3901/3901 3898/3898/3898
f 3897/3897/3897 3896/3896/3896 3902/3902/3902
f 3902/3902/3902 3903/3903/3903 3897/3897/3897
f 3904/3904/3904 3905/3905/3905 3899/3899/3899
f 3899/3899/3899 3898/3898/3898 3904/3904/3904
f 3906/3906/3906 3907/3907/3907 3908/3908/3908
f 3908/3908/3908 3909/3909/3909 3906/3906/3906
f 3910/3910/3910 3911/3911/3911 3912/3912/3912
f 3912/3912/3912 3913/3913/3913 3910/3910/3910
f 3909/3909/3909 3908/3908/3908 3914/3914/3914
f 3914/3914/3914 3915/3915/3915 3909/3909/3909
f 3916/3916/3916 3917/3917/3917 3911/3911/3911
f 3911/3911/3911 3910/3910/3910 3916/3916/3916
f 3915/3915/3915 3914/3914/3914 3918/3918/3918
f 3918/3918/3918 3919/3919/3919 3915/3915/3915
f 3920/3920/3920 3921/3921/3921 3917/3917/3917
f 3917/3917/3917 3916/3916/3916 3920/3920/3920
f 3919/3919/3919 3918/3918/3918 3922/3922/3922
f 3922/3922/3922 3923/3923/3923 3919/3919/3919
f 3924/3924/3924 3925/3925/3925 3921/3921/3921
f 3921/3921/3921 3920/3920/3920 3924/3924/3924
f 3926/3926/3926 3927/3927/3927 3879/3879/3879
f 3879/3879/3879 3878/3878/3878 3926/3926/3926
f 3885/3885/3885 3884/3884/3884 3928/3928/3928
f 3928/3928/3928 3929/3929/3929 3885/3885/3885
f 3930/3930/3930 3931/3931/3931 3883/3883/3883
f 3883/3883/3883 3882/3882/3882 3930/3930/3930
f 3881/3881/3881 3880/3880/3880 3932/3932/3932
f 3932/3932/3932 3933/3933/3933 3881/3881/3881
f 3889/3889/3889 3888/3888/3888 3895/3895/3895
f 3895/3895/3895 3894/3894/3894 3889/3889/3889
f 3901/3901/3901 3900/3900/3900 3891/3891/3891
f 3891/3891/3891 3890/3890/3890 3901/3901/3901
f 3929/3929/3929 3928/3928/3928 3887/3887/3887
f 3887/3887/3887 3886/3886/3886 3929/3929/3929
f 3893/3893/3893 3892/3892/3892 3927/3927/3927
f 3927/3927/3927 3926/3926/3926 3893/3893/3893
f 3903/3903/3903 3902/3902/3902 3907/3907/3907
f 3907/3907/3907 3906/3906/3906 3903/3903/3903
f 3913/3913/3913 3912/3912/3912 3905/3905/3905
f 3905/3905/3905 3904/3904/3904 3913/3913/3913
f 3933/3933/3933 3932/3932/3932 3934/3934/3934
f 3934/3934/3934 3935/3935/3935 3933/3933/3933
f 3936/3936/3936 3937/3937/3937 3931/3931/3931
f 3931/3931/3931 3930/3930/3930 3936/3936/3936
f 3782/3782/3782 3938/3938/3938 3939/3939/3939
f 3939/3939/3939 3783/3783/3783 3782/3782/3782
f 3786/3786/3786 3940/3940/3940 3941/3941/3941
f 3941/3941/3941 3787/3787/3787 3786/3786/3786
f 3790/3790/3790 3942/3942/3942 3943/3943/3943
f 3943/3943/3943 3791/3791/3791 3790/3790/3790
f 3794/3794/3794 3944/3944/3944 3945/3945/3945
f 3945/3945/3945 3795/3795/3795 3794/3794/3794
f 3798/3798/3798 3946/3946/3946 3947/3947/3947
f 3947/3947/3947 3799/3799/3799 3798/3798/3798
f 3802/3802/3802 3948/3948/3948 3949/3949/3949
f 3949/3949/3949 3803/3803/3803 3802/3802/3802
f 3805/3805/3805 3950/3950/3950 3946/3946/3946
f 3946/3946/3946 3798/3798/3798 3805/3805/3805
f 3803/3803/3803 3949/3949/3949 3951/3951/3951
f 3951/3951/3951 3807/3807/3807 3803/3803/3803
f 3810/3810/3810 3952/3952/3952 3953/3953/3953
f 3953/3953/3953 3811/3811/3811 3810/3810/3810
f 3814/3814/3814 3954/3954/3954 3955/3955/3955
f 3955/3955/3955 3815/3815/3815 3814/3814/3814
f 3817/3817/3817 3956/3956/3956 3952/3952/3952
f 3952/3952/3952 3810/3810/3810 3817/3817/3817
f 3815/3815/3815 3955/3955/3955 3957/3957/3957
f 3957/3957/3957 3819/3819/3819 3815/3815/3815
f 3821/3821/3821 3958/3958/3958 3956/3956/3956
f 3956/3956/3956 3817/3817/3817 3821/3821/3821
f 3819/3819/3819 3957/3957/3957 3959/3959/3959
f 3959/3959/3959 3823/3823/3823 3819/3819/3819
f 3825/3825/3825 3960/3960/3960 3958/3958/3958
f 3958/3958/3958 3821/3821/3821 3825/3825/3825
f 3823/3823/3823 3959/3959/3959 3961/3961/3961
f 3961/3961/3961 3839/3839/3839 3823/3823/3823
f 3783/3783/3783 3939/3939/3939 3962/3962/3962
f 3962/3962/3962 3841/3841/3841 3783/3783/3783
f 3843/3843/3843 3963/3963/3963 3940/3940/3940
f 3940/3940/3940 3786/3786/3786 3843/3843/3843
f 3787/3787/3787 3941/3941/3941 3964/3964/3964
f 3964/3964/3964 3845/3845/3845 3787/3787/3787
f 3847/3847/3847 3965/3965/3965 3938/3938/3938
f 3938/3938/3938 3782/3782/3782 3847/3847/3847
f 3799/3799/3799 3947/3947/3947 3942/3942/3942
f 3942/3942/3942 3790/3790/3790 3799/3799/3799
f 3795/3795/3795 3945/3945/3945 3948/3948/3948
f 3948/3948/3948 3802/3802/3802 3795/3795/3795
f 3791/3791/3791 3943/3943/3943 3963/3963/3963
f 3963/3963/3963 3843/3843/3843 3791/3791/3791
f 3841/3841/3841 3962/3962/3962 3944/3944/3944
f 3944/3944/3944 3794/3794/3794 3841/3841/3841
f 3811/3811/3811 3953/3953/3953 3950/3950/3950
f 3950/3950/3950 3805/3805/3805 3811/3811/3811
f 3807/3807/3807 3951/3951/3951 3954/3954/3954
f 3954/3954/3954 3814/3814/3814 3807/3807/3807
f 3780/3780/3780 3966/3966/3966 3967/3967/3967
f 3967/3967/3967 3781/3781/3781 3780/3780/3780
f 3784/3784/3784 3968/3968/3968 3969/3969/3969
f 3969/3969/3969 3785/3785/3785 3784/3784/3784
f 3788/3788/3788 3970/3970/3970 3971/3971/3971
f 3971/3971/3971 3789/3789/3789 3788/3788/3788
f 3792/3792/3792 3972/3972/3972 3973/3973/3973
f 3973/3973/3973 3793/3793/3793 3792/3792/3792
f 3796/3796/3796 3974/3974/3974 3975/3975/3975
f 3975/3975/3975 3797/3797/3797 3796/3796/3796
f 3800/3800/3800 3976/3976/3976 3977/3977/3977
f 3977/3977/3977 3801/3801/3801 3800/3800/3800
f 3797/3797/3797 3975/3975/3975 3978/3978/3978
f 3978/3978/3978 3804/3804/3804 3797/3797/3797
f 3806/3806/3806 3979/3979/3979 3976/3976/3976
f 3976/3976/3976 3800/3800/3800 3806/3806/3806
f 3808/3808/3808 3980/3980/3980 3981/3981/3981
f 3981/3981/3981 3809/3809/3809 3808/3808/3808
f 3812/3812/3812 3982/3982/3982 3983/3983/3983
f 3983/3983/3983 3813/3813/3813 3812/3812/3812
f 3809/3809/3809 3981/3981/3981 3984/3984/3984
f 3984/3984/3984 3816/3816/3816 3809/3809/3809
f 3818/3818/3818 3985/3985/3985 3982/3982/3982
f 3982/3982/3982 3812/3812/3812 3818/3818/3818
f 3816/3816/3816 3984/3984/3984 3986/3986/3986
f 3986/3986/3986 3820/3820/3820 3816/3816/3816
f 3822/3822/3822 3987/3987/3987 3985/3985/3985
f 3985/3985/3985 3818/3818/3818 3822/3822/3822
f 3820/3820/3820 3986/3986/3986 3988/3988/3988
f 3988/3988/3988 3824/3824/3824 3820/3820/3820
f 3838/3838/3838 3989/3989/3989 3987/3987/3987
f 3987/3987/3987 3822/3822/3822 3838/3838/3838
f 3840/3840/3840 3990/3990/3990 3966/3966/3966
f 3966/3966/3966 3780/3780/3780 3840/3840/3840
f 3785/3785/3785 3969/3969/3969 3991/3991/3991
f 3991/3991/3991 3842/3842/3842 3785/3785/3785
f 3844/3844/3844 3992/3992/3992 3968/3968/3968
f 3968/3968/3968 3784/3784/3784 3844/3844/3844
f 3781/3781/3781 3967/3967/3967 3993/3993/3993
f 3993/3993/3993 3846/3846/3846 3781/3781/3781
f 3789/3789/3789 3971/3971/3971 3974/3974/3974
f 3974/3974/3974 3796/3796/3796 3789/3789/3789
f 3801/3801/3801 3977/3977/3977 3972/3972/3972
f 3972/3972/3972 3792/3792/3792 3801/3801/3801
f 3842/3842/3842 3991/3991/3991 3970/3970/3970
f 3970/3970/3970 3788/3788/3788 3842/3842/3842
f 3793/3793/3793 3973/3973/3973 3990/3990/3990
f 3990/3990/3990 3840/3840/3840 3793/3793/3793
f 3804/3804/3804 3978/3978/3978 3980/3980/3980
f 3980/3980/3980 3808/3808/3808 3804/3804/3804
f 3813/3813/3813 3983/3983/3983 3979/3979/3979
f 3979/3979/3979 3806/3806/3806 3813/3813/3813
f 3846/3846/3846 3993/3993/3993 3994/3994/3994
f 3994/3994/3994 3995/3995/3995 3846/3846/3846
f 3996/3996/3996 3997/3997/3997 3992/3992/3992
f 3992/3992/3992 3844/3844/3844 3996/3996/3996
f 3847/3847/3847 3846/3846/3846 3995/3995/3995
f 3998/3998/3998 3996/3996/3996 3844/3844/3844
f 3844/3844/3844 3845/3845/3845 3998/3998/3998
f 3937/3937/3937 3934/3934/3934 3999/3999/3999
f 3999/3999/3999 4000/4000/4000 3937/3937/3937
f 3934/3934/3934 3932/3932/3932 4001/4001/4001
f 4001/4001/4001 3999/3999/3999 3934/3934/3934
f 3932/3932/3932 3880/3880/3880 4002/4002/4002
f 4002/4002/4002 4001/4001/4001 3932/3932/3932
f 3880/3880/3880 3879/3879/3879 4003/4003/4003
f 4003/4003/4003 4002/4002/4002 3880/3880/3880
f 3879/3879/3879 3927/3927/3927 4004/4004/4004
f 4004/4004/4004 4003/4003/4003 3879/3879/3879
f 3927/3927/3927 3892/3892/3892 4005/4005/4005
f 4005/4005/4005 4004/4004/4004 3927/3927/3927
f 3892/3892/3892 3891/3891/3891 4006/4006/4006
f 4006/4006/4006 4005/4005/4005 3892/3892/3892
f 3891/3891/3891 3900/3900/3900 4007/4007/4007
f 4007/4007/4007 4006/4006/4006 3891/3891/3891
f 3900/3900/3900 3899/3899/3899 4008/4008/4008
f 4008/4008/4008 4007/4007/4007 3900/3900/3900
f 3899/3899/3899 3905/3905/3905 4009/4009/4009
f 4009/4009/4009 4008/4008/4008 3899/3899/3899
f 3905/3905/3905 3912/3912/3912 4010/4010/4010
f 4010/4010/4010 4009/4009/4009 3905/3905/3905
f 3912/3912/3912 3911/3911/3911 4011/4011/4011
f 4011/4011/4011 4010/4010/4010 3912/3912/3912
f 3911/3911/3911 3917/3917/3917 4012/4012/4012
f 4012/4012/4012 4011/4011/4011 3911/3911/3911
f 3917/3917/3917 3921/3921/3921 4013/4013/4013
f 4013/4013/4013 4012/4012/4012 3917/3917/3917
f 3921/3921/3921 3925/3925/3925 4014/4014/4014
f 4014/4014/4014 4013/4013/4013 3921/3921/3921
f 3925/3925/3925 3922/3922/3922 4015/4015/4015
f 4015/4015/4015 4014/4014/4014 3925/3925/3925
f 3922/3922/3922 3918/3918/3918 4016/4016/4016
f 4016/4016/4016 4015/4015/4015 3922/3922/3922
f 3918/3918/3918 3914/3914/3914 4017/4017/4017
f 4017/4017/4017 4016/4016/4016 3918/3918/3918
f 3914/3914/3914 3908/3908/3908 4018/4018/4018
f 4018/4018/4018 4017/4017/4017 3914/3914/3914
f 3908/3908/3908 3907/3907/3907 4019/4019/4019
f 4019/4019/4019 4018/4018/4018 3908/3908/3908
f 3907/3907/3907 3902/3902/3902 4020/4020/4020
f 4020/4020/4020 4019/4019/4019 3907/3907/3907
f 3902/3902/3902 3896/3896/3896 4021/4021/4021
f 4021/4021/4021 4020/4020/4020 3902/3902/3902
f 3896/3896/3896 3895/3895/3895 4022/4022/4022
f 4022/4022/4022 4021/4021/4021 3896/3896/3896
f 3895/3895/3895 3888/3888/3888 4023/4023/4023
f 4023/4023/4023 4022/4022/4022 3895/3895/3895
f 3888/3888/3888 3887/3887/3887 4024/4024/4024
f 4024/4024/4024 4023/4023/4023 3888/3888/3888
f 3887/3887/3887 3928/3928/3928 4025/4025/4025
f 4025/4025/4025 4024/4024/4024 3887/3887/3887
f 3928/3928/3928 3884/3884/3884 4026/4026/4026
f 4026/4026/4026 4025/4025/4025 3928/3928/3928
f 3884/3884/3884 3883/3883/3883 4027/4027/4027
f 4027/4027/4027 4026/4026/4026 3884/3884/3884
f 3883/3883/3883 3931/3931/3931 4028/4028/4028
f 4028/4028/4028 4027/4027/4027 3883/3883/3883
f 3931/3931/3931 3937/3937/3937 4000/4000/4000
f 4000/4000/4000 4028/4028/4028 3931/3931/3931
f 4029/4029/4029 4030/4030/4030 4031/4031/4031
f 4032/4032/4032 4033/4033/4033 4034/4034/4034
f 4035/4035/4035 4036/4036/4036 4037/4037/4037
f 4037/4037/4037 4038/4038/4038 4035/4035/4035
f 4036/4036/4036 4039/4039/4039 4040/4040/4040
f 4040/4040/4040 4037/4037/4037 4036/4036/4036
f 4039/4039/4039 4041/4041/4041 4042/4042/4042
f 4042/4042/4042 4040/4040/4040 4039/4039/4039
f 4041/4041/4041 4043/4043/4043 4044/4044/4044
f 4044/4044/4044 4042/4042/4042 4041/4041/4041
f 4043/4043/4043 4045/4045/4045 4046/4046/4046
f 4046/4046/4046 4044/4044/4044 4043/4043/4043
f 4045/4045/4045 4047/4047/4047 4048/4048/4048
f 4048/4048/4048 4046/4046/4046 4045/4045/4045
f 4047/4047/4047 4049/4049/4049 4050/4050/4050
f 4050/4050/4050 4048/4048/4048 4047/4047/4047
f 4049/4049/4049 4051/4051/4051 4052/4052/4052
f 4052/4052/4052 4050/4050/4050 4049/4049/4049
f 4051/4051/4051 4053/4053/4053 4054/4054/4054
f 4054/4054/4054 4052/4052/4052 4051/4051/4051
f 4053/4053/4053 4055/4055/4055 4056/4056/4056
f 4056/4056/4056 4054/4054/4054 4053/4053/4053
f 4055/4055/4055 4057/4057/4057 4058/4058/4058
f 4058/4058/4058 4056/4056/4056 4055/4055/4055
f 4057/4057/4057 4059/4059/4059 4060/4060/4060
f 4060/4060/4060 4058/4058/4058 4057/4057/4057
f 4059/4059/4059 4061/4061/4061 4062/4062/4062
f 4062/4062/4062 4060/4060/4060 4059/4059/4059
f 4061/4061/4061 4063/4063/4063 4064/4064/4064
f 4064/4064/4064 4062/4062/4062 4061/4061/4061
f 4065/4065/4065 4066/4066/4066 4067/4067/4067
f 4068/4068/4068 4069/4069/4069 4070/4070/4070
f 4071/4071/4071 4072/4072/4072 4073/4073/4073
f 4073/4073/4073 4074/4074/4074 4071/4071/4071
f 4072/4072/4072 4075/4075/4075 4076/4076/4076
f 4076/4076/4076 4073/4073/4073 4072/4072/4072
f 4075/4075/4075 4077/4077/4077 4078/4078/4078
f 4078/4078/4078 4076/4076/4076 4075/4075/4075
f 4077/4077/4077 4079/4079/4079 4080/4080/4080
f 4080/4080/4080 4078/4078/4078 4077/4077/4077
f 4079/4079/4079 4081/4081/4081 4082/4082/4082
f 4082/4082/4082 4080/4080/4080 4079/4079/4079
f 4081/4081/4081 4083/4083/4083 4084/4084/4084
f 4084/4084/4084 4082/4082/4082 4081/4081/4081
f 4083/4083/4083 4085/4085/4085 4086/4086/4086
f 4086/4086/4086 4084/4084/4084 4083/4083/4083
f 4085/4085/4085 4087/4087/4087 4088/4088/4088
f 4088/4088/4088 4086/4086/4086 4085/4085/4085
f 4087/4087/4087 4089/4089/4089 4090/4090/4090
f 4090/4090/4090 4088/4088/4088 4087/4087/4087
f 4089/4089/4089 4091/4091/4091 4092/4092/4092
f 4092/4092/4092 4090/4090/4090 4089/4089/4089
f 4091/4091/4091 4093/4093/4093 4094/4094/4094
f 4094/4094/4094 4092/4092/4092 4091/4091/4091
f 4093/4093/4093 4095/4095/4095 4096/4096/4096
f 4096/4096/4096 4094/4094/4094 4093/4093/4093
f 4095/4095/4095 4097/4097/4097 4098/4098/4098
f 4098/4098/4098 4096/4096/4096 4095/4095/4095
f 4097/4097/4097 4099/4099/4099 4100/4100/4100
f 4100/4100/4100 4098/4098/4098 4097/4097/4097
f 3845/3845/3845 3964/3964/3964 3998/3998/3998
f 4101/4101/4101 4102/4102/4102 4103/4103/4103
f 4104/4104/4104 4105/4105/4105 4106/4106/4106
f 4107/4107/4107 4108/4108/4108 4109/4109/4109
f 4110/4110/4110 4111/4111/4111 4112/4112/4112
f 4113/4113/4113 4114/4114/4114 4115/4115/4115
f 4116/4116/4116 4117/4117/4117 4118/4118/4118
f 4118/4118/4118 4119/4119/4119 4116/4116/4116
f 4120/4120/4120 4121/4121/4121 4122/4122/4122
f 4123/4123/4123 4124/4124/4124 4125/4125/4125
f 4126/4126/4126 4127/4127/4127 4128/4128/4128
f 4129/4129/4129 4130/4130/4130 4131/4131/4131
f 4132/4132/4132 4133/4133/4133 4134/4134/4134
f 4135/4135/4135 4136/4136/4136 4137/4137/4137
f 4138/4138/4138 4139/4139/4139 4140/4140/4140
f 4141/4141/4141 4142/4142/4142 4143/4143/4143
f 4144/4144/4144 4145/4145/4145 4146/4146/4146
f 4147/4147/4147 4148/4148/4148 4149/4149/4149
f 4150/4150/4150 4151/4151/4151 4152/4152/4152
f 4153/4153/4153 4154/4154/4154 4155/4155/4155
f 4156/4156/4156 4157/4157/4157 4158/4158/4158
f 4159/4159/4159 4160/4160/4160 4161/4161/4161
f 4162/4162/4162 4163/4163/4163 4164/4164/4164
f 4165/4165/4165 4166/4166/4166 4167/4167/4167
f 4168/4168/4168 4165/4165/4165 4167/4167/4167
f 4169/4169/4169 4168/4168/4168 4167/4167/4167
f 4170/4170/4170 4171/4171/4171 4172/4172/4172
f 4173/4173/4173 4174/4174/4174 4175/4175/4175
f 4176/4176/4176 4177/4177/4177 4178/4178/4178
f 4179/4179/4179 4180/4180/4180 2574/2574/2574
f 4180/4180/4180 4181/4181/4181 2575/2575/2575
f 2575/2575/2575 2574/2574/2574 4180/4180/4180
f 4181/4181/4181 3722/3722/3722 2575/2575/2575
f 4182/4182/4182 4183/4183/4183 4184/4184/4184
f 4185/4185/4185 4186/4186/4186 4187/4187/4187
f 4188/4188/4188 4189/4189/4189 4190/4190/4190
f 4191/4191/4191 4192/4192/4192 4193/4193/4193
f 2572/2572/2572 4194/4194/4194 4195/4195/4195
f 4195/4195/4195 4196/4196/4196 2572/2572/2572
f 4197/4197/4197 4198/4198/4198 4199/4199/4199
f 4200/4200/4200 4117/4117/4117 4116/4116/4116
f 4169/4169/4169 4201/4201/4201 2571/2571/2571
f 2571/2571/2571 4168/4168/4168 4169/4169/4169
f 4172/4172/4172 4202/4202/4202 4170/4170/4170
f 4203/4203/4203 4204/4204/4204 4205/4205/4205
f 4206/4206/4206 4207/4207/4207 4208/4208/4208
f 4209/4209/4209 4210/4210/4210 4211/4211/4211
f 4212/4212/4212 4213/4213/4213 4214/4214/4214
f 4212/4212/4212 4214/4214/4214 4196/4196/4196
f 4195/4195/4195 4212/4212/4212 4196/4196/4196
f 4215/4215/4215 4216/4216/4216 2572/2572/2572
f 2572/2572/2572 2571/2571/2571 4215/4215/4215
f 4216/4216/4216 4217/4217/4217 2572/2572/2572
f 4218/4218/4218 4215/4215/4215 2571/2571/2571
f 4217/4217/4217 4194/4194/4194 2572/2572/2572
f 4219/4219/4219 4179/4179/4179 2574/2574/2574
f 3723/3723/3723 4220/4220/4220 4221/4221/4221
f 4221/4221/4221 2575/2575/2575 3723/3723/3723
f 4222/4222/4222 4166/4166/4166 4165/4165/4165
f 4223/4223/4223 4222/4222/4222 4165/4165/4165
f 4224/4224/4224 4223/4223/4223 4165/4165/4165
f 4225/4225/4225 4226/4226/4226 4227/4227/4227
f 4228/4228/4228 4229/4229/4229 4230/4230/4230
f 4228/4228/4228 4230/4230/4230 4214/4214/4214
f 4213/4213/4213 4228/4228/4228 4214/4214/4214
f 4231/4231/4231 4232/4232/4232 4233/4233/4233
f 4234/4234/4234 4235/4235/4235 4236/4236/4236
f 4234/4234/4234 4236/4236/4236 4230/4230/4230
f 4229/4229/4229 4234/4234/4234 4230/4230/4230
f 4224/4224/4224 4165/4165/4165 4237/4237/4237
f 4237/4237/4237 4238/4238/4238 4224/4224/4224
f 4219/4219/4219 2574/2574/2574 4236/4236/4236
f 4236/4236/4236 4235/4235/4235 4219/4219/4219
f 4239/4239/4239 4238/4238/4238 4237/4237/4237
f 4239/4239/4239 4237/4237/4237 4221/4221/4221
f 4220/4220/4220 4239/4239/4239 4221/4221/4221
f 4201/4201/4201 4218/4218/4218 2571/2571/2571
f 2575/2575/2575 4240/4240/4240 2529/2529/2529
f 2529/2529/2529 2528/2528/2528 2575/2575/2575
f 2568/2568/2568 4241/4241/4241 4242/4242/4242
f 4242/4242/4242 2569/2569/2569 2568/2568/2568
f 2461/2461/2461 2526/2526/2526 4243/4243/4243
f 4243/4243/4243 2570/2570/2570 2461/2461/2461
f 4244/4244/4244 2565/2565/2565 2564/2564/2564
f 2564/2564/2564 4245/4245/4245 4244/4244/4244
f 4242/4242/4242 4241/4241/4241 4246/4246/4246
f 4246/4246/4246 4247/4247/4247 4242/4242/4242
f 4248/4248/4248 4240/4240/4240 2575/2575/2575
f 4248/4248/4248 2575/2575/2575 4221/4221/4221
f 4248/4248/4248 4221/4221/4221 4237/4237/4237
f 4248/4248/4248 4237/4237/4237 4165/4165/4165
f 4248/4248/4248 4165/4165/4165 4168/4168/4168
f 4248/4248/4248 4168/4168/4168 2571/2571/2571
f 4247/4247/4247 4246/4246/4246 4244/4244/4244
f 4244/4244/4244 4245/4245/4245 4247/4247/4247
f 4248/4248/4248 2571/2571/2571 2570/2570/2570
f 2570/2570/2570 4243/4243/4243 4248/4248/4248
f 2572/2572/2572 4249/4249/4249 2506/2506/2506
f 2506/2506/2506 2505/2505/2505 2572/2572/2572
f 4250/4250/4250 4251/4251/4251 2380/2380/2380
f 2380/2380/2380 2481/2481/2481 4250/4250/4250
f 4251/4251/4251 4252/4252/4252 2381/2381/2381
f 2381/2381/2381 2380/2380/2380 4251/4251/4251
f 4253/4253/4253 4254/4254/4254 4255/4255/4255
f 4255/4255/4255 4256/4256/4256 4253/4253/4253
f 4257/4257/4257 4258/4258/4258 4259/4259/4259
f 4257/4257/4257 4259/4259/4259 2360/2360/2360
f 2359/2359/2359 4257/4257/4257 2360/2360/2360
f 4259/4259/4259 4260/4260/4260 2480/2480/2480
f 2480/2480/2480 2360/2360/2360 4259/4259/4259
f 2504/2504/2504 4261/4261/4261 4262/4262/4262
f 4262/4262/4262 2462/2462/2462 2504/2504/2504
f 4262/4262/4262 4263/4263/4263 2463/2463/2463
f 2463/2463/2463 2462/2462/2462 4262/4262/4262
f 4263/4263/4263 4264/4264/4264 2527/2527/2527
f 2527/2527/2527 2463/2463/2463 4263/4263/4263
f 4265/4265/4265 4266/4266/4266 2567/2567/2567
f 2567/2567/2567 2566/2566/2566 4265/4265/4265
f 4236/4236/4236 2574/2574/2574 4267/4267/4267
f 4230/4230/4230 4236/4236/4236 4267/4267/4267
f 4214/4214/4214 4230/4230/4230 4267/4267/4267
f 4196/4196/4196 4214/4214/4214 4267/4267/4267
f 2572/2572/2572 4196/4196/4196 4267/4267/4267
f 2572/2572/2572 4267/4267/4267 4249/4249/4249
f 4268/4268/4268 4269/4269/4269 4251/4251/4251
f 4251/4251/4251 4250/4250/4250 4268/4268/4268
f 4269/4269/4269 4270/4270/4270 4252/4252/4252
f 4252/4252/4252 4251/4251/4251 4269/4269/4269
f 4271/4271/4271 4272/4272/4272 4273/4273/4273
f 4274/4274/4274 4275/4275/4275 4276/4276/4276
f 4277/4277/4277 4278/4278/4278 4259/4259/4259
f 4259/4259/4259 4258/4258/4258 4277/4277/4277
f 4278/4278/4278 4279/4279/4279 4260/4260/4260
f 4260/4260/4260 4259/4259/4259 4278/4278/4278
f 4280/4280/4280 4281/4281/4281 4262/4262/4262
f 4262/4262/4262 4261/4261/4261 4280/4280/4280
f 4281/4281/4281 4282/4282/4282 4263/4263/4263
f 4263/4263/4263 4262/4262/4262 4281/4281/4281
f 4282/4282/4282 4283/4283/4283 4264/4264/4264
f 4264/4264/4264 4263/4263/4263 4282/4282/4282
f 4265/4265/4265 4284/4284/4284 4285/4285/4285
f 4285/4285/4285 4266/4266/4266 4265/4265/4265
f 2573/2573/2573 2451/2451/2451 2499/2499/2499
f 2499/2499/2499 4286/4286/4286 2573/2573/2573
f 4287/4287/4287 2477/2477/2477 2385/2385/2385
f 2385/2385/2385 4288/4288/4288 4287/4287/4287
f 4288/4288/4288 2385/2385/2385 2384/2384/2384
f 2384/2384/2384 4289/4289/4289 4288/4288/4288
f 4290/4290/4290 4291/4291/4291 4292/4292/4292
f 4293/4293/4293 4294/4294/4294 4295/4295/4295
f 4296/4296/4296 4297/4297/4297 4298/4298/4298
f 4299/4299/4299 4300/4300/4300 4301/4301/4301
f 4302/4302/4302 4303/4303/4303 4304/4304/4304
f 4305/4305/4305 4306/4306/4306 4307/4307/4307
f 4308/4308/4308 4309/4309/4309 4310/4310/4310
f 4311/4311/4311 4312/4312/4312 4313/4313/4313
f 2397/2397/2397 2396/2396/2396 4314/4314/4314
f 4314/4314/4314 4315/4315/4315 2397/2397/2397
f 2396/2396/2396 2478/2478/2478 4316/4316/4316
f 4316/4316/4316 4314/4314/4314 2396/2396/2396
f 4317/4317/4317 4318/4318/4318 2500/2500/2500
f 4317/4317/4317 2500/2500/2500 2454/2454/2454
f 4317/4317/4317 2454/2454/2454 4319/4319/4319
f 2454/2454/2454 2457/2457/2457 4320/4320/4320
f 4320/4320/4320 4319/4319/4319 2454/2454/2454
f 2457/2457/2457 2523/2523/2523 4321/4321/4321
f 4321/4321/4321 4320/4320/4320 2457/2457/2457
f 4322/4322/4322 2563/2563/2563 2562/2562/2562
f 2562/2562/2562 4323/4323/4323 4322/4322/4322
f 2573/2573/2573 4286/4286/4286 4267/4267/4267
f 4267/4267/4267 2574/2574/2574 2573/2573/2573
f 4287/4287/4287 4288/4288/4288 4269/4269/4269
f 4269/4269/4269 4268/4268/4268 4287/4287/4287
f 4269/4269/4269 4288/4288/4288 4289/4289/4289
f 4289/4289/4289 4270/4270/4270 4269/4269/4269
f 4324/4324/4324 4325/4325/4325 4326/4326/4326
f 4327/4327/4327 4328/4328/4328 4329/4329/4329
f 4315/4315/4315 4314/4314/4314 4278/4278/4278
f 4278/4278/4278 4277/4277/4277 4315/4315/4315
f 4314/4314/4314 4316/4316/4316 4279/4279/4279
f 4279/4279/4279 4278/4278/4278 4314/4314/4314
f 4280/4280/4280 4318/4318/4318 4317/4317/4317
f 4280/4280/4280 4317/4317/4317 4319/4319/4319
f 4280/4280/4280 4319/4319/4319 4281/4281/4281
f 4281/4281/4281 4319/4319/4319 4320/4320/4320
f 4320/4320/4320 4282/4282/4282 4281/4281/4281
f 4282/4282/4282 4320/4320/4320 4321/4321/4321
f 4321/4321/4321 4283/4283/4283 4282/4282/4282
f 4284/4284/4284 4322/4322/4322 4323/4323/4323
f 4323/4323/4323 4285/4285/4285 4284/4284/4284
f 4330/4330/4330 2487/2487/2487 2486/2486/2486
f 2486/2486/2486 4331/4331/4331 4330/4330/4330
f 4332/4332/4332 2490/2490/2490 2489/2489/2489
f 2489/2489/2489 4333/4333/4333 4332/4332/4332
f 4334/4334/4334 2492/2492/2492 2491/2491/2491
f 2491/2491/2491 4335/4335/4335 4334/4334/4334
f 4336/4336/4336 2495/2495/2495 2494/2494/2494
f 2494/2494/2494 4337/4337/4337 4336/4336/4336
f 4338/4338/4338 2484/2484/2484 2496/2496/2496
f 2496/2496/2496 4339/4339/4339 4338/4338/4338
f 4340/4340/4340 2497/2497/2497 2490/2490/2490
f 2490/2490/2490 4341/4341/4341 4340/4340/4340
f 4342/4342/4342 2482/2482/2482 2498/2498/2498
f 2498/2498/2498 4343/4343/4343 4342/4342/4342
f 4344/4344/4344 2499/2499/2499 2495/2495/2495
f 2495/2495/2495 4345/4345/4345 4344/4344/4344
f 4346/4346/4346 2486/2486/2486 2500/2500/2500
f 2500/2500/2500 4347/4347/4347 4346/4346/4346
f 4348/4348/4348 2501/2501/2501 2483/2483/2483
f 2483/2483/2483 4349/4349/4349 4348/4348/4348
f 4350/4350/4350 2491/2491/2491 2502/2502/2502
f 2502/2502/2502 4351/4351/4351 4350/4350/4350
f 4352/4352/4352 2503/2503/2503 2485/2485/2485
f 2485/2485/2485 4353/4353/4353 4352/4352/4352
f 4354/4354/4354 2500/2500/2500 4318/4318/4318
f 4318/4318/4318 4355/4355/4355 4354/4354/4354
f 4356/4356/4356 2544/2544/2544 2543/2543/2543
f 2543/2543/2543 4357/4357/4357 4356/4356/4356
f 4358/4358/4358 2548/2548/2548 2547/2547/2547
f 2547/2547/2547 4359/4359/4359 4358/4358/4358
f 4360/4360/4360 2552/2552/2552 2551/2551/2551
f 2551/2551/2551 4361/4361/4361 4360/4360/4360
f 4362/4362/4362 2556/2556/2556 2555/2555/2555
f 2555/2555/2555 4363/4363/4363 4362/4362/4362
f 4364/4364/4364 2537/2537/2537 2544/2544/2544
f 2544/2544/2544 4365/4365/4365 4364/4364/4364
f 4366/4366/4366 2558/2558/2558 2548/2548/2548
f 2548/2548/2548 4367/4367/4367 4366/4366/4366
f 4368/4368/4368 2531/2531/2531 2552/2552/2552
f 2552/2552/2552 4369/4369/4369 4368/4368/4368
f 4370/4370/4370 2560/2560/2560 2556/2556/2556
f 2556/2556/2556 4371/4371/4371 4370/4370/4370
f 4372/4372/4372 2543/2543/2543 2563/2563/2563
f 2563/2563/2563 4373/4373/4373 4372/4372/4372
f 4374/4374/4374 2547/2547/2547 2532/2532/2532
f 2532/2532/2532 4375/4375/4375 4374/4374/4374
f 4376/4376/4376 2551/2551/2551 2565/2565/2565
f 2565/2565/2565 4377/4377/4377 4376/4376/4376
f 4378/4378/4378 2555/2555/2555 2538/2538/2538
f 2538/2538/2538 4379/4379/4379 4378/4378/4378
f 4380/4380/4380 2563/2563/2563 4322/4322/4322
f 4322/4322/4322 4381/4381/4381 4380/4380/4380
f 4382/4382/4382 2502/2502/2502 2506/2506/2506
f 2506/2506/2506 4383/4383/4383 4382/4382/4382
f 4384/4384/4384 2565/2565/2565 4244/4244/4244
f 4244/4244/4244 4385/4385/4385 4384/4384/4384
f 4386/4386/4386 2483/2483/2483 2482/2482/2482
f 2482/2482/2482 4387/4387/4387 4386/4386/4386
f 4388/4388/4388 2485/2485/2485 2484/2484/2484
f 2484/2484/2484 4389/4389/4389 4388/4388/4388
f 4390/4390/4390 2532/2532/2532 2531/2531/2531
f 2531/2531/2531 4391/4391/4391 4390/4390/4390
f 4392/4392/4392 2538/2538/2538 2537/2537/2537
f 2537/2537/2537 4393/4393/4393 4392/4392/4392
f 4394/4394/4394 2568/2568/2568 2560/2560/2560
f 2560/2560/2560 4395/4395/4395 4394/4394/4394
f 4396/4396/4396 4241/4241/4241 2568/2568/2568
f 2568/2568/2568 4397/4397/4397 4396/4396/4396
f 4398/4398/4398 4246/4246/4246 4241/4241/4241
f 4241/4241/4241 4399/4399/4399 4398/4398/4398
f 4400/4400/4400 4244/4244/4244 4246/4246/4246
f 4246/4246/4246 4401/4401/4401 4400/4400/4400
f 4402/4402/4402 2506/2506/2506 4249/4249/4249
f 4249/4249/4249 4403/4403/4403 4402/4402/4402
f 4404/4404/4404 2504/2504/2504 2497/2497/2497
f 2497/2497/2497 4405/4405/4405 4404/4404/4404
f 4406/4406/4406 2566/2566/2566 2558/2558/2558
f 2558/2558/2558 4407/4407/4407 4406/4406/4406
f 4408/4408/4408 4249/4249/4249 4267/4267/4267
f 4267/4267/4267 4409/4409/4409 4408/4408/4408
f 4410/4410/4410 4261/4261/4261 2504/2504/2504
f 2504/2504/2504 4411/4411/4411 4410/4410/4410
f 4412/4412/4412 4265/4265/4265 2566/2566/2566
f 2566/2566/2566 4413/4413/4413 4412/4412/4412
f 4414/4414/4414 4286/4286/4286 2499/2499/2499
f 2499/2499/2499 4415/4415/4415 4414/4414/4414
f 4416/4416/4416 4318/4318/4318 4280/4280/4280
f 4280/4280/4280 4417/4417/4417 4416/4416/4416
f 4418/4418/4418 4322/4322/4322 4284/4284/4284
f 4284/4284/4284 4419/4419/4419 4418/4418/4418
f 4420/4420/4420 4267/4267/4267 4286/4286/4286
f 4286/4286/4286 4421/4421/4421 4420/4420/4420
f 4422/4422/4422 4280/4280/4280 4261/4261/4261
f 4261/4261/4261 4423/4423/4423 4422/4422/4422
f 4424/4424/4424 4284/4284/4284 4265/4265/4265
f 4265/4265/4265 4425/4425/4425 4424/4424/4424
g Safe_Handle
usemtl safe
v 0.64840543 0.60000473 0.32958031
v 0.64979124 0.60786504 0.32958031
v 0.64979124 0.60786504 0.28058594
v 0.64840555 0.60000473 0.28058594
v 0.64979124 0.60786504 0.32958031
v 0.65378213 0.61477733 0.32958031
v 0.65378213 0.61477727 0.28058594
v 0.64979124 0.60786504 0.28058594
v 0.65989637 0.61990774 0.32958031
v 0.65989637 0.61990774 0.28058594
v 0.66739666 0.62263757 0.32958031
v 0.66739666 0.62263757 0.28058594
v 0.67537808 0.62263757 0.32958031
v 0.67537808 0.62263757 0.28058594
v 0.68287838 0.61990774 0.32958031
v 0.68287838 0.61990774 0.28058594
v 0.68899262 0.61477733 0.32958031
v 0.68899262 0.61477727 0.28058594
v 0.69298339 0.60786504 0.32958031
v 0.69298339 0.60786504 0.28058594
v 0.69436932 0.60000473 0.32958031
v 0.69436944 0.60000473 0.28058594
v 0.69298339 0.59214443 0.32958031
v 0.69298351 0.59214443 0.28058594
v 0.68899262 0.58523220 0.32958031
v 0.68899274 0.58523214 0.28058594
v 0.68287838 0.58010173 0.32958031
v 0.68287849 0.58010173 0.28058594
v 0.67537808 0.57737190 0.32958034
v 0.67537820 0.57737184 0.28058594
v 0.66739666 0.57737190 0.32958034
v 0.66739678 0.57737184 0.28058594
v 0.65989637 0.58010173 0.32958034
v 0.65989649 0.58010173 0.28058594
v 0.65378213 0.58523214 0.32958034
v 0.65378225 0.58523214 0.28058594
v 0.64979124 0.59214443 0.32958031
v 0.64979136 0.59214443 0.28058594
v 0.65378213 0.58523214 0.32958034
v 0.65989637 0.58010173 0.32958034
v 0.66739666 0.57737190 0.32958034
v 0.66739666 0.57737190 0.32958034
v 0.67537808 0.57737190 0.32958034
v 0.68287838 0.58010173 0.32958031
v 0.68287838 0.58010173 0.32958031
v 0.68899262 0.58523220 0.32958031
v 0.69298339 0.59214443 0.32958031
v 0.66739666 0.57737190 0.32958034
v 0.68287838 0.58010173 0.32958031
v 0.69298339 0.59214443 0.32958031
v 0.69298339 0.59214443 0.32958031
v 0.69436932 0.60000473 0.32958031
v 0.69298339 0.60786504 0.32958031
v 0.69298339 0.60786504 0.32958031
v 0.68899262 0.61477733 0.32958031
v 0.68287838 0.61990774 0.32958031
v 0.68287838 0.61990774 0.32958031
v 0.67537808 0.62263757 0.32958031
v 0.66739666 0.62263757 0.32958031
v 0.66739666 0.62263757 0.32958031
v 0.65989637 0.61990774 0.32958031
v 0.65378213 0.61477733 0.32958031
v 0.68287838 0.61990774 0.32958031
v 0.66739666 0.62263757 0.32958031
v 0.65378213 0.61477733 0.32958031
v 0.69298339 0.59214443 0.32958031
v 0.68287838 0.61990774 0.32958031
v 0.65378213 0.61477733 0.32958031
v 0.66739666 0.57737190 0.32958034
v 0.69298339 0.59214443 0.32958031
v 0.65378213 0.61477733 0.32958031
v 0.64979124 0.60786504 0.32958031
v 0.64840543 0.60000473 0.32958031
v 0.66739666 0.57737190 0.32958034
v 0.65378213 0.61477733 0.32958031
v 0.64840543 0.60000473 0.32958031
v 0.65378213 0.58523214 0.32958034
v 0.66739666 0.57737190 0.32958034
v 0.64840543 0.60000473 0.32958031
v 0.64979124 0.59214443 0.32958031
v 0.65378213 0.58523214 0.32958034
v 0.64840543 0.60000473 0.32958031
v 0.64979136 0.60786504 0.23507714
v 0.65378225 0.61477727 0.23507714
v 0.65989649 0.61990774 0.23507714
v 0.65989649 0.61990774 0.23507714
v 0.66739678 0.62263757 0.23507714
v 0.67537820 0.62263757 0.23507714
v 0.68287849 0.61990774 0.23507714
v 0.68899274 0.61477727 0.23507714
v 0.65989649 0.61990774 0.23507714
v 0.67537820 0.62263757 0.23507714
v 0.68899274 0.61477727 0.23507714
v 0.69298351 0.60786504 0.23507714
v 0.69436944 0.60000467 0.23507714
v 0.69298351 0.59214443 0.23507714
v 0.68899274 0.58523214 0.23507714
v 0.68287849 0.58010173 0.23507714
v 0.67537820 0.57737184 0.23507714
v 0.66739678 0.57737184 0.23507714
v 0.65989649 0.58010173 0.23507714
v 0.68899274 0.58523214 0.23507714
v 0.67537820 0.57737184 0.23507714
v 0.65989649 0.58010173 0.23507714
v 0.65989649 0.58010173 0.23507714
v 0.65378225 0.58523214 0.23507714
v 0.64979136 0.59214437 0.23507714
v 0.64979136 0.59214437 0.23507714
v 0.64979136 0.60786504 0.23507714
v 0.64840555 0.60000467 0.23507714
v 0.61662281 0.60000467 0.27072400
v 0.61992550 0.61873531 0.27072400
v 0.61992550 0.61873531 0.24213850
v 0.61662281 0.60000467 0.24213850
v 0.61992550 0.61873531 0.27072400
v 0.62943530 0.63520676 0.27072400
v 0.62943530 0.63520676 0.24213850
v 0.61992550 0.61873531 0.24213850
v 0.64400446 0.64743203 0.27072400
v 0.64400458 0.64743203 0.24213845
v 0.66187811 0.65393752 0.27072400
v 0.66187823 0.65393746 0.24213845
v 0.68089712 0.65393740 0.27072400
v 0.68089724 0.65393740 0.24213845
v 0.69876969 0.64743227 0.27072400
v 0.69876981 0.64743227 0.24213845
v 0.71333957 0.63520676 0.27072400
v 0.71333957 0.63520676 0.24213845
v 0.72284925 0.61873591 0.27072400
v 0.72284925 0.61873591 0.24213850
v 0.72615218 0.60000408 0.27072400
v 0.72615218 0.60000408 0.24213850
v 0.72284949 0.58127409 0.27072400
v 0.72284949 0.58127409 0.24213850
v 0.71333969 0.56480265 0.27072400
v 0.71333969 0.56480265 0.24213850
v 0.69876981 0.55257714 0.27072400
v 0.69876981 0.55257708 0.24213850
v 0.68089724 0.54607201 0.27072400
v 0.68089724 0.54607201 0.24213850
v 0.66187775 0.54607201 0.27072400
v 0.66187775 0.54607201 0.24213850
v 0.64400518 0.55257708 0.27072400
v 0.64400518 0.55257708 0.24213850
v 0.62943530 0.56480265 0.27072400
v 0.62943530 0.56480265 0.24213850
v 0.61992550 0.58127403 0.27072400
v 0.61992550 0.58127403 0.24213850
v 0.64840555 0.60000473 0.28058594
v 0.64979124 0.60786504 0.28058594
v 0.62789989 0.61583281 0.28058594
v 0.62510908 0.60000467 0.28058594
v 0.65378213 0.61477727 0.28058594
v 0.63593614 0.62975186 0.28058594
v 0.65989637 0.61990774 0.28058594
v 0.64824772 0.64008272 0.28058594
v 0.66739666 0.62263757 0.28058594
v 0.66335166 0.64558005 0.28058589
v 0.67537808 0.62263757 0.28058594
v 0.67942345 0.64557993 0.28058589
v 0.68287838 0.61990774 0.28058594
v 0.69452655 0.64008290 0.28058589
v 0.68899262 0.61477727 0.28058594
v 0.70683861 0.62975180 0.28058589
v 0.69298339 0.60786504 0.28058594
v 0.71487463 0.61583328 0.28058594
v 0.69436944 0.60000473 0.28058594
v 0.71766579 0.60000426 0.28058594
v 0.69298351 0.59214443 0.28058594
v 0.71487486 0.58417660 0.28058594
v 0.68899274 0.58523214 0.28058594
v 0.70683873 0.57025760 0.28058594
v 0.68287849 0.58010173 0.28058594
v 0.69452667 0.55992651 0.28058594
v 0.67537820 0.57737184 0.28058594
v 0.67942369 0.55442947 0.28058594
v 0.66739678 0.57737184 0.28058594
v 0.66335142 0.55442947 0.28058594
v 0.65989649 0.58010173 0.28058594
v 0.64824831 0.55992651 0.28058594
v 0.65378225 0.58523214 0.28058594
v 0.63593626 0.57025754 0.28058594
v 0.64979136 0.59214443 0.28058594
v 0.62790012 0.58417654 0.28058594
v 0.62510908 0.60000467 0.23507714
v 0.62790000 0.61583281 0.23507714
v 0.62790000 0.58417654 0.23507714
v 0.64979136 0.59214437 0.23507714
v 0.65378225 0.58523214 0.23507714
v 0.63593626 0.57025754 0.23507720
v 0.63593626 0.57025754 0.23507720
v 0.62790000 0.58417654 0.23507714
v 0.64979136 0.59214437 0.23507714
v 0.65378225 0.58523214 0.23507714
v 0.65989649 0.58010173 0.23507714
v 0.64824831 0.55992651 0.23507720
v 0.64824831 0.55992651 0.23507720
v 0.63593626 0.57025754 0.23507720
v 0.65378225 0.58523214 0.23507714
v 0.65989649 0.58010173 0.23507714
v 0.66739678 0.57737184 0.23507714
v 0.66335142 0.55442947 0.23507720
v 0.66335142 0.55442947 0.23507720
v 0.64824831 0.55992651 0.23507720
v 0.65989649 0.58010173 0.23507714
v 0.66739678 0.57737184 0.23507714
v 0.67537820 0.57737184 0.23507714
v 0.67942369 0.55442947 0.23507720
v 0.67942369 0.55442947 0.23507720
v 0.66335142 0.55442947 0.23507720
v 0.66739678 0.57737184 0.23507714
v 0.68287849 0.58010173 0.23507714
v 0.69452667 0.55992651 0.23507714
v 0.69452667 0.55992651 0.23507714
v 0.67942369 0.55442947 0.23507720
v 0.67537820 0.57737184 0.23507714
v 0.70683873 0.57025760 0.23507714
v 0.69452667 0.55992651 0.23507714
v 0.68899274 0.58523214 0.23507714
v 0.69298351 0.59214443 0.23507714
v 0.71487486 0.58417660 0.23507714
v 0.71487486 0.58417660 0.23507714
v 0.71766579 0.60000426 0.23507714
v 0.69436944 0.60000467 0.23507714
v 0.69298351 0.60786504 0.23507714
v 0.71487474 0.61583322 0.23507714
v 0.71487474 0.61583322 0.23507714
v 0.71766579 0.60000426 0.23507714
v 0.69436944 0.60000467 0.23507714
v 0.70683873 0.62975180 0.23507714
v 0.71487474 0.61583322 0.23507714
v 0.69452667 0.64008290 0.23507714
v 0.67942357 0.64557993 0.23507714
v 0.66335177 0.64558005 0.23507714
v 0.66335177 0.64558005 0.23507714
v 0.67942357 0.64557993 0.23507714
v 0.67537820 0.62263757 0.23507714
v 0.66739678 0.62263757 0.23507714
v 0.65989649 0.61990774 0.23507714
v 0.64824784 0.64008266 0.23507714
v 0.64824784 0.64008266 0.23507714
v 0.66739678 0.62263757 0.23507714
v 0.65378225 0.61477727 0.23507714
v 0.63593626 0.62975180 0.23507714
v 0.63593626 0.62975180 0.23507714
v 0.64824784 0.64008266 0.23507714
v 0.65989649 0.61990774 0.23507714
v 0.65378225 0.61477727 0.23507714
v 0.64979136 0.60786504 0.23507714
v 0.62790000 0.61583281 0.23507714
v 0.62790000 0.61583281 0.23507714
v 0.63593626 0.62975180 0.23507714
v 0.65378225 0.61477727 0.23507714
v 0.62191904 0.61800975 0.27812046
v 0.61874437 0.60000467 0.27812046
v 0.63106036 0.63384306 0.27812046
v 0.62191904 0.61800975 0.27812046
v 0.64506531 0.64559472 0.27812046
v 0.66224658 0.65184814 0.27812046
v 0.68052864 0.65184802 0.27812046
v 0.69770885 0.64559495 0.27812046
v 0.71171439 0.63384306 0.27812046
v 0.72085547 0.61801028 0.27812046
v 0.72403061 0.60000414 0.27812046
v 0.72085583 0.58199972 0.27812046
v 0.71171451 0.56616640 0.27812046
v 0.69770896 0.55441445 0.27812046
v 0.68052888 0.54816139 0.27812046
v 0.66224611 0.54816139 0.27812046
v 0.64506602 0.55441445 0.27812046
v 0.63106048 0.56616634 0.27812046
v 0.62191916 0.58199972 0.27812046
v 0.61874437 0.60000467 0.23474205
v 0.62191916 0.61800975 0.23474205
v 0.62191916 0.58199972 0.23474205
v 0.63106048 0.56616634 0.23474211
v 0.64506602 0.55441445 0.23474211
v 0.66224611 0.54816139 0.23474211
v 0.68052888 0.54816139 0.23474211
v 0.69770896 0.55441445 0.23474211
v 0.71171451 0.56616640 0.23474205
v 0.72085583 0.58199972 0.23474205
v 0.72403061 0.60000414 0.23474205
v 0.72085559 0.61801022 0.23474205
v 0.71171451 0.63384300 0.23474205
v 0.69770896 0.64559495 0.23474205
v 0.68052876 0.65184802 0.23474205
v 0.66224670 0.65184814 0.23474205
v 0.64506543 0.64559466 0.23474205
v 0.63106048 0.63384300 0.23474205
v 0.62191916 0.61800975 0.23474205
v 0.62191904 0.61800975 0.27812046
v 0.61874437 0.60000467 0.27812046
v 0.63106036 0.63384306 0.27812046
v 0.64506531 0.64559472 0.27812046
v 0.66224658 0.65184814 0.27812046
v 0.68052864 0.65184802 0.27812046
v 0.69770885 0.64559495 0.27812046
v 0.71171439 0.63384306 0.27812046
v 0.72085547 0.61801028 0.27812046
v 0.72403061 0.60000414 0.27812046
v 0.72085583 0.58199972 0.27812046
v 0.71171451 0.56616640 0.27812046
v 0.69770896 0.55441445 0.27812046
v 0.68052888 0.54816139 0.27812046
v 0.66224611 0.54816139 0.27812046
v 0.64506602 0.55441445 0.27812046
v 0.63106048 0.56616634 0.27812046
v 0.62191916 0.58199972 0.27812046
v 0.62510908 0.60000467 0.23227662
v 0.61874437 0.60000467 0.23474205
v 0.62191916 0.61800975 0.23474205
v 0.62790000 0.61583281 0.23227662
v 0.62790000 0.58417654 0.23227662
v 0.62191916 0.58199972 0.23474205
v 0.63593626 0.57025754 0.23227662
v 0.63106048 0.56616634 0.23474211
v 0.64824831 0.55992651 0.23227662
v 0.64506602 0.55441445 0.23474211
v 0.66335142 0.55442947 0.23227662
v 0.66224611 0.54816139 0.23474211
v 0.67942369 0.55442947 0.23227662
v 0.68052888 0.54816139 0.23474211
v 0.69452667 0.55992651 0.23227662
v 0.69770896 0.55441445 0.23474211
v 0.70683873 0.57025760 0.23227662
v 0.71171451 0.56616640 0.23474205
v 0.71487486 0.58417660 0.23227656
v 0.72085583 0.58199972 0.23474205
v 0.71766579 0.60000426 0.23227662
v 0.72403061 0.60000414 0.23474205
v 0.71487474 0.61583322 0.23227662
v 0.72085559 0.61801022 0.23474205
v 0.70683873 0.62975180 0.23227656
v 0.71171451 0.63384300 0.23474205
v 0.69452667 0.64008290 0.23227656
v 0.69770896 0.64559495 0.23474205
v 0.67942357 0.64557993 0.23227656
v 0.68052876 0.65184802 0.23474205
v 0.66335177 0.64558005 0.23227656
v 0.66224670 0.65184814 0.23474205
v 0.64824784 0.64008266 0.23227662
v 0.64506543 0.64559466 0.23474205
v 0.63593626 0.62975180 0.23227656
v 0.63106048 0.63384300 0.23474205
v 0.62510908 0.60000467 0.23227662
v 0.62790000 0.61583281 0.23227662
v 0.62790000 0.61583281 0.23507714
v 0.62790000 0.61583281 0.23507714
v 0.62510908 0.60000467 0.23507714
v 0.62510908 0.60000467 0.23227662
v 0.62790000 0.61583281 0.23227662
v 0.63593626 0.62975180 0.23227656
v 0.63593626 0.62975180 0.23507714
v 0.63593626 0.62975180 0.23507714
v 0.62790000 0.61583281 0.23507714
v 0.62790000 0.61583281 0.23227662
v 0.63593626 0.62975180 0.23227656
v 0.64824784 0.64008266 0.23227662
v 0.64824784 0.64008266 0.23507714
v 0.64824784 0.64008266 0.23507714
v 0.63593626 0.62975180 0.23507714
v 0.63593626 0.62975180 0.23227656
v 0.64824784 0.64008266 0.23227662
v 0.66335177 0.64558005 0.23227656
v 0.66335177 0.64558005 0.23507714
v 0.66335177 0.64558005 0.23507714
v 0.64824784 0.64008266 0.23507714
v 0.64824784 0.64008266 0.23227662
v 0.66335177 0.64558005 0.23227656
v 0.67942357 0.64557993 0.23227656
v 0.67942357 0.64557993 0.23507714
v 0.67942357 0.64557993 0.23507714
v 0.66335177 0.64558005 0.23507714
v 0.66335177 0.64558005 0.23227656
v 0.67942357 0.64557993 0.23227656
v 0.69452667 0.64008290 0.23227656
v 0.69452667 0.64008290 0.23507714
v 0.69452667 0.64008290 0.23507714
v 0.67942357 0.64557993 0.23507714
v 0.67942357 0.64557993 0.23227656
v 0.69452667 0.64008290 0.23227656
v 0.70683873 0.62975180 0.23227656
v 0.70683873 0.62975180 0.23507714
v 0.70683873 0.62975180 0.23507714
v 0.69452667 0.64008290 0.23507714
v 0.69452667 0.64008290 0.23227656
v 0.70683873 0.62975180 0.23227656
v 0.71487474 0.61583322 0.23227662
v 0.71487474 0.61583322 0.23507714
v 0.71487474 0.61583322 0.23507714
v 0.70683873 0.62975180 0.23507714
v 0.70683873 0.62975180 0.23227656
v 0.71487474 0.61583322 0.23227662
v 0.71766579 0.60000426 0.23227662
v 0.71766579 0.60000426 0.23507714
v 0.71766579 0.60000426 0.23507714
v 0.71487474 0.61583322 0.23507714
v 0.71487474 0.61583322 0.23227662
v 0.71766579 0.60000426 0.23227662
v 0.71487486 0.58417660 0.23227656
v 0.71487486 0.58417660 0.23507714
v 0.71487486 0.58417660 0.23507714
v 0.71766579 0.60000426 0.23507714
v 0.71766579 0.60000426 0.23227662
v 0.71487486 0.58417660 0.23227656
v 0.70683873 0.57025760 0.23227662
v 0.70683873 0.57025760 0.23507714
v 0.70683873 0.57025760 0.23507714
v 0.71487486 0.58417660 0.23507714
v 0.71487486 0.58417660 0.23227656
v 0.70683873 0.57025760 0.23227662
v 0.69452667 0.55992651 0.23227662
v 0.69452667 0.55992651 0.23507714
v 0.69452667 0.55992651 0.23507714
v 0.70683873 0.57025760 0.23507714
v 0.70683873 0.57025760 0.23227662
v 0.69452667 0.55992651 0.23227662
v 0.67942369 0.55442947 0.23227662
v 0.67942369 0.55442947 0.23507720
v 0.67942369 0.55442947 0.23507720
v 0.69452667 0.55992651 0.23507714
v 0.69452667 0.55992651 0.23227662
v 0.67942369 0.55442947 0.23227662
v 0.66335142 0.55442947 0.23227662
v 0.66335142 0.55442947 0.23507720
v 0.67942369 0.55442947 0.23507720
v 0.66335142 0.55442947 0.23227662
v 0.64824831 0.55992651 0.23227662
v 0.64824831 0.55992651 0.23507720
v 0.64824831 0.55992651 0.23507720
v 0.66335142 0.55442947 0.23507720
v 0.66335142 0.55442947 0.23227662
v 0.64824831 0.55992651 0.23227662
v 0.63593626 0.57025754 0.23227662
v 0.63593626 0.57025754 0.23507720
v 0.64824831 0.55992651 0.23507720
v 0.63593626 0.57025754 0.23227662
v 0.62790000 0.58417654 0.23227662
v 0.62790000 0.58417654 0.23507714
v 0.62790000 0.58417654 0.23507714
v 0.63593626 0.57025754 0.23507720
v 0.63593626 0.57025754 0.23227662
v 0.62790000 0.58417654 0.23227662
v 0.62510908 0.60000467 0.23227662
v 0.62510908 0.60000467 0.23507714
v 0.62510908 0.60000467 0.23507714
v 0.62790000 0.58417654 0.23507714
v 0.62790000 0.58417654 0.23227662
v 0.64084518 0.55754042 0.25643545
v 0.64024723 0.55839455 0.26234835
v 0.53681254 0.48596874 0.26234829
v 0.53741050 0.48511466 0.25643539
v 0.63852537 0.56085360 0.26754802
v 0.53509068 0.48842785 0.26754797
v 0.63588727 0.56462121 0.27140737
v 0.53245258 0.49219543 0.27140731
v 0.63265109 0.56924284 0.27346087
v 0.52921641 0.49681708 0.27346081
v 0.62920737 0.57416111 0.27346087
v 0.52577269 0.50173533 0.27346081
v 0.62597120 0.57878274 0.27140737
v 0.52253652 0.50635695 0.27140731
v 0.62333310 0.58255035 0.26754802
v 0.51989841 0.51012456 0.26754802
v 0.62161124 0.58500952 0.26234829
v 0.51817656 0.51258373 0.26234835
v 0.62101316 0.58586353 0.25643545
v 0.51757848 0.51343775 0.25643545
v 0.62161124 0.58500952 0.25052261
v 0.51817656 0.51258373 0.25052261
v 0.62333310 0.58255041 0.24532288
v 0.51989841 0.51012456 0.24532288
v 0.62597120 0.57878274 0.24146354
v 0.52253652 0.50635695 0.24146348
v 0.62920725 0.57416117 0.23941004
v 0.52577269 0.50173533 0.23940998
v 0.63265109 0.56924284 0.23941004
v 0.52921641 0.49681708 0.23940998
v 0.63588727 0.56462121 0.24146354
v 0.53245258 0.49219543 0.24146348
v 0.63852525 0.56085360 0.24532288
v 0.53509068 0.48842785 0.24532282
v 0.64024723 0.55839455 0.25052261
v 0.53681254 0.48596874 0.25052255
v 0.64084518 0.55754042 0.25643545
v 0.53741050 0.48511466 0.25643539
v 0.63852525 0.56085360 0.24532288
v 0.63588727 0.56462121 0.24146354
v 0.63265109 0.56924284 0.23941004
v 0.63265109 0.56924284 0.23941004
v 0.62920725 0.57416117 0.23941004
v 0.62597120 0.57878274 0.24146354
v 0.62597120 0.57878274 0.24146354
v 0.62333310 0.58255041 0.24532288
v 0.62161124 0.58500952 0.25052261
v 0.63265109 0.56924284 0.23941004
v 0.62597120 0.57878274 0.24146354
v 0.62161124 0.58500952 0.25052261
v 0.62161124 0.58500952 0.25052261
v 0.62101316 0.58586353 0.25643545
v 0.62161124 0.58500952 0.26234829
v 0.62161124 0.58500952 0.26234829
v 0.62333310 0.58255035 0.26754802
v 0.62597120 0.57878274 0.27140737
v 0.62161124 0.58500952 0.25052261
v 0.62161124 0.58500952 0.26234829
v 0.62597120 0.57878274 0.27140737
v 0.62597120 0.57878274 0.27140737
v 0.62920737 0.57416111 0.27346087
v 0.63265109 0.56924284 0.27346087
v 0.63265109 0.56924284 0.27346087
v 0.63588727 0.56462121 0.27140737
v 0.63852537 0.56085360 0.26754802
v 0.62597120 0.57878274 0.27140737
v 0.63265109 0.56924284 0.27346087
v 0.63852537 0.56085360 0.26754802
v 0.62161124 0.58500952 0.25052261
v 0.62597120 0.57878274 0.27140737
v 0.63852537 0.56085360 0.26754802
v 0.63265109 0.56924284 0.23941004
v 0.62161124 0.58500952 0.25052261
v 0.63852537 0.56085360 0.26754802
v 0.63852537 0.56085360 0.26754802
v 0.64024723 0.55839455 0.26234835
v 0.64084518 0.55754042 0.25643545
v 0.63265109 0.56924284 0.23941004
v 0.63852537 0.56085360 0.26754802
v 0.64084518 0.55754042 0.25643545
v 0.63852525 0.56085360 0.24532288
v 0.63265109 0.56924284 0.23941004
v 0.64084518 0.55754042 0.25643545
v 0.64024723 0.55839455 0.25052261
v 0.63852525 0.56085360 0.24532288
v 0.64084518 0.55754042 0.25643545
v 0.52932584 0.48376563 0.26144218
v 0.52786779 0.48584795 0.26584500
v 0.52563393 0.48903817 0.26911294
v 0.52289367 0.49295148 0.27085173
v 0.51997769 0.49711609 0.27085173
v 0.51723754 0.50102949 0.26911294
v 0.51500368 0.50421971 0.26584500
v 0.51354575 0.50630200 0.26144218
v 0.51303935 0.50702512 0.25643539
v 0.51354575 0.50630200 0.25142866
v 0.51500368 0.50421971 0.24702585
v 0.51723754 0.50102949 0.24375790
v 0.51997769 0.49711609 0.24201906
v 0.52289379 0.49295151 0.24201906
v 0.52563393 0.48903817 0.24375790
v 0.52786779 0.48584795 0.24702579
v 0.52932584 0.48376563 0.25142866
v 0.52983212 0.48304251 0.25643539
v 0.53741050 0.48511466 0.25643539
v 0.53681254 0.48596874 0.26234829
v 0.53003657 0.48355156 0.26165438
v 0.53056443 0.48279768 0.25643539
v 0.53509068 0.48842785 0.26754797
v 0.52851689 0.48572206 0.26624382
v 0.53245258 0.49219543 0.27140731
v 0.52618825 0.48904753 0.26965028
v 0.52921641 0.49681708 0.27346081
v 0.52333188 0.49312681 0.27146280
v 0.52577269 0.50173533 0.27346081
v 0.52029228 0.49746788 0.27146280
v 0.52253652 0.50635695 0.27140731
v 0.51743591 0.50154710 0.26965028
v 0.51989841 0.51012456 0.26754802
v 0.51510739 0.50487256 0.26624382
v 0.51817656 0.51258373 0.26234835
v 0.51358771 0.50704312 0.26165438
v 0.51757848 0.51343775 0.25643545
v 0.51305974 0.50779700 0.25643545
v 0.51817656 0.51258373 0.25052261
v 0.51358771 0.50704312 0.25121641
v 0.51989841 0.51012456 0.24532288
v 0.51510739 0.50487256 0.24662691
v 0.52253652 0.50635695 0.24146348
v 0.51743591 0.50154710 0.24322051
v 0.52577269 0.50173533 0.23940998
v 0.52029240 0.49746791 0.24140799
v 0.52921641 0.49681708 0.23940998
v 0.52333188 0.49312681 0.24140799
v 0.53245258 0.49219543 0.24146348
v 0.52618825 0.48904753 0.24322051
v 0.53509068 0.48842785 0.24532282
v 0.52851689 0.48572206 0.24662691
v 0.53681254 0.48596874 0.25052255
v 0.53003657 0.48355156 0.25121641
v 0.53741050 0.48511466 0.25643539
v 0.53056443 0.48279768 0.25643539
v 0.53056443 0.48279768 0.25643539
v 0.53003657 0.48355156 0.26165438
v 0.52851689 0.48572206 0.26624382
v 0.52618825 0.48904753 0.26965028
v 0.52333188 0.49312681 0.27146280
v 0.52029228 0.49746788 0.27146280
v 0.51743591 0.50154710 0.26965028
v 0.51510739 0.50487256 0.26624382
v 0.51358771 0.50704312 0.26165438
v 0.51305974 0.50779700 0.25643545
v 0.51358771 0.50704312 0.25121641
v 0.51510739 0.50487256 0.24662691
v 0.51743591 0.50154710 0.24322051
v 0.52029240 0.49746791 0.24140799
v 0.52333188 0.49312681 0.24140799
v 0.52618825 0.48904753 0.24322051
v 0.52851689 0.48572206 0.24662691
v 0.53003657 0.48355156 0.25121641
v 0.72173691 0.58582807 0.25643545
v 0.72113883 0.58497399 0.26234829
v 0.82457352 0.51254821 0.26234835
v 0.82517159 0.51340234 0.25643551
v 0.71941698 0.58251488 0.26754802
v 0.82285166 0.51008916 0.26754808
v 0.71677887 0.57874721 0.27140737
v 0.82021356 0.50632149 0.27140737
v 0.71354282 0.57412565 0.27346087
v 0.81697750 0.50169981 0.27346081
v 0.71009898 0.56920731 0.27346087
v 0.81353366 0.49678159 0.27346081
v 0.70686281 0.56458575 0.27140737
v 0.81029749 0.49215993 0.27140731
v 0.70422471 0.56081814 0.26754802
v 0.80765939 0.48839235 0.26754797
v 0.70250297 0.55835903 0.26234829
v 0.80593753 0.48593321 0.26234823
v 0.70190477 0.55750495 0.25643545
v 0.80533946 0.48507917 0.25643539
v 0.70250297 0.55835903 0.25052261
v 0.80593753 0.48593321 0.25052255
v 0.70422471 0.56081808 0.24532288
v 0.80765939 0.48839235 0.24532282
v 0.70686281 0.56458575 0.24146354
v 0.81029749 0.49215993 0.24146348
v 0.71009898 0.56920731 0.23941004
v 0.81353354 0.49678159 0.23940998
v 0.71354282 0.57412565 0.23941004
v 0.81697750 0.50169981 0.23940998
v 0.71677887 0.57874727 0.24146354
v 0.82021356 0.50632149 0.24146354
v 0.71941698 0.58251488 0.24532288
v 0.82285166 0.51008910 0.24532294
v 0.72113883 0.58497399 0.25052261
v 0.82457352 0.51254821 0.25052261
v 0.72173691 0.58582807 0.25643545
v 0.82517159 0.51340234 0.25643551
v 0.71941698 0.58251488 0.24532288
v 0.71677887 0.57874727 0.24146354
v 0.71354282 0.57412565 0.23941004
v 0.71354282 0.57412565 0.23941004
v 0.71009898 0.56920731 0.23941004
v 0.70686281 0.56458575 0.24146354
v 0.70686281 0.56458575 0.24146354
v 0.70422471 0.56081808 0.24532288
v 0.70250297 0.55835903 0.25052261
v 0.71354282 0.57412565 0.23941004
v 0.70686281 0.56458575 0.24146354
v 0.70250297 0.55835903 0.25052261
v 0.70250297 0.55835903 0.25052261
v 0.70190477 0.55750495 0.25643545
v 0.70250297 0.55835903 0.26234829
v 0.70250297 0.55835903 0.26234829
v 0.70422471 0.56081814 0.26754802
v 0.70686281 0.56458575 0.27140737
v 0.70250297 0.55835903 0.25052261
v 0.70250297 0.55835903 0.26234829
v 0.70686281 0.56458575 0.27140737
v 0.70686281 0.56458575 0.27140737
v 0.71009898 0.56920731 0.27346087
v 0.71354282 0.57412565 0.27346087
v 0.71354282 0.57412565 0.27346087
v 0.71677887 0.57874721 0.27140737
v 0.71941698 0.58251488 0.26754802
v 0.70686281 0.56458575 0.27140737
v 0.71354282 0.57412565 0.27346087
v 0.71941698 0.58251488 0.26754802
v 0.70250297 0.55835903 0.25052261
v 0.70686281 0.56458575 0.27140737
v 0.71941698 0.58251488 0.26754802
v 0.71354282 0.57412565 0.23941004
v 0.70250297 0.55835903 0.25052261
v 0.71941698 0.58251488 0.26754802
v 0.71941698 0.58251488 0.26754802
v 0.72113883 0.58497399 0.26234829
v 0.72173691 0.58582807 0.25643545
v 0.71354282 0.57412565 0.23941004
v 0.71941698 0.58251488 0.26754802
v 0.72173691 0.58582807 0.25643545
v 0.71941698 0.58251488 0.24532288
v 0.71354282 0.57412565 0.23941004
v 0.72173691 0.58582807 0.25643545
v 0.72113883 0.58497399 0.25052261
v 0.71941698 0.58251488 0.24532288
v 0.72173691 0.58582807 0.25643545
v 0.82920432 0.50626647 0.26144218
v 0.82774627 0.50418425 0.26584506
v 0.82551253 0.50099397 0.26911300
v 0.82277238 0.49708059 0.27085179
v 0.81985629 0.49291605 0.27085179
v 0.81711614 0.48900267 0.26911294
v 0.81488228 0.48581246 0.26584500
v 0.81342423 0.48373014 0.26144212
v 0.81291783 0.48300701 0.25643539
v 0.81342423 0.48373014 0.25142866
v 0.81488228 0.48581246 0.24702579
v 0.81711614 0.48900267 0.24375790
v 0.81985629 0.49291605 0.24201912
v 0.82277238 0.49708059 0.24201912
v 0.82551253 0.50099397 0.24375796
v 0.82774627 0.50418425 0.24702585
v 0.82920432 0.50626647 0.25142866
v 0.82971084 0.50698966 0.25643545
v 0.82517159 0.51340234 0.25643551
v 0.82457352 0.51254821 0.26234835
v 0.82916248 0.50700766 0.26165444
v 0.82969034 0.50776154 0.25643551
v 0.82285166 0.51008916 0.26754808
v 0.82764256 0.50483716 0.26624388
v 0.82021356 0.50632149 0.27140737
v 0.82531416 0.50151163 0.26965034
v 0.81697750 0.50169981 0.27346081
v 0.82245779 0.49743241 0.27146286
v 0.81353366 0.49678159 0.27346081
v 0.81941807 0.49309132 0.27146286
v 0.81029749 0.49215993 0.27140731
v 0.81656182 0.48901206 0.26965028
v 0.80765939 0.48839235 0.26754797
v 0.81423330 0.48568663 0.26624382
v 0.80593753 0.48593321 0.26234823
v 0.81271338 0.48351607 0.26165438
v 0.80533946 0.48507917 0.25643539
v 0.81218565 0.48276225 0.25643539
v 0.80593753 0.48593321 0.25052255
v 0.81271338 0.48351607 0.25121641
v 0.80765939 0.48839235 0.24532282
v 0.81423330 0.48568663 0.24662691
v 0.81029749 0.49215993 0.24146348
v 0.81656182 0.48901206 0.24322051
v 0.81353354 0.49678159 0.23940998
v 0.81941807 0.49309134 0.24140805
v 0.81697750 0.50169981 0.23940998
v 0.82245779 0.49743241 0.24140805
v 0.82021356 0.50632149 0.24146354
v 0.82531416 0.50151169 0.24322057
v 0.82285166 0.51008910 0.24532294
v 0.82764256 0.50483716 0.24662697
v 0.82457352 0.51254821 0.25052261
v 0.82916248 0.50700766 0.25121647
v 0.82517159 0.51340234 0.25643551
v 0.82969034 0.50776154 0.25643551
v 0.82969034 0.50776154 0.25643551
v 0.82916248 0.50700766 0.26165444
v 0.82764256 0.50483716 0.26624388
v 0.82531416 0.50151163 0.26965034
v 0.82245779 0.49743241 0.27146286
v 0.81941807 0.49309132 0.27146286
v 0.81656182 0.48901206 0.26965028
v 0.81423330 0.48568663 0.26624382
v 0.81271338 0.48351607 0.26165438
v 0.81218565 0.48276225 0.25643539
v 0.81271338 0.48351607 0.25121641
v 0.81423330 0.48568663 0.24662691
v 0.81656182 0.48901206 0.24322051
v 0.81941807 0.49309134 0.24140805
v 0.82245779 0.49743241 0.24140805
v 0.82531416 0.50151169 0.24322057
v 0.82764256 0.50483716 0.24662697
v 0.82916248 0.50700766 0.25121647
v 0.65412116 0.64937997 0.25643545
v 0.65516365 0.64937997 0.26234829
v 0.65516353 0.77565044 0.26234835
v 0.65412104 0.77565044 0.25643545
v 0.65816569 0.64937997 0.26754802
v 0.65816557 0.77565044 0.26754802
v 0.66276503 0.64937997 0.27140737
v 0.66276503 0.77565044 0.27140737
v 0.66840696 0.64937997 0.27346087
v 0.66840696 0.77565044 0.27346087
v 0.67441106 0.64937997 0.27346087
v 0.67441106 0.77565044 0.27346087
v 0.68005300 0.64937997 0.27140737
v 0.68005300 0.77565044 0.27140737
v 0.68465257 0.64937997 0.26754802
v 0.68465245 0.77565044 0.26754802
v 0.68765461 0.64938003 0.26234829
v 0.68765450 0.77565044 0.26234829
v 0.68869722 0.64937997 0.25643545
v 0.68869710 0.77565044 0.25643545
v 0.68765461 0.64937997 0.25052261
v 0.68765450 0.77565044 0.25052261
v 0.68465257 0.64937997 0.24532288
v 0.68465245 0.77565044 0.24532288
v 0.68005311 0.64937997 0.24146354
v 0.68005300 0.77565044 0.24146354
v 0.67441118 0.64937997 0.23941004
v 0.67441106 0.77565044 0.23941004
v 0.66840708 0.64937997 0.23941004
v 0.66840696 0.77565044 0.23941004
v 0.66276515 0.64937997 0.24146354
v 0.66276503 0.77565044 0.24146354
v 0.65816569 0.64937997 0.24532288
v 0.65816557 0.77565044 0.24532288
v 0.65516365 0.64937997 0.25052261
v 0.65516353 0.77565044 0.25052261
v 0.65412116 0.64937997 0.25643545
v 0.65412104 0.77565044 0.25643545
v 0.65816569 0.64937997 0.24532288
v 0.66276515 0.64937997 0.24146354
v 0.66840708 0.64937997 0.23941004
v 0.66840708 0.64937997 0.23941004
v 0.67441118 0.64937997 0.23941004
v 0.68005311 0.64937997 0.24146354
v 0.68465257 0.64937997 0.24532288
v 0.68765461 0.64937997 0.25052261
v 0.68765461 0.64937997 0.25052261
v 0.68869722 0.64937997 0.25643545
v 0.68765461 0.64938003 0.26234829
v 0.68765461 0.64938003 0.26234829
v 0.68465257 0.64937997 0.26754802
v 0.68005300 0.64937997 0.27140737
v 0.68765461 0.64937997 0.25052261
v 0.68765461 0.64938003 0.26234829
v 0.68005300 0.64937997 0.27140737
v 0.68005300 0.64937997 0.27140737
v 0.67441106 0.64937997 0.27346087
v 0.66840696 0.64937997 0.27346087
v 0.66276503 0.64937997 0.27140737
v 0.65816569 0.64937997 0.26754802
v 0.65516365 0.64937997 0.26234829
v 0.65412116 0.64937997 0.25643545
v 0.66840708 0.64937997 0.23941004
v 0.65816569 0.64937997 0.26754802
v 0.65412116 0.64937997 0.25643545
v 0.65816569 0.64937997 0.24532288
v 0.65516365 0.64937997 0.25052261
v 0.65765321 0.78304684 0.26144218
v 0.66019511 0.78304684 0.26584506
v 0.66408968 0.78304690 0.26911300
v 0.66886699 0.78304690 0.27085179
v 0.67395103 0.78304690 0.27085179
v 0.67872846 0.78304690 0.26911300
v 0.68262291 0.78304684 0.26584506
v 0.68516493 0.78304684 0.26144218
v 0.68604767 0.78304684 0.25643545
v 0.68516493 0.78304684 0.25142872
v 0.68262291 0.78304684 0.24702585
v 0.67872846 0.78304690 0.24375796
v 0.67395103 0.78304684 0.24201912
v 0.66886699 0.78304690 0.24201912
v 0.66408968 0.78304684 0.24375796
v 0.66019511 0.78304684 0.24702585
v 0.65765321 0.78304684 0.25142866
v 0.65677035 0.78304684 0.25643545
v 0.65412104 0.77565044 0.25643545
v 0.65516353 0.77565044 0.26234835
v 0.65707004 0.78258741 0.26165444
v 0.65614986 0.78258741 0.25643545
v 0.65816557 0.77565044 0.26754802
v 0.65971982 0.78258741 0.26624388
v 0.66276503 0.77565044 0.27140737
v 0.66377938 0.78258741 0.26965034
v 0.66840696 0.77565044 0.27346087
v 0.66875923 0.78258741 0.27146286
v 0.67441106 0.77565044 0.27346087
v 0.67405879 0.78258741 0.27146286
v 0.68005300 0.77565044 0.27140737
v 0.67903864 0.78258741 0.26965034
v 0.68465245 0.77565044 0.26754802
v 0.68309832 0.78258741 0.26624388
v 0.68765450 0.77565044 0.26234829
v 0.68574798 0.78258741 0.26165444
v 0.68869710 0.77565044 0.25643545
v 0.68666828 0.78258741 0.25643545
v 0.68765450 0.77565044 0.25052261
v 0.68574798 0.78258741 0.25121647
v 0.68465245 0.77565044 0.24532288
v 0.68309832 0.78258741 0.24662697
v 0.68005300 0.77565044 0.24146354
v 0.67903864 0.78258741 0.24322057
v 0.67441106 0.77565044 0.23941004
v 0.67405879 0.78258741 0.24140805
v 0.66840696 0.77565044 0.23941004
v 0.66875935 0.78258741 0.24140805
v 0.66276503 0.77565044 0.24146354
v 0.66377938 0.78258741 0.24322057
v 0.65816557 0.77565044 0.24532288
v 0.65971982 0.78258741 0.24662697
v 0.65516353 0.77565044 0.25052261
v 0.65707004 0.78258741 0.25121647
v 0.65412104 0.77565044 0.25643545
v 0.65614986 0.78258741 0.25643545
v 0.65614986 0.78258741 0.25643545
v 0.65707004 0.78258741 0.26165444
v 0.65971982 0.78258741 0.26624388
v 0.66377938 0.78258741 0.26965034
v 0.66875923 0.78258741 0.27146286
v 0.67405879 0.78258741 0.27146286
v 0.67903864 0.78258741 0.26965034
v 0.68309832 0.78258741 0.26624388
v 0.68574798 0.78258741 0.26165444
v 0.68666828 0.78258741 0.25643545
v 0.68574798 0.78258741 0.25121647
v 0.68309832 0.78258741 0.24662697
v 0.67903864 0.78258741 0.24322057
v 0.67405879 0.78258741 0.24140805
v 0.66875935 0.78258741 0.24140805
v 0.66377938 0.78258741 0.24322057
v 0.65971982 0.78258741 0.24662697
v 0.65707004 0.78258741 0.25121647
vt 0.77315003 0.58542895
vt 0.77315003 0.57668781
vt 0.83080226 0.57668781
vt 0.83080226 0.58542895
vt 0.77315003 0.73183405
vt 0.77315003 0.72315061
vt 0.83080226 0.72315061
vt 0.83080226 0.73183405
vt 0.77315027 0.71455479
vt 0.83080226 0.71455479
vt 0.77315027 0.70603442
vt 0.83080226 0.70603442
vt 0.77315027 0.69754326
vt 0.83080226 0.69754326
vt 0.77315027 0.68902302
vt 0.83080226 0.68902302
vt 0.77315027 0.68042719
vt 0.83080226 0.68042719
vt 0.77315027 0.67174351
vt 0.83080226 0.67174351
vt 0.77315027 0.66300213
vt 0.83080226 0.66300213
vt 0.77315027 0.65426075
vt 0.83080226 0.65426075
vt 0.77315027 0.64557755
vt 0.83080226 0.64557755
vt 0.77315027 0.63698149
vt 0.83080226 0.63698149
vt 0.77315027 0.62846088
vt 0.83080226 0.62846088
vt 0.77315027 0.61997020
vt 0.83080226 0.61997020
vt 0.77315027 0.61144960
vt 0.83080226 0.61144960
vt 0.77315003 0.60285378
vt 0.83080226 0.60285378
vt 0.77315003 0.59417033
vt 0.83080226 0.59417033
vt 0.89492899 0.34649682
vt 0.90135163 0.34110725
vt 0.90923017 0.33823991
vt 0.90923017 0.33823991
vt 0.91761440 0.33823991
vt 0.92549282 0.34110725
vt 0.92549282 0.34110725
vt 0.93191582 0.34649682
vt 0.93610770 0.35375762
vt 0.90923017 0.33823991
vt 0.92549282 0.34110725
vt 0.93610770 0.35375762
vt 0.93610770 0.35375762
vt 0.93756348 0.36201441
vt 0.93610770 0.37027133
vt 0.93610770 0.37027133
vt 0.93191582 0.37753224
vt 0.92549282 0.38292122
vt 0.92549282 0.38292122
vt 0.91761440 0.38578892
vt 0.90923017 0.38578892
vt 0.90923017 0.38578892
vt 0.90135163 0.38292122
vt 0.89492899 0.37753224
vt 0.92549282 0.38292122
vt 0.90923017 0.38578892
vt 0.89492899 0.37753224
vt 0.93610770 0.35375762
vt 0.92549282 0.38292122
vt 0.89492899 0.37753224
vt 0.90923017 0.33823991
vt 0.93610770 0.35375762
vt 0.89492899 0.37753224
vt 0.89073676 0.37027133
vt 0.88928097 0.36201441
vt 0.90923017 0.33823991
vt 0.89492899 0.37753224
vt 0.88928097 0.36201441
vt 0.89492899 0.34649682
vt 0.90923017 0.33823991
vt 0.88928097 0.36201441
vt 0.89073676 0.35375762
vt 0.89492899 0.34649682
vt 0.88928097 0.36201441
vt 0.90218347 0.33005512
vt 0.89126366 0.33635950
vt 0.88315910 0.34601879
vt 0.88315910 0.34601879
vt 0.87884659 0.35786700
vt 0.87884659 0.37047565
vt 0.88315910 0.38232422
vt 0.89126366 0.39198351
vt 0.88315910 0.34601879
vt 0.87884659 0.37047565
vt 0.89126366 0.39198351
vt 0.90218347 0.39828789
vt 0.91460079 0.40047741
vt 0.92701811 0.39828789
vt 0.93793768 0.39198351
vt 0.94604248 0.38232422
vt 0.95035499 0.37047565
vt 0.95035499 0.35786700
vt 0.94604248 0.34601879
vt 0.93793768 0.39198351
vt 0.95035499 0.37047565
vt 0.94604248 0.34601879
vt 0.94604248 0.34601879
vt 0.93793768 0.33635950
vt 0.92701811 0.33005512
vt 0.92701811 0.33005512
vt 0.90218347 0.33005512
vt 0.91460079 0.32786584
vt 0.78380418 0.21049136
vt 0.78380418 0.18931073
vt 0.81724668 0.18931073
vt 0.81724668 0.21049136
vt 0.78380394 0.56523240
vt 0.78380394 0.54419231
vt 0.81724668 0.54419231
vt 0.81724668 0.56523240
vt 0.78380394 0.52336478
vt 0.81724668 0.52336478
vt 0.78380394 0.50271845
vt 0.81724668 0.50271845
vt 0.78380394 0.48214543
vt 0.81724668 0.48214543
vt 0.78380394 0.46150047
vt 0.81724668 0.46150047
vt 0.78380394 0.44067246
vt 0.81724668 0.44067246
vt 0.78380394 0.41963309
vt 0.81724668 0.41963309
vt 0.78380394 0.39845216
vt 0.81724668 0.39845216
vt 0.78380394 0.37727153
vt 0.81724668 0.37727153
vt 0.78380394 0.35623151
vt 0.81724668 0.35623151
vt 0.78380394 0.33540332
vt 0.81724668 0.33540332
vt 0.78380394 0.31475854
vt 0.81724668 0.31475854
vt 0.78380394 0.29418510
vt 0.81724668 0.29418510
vt 0.78380394 0.27353996
vt 0.81724668 0.27353996
vt 0.78380394 0.25271183
vt 0.81724668 0.25271183
vt 0.78380418 0.23167199
vt 0.81724668 0.23167199
vt 0.92562240 0.64809895
vt 0.93516701 0.64983368
vt 0.94500369 0.62326568
vt 0.92580348 0.61976731
vt 0.94355041 0.65471458
vt 0.96186441 0.63308132
vt 0.94976050 0.66215307
vt 0.97435850 0.64807075
vt 0.95304841 0.67125750
vt 0.98097497 0.66643769
vt 0.95301825 0.68093419
vt 0.98090523 0.68596202
vt 0.94967455 0.69001627
vt 0.97415584 0.70428634
vt 0.94342202 0.69741046
vt 0.96154565 0.71919596
vt 0.93501765 0.70222181
vt 0.94459838 0.72889215
vt 0.92547399 0.70386916
vt 0.92535490 0.73220760
vt 0.91594130 0.70215470
vt 0.90613943 0.72874296
vt 0.90757114 0.69728285
vt 0.88926679 0.71891564
vt 0.90137225 0.68984085
vt 0.87677270 0.70390999
vt 0.89809150 0.68072635
vt 0.87016314 0.68553466
vt 0.89812428 0.67103875
vt 0.87023467 0.66600722
vt 0.90146631 0.66194600
vt 0.87697893 0.64767939
vt 0.90771276 0.65454370
vt 0.88958389 0.63276047
vt 0.91610318 0.64973217
vt 0.90653688 0.62305278
vt 0.91460079 0.29106355
vt 0.88959640 0.29547262
vt 0.93960518 0.29547262
vt 0.92701811 0.33005512
vt 0.93793768 0.33635950
vt 0.96159369 0.30816758
vt 0.96159369 0.30816758
vt 0.93960518 0.29547262
vt 0.92701811 0.33005512
vt 0.93793768 0.33635950
vt 0.94604248 0.34601879
vt 0.97791427 0.32761753
vt 0.97791427 0.32761753
vt 0.96159369 0.30816758
vt 0.93793768 0.33635950
vt 0.94604248 0.34601879
vt 0.95035499 0.35786700
vt 0.98659819 0.35147655
vt 0.98659819 0.35147655
vt 0.97791427 0.32761753
vt 0.94604248 0.34601879
vt 0.95035499 0.35786700
vt 0.95035499 0.37047565
vt 0.98659819 0.37686646
vt 0.98659819 0.37686646
vt 0.98659819 0.35147655
vt 0.95035499 0.35786700
vt 0.94604248 0.38232422
vt 0.97791415 0.40072548
vt 0.97791415 0.40072548
vt 0.98659819 0.37686646
vt 0.95035499 0.37047565
vt 0.96159357 0.42017543
vt 0.97791415 0.40072548
vt 0.93793768 0.39198351
vt 0.92701811 0.39828789
vt 0.93960518 0.43287039
vt 0.93960518 0.43287039
vt 0.91460139 0.43727970
vt 0.91460079 0.40047741
vt 0.90218347 0.39828789
vt 0.88959569 0.43287039
vt 0.88959569 0.43287039
vt 0.91460139 0.43727970
vt 0.91460079 0.40047741
vt 0.86760801 0.42017543
vt 0.88959569 0.43287039
vt 0.85128742 0.40072548
vt 0.84260339 0.37686646
vt 0.84260339 0.35147691
vt 0.84260339 0.35147691
vt 0.84260339 0.37686646
vt 0.87884659 0.37047565
vt 0.87884659 0.35786700
vt 0.88315910 0.34601879
vt 0.85128778 0.32761693
vt 0.85128778 0.32761693
vt 0.87884659 0.35786700
vt 0.89126366 0.33635950
vt 0.86760801 0.30816758
vt 0.86760801 0.30816758
vt 0.85128778 0.32761693
vt 0.88315910 0.34601879
vt 0.89126366 0.33635950
vt 0.90218347 0.33005512
vt 0.88959640 0.29547262
vt 0.88959640 0.29547262
vt 0.86760801 0.30816758
vt 0.89126366 0.33635950
vt 0.77515078 0.18931073
vt 0.77515078 0.21049136
vt 0.77515078 0.54419231
vt 0.77515078 0.56523240
vt 0.77515078 0.52336478
vt 0.77515078 0.50271821
vt 0.77515078 0.48214543
vt 0.77515078 0.46150047
vt 0.77515078 0.44067246
vt 0.77515078 0.41963309
vt 0.77515078 0.39845216
vt 0.77515078 0.37727153
vt 0.77515078 0.35623151
vt 0.77515078 0.33540332
vt 0.77515078 0.31475854
vt 0.77515078 0.29418510
vt 0.77515078 0.27353996
vt 0.77515078 0.25271183
vt 0.77515078 0.23167199
vt 0.82589996 0.21049136
vt 0.82589996 0.18931073
vt 0.82589996 0.23167199
vt 0.82589996 0.25271183
vt 0.82589996 0.27353996
vt 0.82589996 0.29418510
vt 0.82589996 0.31475854
vt 0.82589996 0.33540332
vt 0.82589996 0.35623151
vt 0.82589996 0.37727153
vt 0.82589996 0.39845216
vt 0.82589996 0.41963309
vt 0.82589996 0.44067246
vt 0.82589996 0.46150047
vt 0.82589996 0.48214543
vt 0.82589996 0.50271857
vt 0.82589996 0.52336478
vt 0.82589996 0.54419231
vt 0.82589996 0.56523240
vt 0.94789988 0.61565197
vt 0.92592412 0.61164051
vt 0.96718770 0.62691915
vt 0.98146480 0.64410388
vt 0.98900551 0.66514146
vt 0.98889333 0.68748939
vt 0.98114008 0.70845163
vt 0.96668464 0.72549921
vt 0.94727093 0.73657471
vt 0.92523831 0.74034071
vt 0.90324789 0.73634535
vt 0.88394934 0.72507101
vt 0.86967117 0.70787513
vt 0.86213368 0.68683213
vt 0.86224419 0.66448003
vt 0.86999291 0.64351130
vt 0.88445014 0.62645549
vt 0.90387791 0.61538237
vt 0.91829062 0.15654367
vt 0.91838670 0.14839882
vt 0.89636636 0.15217012
vt 0.89906228 0.15985650
vt 0.93749237 0.16000825
vt 0.94037032 0.15238720
vt 0.95435262 0.16983122
vt 0.95966244 0.16365284
vt 0.96683586 0.18482655
vt 0.97393763 0.18083853
vt 0.97343743 0.20318711
vt 0.98147500 0.20186633
vt 0.97336376 0.22269773
vt 0.98136806 0.22420526
vt 0.96662188 0.24100816
vt 0.97362757 0.24516201
vt 0.95402443 0.25590646
vt 0.95918596 0.26220667
vt 0.93708980 0.26559854
vt 0.93978596 0.27328455
vt 0.91786253 0.26891196
vt 0.91776633 0.27705657
vt 0.89865994 0.26544678
vt 0.89578152 0.27306724
vt 0.88180125 0.25562298
vt 0.87649047 0.26180041
vt 0.86931849 0.24062693
vt 0.86221600 0.24461544
vt 0.86271358 0.22226667
vt 0.85467637 0.22358811
vt 0.86278427 0.20275640
vt 0.85478020 0.20124942
vt 0.86952662 0.18444508
vt 0.86252213 0.18029135
vt 0.88212669 0.16954809
vt 0.87696505 0.16324717
vt 0.76429743 0.32071048
vt 0.76429743 0.30203080
vt 0.76119190 0.30203080
vt 0.76119190 0.30203080
vt 0.76119190 0.32071048
vt 0.76429743 0.32071048
vt 0.76429743 0.63356376
vt 0.76429743 0.61500788
vt 0.76119190 0.61500788
vt 0.76119190 0.61500788
vt 0.76119190 0.63356376
vt 0.76429743 0.63356376
vt 0.76429743 0.61500788
vt 0.76429743 0.59663981
vt 0.76119190 0.59663981
vt 0.76119190 0.59663981
vt 0.76119190 0.61500788
vt 0.76429743 0.61500788
vt 0.76429743 0.59663981
vt 0.76429743 0.57843125
vt 0.76119190 0.57843125
vt 0.76119190 0.57843125
vt 0.76119190 0.59663981
vt 0.76429743 0.59663981
vt 0.76429743 0.57843125
vt 0.76429743 0.56028789
vt 0.76119190 0.56028789
vt 0.76119190 0.56028789
vt 0.76119190 0.57843125
vt 0.76429743 0.57843125
vt 0.76429743 0.56028789
vt 0.76429743 0.54208046
vt 0.76119190 0.54208046
vt 0.76119190 0.54208046
vt 0.76119190 0.56028789
vt 0.76429743 0.56028789
vt 0.76429743 0.54208046
vt 0.76429743 0.52371192
vt 0.76119190 0.52371192
vt 0.76119190 0.52371192
vt 0.76119190 0.54208046
vt 0.76429743 0.54208046
vt 0.76429743 0.52371192
vt 0.76429743 0.50515676
vt 0.76119190 0.50515676
vt 0.76119190 0.50515676
vt 0.76119190 0.52371192
vt 0.76429743 0.52371192
vt 0.76429743 0.50515676
vt 0.76429743 0.48647708
vt 0.76119190 0.48647708
vt 0.76119190 0.48647708
vt 0.76119190 0.50515676
vt 0.76429743 0.50515676
vt 0.76429743 0.48647708
vt 0.76429743 0.46779740
vt 0.76119190 0.46779740
vt 0.76119190 0.46779740
vt 0.76119190 0.48647708
vt 0.76429743 0.48647708
vt 0.76429743 0.46779740
vt 0.76429743 0.44924188
vt 0.76119190 0.44924188
vt 0.76119190 0.44924188
vt 0.76119190 0.46779740
vt 0.76429743 0.46779740
vt 0.76429743 0.44924188
vt 0.76429743 0.43087316
vt 0.76119190 0.43087316
vt 0.76119190 0.43087316
vt 0.76119190 0.44924188
vt 0.76429743 0.44924188
vt 0.76429743 0.43087316
vt 0.76429743 0.41266596
vt 0.76119190 0.41266596
vt 0.76119190 0.41266596
vt 0.76119190 0.43087316
vt 0.76429743 0.43087316
vt 0.76429743 0.41266596
vt 0.76429743 0.39452189
vt 0.76119190 0.39452189
vt 0.76119190 0.41266596
vt 0.76429743 0.39452189
vt 0.76429743 0.37631452
vt 0.76119190 0.37631452
vt 0.76119190 0.37631452
vt 0.76119190 0.39452189
vt 0.76429743 0.39452189
vt 0.76429743 0.37631452
vt 0.76429743 0.35794598
vt 0.76119190 0.35794598
vt 0.76119190 0.37631452
vt 0.76429743 0.35794598
vt 0.76429743 0.33939016
vt 0.76119190 0.33939016
vt 0.76119190 0.33939016
vt 0.76119190 0.35794598
vt 0.76429743 0.35794598
vt 0.76429743 0.33939016
vt 0.76429743 0.32071048
vt 0.76119190 0.32071048
vt 0.76119190 0.32071048
vt 0.76119190 0.33939016
vt 0.76429743 0.33939016
vt 0.99280882 0.58584499
vt 0.99280882 0.57863891
vt 0.84622359 0.57863891
vt 0.84622359 0.58584499
vt 0.99280882 0.57148063
vt 0.84622359 0.57148063
vt 0.99280882 0.56439471
vt 0.84622359 0.56439471
vt 0.99280882 0.55737078
vt 0.84622359 0.55737078
vt 0.99280882 0.55037165
vt 0.84622359 0.55037165
vt 0.99280882 0.54334807
vt 0.84622359 0.54334807
vt 0.99280882 0.53626204
vt 0.84622359 0.53626204
vt 0.99280882 0.52910411
vt 0.84622359 0.52910411
vt 0.99280882 0.52189827
vt 0.84622359 0.52189827
vt 0.99280882 0.51469231
vt 0.84622359 0.51469231
vt 0.99280882 0.50753427
vt 0.84622359 0.50753427
vt 0.99280882 0.50044858
vt 0.84622359 0.50044858
vt 0.99280882 0.49342489
vt 0.84622359 0.49342489
vt 0.99280882 0.48642540
vt 0.84622359 0.48642540
vt 0.99280882 0.47940159
vt 0.84622359 0.47940159
vt 0.99280882 0.47231555
vt 0.84622359 0.47231555
vt 0.99280882 0.46515751
vt 0.84622359 0.46515751
vt 0.99280882 0.45795155
vt 0.84622359 0.45795155
vt 0.93628567 0.69051152
vt 0.94032162 0.68492228
vt 0.94246870 0.67806637
vt 0.94246870 0.67806637
vt 0.94246870 0.67077029
vt 0.94032162 0.66391420
vt 0.94032162 0.66391420
vt 0.93628567 0.65832496
vt 0.93084842 0.65467680
vt 0.94246870 0.67806637
vt 0.94032162 0.66391420
vt 0.93084842 0.65467680
vt 0.93084842 0.65467680
vt 0.92466551 0.65340984
vt 0.91848236 0.65467680
vt 0.91848236 0.65467680
vt 0.91304511 0.65832496
vt 0.90900952 0.66391420
vt 0.93084842 0.65467680
vt 0.91848236 0.65467680
vt 0.90900952 0.66391420
vt 0.90900952 0.66391420
vt 0.90686208 0.67077029
vt 0.90686208 0.67806637
vt 0.90686208 0.67806637
vt 0.90900952 0.68492228
vt 0.91304511 0.69051152
vt 0.90900952 0.66391420
vt 0.90686208 0.67806637
vt 0.91304511 0.69051152
vt 0.93084842 0.65467680
vt 0.90900952 0.66391420
vt 0.91304511 0.69051152
vt 0.94246870 0.67806637
vt 0.93084842 0.65467680
vt 0.91304511 0.69051152
vt 0.91304511 0.69051152
vt 0.91848236 0.69415969
vt 0.92466551 0.69542634
vt 0.94246870 0.67806637
vt 0.91304511 0.69051152
vt 0.92466551 0.69542634
vt 0.93628567 0.69051152
vt 0.94246870 0.67806637
vt 0.92466551 0.69542634
vt 0.93084842 0.69415969
vt 0.93628567 0.69051152
vt 0.92466551 0.69542634
vt 0.82914412 0.17536348
vt 0.83408999 0.17262238
vt 0.83789897 0.16834730
vt 0.84003997 0.16296536
vt 0.84014487 0.15713340
vt 0.83815491 0.15164334
vt 0.83436751 0.14724261
vt 0.82935095 0.14446563
vt 0.82376826 0.14355892
vt 0.81823063 0.14453775
vt 0.81328523 0.14728576
vt 0.80947828 0.15156573
vt 0.80733788 0.15694886
vt 0.80723298 0.16278082
vt 0.80922270 0.16827148
vt 0.81300950 0.17267472
vt 0.81802428 0.17546159
vt 0.82361031 0.17635792
vt 0.84622359 0.58584499
vt 0.84622359 0.57863891
vt 0.83817065 0.57863891
vt 0.83817065 0.58584499
vt 0.84622359 0.57148063
vt 0.83817065 0.57148063
vt 0.84622359 0.56439471
vt 0.83817065 0.56439447
vt 0.84622359 0.55737078
vt 0.83817065 0.55737078
vt 0.84622359 0.55037165
vt 0.83817065 0.55037165
vt 0.84622359 0.54334807
vt 0.83817065 0.54334807
vt 0.84622359 0.53626204
vt 0.83817065 0.53626204
vt 0.84622359 0.52910411
vt 0.83817065 0.52910411
vt 0.84622359 0.52189827
vt 0.83817065 0.52189827
vt 0.84622359 0.51469231
vt 0.83817065 0.51469231
vt 0.84622359 0.50753427
vt 0.83817065 0.50753427
vt 0.84622359 0.50044858
vt 0.83817065 0.50044858
vt 0.84622359 0.49342489
vt 0.83817065 0.49342489
vt 0.84622359 0.48642540
vt 0.83817065 0.48642540
vt 0.84622359 0.47940159
vt 0.83817065 0.47940183
vt 0.84622359 0.47231555
vt 0.83817065 0.47231555
vt 0.84622359 0.46515751
vt 0.83817065 0.46515751
vt 0.84622359 0.45795155
vt 0.83817065 0.45795155
vt 0.82359242 0.17724055
vt 0.82938206 0.17621535
vt 0.83456492 0.17334729
vt 0.83858287 0.16886336
vt 0.84086728 0.16319305
vt 0.84100211 0.15702480
vt 0.83891022 0.15121037
vt 0.83491480 0.14655691
vt 0.82963729 0.14363009
vt 0.82378721 0.14267534
vt 0.81799531 0.14369398
vt 0.81281102 0.14656287
vt 0.80879402 0.15104967
vt 0.80651045 0.15672117
vt 0.80637527 0.16288942
vt 0.80846727 0.16870445
vt 0.81246245 0.17335874
vt 0.81773949 0.17628866
vt 0.99280882 0.58584499
vt 0.99280882 0.57863891
vt 0.84622359 0.57863891
vt 0.84622359 0.58584499
vt 0.99280882 0.57148063
vt 0.84622359 0.57148063
vt 0.99280882 0.56439471
vt 0.84622359 0.56439471
vt 0.99280882 0.55737078
vt 0.84622359 0.55737078
vt 0.99280882 0.55037165
vt 0.84622359 0.55037165
vt 0.99280882 0.54334807
vt 0.84622359 0.54334807
vt 0.99280882 0.53626204
vt 0.84622359 0.53626204
vt 0.99280882 0.52910411
vt 0.84622359 0.52910411
vt 0.99280882 0.52189827
vt 0.84622359 0.52189827
vt 0.99280882 0.51469231
vt 0.84622359 0.51469231
vt 0.99280882 0.50753427
vt 0.84622359 0.50753427
vt 0.99280882 0.50044858
vt 0.84622359 0.50044858
vt 0.99280882 0.49342489
vt 0.84622359 0.49342489
vt 0.99280882 0.48642540
vt 0.84622359 0.48642540
vt 0.99280882 0.47940159
vt 0.84622359 0.47940159
vt 0.99280882 0.47231555
vt 0.84622359 0.47231555
vt 0.99280882 0.46515751
vt 0.84622359 0.46515751
vt 0.99280882 0.45795155
vt 0.84622359 0.45795155
vt 0.93628567 0.69051152
vt 0.94032162 0.68492228
vt 0.94246870 0.67806637
vt 0.94246870 0.67806637
vt 0.94246870 0.67077029
vt 0.94032162 0.66391420
vt 0.94032162 0.66391420
vt 0.93628567 0.65832496
vt 0.93084842 0.65467680
vt 0.94246870 0.67806637
vt 0.94032162 0.66391420
vt 0.93084842 0.65467680
vt 0.93084842 0.65467680
vt 0.92466551 0.65340984
vt 0.91848236 0.65467680
vt 0.91848236 0.65467680
vt 0.91304511 0.65832496
vt 0.90900952 0.66391420
vt 0.93084842 0.65467680
vt 0.91848236 0.65467680
vt 0.90900952 0.66391420
vt 0.90900952 0.66391420
vt 0.90686208 0.67077029
vt 0.90686208 0.67806637
vt 0.90686208 0.67806637
vt 0.90900952 0.68492228
vt 0.91304511 0.69051152
vt 0.90900952 0.66391420
vt 0.90686208 0.67806637
vt 0.91304511 0.69051152
vt 0.93084842 0.65467680
vt 0.90900952 0.66391420
vt 0.91304511 0.69051152
vt 0.94246870 0.67806637
vt 0.93084842 0.65467680
vt 0.91304511 0.69051152
vt 0.91304511 0.69051152
vt 0.91848236 0.69415969
vt 0.92466551 0.69542634
vt 0.94246870 0.67806637
vt 0.91304511 0.69051152
vt 0.92466551 0.69542634
vt 0.93628567 0.69051152
vt 0.94246870 0.67806637
vt 0.92466551 0.69542634
vt 0.93084842 0.69415969
vt 0.93628567 0.69051152
vt 0.92466551 0.69542634
vt 0.82914412 0.17536348
vt 0.83408999 0.17262238
vt 0.83789897 0.16834730
vt 0.84003997 0.16296536
vt 0.84014487 0.15713340
vt 0.83815491 0.15164334
vt 0.83436751 0.14724261
vt 0.82935095 0.14446563
vt 0.82376826 0.14355892
vt 0.81823063 0.14453775
vt 0.81328523 0.14728576
vt 0.80947828 0.15156573
vt 0.80733788 0.15694886
vt 0.80723298 0.16278082
vt 0.80922270 0.16827148
vt 0.81300950 0.17267472
vt 0.81802428 0.17546159
vt 0.82361031 0.17635792
vt 0.84622359 0.58584499
vt 0.84622359 0.57863891
vt 0.83817065 0.57863891
vt 0.83817065 0.58584499
vt 0.84622359 0.57148063
vt 0.83817065 0.57148063
vt 0.84622359 0.56439471
vt 0.83817065 0.56439447
vt 0.84622359 0.55737078
vt 0.83817065 0.55737078
vt 0.84622359 0.55037165
vt 0.83817065 0.55037165
vt 0.84622359 0.54334807
vt 0.83817065 0.54334807
vt 0.84622359 0.53626204
vt 0.83817065 0.53626204
vt 0.84622359 0.52910411
vt 0.83817065 0.52910411
vt 0.84622359 0.52189827
vt 0.83817065 0.52189827
vt 0.84622359 0.51469231
vt 0.83817065 0.51469231
vt 0.84622359 0.50753427
vt 0.83817065 0.50753427
vt 0.84622359 0.50044858
vt 0.83817065 0.50044858
vt 0.84622359 0.49342489
vt 0.83817065 0.49342489
vt 0.84622359 0.48642540
vt 0.83817065 0.48642540
vt 0.84622359 0.47940159
vt 0.83817065 0.47940183
vt 0.84622359 0.47231555
vt 0.83817065 0.47231555
vt 0.84622359 0.46515751
vt 0.83817065 0.46515751
vt 0.84622359 0.45795155
vt 0.83817065 0.45795155
vt 0.82359242 0.17724055
vt 0.82938206 0.17621535
vt 0.83456492 0.17334729
vt 0.83858287 0.16886336
vt 0.84086728 0.16319305
vt 0.84100211 0.15702480
vt 0.83891022 0.15121037
vt 0.83491480 0.14655691
vt 0.82963729 0.14363009
vt 0.82378721 0.14267534
vt 0.81799531 0.14369398
vt 0.81281102 0.14656287
vt 0.80879402 0.15104967
vt 0.80651045 0.15672117
vt 0.80637527 0.16288942
vt 0.80846727 0.16870445
vt 0.81246245 0.17335874
vt 0.81773949 0.17628866
vt 0.99280882 0.58584499
vt 0.99280882 0.57863891
vt 0.84622359 0.57863891
vt 0.84622359 0.58584499
vt 0.99280882 0.57148063
vt 0.84622359 0.57148063
vt 0.99280882 0.56439471
vt 0.84622359 0.56439471
vt 0.99280882 0.55737078
vt 0.84622359 0.55737078
vt 0.99280882 0.55037165
vt 0.84622359 0.55037165
vt 0.99280882 0.54334807
vt 0.84622359 0.54334807
vt 0.99280882 0.53626204
vt 0.84622359 0.53626204
vt 0.99280882 0.52910411
vt 0.84622359 0.52910411
vt 0.99280882 0.52189827
vt 0.84622359 0.52189827
vt 0.99280882 0.51469231
vt 0.84622359 0.51469231
vt 0.99280882 0.50753427
vt 0.84622359 0.50753427
vt 0.99280882 0.50044858
vt 0.84622359 0.50044858
vt 0.99280882 0.49342489
vt 0.84622359 0.49342489
vt 0.99280882 0.48642540
vt 0.84622359 0.48642540
vt 0.99280882 0.47940159
vt 0.84622359 0.47940159
vt 0.99280882 0.47231555
vt 0.84622359 0.47231555
vt 0.99280882 0.46515751
vt 0.84622359 0.46515751
vt 0.99280882 0.45795155
vt 0.84622359 0.45795155
vt 0.93628567 0.69051152
vt 0.94032162 0.68492228
vt 0.94246870 0.67806637
vt 0.94246870 0.67806637
vt 0.94246870 0.67077029
vt 0.94032162 0.66391420
vt 0.93628567 0.65832496
vt 0.93084842 0.65467680
vt 0.93084842 0.65467680
vt 0.92466551 0.65340984
vt 0.91848236 0.65467680
vt 0.91848236 0.65467680
vt 0.91304511 0.65832496
vt 0.90900952 0.66391420
vt 0.93084842 0.65467680
vt 0.91848236 0.65467680
vt 0.90900952 0.66391420
vt 0.90900952 0.66391420
vt 0.90686208 0.67077029
vt 0.90686208 0.67806637
vt 0.90900952 0.68492228
vt 0.91304511 0.69051152
vt 0.91848236 0.69415969
vt 0.92466551 0.69542634
vt 0.94246870 0.67806637
vt 0.91304511 0.69051152
vt 0.92466551 0.69542634
vt 0.93628567 0.69051152
vt 0.93084842 0.69415969
vt 0.82914412 0.17536348
vt 0.83408999 0.17262238
vt 0.83789897 0.16834730
vt 0.84003997 0.16296536
vt 0.84014487 0.15713340
vt 0.83815491 0.15164334
vt 0.83436751 0.14724261
vt 0.82935095 0.14446563
vt 0.82376826 0.14355892
vt 0.81823063 0.14453775
vt 0.81328523 0.14728576
vt 0.80947828 0.15156573
vt 0.80733788 0.15694886
vt 0.80723298 0.16278082
vt 0.80922270 0.16827148
vt 0.81300950 0.17267472
vt 0.81802428 0.17546159
vt 0.82361031 0.17635792
vt 0.84622359 0.58584499
vt 0.84622359 0.57863891
vt 0.83817065 0.57863891
vt 0.83817065 0.58584499
vt 0.84622359 0.57148063
vt 0.83817065 0.57148063
vt 0.84622359 0.56439471
vt 0.83817065 0.56439447
vt 0.84622359 0.55737078
vt 0.83817065 0.55737078
vt 0.84622359 0.55037165
vt 0.83817065 0.55037165
vt 0.84622359 0.54334807
vt 0.83817065 0.54334807
vt 0.84622359 0.53626204
vt 0.83817065 0.53626204
vt 0.84622359 0.52910411
vt 0.83817065 0.52910411
vt 0.84622359 0.52189827
vt 0.83817065 0.52189827
vt 0.84622359 0.51469231
vt 0.83817065 0.51469231
vt 0.84622359 0.50753427
vt 0.83817065 0.50753427
vt 0.84622359 0.50044858
vt 0.83817065 0.50044858
vt 0.84622359 0.49342489
vt 0.83817065 0.49342489
vt 0.84622359 0.48642540
vt 0.83817065 0.48642540
vt 0.84622359 0.47940159
vt 0.83817065 0.47940183
vt 0.84622359 0.47231555
vt 0.83817065 0.47231555
vt 0.84622359 0.46515751
vt 0.83817065 0.46515751
vt 0.84622359 0.45795155
vt 0.83817065 0.45795155
vt 0.82359242 0.17724055
vt 0.82938206 0.17621535
vt 0.83456492 0.17334729
vt 0.83858287 0.16886336
vt 0.84086728 0.16319305
vt 0.84100211 0.15702480
vt 0.83891022 0.15121037
vt 0.83491480 0.14655691
vt 0.82963729 0.14363009
vt 0.82378721 0.14267534
vt 0.81799531 0.14369398
vt 0.81281102 0.14656287
vt 0.80879402 0.15104967
vt 0.80651045 0.15672117
vt 0.80637527 0.16288942
vt 0.80846727 0.16870445
vt 0.81246245 0.17335874
vt 0.81773949 0.17628866
vn -1.00000000 -0.00000169 -0.00000133
vn -0.93971258 0.34196532 0.00001665
vn -0.93971759 0.34195155 0.00000619
vn -1.00000000 -0.00000736 -0.00000242
vn -0.93967807 0.34206024 -0.00000973
vn -0.76604170 0.64279097 -0.00000087
vn -0.76603979 0.64279312 -0.00000047
vn -0.93967497 0.34206876 0.00000833
vn -0.49999109 0.86603057 -0.00000000
vn -0.49999937 0.86602569 -0.00000034
vn -0.17364028 0.98480916 -0.00000000
vn -0.17364673 0.98480803 -0.00000000
vn 0.17364657 0.98480803 -0.00000000
vn 0.17364047 0.98480910 -0.00000000
vn 0.49999437 0.86602867 -0.00000021
vn 0.49999744 0.86602700 -0.00000000
vn 0.76604170 0.64279085 -0.00000021
vn 0.76604652 0.64278513 0.00000021
vn 0.93969482 0.34201413 0.00000108
vn 0.93969148 0.34202322 0.00000021
vn 1.00000000 0.00000003 0.00000242
vn 1.00000000 0.00000573 0.00000133
vn 0.93969470 -0.34201458 0.00000221
vn 0.93969488 -0.34201387 0.00000242
vn 0.76604575 -0.64278603 0.00000167
vn 0.76604205 -0.64279050 0.00000263
vn 0.50000072 -0.86602497 0.00000151
vn 0.49999431 -0.86602873 0.00000166
vn 0.17364870 -0.98480767 0.00000159
vn 0.17364782 -0.98480785 0.00000099
vn -0.17364797 -0.98480785 0.00000037
vn -0.17364879 -0.98480767 0.00000083
vn -0.49999964 -0.86602563 -0.00000097
vn -0.49999744 -0.86602700 -0.00000105
vn -0.76604247 -0.64279008 -0.00000181
vn -0.76603818 -0.64279521 -0.00000236
vn -0.93969524 -0.34201306 -0.00000242
vn -0.93969417 -0.34201586 -0.00000242
vn 0.00000000 -0.00002137 1.00000000
vn 0.00000000 -0.00002137 1.00000000
vn 0.00000000 -0.00002137 1.00000000
vn 0.00000000 0.00004274 1.00000000
vn 0.00000000 0.00004274 1.00000000
vn 0.00000000 0.00004274 1.00000000
vn 0.00000000 0.00001069 1.00000000
vn 0.00000000 0.00001069 1.00000000
vn 0.00000000 0.00001069 1.00000000
vn 0.00000226 0.00000293 1.00000000
vn 0.00000226 0.00000293 1.00000000
vn 0.00000226 0.00000293 1.00000000
vn 0.00000000 0.00000000 1.00000000
vn 0.00000000 0.00000000 1.00000000
vn 0.00000000 0.00000000 1.00000000
vn 0.00000000 -0.00002137 1.00000000
vn 0.00000000 -0.00002137 1.00000000
vn 0.00000000 -0.00002137 1.00000000
vn 0.00000000 0.00000000 1.00000000
vn 0.00000000 -0.00002137 1.00000000
vn 0.00000000 -0.00002137 1.00000000
vn 0.00000000 0.00000000 1.00000000
vn 0.00000000 0.00000000 1.00000000
vn 0.00000000 0.00000000 1.00000000
vn 0.00000000 -0.00000586 1.00000000
vn 0.00000000 -0.00000586 1.00000000
vn 0.00000000 -0.00000586 1.00000000
vn 0.00000000 0.00000217 1.00000000
vn 0.00000000 0.00000217 1.00000000
vn 0.00000000 0.00000217 1.00000000
vn 0.00000058 -0.00000161 1.00000000
vn 0.00000058 -0.00000161 1.00000000
vn 0.00000058 -0.00000161 1.00000000
vn 0.00000000 0.00000000 1.00000000
vn 0.00000000 0.00000000 1.00000000
vn -0.00000109 -0.00000116 1.00000000
vn -0.00000109 -0.00000116 1.00000000
vn -0.00000109 -0.00000116 1.00000000
vn 0.00000147 0.00001173 1.00000000
vn 0.00000147 0.00001173 1.00000000
vn 0.00000147 0.00001173 1.00000000
vn -0.00001075 0.00000000 1.00000000
vn -0.00001075 0.00000000 1.00000000
vn -0.00001075 0.00000000 1.00000000
vn 0.00000000 -0.00001069 -1.00000000
vn 0.00000000 -0.00001069 -1.00000000
vn 0.00000000 -0.00001069 -1.00000000
vn 0.00000000 0.00000000 -1.00000000
vn 0.00000000 0.00000000 -1.00000000
vn 0.00000000 0.00000000 -1.00000000
vn 0.00000000 0.00000000 -1.00000000
vn 0.00000000 0.00000000 -1.00000000
vn 0.00000000 0.00000293 -1.00000000
vn 0.00000000 0.00000293 -1.00000000
vn 0.00000000 0.00000293 -1.00000000
vn 0.00000000 0.00000000 -1.00000000
vn 0.00000000 0.00000000 -1.00000000
vn 0.00000000 0.00000000 -1.00000000
vn 0.00000000 0.00000000 -1.00000000
vn 0.00000000 0.00000000 -1.00000000
vn 0.00000000 0.00000000 -1.00000000
vn 0.00000000 0.00000000 -1.00000000
vn 0.00000000 0.00000000 -1.00000000
vn 0.00000000 -0.00000293 -1.00000000
vn 0.00000000 -0.00000293 -1.00000000
vn 0.00000000 -0.00000293 -1.00000000
vn 0.00000000 0.00000534 -1.00000000
vn 0.00000000 0.00000534 -1.00000000
vn 0.00000000 0.00000534 -1.00000000
vn 0.00000000 0.00000000 -1.00000000
vn 0.00000000 0.00000000 -1.00000000
vn 0.00000000 0.00000000 -1.00000000
vn -0.99055237 -0.00000340 0.13713519
vn -0.93083894 0.33873528 0.13710324
vn -0.93082315 0.33877090 -0.13712279
vn -0.99055195 0.00000230 -0.13713770
vn -0.93080610 0.33880669 0.13714978
vn -0.75881189 0.63671064 0.13712822
vn -0.75880742 0.63671404 -0.13713701
vn -0.93079299 0.33884570 -0.13714240
vn -0.49528226 0.85783982 0.13713616
vn -0.49527597 0.85784233 -0.13714315
vn -0.17200756 0.97550309 0.13713913
vn -0.17200311 0.97550392 -0.13713931
vn 0.17200829 0.97550273 0.13714084
vn 0.17201360 0.97550154 -0.13714239
vn 0.49527505 0.85784364 0.13713819
vn 0.49527857 0.85784185 -0.13713673
vn 0.75880218 0.63672042 0.13713703
vn 0.75880343 0.63671905 -0.13713598
vn 0.93081033 0.33879688 0.13714558
vn 0.93081361 0.33878994 -0.13714024
vn 0.99055189 -0.00000021 0.13713828
vn 0.99055219 -0.00000489 -0.13713636
vn 0.93081456 -0.33878875 0.13713649
vn 0.93081260 -0.33879375 -0.13713786
vn 0.75880599 -0.63671577 0.13713740
vn 0.75880653 -0.63671523 -0.13713695
vn 0.49527606 -0.85784280 0.13714050
vn 0.49527323 -0.85784411 -0.13714240
vn 0.17201014 -0.97550237 0.13714057
vn 0.17200629 -0.97550291 -0.13714190
vn -0.17200646 -0.97550309 0.13714038
vn -0.17200930 -0.97550261 -0.13714008
vn -0.49527359 -0.85784423 0.13714029
vn -0.49527642 -0.85784233 -0.13714170
vn -0.75880617 -0.63671619 0.13713379
vn -0.75880724 -0.63671476 -0.13713410
vn -0.93081301 -0.33879223 0.13713905
vn -0.93081522 -0.33878604 -0.13713877
vn 0.00000000 0.00000000 1.00000000
vn 0.00000000 0.00000000 1.00000000
vn -0.19104509 0.06953315 0.97911537
vn -0.20330571 -0.00000140 0.97911531
vn 0.00000000 0.00000000 1.00000000
vn -0.15573835 0.13067934 0.97911626
vn 0.00000034 0.00000087 1.00000000
vn -0.10165149 0.17606851 0.97911537
vn -0.00000044 0.00000139 1.00000000
vn -0.03530196 0.20021255 0.97911626
vn 0.00000044 0.00000202 1.00000000
vn 0.03530358 0.20021002 0.97911674
vn 0.00000128 0.00000309 1.00000000
vn 0.10165114 0.17606425 0.97911614
vn 0.00000080 0.00000349 1.00000000
vn 0.15573290 0.13068005 0.97911692
vn 0.00000000 -0.00000159 1.00000000
vn 0.19104429 0.06953488 0.97911537
vn 0.00000000 -0.00000254 1.00000000
vn 0.20330162 0.00000033 0.97911620
vn 0.00000000 0.00000000 1.00000000
vn 0.19104087 -0.06953300 0.97911626
vn 0.00000000 0.00000000 1.00000000
vn 0.15573891 -0.13068019 0.97911596
vn 0.00000000 0.00000040 1.00000000
vn 0.10165273 -0.17606500 0.97911584
vn 0.00000000 0.00000064 1.00000000
vn 0.03530378 -0.20021541 0.97911572
vn 0.00000000 0.00000000 1.00000000
vn -0.03530332 -0.20021349 0.97911602
vn 0.00000000 -0.00000024 1.00000000
vn -0.10165245 -0.17606567 0.97911584
vn 0.00000000 0.00000000 1.00000000
vn -0.15573743 -0.13068023 0.97911620
vn 0.00000000 0.00000000 1.00000000
vn -0.19104232 -0.06953377 0.97911584
vn 0.00000000 0.00000000 -1.00000000
vn 0.00000000 0.00000000 -1.00000000
vn 0.00000000 0.00000000 -1.00000000
vn -0.00000225 0.00000000 -1.00000000
vn -0.00000225 0.00000000 -1.00000000
vn -0.00000225 0.00000000 -1.00000000
vn 0.00000129 -0.00000253 -1.00000000
vn 0.00000129 -0.00000253 -1.00000000
vn 0.00000129 -0.00000253 -1.00000000
vn -0.00000167 -0.00000254 -1.00000000
vn -0.00000167 -0.00000254 -1.00000000
vn -0.00000167 -0.00000254 -1.00000000
vn -0.00000167 -0.00000253 -1.00000000
vn -0.00000167 -0.00000253 -1.00000000
vn -0.00000167 -0.00000253 -1.00000000
vn -0.00000089 -0.00000254 -1.00000000
vn -0.00000089 -0.00000254 -1.00000000
vn -0.00000089 -0.00000254 -1.00000000
vn -0.00000089 -0.00000126 -1.00000000
vn -0.00000089 -0.00000126 -1.00000000
vn -0.00000089 -0.00000126 -1.00000000
vn 0.00000000 -0.00000254 -1.00000000
vn 0.00000000 -0.00000254 -1.00000000
vn 0.00000000 -0.00000254 -1.00000000
vn 0.00000000 -0.00000253 -1.00000000
vn 0.00000000 -0.00000253 -1.00000000
vn 0.00000000 -0.00000253 -1.00000000
vn 0.00000000 -0.00000254 -1.00000000
vn 0.00000000 -0.00000254 -1.00000000
vn -0.00000282 -0.00000316 -1.00000000
vn -0.00000282 -0.00000316 -1.00000000
vn -0.00000282 -0.00000316 -1.00000000
vn 0.00000000 0.00000000 -1.00000000
vn 0.00000000 0.00000000 -1.00000000
vn 0.00000000 0.00000509 -1.00000000
vn 0.00000000 0.00000509 -1.00000000
vn 0.00000000 0.00000509 -1.00000000
vn 0.00000000 0.00000000 -1.00000000
vn 0.00000000 0.00000000 -1.00000000
vn 0.00000000 -0.00000509 -1.00000000
vn 0.00000000 -0.00000509 -1.00000000
vn 0.00000000 -0.00000509 -1.00000000
vn 0.00000000 0.00000253 -1.00000000
vn 0.00000000 0.00000253 -1.00000000
vn 0.00000000 0.00000253 -1.00000000
vn 0.00000000 0.00000000 -1.00000000
vn 0.00000000 0.00000000 -1.00000000
vn 0.00000000 0.00000000 -1.00000000
vn 0.00000000 0.00000000 -1.00000000
vn 0.00000000 0.00000000 -1.00000000
vn 0.00000000 -0.00000063 -1.00000000
vn 0.00000000 -0.00000063 -1.00000000
vn 0.00000000 -0.00000063 -1.00000000
vn 0.00000000 0.00000254 -1.00000000
vn 0.00000000 0.00000254 -1.00000000
vn 0.00000000 0.00000254 -1.00000000
vn 0.00000000 -0.00000063 -1.00000000
vn 0.00000000 -0.00000063 -1.00000000
vn 0.00000000 0.00000000 -1.00000000
vn 0.00000000 0.00000000 -1.00000000
vn 0.00000000 0.00000126 -1.00000000
vn 0.00000000 0.00000126 -1.00000000
vn 0.00000000 0.00000126 -1.00000000
vn 0.00000000 -0.00000509 -1.00000000
vn 0.00000000 -0.00000509 -1.00000000
vn 0.00000000 -0.00000509 -1.00000000
vn 0.00000000 0.00000253 -1.00000000
vn 0.00000000 0.00000253 -1.00000000
vn 0.00000000 0.00000253 -1.00000000
vn -0.90330368 0.32870409 0.27567410
vn -0.96123880 -0.00000086 0.27571738
vn -0.73635632 0.61787415 0.27570090
vn -0.90326357 0.32877919 0.27571601
vn -0.48062122 0.83245689 0.27571499
vn -0.16691022 0.94663537 0.27572179
vn 0.16691828 0.94663322 0.27572426
vn 0.48061928 0.83245665 0.27571902
vn 0.73635209 0.61787289 0.27571502
vn 0.90326220 0.32876790 0.27573365
vn 0.96123797 -0.00000273 0.27572039
vn 0.90326875 -0.32876676 0.27571350
vn 0.73634934 -0.61787605 0.27571511
vn 0.48061514 -0.83245820 0.27572167
vn 0.16691682 -0.94663388 0.27572298
vn -0.16692343 -0.94663286 0.27572250
vn -0.48061585 -0.83245701 0.27572438
vn -0.73635405 -0.61787224 0.27571127
vn -0.90326780 -0.32876185 0.27572277
vn -0.96123862 -0.00000277 -0.27571788
vn -0.90330195 0.32870525 -0.27567828
vn -0.90326798 -0.32876220 -0.27572176
vn -0.73634928 -0.61787772 -0.27571145
vn -0.48061401 -0.83245760 -0.27572581
vn -0.16691700 -0.94663358 -0.27572381
vn 0.16692103 -0.94663191 -0.27572709
vn 0.48061490 -0.83245569 -0.27572960
vn 0.73635399 -0.61786973 -0.27571702
vn 0.90326738 -0.32876527 -0.27571982
vn 0.96123940 0.00000106 -0.27571517
vn 0.90326750 0.32876375 -0.27572155
vn 0.73634785 0.61787754 -0.27571583
vn 0.48061675 0.83245891 -0.27571672
vn 0.16691916 0.94663250 -0.27572608
vn -0.16691475 0.94663543 -0.27571887
vn -0.48062143 0.83245206 -0.27572924
vn -0.73635525 0.61786675 -0.27572027
vn -0.90325898 0.32877964 -0.27573019
vn -0.33943024 0.12353980 0.93248326
vn -0.36121559 -0.00000340 0.93248230
vn -0.27670407 0.23217927 0.93248469
vn -0.18060756 0.31281745 0.93248385
vn -0.06272178 0.35571530 0.93248731
vn 0.06272180 0.35571542 0.93248731
vn 0.18059996 0.31281486 0.93248630
vn 0.27669269 0.23217954 0.93248802
vn 0.33942831 0.12354462 0.93248338
vn 0.36120519 0.00000152 0.93248636
vn 0.33942515 -0.12353930 0.93248516
vn 0.27670425 -0.23218130 0.93248409
vn 0.18060757 -0.31281775 0.93248373
vn 0.06272562 -0.35572490 0.93248338
vn -0.06272296 -0.35572129 0.93248504
vn -0.18060389 -0.31281787 0.93248445
vn -0.27669981 -0.23218131 0.93248540
vn -0.33942816 -0.12354226 0.93248373
vn -0.36120731 0.00000005 -0.93248552
vn -0.36120737 0.00000156 -0.93248552
vn -0.33942249 0.12354352 -0.93248564
vn -0.33942434 0.12354052 -0.93248528
vn -0.33942726 -0.12354353 -0.93248391
vn -0.33942661 -0.12354077 -0.93248451
vn -0.27669805 -0.23218152 -0.93248588
vn -0.27669916 -0.23217887 -0.93248624
vn -0.18060589 -0.31281760 -0.93248415
vn -0.18060714 -0.31281748 -0.93248397
vn -0.06272329 -0.35572240 -0.93248451
vn -0.06272592 -0.35572195 -0.93248451
vn 0.06272488 -0.35572040 -0.93248516
vn 0.06272250 -0.35572127 -0.93248498
vn 0.18060653 -0.31282017 -0.93248320
vn 0.18060321 -0.31282097 -0.93248355
vn 0.27669641 -0.23217994 -0.93248671
vn 0.27669585 -0.23217982 -0.93248695
vn 0.33942324 -0.12353946 -0.93248588
vn 0.33942243 -0.12354116 -0.93248594
vn 0.36120084 -0.00000138 -0.93248814
vn 0.36120090 -0.00000414 -0.93248802
vn 0.33941954 0.12353730 -0.93248749
vn 0.33942172 0.12353816 -0.93248659
vn 0.27669945 0.23217952 -0.93248600
vn 0.27670309 0.23217838 -0.93248522
vn 0.18060479 0.31281805 -0.93248421
vn 0.18060672 0.31281808 -0.93248385
vn 0.06272578 0.35572433 -0.93248361
vn 0.06272666 0.35572323 -0.93248403
vn -0.06272579 0.35572156 -0.93248469
vn -0.06272190 0.35572034 -0.93248540
vn -0.18060276 0.31281245 -0.93248647
vn -0.18060100 0.31281322 -0.93248653
vn -0.27670410 0.23217869 -0.93248475
vn -0.27670243 0.23218104 -0.93248469
vn 0.98480743 -0.17364988 -0.00000000
vn 0.98480743 -0.17364988 -0.00000000
vn 0.98480743 -0.17364988 -0.00000000
vn 0.98480803 -0.17364648 -0.00000000
vn 0.98480803 -0.17364648 -0.00000000
vn 0.98480803 -0.17364648 -0.00000000
vn 0.86602253 -0.50000501 -0.00000000
vn 0.86602253 -0.50000501 -0.00000000
vn 0.86602253 -0.50000501 -0.00000000
vn 0.86602092 -0.50000787 -0.00000000
vn 0.86602092 -0.50000787 -0.00000000
vn 0.86602092 -0.50000787 -0.00000000
vn 0.64279604 -0.76603746 -0.00000000
vn 0.64279604 -0.76603746 -0.00000000
vn 0.64279604 -0.76603746 -0.00000000
vn 0.64279592 -0.76603752 -0.00000000
vn 0.64279592 -0.76603752 -0.00000000
vn 0.64279592 -0.76603752 -0.00000000
vn 0.34202626 -0.93969041 -0.00000000
vn 0.34202626 -0.93969041 -0.00000000
vn 0.34202626 -0.93969041 -0.00000000
vn 0.34201589 -0.93969423 -0.00000000
vn 0.34201589 -0.93969423 -0.00000000
vn 0.34201589 -0.93969423 -0.00000000
vn -0.00000517 -1.00000000 -0.00000000
vn -0.00000517 -1.00000000 -0.00000000
vn -0.00000517 -1.00000000 -0.00000000
vn -0.00001035 -1.00000000 -0.00000000
vn -0.00001035 -1.00000000 -0.00000000
vn -0.00001035 -1.00000000 -0.00000000
vn -0.34202009 -0.93969268 -0.00000000
vn -0.34202009 -0.93969268 -0.00000000
vn -0.34202009 -0.93969268 -0.00000000
vn -0.34201550 -0.93969434 -0.00000000
vn -0.34201550 -0.93969434 -0.00000000
vn -0.34201550 -0.93969434 -0.00000000
vn -0.64279485 -0.76603836 -0.00000000
vn -0.64279485 -0.76603836 -0.00000000
vn -0.64279485 -0.76603836 -0.00000000
vn -0.64278877 -0.76604354 -0.00000000
vn -0.64278877 -0.76604354 -0.00000000
vn -0.64278877 -0.76604354 -0.00000000
vn -0.86601990 -0.50000966 -0.00000000
vn -0.86601990 -0.50000966 -0.00000000
vn -0.86601990 -0.50000966 -0.00000000
vn -0.86602408 -0.50000232 -0.00000000
vn -0.86602408 -0.50000232 -0.00000000
vn -0.86602408 -0.50000232 -0.00000000
vn -0.98480833 -0.17364518 -0.00000000
vn -0.98480833 -0.17364518 -0.00000000
vn -0.98480833 -0.17364518 -0.00000000
vn -0.98480773 -0.17364857 -0.00000000
vn -0.98480773 -0.17364857 -0.00000000
vn -0.98480773 -0.17364857 -0.00000000
vn -0.98480684 0.17365327 -0.00000000
vn -0.98480684 0.17365327 -0.00000000
vn -0.98480684 0.17365327 -0.00000000
vn -0.98480695 0.17365268 -0.00000000
vn -0.98480695 0.17365268 -0.00000000
vn -0.98480695 0.17365268 -0.00000000
vn -0.86602539 0.50000012 -0.00000000
vn -0.86602539 0.50000012 -0.00000000
vn -0.86602539 0.50000012 -0.00000000
vn -0.86602485 0.50000113 -0.00000000
vn -0.86602485 0.50000113 -0.00000000
vn -0.86602485 0.50000113 -0.00000000
vn -0.64279085 0.76604182 -0.00000000
vn -0.64279085 0.76604182 -0.00000000
vn -0.64279085 0.76604182 -0.00000000
vn -0.64278990 0.76604259 -0.00000000
vn -0.64278990 0.76604259 -0.00000000
vn -0.64278990 0.76604259 -0.00000000
vn -0.34202337 0.93969142 -0.00000000
vn -0.34202337 0.93969142 -0.00000000
vn -0.34202337 0.93969142 -0.00000000
vn -0.34201300 0.93969524 -0.00000000
vn -0.34201300 0.93969524 -0.00000000
vn -0.34201300 0.93969524 -0.00000000
vn 0.00000000 1.00000000 -0.00000000
vn 0.00000000 1.00000000 -0.00000000
vn 0.00000000 1.00000000 -0.00000000
vn 0.00000000 1.00000000 -0.00000000
vn 0.34201550 0.93969434 -0.00000000
vn 0.34201550 0.93969434 -0.00000000
vn 0.34201550 0.93969434 -0.00000000
vn 0.34202009 0.93969268 -0.00000000
vn 0.34202009 0.93969268 -0.00000000
vn 0.34202009 0.93969268 -0.00000000
vn 0.64278877 0.76604354 -0.00000000
vn 0.64278877 0.76604354 -0.00000000
vn 0.64278877 0.76604354 -0.00000000
vn 0.64278877 0.76604354 -0.00000000
vn 0.86602312 0.50000393 -0.00000000
vn 0.86602312 0.50000393 -0.00000000
vn 0.86602312 0.50000393 -0.00000000
vn 0.86602157 0.50000662 -0.00000000
vn 0.86602157 0.50000662 -0.00000000
vn 0.86602157 0.50000662 -0.00000000
vn 0.98480743 0.17364988 -0.00000000
vn 0.98480743 0.17364988 -0.00000000
vn 0.98480743 0.17364988 -0.00000000
vn 0.98480797 0.17364739 -0.00000000
vn 0.98480797 0.17364739 -0.00000000
vn 0.98480797 0.17364739 -0.00000000
vn 0.57356918 -0.81915712 0.00002937
vn 0.53898782 -0.76975268 0.34201315
vn 0.53898513 -0.76975155 0.34201986
vn 0.57358235 -0.81914794 0.00003967
vn 0.43938729 -0.62750959 0.64278340
vn 0.43938565 -0.62750655 0.64278746
vn 0.28678671 -0.40957418 0.86602682
vn 0.28678834 -0.40957573 0.86602551
vn 0.09959821 -0.14224046 0.98480856
vn 0.09960049 -0.14224559 0.98480761
vn -0.09960109 0.14224543 0.98480755
vn -0.09959815 0.14223927 0.98480880
vn -0.28678879 0.40957555 0.86602545
vn -0.28678474 0.40956965 0.86602968
vn -0.43938884 0.62750912 0.64278281
vn -0.43938199 0.62750363 0.64279282
vn -0.53898811 0.76975089 0.34201655
vn -0.53898215 0.76975012 0.34202775
vn -0.57357788 0.81915104 -0.00000581
vn -0.57357448 0.81915343 0.00000522
vn -0.53898638 0.76975060 -0.34202009
vn -0.53898513 0.76975155 -0.34201992
vn -0.43938765 0.62750989 -0.64278287
vn -0.43938780 0.62750912 -0.64278352
vn -0.28678697 0.40957406 -0.86602676
vn -0.28678948 0.40957853 -0.86602384
vn -0.09960086 0.14224131 -0.98480815
vn -0.09959906 0.14224406 -0.98480791
vn 0.09960097 -0.14224826 -0.98480713
vn 0.09959952 -0.14224078 -0.98480833
vn 0.28679004 -0.40957803 -0.86602396
vn 0.28678721 -0.40957320 -0.86602706
vn 0.43938828 -0.62750840 -0.64278394
vn 0.43938607 -0.62751043 -0.64278340
vn 0.53898644 -0.76975065 -0.34201977
vn 0.53898680 -0.76975346 -0.34201294
vn 0.57356930 -0.81915706 -0.00004116
vn 0.57358366 -0.81914699 -0.00003178
vn 0.81913513 0.57360047 0.00007553
vn 0.81913513 0.57360047 0.00007553
vn 0.81913513 0.57360047 0.00007553
vn 0.81915468 0.57357258 0.00003777
vn 0.81915468 0.57357258 0.00003777
vn 0.81915468 0.57357258 0.00003777
vn 0.81915200 0.57357639 -0.00001888
vn 0.81915200 0.57357639 -0.00001888
vn 0.81915200 0.57357639 -0.00001888
vn 0.81915379 0.57357395 -0.00000518
vn 0.81915379 0.57357395 -0.00000518
vn 0.81915379 0.57357395 -0.00000518
vn 0.81911278 0.57363248 -0.00000000
vn 0.81911278 0.57363248 -0.00000000
vn 0.81911278 0.57363248 -0.00000000
vn 0.81915653 0.57357007 0.00003777
vn 0.81915653 0.57357007 0.00003777
vn 0.81915653 0.57357007 0.00003777
vn 0.81915289 0.57357538 -0.00000000
vn 0.81915289 0.57357538 -0.00000000
vn 0.81915289 0.57357538 -0.00000000
vn 0.81916803 0.57355356 -0.00011330
vn 0.81916803 0.57355356 -0.00011330
vn 0.81916803 0.57355356 -0.00011330
vn 0.81913972 0.57359415 -0.00003777
vn 0.81913972 0.57359415 -0.00003777
vn 0.81913972 0.57359415 -0.00003777
vn 0.81915039 0.57357883 0.00002072
vn 0.81915039 0.57357883 0.00002072
vn 0.81915039 0.57357883 0.00002072
vn 0.81915170 0.57357681 0.00000383
vn 0.81915170 0.57357681 0.00000383
vn 0.81915170 0.57357681 0.00000383
vn 0.81915265 0.57357568 -0.00000568
vn 0.81915265 0.57357568 -0.00000568
vn 0.81915265 0.57357568 -0.00000568
vn 0.81911242 0.57363313 -0.00001889
vn 0.81911242 0.57363313 -0.00001889
vn 0.81911242 0.57363313 -0.00001889
vn 0.81915855 0.57356709 -0.00000818
vn 0.81915855 0.57356709 -0.00000818
vn 0.81915855 0.57356709 -0.00000818
vn 0.81915498 0.57357222 0.00001036
vn 0.81915498 0.57357222 0.00001036
vn 0.81915498 0.57357222 0.00001036
vn 0.81908911 0.57366639 0.00003777
vn 0.81908911 0.57366639 0.00003777
vn 0.81908911 0.57366639 0.00003777
vn -0.58371192 -0.80338997 0.11766472
vn -0.61801279 -0.75442594 0.22113764
vn -0.67049819 -0.67946810 0.29791826
vn -0.73489726 -0.58750463 0.33876884
vn -0.80342817 -0.48963225 0.33876750
vn -0.86780781 -0.39767632 0.29793149
vn -0.92031336 -0.32269141 0.22111881
vn -0.95459026 -0.27369836 0.11767221
vn -0.96645963 -0.25681856 -0.00001345
vn -0.95458758 -0.27371112 -0.11766407
vn -0.92030400 -0.32272658 -0.22110684
vn -0.86781025 -0.39769536 -0.29789907
vn -0.80341405 -0.48959729 -0.33885151
vn -0.73489505 -0.58751220 -0.33876052
vn -0.67052281 -0.67946315 -0.29787415
vn -0.61801130 -0.75443286 -0.22111794
vn -0.58374202 -0.80336815 -0.11766425
vn -0.57189643 -0.82032585 0.00000175
vn 0.32058820 -0.94721866 0.00001608
vn 0.28736970 -0.89980978 0.32826972
vn 0.28736949 -0.89981222 0.32826343
vn 0.32058799 -0.94721878 0.00002225
vn 0.19177669 -0.76328433 0.61694318
vn 0.19177674 -0.76329160 0.61693400
vn 0.04531200 -0.55411702 0.83120465
vn 0.04531508 -0.55412161 0.83120143
vn -0.13434809 -0.29753229 0.94521171
vn -0.13434532 -0.29753909 0.94520998
vn -0.32553720 -0.02448343 0.94521224
vn -0.32553190 -0.02448636 0.94521391
vn -0.50520176 0.23209365 0.83120620
vn -0.50519687 0.23209573 0.83120859
vn -0.65166718 0.44126132 0.61694282
vn -0.65166324 0.44126648 0.61694324
vn -0.74726272 0.57778519 0.32827243
vn -0.74726379 0.57777858 0.32828152
vn -0.78045565 0.62521106 -0.00000467
vn -0.78046072 0.62520480 0.00000249
vn -0.74725866 0.57779431 -0.32826540
vn -0.74726135 0.57779169 -0.32826415
vn -0.65165812 0.44127637 -0.61694151
vn -0.65165925 0.44127429 -0.61694187
vn -0.50520182 0.23209912 -0.83120459
vn -0.50520045 0.23210433 -0.83120406
vn -0.32553878 -0.02448462 -0.94521159
vn -0.32554120 -0.02447734 -0.94521099
vn -0.13434958 -0.29753244 -0.94521141
vn -0.13434520 -0.29752740 -0.94521368
vn 0.04531013 -0.55411571 -0.83120567
vn 0.04531113 -0.55411112 -0.83120865
vn 0.19177994 -0.76328516 -0.61694098
vn 0.19177301 -0.76328409 -0.61694449
vn 0.28737926 -0.89980781 -0.32826692
vn 0.28737387 -0.89980674 -0.32827434
vn 0.32058355 -0.94722033 -0.00001505
vn 0.32056767 -0.94722563 -0.00001700
vn -0.31705672 -0.94840652 0.00000613
vn -0.33753082 -0.91904569 0.20353858
vn -0.39685920 -0.83438659 0.38249418
vn -0.48766908 -0.70470154 0.51533943
vn -0.59901214 -0.54559219 0.58610040
vn -0.71761215 -0.37631169 0.58602256
vn -0.82898545 -0.21725191 0.51534933
vn -0.91980106 -0.08753447 0.38249674
vn -0.97906166 -0.00284575 0.20354410
vn -0.99965131 0.02640585 -0.00001027
vn -0.97906399 -0.00285824 -0.20353290
vn -0.91979551 -0.08760960 -0.38249284
vn -0.82900065 -0.21731122 -0.51529956
vn -0.71754599 -0.37624636 -0.58614546
vn -0.59905982 -0.54561734 -0.58602828
vn -0.48770905 -0.70470744 -0.51529348
vn -0.39687335 -0.83439481 -0.38246140
vn -0.33759335 -0.91902196 -0.20354223
vn 0.57358438 0.81914651 0.00004174
vn 0.53898609 0.76975125 0.34201902
vn 0.53898513 0.76975125 0.34202048
vn 0.57356781 0.81915820 0.00006038
vn 0.43938527 0.62750649 0.64278787
vn 0.43938643 0.62751007 0.64278358
vn 0.28678736 0.40957198 0.86602759
vn 0.28678155 0.40956959 0.86603069
vn 0.09960149 0.14224125 0.98480809
vn 0.09959782 0.14224331 0.98480821
vn -0.09960171 -0.14224987 0.98480684
vn -0.09959689 -0.14223623 0.98480928
vn -0.28678945 -0.40957969 0.86602336
vn -0.28678578 -0.40957037 0.86602890
vn -0.43939087 -0.62751305 0.64277756
vn -0.43938512 -0.62750667 0.64278775
vn -0.53898787 -0.76975060 0.34201789
vn -0.53898525 -0.76975071 0.34202150
vn -0.57357734 -0.81915140 -0.00000112
vn -0.57357734 -0.81915146 0.00000177
vn -0.53898644 -0.76975065 -0.34201974
vn -0.53898662 -0.76975250 -0.34201550
vn -0.43938893 -0.62750965 -0.64278227
vn -0.43938768 -0.62751210 -0.64278072
vn -0.28678727 -0.40957314 -0.86602706
vn -0.28678954 -0.40957710 -0.86602443
vn -0.09960077 -0.14224492 -0.98480767
vn -0.09960126 -0.14224128 -0.98480809
vn 0.09960160 0.14224491 -0.98480755
vn 0.09960165 0.14224826 -0.98480707
vn 0.28678808 0.40957510 -0.86602587
vn 0.28679103 0.40957862 -0.86602330
vn 0.43938658 0.62750900 -0.64278448
vn 0.43938512 0.62750721 -0.64278722
vn 0.53898621 0.76975048 -0.34202066
vn 0.53898323 0.76974922 -0.34202838
vn 0.57358444 0.81914645 -0.00005122
vn 0.57356936 0.81915712 -0.00004895
vn -0.81915569 0.57357138 -0.00000000
vn -0.81915569 0.57357138 -0.00000000
vn -0.81915569 0.57357138 -0.00000000
vn -0.81915295 0.57357514 -0.00003777
vn -0.81915295 0.57357514 -0.00003777
vn -0.81915295 0.57357514 -0.00003777
vn -0.81914902 0.57358086 0.00005665
vn -0.81914902 0.57358086 0.00005665
vn -0.81914902 0.57358086 0.00005665
vn -0.81914318 0.57358927 0.00002072
vn -0.81914318 0.57358927 0.00002072
vn -0.81914318 0.57358927 0.00002072
vn -0.81905842 0.57371008 -0.00000000
vn -0.81905842 0.57371008 -0.00000000
vn -0.81905842 0.57371008 -0.00000000
vn -0.81914228 0.57359034 -0.00007553
vn -0.81914228 0.57359034 -0.00007553
vn -0.81914228 0.57359034 -0.00007553
vn -0.81916815 0.57355344 -0.00000000
vn -0.81916815 0.57355344 -0.00000000
vn -0.81916815 0.57355344 -0.00000000
vn -0.81915295 0.57357514 0.00003777
vn -0.81915295 0.57357514 0.00003777
vn -0.81915295 0.57357514 0.00003777
vn -0.81913257 0.57360429 0.00003777
vn -0.81913257 0.57360429 0.00003777
vn -0.81913257 0.57360429 0.00003777
vn -0.81914634 0.57358474 0.00002072
vn -0.81914634 0.57358474 0.00002072
vn -0.81914634 0.57358474 0.00002072
vn -0.81915104 0.57357800 -0.00000383
vn -0.81915104 0.57357800 -0.00000383
vn -0.81915104 0.57357800 -0.00000383
vn -0.81915236 0.57357603 -0.00000000
vn -0.81915236 0.57357603 -0.00000000
vn -0.81915236 0.57357603 -0.00000000
vn -0.81917626 0.57354188 0.00000944
vn -0.81917626 0.57354188 0.00000944
vn -0.81917626 0.57354188 0.00000944
vn -0.81915474 0.57357258 -0.00000614
vn -0.81915474 0.57357258 -0.00000614
vn -0.81915474 0.57357258 -0.00000614
vn -0.81914812 0.57358193 0.00002072
vn -0.81914812 0.57358193 0.00002072
vn -0.81914812 0.57358193 0.00002072
vn -0.81918752 0.57352573 -0.00000000
vn -0.81918752 0.57352573 -0.00000000
vn -0.81918752 0.57352573 -0.00000000
vn 0.95455658 -0.27382576 0.11764859
vn 0.92032683 -0.32266018 0.22110884
vn 0.86781633 -0.39767399 0.29790977
vn 0.80341595 -0.48964059 0.33878443
vn 0.73488992 -0.58749694 0.33879808
vn 0.67050284 -0.67947221 0.29789841
vn 0.61796665 -0.75445813 0.22115608
vn 0.58376604 -0.80334997 0.11766942
vn 0.57183838 -0.82036632 -0.00001859
vn 0.58373415 -0.80337548 -0.11765365
vn 0.61803424 -0.75441414 -0.22111768
vn 0.67051977 -0.67945993 -0.29788837
vn 0.73487532 -0.58749676 -0.33883023
vn 0.80342007 -0.48963538 -0.33878210
vn 0.86781228 -0.39769652 -0.29789153
vn 0.92031074 -0.32269758 -0.22112079
vn 0.95455980 -0.27381793 -0.11764093
vn 0.96645629 -0.25683105 -0.00000574
vn 0.78044200 0.62522811 0.00007783
vn 0.74724913 0.57779521 0.32828560
vn 0.74724638 0.57779610 0.32829037
vn 0.78045225 0.62521535 0.00007018
vn 0.65167046 0.44126579 0.61693603
vn 0.65166682 0.44127110 0.61693615
vn 0.50519639 0.23209521 0.83120900
vn 0.50520867 0.23210248 0.83119953
vn 0.32552972 -0.02448543 0.94521469
vn 0.32553825 -0.02447920 0.94521189
vn 0.13434231 -0.29753229 0.94521254
vn 0.13434154 -0.29753244 0.94521260
vn -0.04531314 -0.55411547 0.83120573
vn -0.04531346 -0.55411655 0.83120489
vn -0.19177036 -0.76328439 0.61694491
vn -0.19176725 -0.76327783 0.61695409
vn -0.28736502 -0.89981312 0.32826465
vn -0.28736472 -0.89981097 0.32827076
vn -0.32056859 -0.94722533 0.00000564
vn -0.32057056 -0.94722468 0.00000822
vn -0.28736424 -0.89981067 -0.32827219
vn -0.28737009 -0.89980960 -0.32826996
vn -0.19177090 -0.76328874 -0.61693954
vn -0.19177456 -0.76328546 -0.61694235
vn -0.04530995 -0.55411458 -0.83120638
vn -0.04531122 -0.55411136 -0.83120847
vn 0.13435189 -0.29754141 -0.94520831
vn 0.13435248 -0.29753646 -0.94520974
vn 0.32554352 -0.02448798 -0.94520992
vn 0.32553908 -0.02449914 -0.94521117
vn 0.50520718 0.23211278 -0.83119750
vn 0.50520748 0.23209837 -0.83120149
vn 0.65166175 0.44127807 -0.61693656
vn 0.65166008 0.44127300 -0.61694193
vn 0.74725711 0.57779419 -0.32826930
vn 0.74724966 0.57780063 -0.32827482
vn 0.78047073 0.62519240 -0.00008087
vn 0.78045756 0.62520868 -0.00007386
vn 0.99964774 0.02654151 0.00000358
vn 0.97906661 -0.00300773 0.20351809
vn 0.91982079 -0.08753169 0.38245001
vn 0.82900244 -0.21724430 0.51532519
vn 0.71758479 -0.37630850 0.58605802
vn 0.59904343 -0.54560304 0.58605826
vn 0.48763254 -0.70471025 0.51536202
vn 0.39676633 -0.83440471 0.38255110
vn 0.33759436 -0.91901815 0.20355771
vn 0.31700236 -0.94842476 -0.00003280
vn 0.33752155 -0.91905051 -0.20353192
vn 0.39691797 -0.83435518 -0.38250151
vn 0.48766688 -0.70470071 -0.51534265
vn 0.59901524 -0.54558575 -0.58610314
vn 0.71758711 -0.37629998 -0.58606064
vn 0.82900029 -0.21726422 -0.51532012
vn 0.91979903 -0.08756237 -0.38249525
vn 0.97907209 -0.00298720 -0.20349224
vn -1.00000000 0.00000727 0.00005014
vn -0.93969840 -0.00000092 0.34200424
vn -0.93969560 -0.00000106 0.34201208
vn -1.00000000 -0.00000922 0.00002025
vn -0.76604623 -0.00000039 0.64278549
vn -0.76603860 -0.00000091 0.64279473
vn -0.50000215 0.00000000 0.86602414
vn -0.49999392 -0.00000031 0.86602890
vn -0.17364696 0.00000000 0.98480791
vn -0.17364988 0.00000000 0.98480743
vn 0.17364988 0.00000000 0.98480743
vn 0.17364696 0.00000000 0.98480791
vn 0.49999392 0.00000031 0.86602890
vn 0.49999645 0.00000000 0.86602747
vn 0.76604533 0.00000076 0.64278668
vn 0.76604199 0.00000039 0.64279062
vn 0.93969566 0.00000094 0.34201163
vn 0.93969172 0.00000084 0.34202260
vn 1.00000000 0.00000096 -0.00000205
vn 1.00000000 0.00000093 0.00000133
vn 0.93969190 0.00000090 -0.34202230
vn 0.93969268 0.00000088 -0.34202009
vn 0.76604259 0.00000086 -0.64278996
vn 0.76604396 0.00000059 -0.64278817
vn 0.49999681 0.00000056 -0.86602736
vn 0.49999896 0.00000039 -0.86602604
vn 0.17364699 0.00000011 -0.98480797
vn 0.17364971 0.00000022 -0.98480749
vn -0.17364971 -0.00000022 -0.98480749
vn -0.17364699 -0.00000011 -0.98480797
vn -0.49999383 -0.00000039 -0.86602896
vn -0.49999660 -0.00000056 -0.86602741
vn -0.76604021 -0.00000059 -0.64279264
vn -0.76604199 -0.00000086 -0.64279050
vn -0.93969625 -0.00000084 -0.34201017
vn -0.93969828 -0.00000094 -0.34200457
vn -1.00000000 0.00000745 -0.00002174
vn -1.00000000 -0.00000934 -0.00005057
vn -0.00001888 -1.00000000 -0.00000000
vn -0.00001888 -1.00000000 -0.00000000
vn -0.00001888 -1.00000000 -0.00000000
vn 0.00000000 -1.00000000 -0.00000000
vn 0.00000000 -1.00000000 -0.00000000
vn 0.00000000 -1.00000000 -0.00000000
vn 0.00000000 -1.00000000 -0.00000000
vn 0.00000000 -1.00000000 -0.00000000
vn 0.00000000 -1.00000000 0.00000504
vn 0.00000000 -1.00000000 0.00000504
vn 0.00000000 -1.00000000 0.00000504
vn 0.00000000 -1.00000000 -0.00002223
vn 0.00000000 -1.00000000 -0.00002223
vn 0.00000000 -1.00000000 -0.00002223
vn -0.00001036 -1.00000000 0.00000504
vn -0.00001036 -1.00000000 0.00000504
vn -0.00001036 -1.00000000 0.00000504
vn 0.00000000 -1.00000000 -0.00000000
vn 0.00000000 -1.00000000 -0.00000000
vn 0.00000000 -1.00000000 -0.00000000
vn 0.00000000 -1.00000000 -0.00000000
vn 0.00000000 -1.00000000 -0.00000000
vn 0.00000000 -1.00000000 -0.00000000
vn 0.00000000 -1.00000000 -0.00000000
vn -0.00000409 -1.00000000 -0.00000000
vn -0.00000409 -1.00000000 -0.00000000
vn -0.00000409 -1.00000000 -0.00000000
vn 0.00000000 -1.00000000 -0.00000000
vn 0.00000000 -1.00000000 -0.00000000
vn -0.32315791 0.93900377 0.11764753
vn -0.26351258 0.93896860 0.22113147
vn -0.17202222 0.93895739 0.29793850
vn -0.05974824 0.93895954 0.33879980
vn 0.05974393 0.93895894 0.33880222
vn 0.17197356 0.93896878 0.29793087
vn 0.26353198 0.93896967 0.22110359
vn 0.32330760 0.93895149 0.11765353
vn 0.34392944 0.93899548 -0.00000181
vn 0.32320607 0.93898684 -0.11765031
vn 0.26350564 0.93897641 -0.22110656
vn 0.17197140 0.93897855 -0.29790118
vn 0.05974951 0.93896806 -0.33877584
vn -0.05974660 0.93896729 -0.33877853
vn -0.17198381 0.93898225 -0.29788232
vn -0.26350400 0.93897241 -0.22112545
vn -0.32323977 0.93897647 -0.11764041
vn -0.34401157 0.93896550 -0.00000203
vn -0.95979023 0.28071830 -0.00001807
vn -0.90191209 0.28071734 0.32825649
vn -0.90191388 0.28071135 0.32825655
vn -0.95979697 0.28069538 0.00004375
vn -0.73523962 0.28071311 0.61694646
vn -0.73524654 0.28071555 0.61693710
vn -0.47989306 0.28070384 0.83120877
vn -0.47990692 0.28070781 0.83119947
vn -0.16666277 0.28070709 0.94521272
vn -0.16667375 0.28070834 0.94521040
vn 0.16666676 0.28070539 0.94521254
vn 0.16666558 0.28070667 0.94521230
vn 0.47989160 0.28070647 0.83120877
vn 0.47989410 0.28070354 0.83120823
vn 0.73524207 0.28070700 0.61694628
vn 0.73524308 0.28070489 0.61694604
vn 0.90191025 0.28070673 0.32827067
vn 0.90190679 0.28070888 0.32827833
vn 0.95979345 0.28070748 -0.00000253
vn 0.95979363 0.28070661 0.00000449
vn 0.90191090 0.28070751 -0.32826802
vn 0.90191483 0.28070655 -0.32825837
vn 0.73524207 0.28070131 -0.61694884
vn 0.73524988 0.28070119 -0.61693960
vn 0.47989258 0.28070575 -0.83120835
vn 0.47990263 0.28070274 -0.83120358
vn 0.16666287 0.28070647 -0.94521290
vn 0.16667382 0.28070661 -0.94521087
vn -0.16666670 0.28070831 -0.94521165
vn -0.16665937 0.28071019 -0.94521236
vn -0.47989306 0.28070781 -0.83120745
vn -0.47989917 0.28070301 -0.83120555
vn -0.73523891 0.28071386 -0.61694688
vn -0.73523921 0.28070927 -0.61694872
vn -0.90191525 0.28070852 -0.32825568
vn -0.90191263 0.28071383 -0.32825825
vn -0.95979744 0.28069374 -0.00003968
vn -0.95979112 0.28071532 0.00001928
vn -0.59510833 0.80364549 0.00000032
vn -0.55906099 0.80376077 0.20351799
vn -0.45587656 0.80365324 0.38251522
vn -0.29757467 0.80364007 0.51537561
vn -0.10335471 0.80363381 0.58608061
vn 0.10334796 0.80363536 0.58607978
vn 0.29756644 0.80362362 0.51540601
vn 0.45587757 0.80367416 0.38247019
vn 0.55921471 0.80365050 0.20353107
vn 0.59497482 0.80374432 -0.00000519
vn 0.55907810 0.80374360 -0.20353860
vn 0.45581236 0.80370533 -0.38248256
vn 0.29748681 0.80366737 -0.51538372
vn 0.10335024 0.80366802 -0.58603448
vn -0.10334116 0.80362254 -0.58609843
vn -0.29752740 0.80370057 -0.51530844
vn -0.45579824 0.80369145 -0.38252842
vn -0.55917186 0.80369067 -0.20348993
f 4426/4426/4426 4427/4427/4427 4428/4428/4428
f 4428/4428/4428 4429/4429/4429 4426/4426/4426
f 4430/4430/4430 4431/4431/4431 4432/4432/4432
f 4432/4432/4432 4433/4433/4433 4430/4430/4430
f 4431/4431/4431 4434/4434/4434 4435/4435/4435
f 4435/4435/4435 4432/4432/4432 4431/4431/4431
f 4434/4434/4434 4436/4436/4436 4437/4437/4437
f 4437/4437/4437 4435/4435/4435 4434/4434/4434
f 4436/4436/4436 4438/4438/4438 4439/4439/4439
f 4439/4439/4439 4437/4437/4437 4436/4436/4436
f 4438/4438/4438 4440/4440/4440 4441/4441/4441
f 4441/4441/4441 4439/4439/4439 4438/4438/4438
f 4440/4440/4440 4442/4442/4442 4443/4443/4443
f 4443/4443/4443 4441/4441/4441 4440/4440/4440
f 4442/4442/4442 4444/4444/4444 4445/4445/4445
f 4445/4445/4445 4443/4443/4443 4442/4442/4442
f 4444/4444/4444 4446/4446/4446 4447/4447/4447
f 4447/4447/4447 4445/4445/4445 4444/4444/4444
f 4446/4446/4446 4448/4448/4448 4449/4449/4449
f 4449/4449/4449 4447/4447/4447 4446/4446/4446
f 4448/4448/4448 4450/4450/4450 4451/4451/4451
f 4451/4451/4451 4449/4449/4449 4448/4448/4448
f 4450/4450/4450 4452/4452/4452 4453/4453/4453
f 4453/4453/4453 4451/4451/4451 4450/4450/4450
f 4452/4452/4452 4454/4454/4454 4455/4455/4455
f 4455/4455/4455 4453/4453/4453 4452/4452/4452
f 4454/4454/4454 4456/4456/4456 4457/4457/4457
f 4457/4457/4457 4455/4455/4455 4454/4454/4454
f 4456/4456/4456 4458/4458/4458 4459/4459/4459
f 4459/4459/4459 4457/4457/4457 4456/4456/4456
f 4458/4458/4458 4460/4460/4460 4461/4461/4461
f 4461/4461/4461 4459/4459/4459 4458/4458/4458
f 4460/4460/4460 4462/4462/4462 4463/4463/4463
f 4463/4463/4463 4461/4461/4461 4460/4460/4460
f 4462/4462/4462 4426/4426/4426 4429/4429/4429
f 4429/4429/4429 4463/4463/4463 4462/4462/4462
f 4464/4464/4464 4465/4465/4465 4466/4466/4466
f 4467/4467/4467 4468/4468/4468 4469/4469/4469
f 4470/4470/4470 4471/4471/4471 4472/4472/4472
f 4473/4473/4473 4474/4474/4474 4475/4475/4475
f 4476/4476/4476 4477/4477/4477 4478/4478/4478
f 4479/4479/4479 4480/4480/4480 4481/4481/4481
f 4476/4476/4476 4478/4478/4478 4482/4482/4482
f 4481/4481/4481 4483/4483/4483 4484/4484/4484
f 4485/4485/4485 4486/4486/4486 4487/4487/4487
f 4488/4488/4488 4489/4489/4489 4490/4490/4490
f 4491/4491/4491 4492/4492/4492 4493/4493/4493
f 4494/4494/4494 4495/4495/4495 4496/4496/4496
f 4487/4487/4487 4497/4497/4497 4498/4498/4498
f 4499/4499/4499 4500/4500/4500 4501/4501/4501
f 4502/4502/4502 4503/4503/4503 4504/4504/4504
f 4505/4505/4505 4506/4506/4506 4507/4507/4507
f 4508/4508/4508 4509/4509/4509 4510/4510/4510
f 4511/4511/4511 4512/4512/4512 4513/4513/4513
f 4513/4513/4513 4514/4514/4514 4515/4515/4515
f 4516/4516/4516 4517/4517/4517 4518/4518/4518
f 4515/4515/4515 4519/4519/4519 4520/4520/4520
f 4520/4520/4520 4521/4521/4521 4522/4522/4522
f 4515/4515/4515 4520/4520/4520 4522/4522/4522
f 4522/4522/4522 4523/4523/4523 4524/4524/4524
f 4524/4524/4524 4525/4525/4525 4526/4526/4526
f 4527/4527/4527 4528/4528/4528 4529/4529/4529
f 4515/4515/4515 4522/4522/4522 4526/4526/4526
f 4511/4511/4511 4515/4515/4515 4526/4526/4526
f 4530/4530/4530 4531/4531/4531 4532/4532/4532
f 4511/4511/4511 4526/4526/4526 4533/4533/4533
f 4534/4534/4534 4511/4511/4511 4533/4533/4533
f 4535/4535/4535 4534/4534/4534 4533/4533/4533
f 4536/4536/4536 4537/4537/4537 4538/4538/4538
f 4538/4538/4538 4539/4539/4539 4536/4536/4536
f 4540/4540/4540 4541/4541/4541 4542/4542/4542
f 4542/4542/4542 4543/4543/4543 4540/4540/4540
f 4541/4541/4541 4544/4544/4544 4545/4545/4545
f 4545/4545/4545 4542/4542/4542 4541/4541/4541
f 4544/4544/4544 4546/4546/4546 4547/4547/4547
f 4547/4547/4547 4545/4545/4545 4544/4544/4544
f 4546/4546/4546 4548/4548/4548 4549/4549/4549
f 4549/4549/4549 4547/4547/4547 4546/4546/4546
f 4548/4548/4548 4550/4550/4550 4551/4551/4551
f 4551/4551/4551 4549/4549/4549 4548/4548/4548
f 4550/4550/4550 4552/4552/4552 4553/4553/4553
f 4553/4553/4553 4551/4551/4551 4550/4550/4550
f 4552/4552/4552 4554/4554/4554 4555/4555/4555
f 4555/4555/4555 4553/4553/4553 4552/4552/4552
f 4554/4554/4554 4556/4556/4556 4557/4557/4557
f 4557/4557/4557 4555/4555/4555 4554/4554/4554
f 4556/4556/4556 4558/4558/4558 4559/4559/4559
f 4559/4559/4559 4557/4557/4557 4556/4556/4556
f 4558/4558/4558 4560/4560/4560 4561/4561/4561
f 4561/4561/4561 4559/4559/4559 4558/4558/4558
f 4560/4560/4560 4562/4562/4562 4563/4563/4563
f 4563/4563/4563 4561/4561/4561 4560/4560/4560
f 4562/4562/4562 4564/4564/4564 4565/4565/4565
f 4565/4565/4565 4563/4563/4563 4562/4562/4562
f 4564/4564/4564 4566/4566/4566 4567/4567/4567
f 4567/4567/4567 4565/4565/4565 4564/4564/4564
f 4566/4566/4566 4568/4568/4568 4569/4569/4569
f 4569/4569/4569 4567/4567/4567 4566/4566/4566
f 4568/4568/4568 4570/4570/4570 4571/4571/4571
f 4571/4571/4571 4569/4569/4569 4568/4568/4568
f 4570/4570/4570 4572/4572/4572 4573/4573/4573
f 4573/4573/4573 4571/4571/4571 4570/4570/4570
f 4572/4572/4572 4536/4536/4536 4539/4539/4539
f 4539/4539/4539 4573/4573/4573 4572/4572/4572
f 4574/4574/4574 4575/4575/4575 4576/4576/4576
f 4576/4576/4576 4577/4577/4577 4574/4574/4574
f 4575/4575/4575 4578/4578/4578 4579/4579/4579
f 4579/4579/4579 4576/4576/4576 4575/4575/4575
f 4578/4578/4578 4580/4580/4580 4581/4581/4581
f 4581/4581/4581 4579/4579/4579 4578/4578/4578
f 4580/4580/4580 4582/4582/4582 4583/4583/4583
f 4583/4583/4583 4581/4581/4581 4580/4580/4580
f 4582/4582/4582 4584/4584/4584 4585/4585/4585
f 4585/4585/4585 4583/4583/4583 4582/4582/4582
f 4584/4584/4584 4586/4586/4586 4587/4587/4587
f 4587/4587/4587 4585/4585/4585 4584/4584/4584
f 4586/4586/4586 4588/4588/4588 4589/4589/4589
f 4589/4589/4589 4587/4587/4587 4586/4586/4586
f 4588/4588/4588 4590/4590/4590 4591/4591/4591
f 4591/4591/4591 4589/4589/4589 4588/4588/4588
f 4590/4590/4590 4592/4592/4592 4593/4593/4593
f 4593/4593/4593 4591/4591/4591 4590/4590/4590
f 4592/4592/4592 4594/4594/4594 4595/4595/4595
f 4595/4595/4595 4593/4593/4593 4592/4592/4592
f 4594/4594/4594 4596/4596/4596 4597/4597/4597
f 4597/4597/4597 4595/4595/4595 4594/4594/4594
f 4596/4596/4596 4598/4598/4598 4599/4599/4599
f 4599/4599/4599 4597/4597/4597 4596/4596/4596
f 4598/4598/4598 4600/4600/4600 4601/4601/4601
f 4601/4601/4601 4599/4599/4599 4598/4598/4598
f 4600/4600/4600 4602/4602/4602 4603/4603/4603
f 4603/4603/4603 4601/4601/4601 4600/4600/4600
f 4602/4602/4602 4604/4604/4604 4605/4605/4605
f 4605/4605/4605 4603/4603/4603 4602/4602/4602
f 4604/4604/4604 4606/4606/4606 4607/4607/4607
f 4607/4607/4607 4605/4605/4605 4604/4604/4604
f 4606/4606/4606 4608/4608/4608 4609/4609/4609
f 4609/4609/4609 4607/4607/4607 4606/4606/4606
f 4608/4608/4608 4574/4574/4574 4577/4577/4577
f 4577/4577/4577 4609/4609/4609 4608/4608/4608
f 4534/4534/4534 4535/4535/4535 4610/4610/4610
f 4610/4610/4610 4611/4611/4611 4534/4534/4534
f 4535/4535/4535 4533/4533/4533 4612/4612/4612
f 4612/4612/4612 4610/4610/4610 4535/4535/4535
f 4613/4613/4613 4614/4614/4614 4615/4615/4615
f 4616/4616/4616 4617/4617/4617 4618/4618/4618
f 4619/4619/4619 4620/4620/4620 4621/4621/4621
f 4622/4622/4622 4623/4623/4623 4624/4624/4624
f 4625/4625/4625 4626/4626/4626 4627/4627/4627
f 4628/4628/4628 4629/4629/4629 4630/4630/4630
f 4631/4631/4631 4632/4632/4632 4633/4633/4633
f 4634/4634/4634 4635/4635/4635 4636/4636/4636
f 4632/4632/4632 4637/4637/4637 4638/4638/4638
f 4639/4639/4639 4640/4640/4640 4641/4641/4641
f 4523/4523/4523 4522/4522/4522 4642/4642/4642
f 4642/4642/4642 4643/4643/4643 4523/4523/4523
f 4644/4644/4644 4645/4645/4645 4646/4646/4646
f 4647/4647/4647 4642/4642/4642 4522/4522/4522
f 4521/4521/4521 4520/4520/4520 4648/4648/4648
f 4648/4648/4648 4647/4647/4647 4521/4521/4521
f 4649/4649/4649 4650/4650/4650 4651/4651/4651
f 4652/4652/4652 4653/4653/4653 4654/4654/4654
f 4519/4519/4519 4515/4515/4515 4655/4655/4655
f 4655/4655/4655 4656/4656/4656 4519/4519/4519
f 4515/4515/4515 4514/4514/4514 4657/4657/4657
f 4657/4657/4657 4655/4655/4655 4515/4515/4515
f 4514/4514/4514 4513/4513/4513 4658/4658/4658
f 4658/4658/4658 4657/4657/4657 4514/4514/4514
f 4513/4513/4513 4512/4512/4512 4659/4659/4659
f 4660/4660/4660 4661/4661/4661 4662/4662/4662
f 4663/4663/4663 4664/4664/4664 4665/4665/4665
f 4666/4666/4666 4660/4660/4660 4667/4667/4667
f 4511/4511/4511 4668/4668/4668 4669/4669/4669
f 4670/4670/4670 4671/4671/4671 4672/4672/4672
f 4673/4673/4673 4674/4674/4674 4675/4675/4675
f 4676/4676/4676 4677/4677/4677 4678/4678/4678
f 4679/4679/4679 4537/4537/4537 4536/4536/4536
f 4536/4536/4536 4680/4680/4680 4679/4679/4679
f 4681/4681/4681 4541/4541/4541 4540/4540/4540
f 4540/4540/4540 4682/4682/4682 4681/4681/4681
f 4683/4683/4683 4544/4544/4544 4541/4541/4541
f 4541/4541/4541 4681/4681/4681 4683/4683/4683
f 4684/4684/4684 4546/4546/4546 4544/4544/4544
f 4544/4544/4544 4683/4683/4683 4684/4684/4684
f 4685/4685/4685 4548/4548/4548 4546/4546/4546
f 4546/4546/4546 4684/4684/4684 4685/4685/4685
f 4686/4686/4686 4550/4550/4550 4548/4548/4548
f 4548/4548/4548 4685/4685/4685 4686/4686/4686
f 4687/4687/4687 4552/4552/4552 4550/4550/4550
f 4550/4550/4550 4686/4686/4686 4687/4687/4687
f 4688/4688/4688 4554/4554/4554 4552/4552/4552
f 4552/4552/4552 4687/4687/4687 4688/4688/4688
f 4689/4689/4689 4556/4556/4556 4554/4554/4554
f 4554/4554/4554 4688/4688/4688 4689/4689/4689
f 4690/4690/4690 4558/4558/4558 4556/4556/4556
f 4556/4556/4556 4689/4689/4689 4690/4690/4690
f 4691/4691/4691 4560/4560/4560 4558/4558/4558
f 4558/4558/4558 4690/4690/4690 4691/4691/4691
f 4692/4692/4692 4562/4562/4562 4560/4560/4560
f 4560/4560/4560 4691/4691/4691 4692/4692/4692
f 4693/4693/4693 4564/4564/4564 4562/4562/4562
f 4562/4562/4562 4692/4692/4692 4693/4693/4693
f 4694/4694/4694 4566/4566/4566 4564/4564/4564
f 4564/4564/4564 4693/4693/4693 4694/4694/4694
f 4695/4695/4695 4568/4568/4568 4566/4566/4566
f 4566/4566/4566 4694/4694/4694 4695/4695/4695
f 4696/4696/4696 4570/4570/4570 4568/4568/4568
f 4568/4568/4568 4695/4695/4695 4696/4696/4696
f 4697/4697/4697 4572/4572/4572 4570/4570/4570
f 4570/4570/4570 4696/4696/4696 4697/4697/4697
f 4680/4680/4680 4536/4536/4536 4572/4572/4572
f 4572/4572/4572 4697/4697/4697 4680/4680/4680
f 4698/4698/4698 4539/4539/4539 4538/4538/4538
f 4538/4538/4538 4699/4699/4699 4698/4698/4698
f 4700/4700/4700 4573/4573/4573 4539/4539/4539
f 4539/4539/4539 4698/4698/4698 4700/4700/4700
f 4701/4701/4701 4571/4571/4571 4573/4573/4573
f 4573/4573/4573 4700/4700/4700 4701/4701/4701
f 4702/4702/4702 4569/4569/4569 4571/4571/4571
f 4571/4571/4571 4701/4701/4701 4702/4702/4702
f 4703/4703/4703 4567/4567/4567 4569/4569/4569
f 4569/4569/4569 4702/4702/4702 4703/4703/4703
f 4704/4704/4704 4565/4565/4565 4567/4567/4567
f 4567/4567/4567 4703/4703/4703 4704/4704/4704
f 4705/4705/4705 4563/4563/4563 4565/4565/4565
f 4565/4565/4565 4704/4704/4704 4705/4705/4705
f 4706/4706/4706 4561/4561/4561 4563/4563/4563
f 4563/4563/4563 4705/4705/4705 4706/4706/4706
f 4707/4707/4707 4559/4559/4559 4561/4561/4561
f 4561/4561/4561 4706/4706/4706 4707/4707/4707
f 4708/4708/4708 4557/4557/4557 4559/4559/4559
f 4559/4559/4559 4707/4707/4707 4708/4708/4708
f 4709/4709/4709 4555/4555/4555 4557/4557/4557
f 4557/4557/4557 4708/4708/4708 4709/4709/4709
f 4710/4710/4710 4553/4553/4553 4555/4555/4555
f 4555/4555/4555 4709/4709/4709 4710/4710/4710
f 4711/4711/4711 4551/4551/4551 4553/4553/4553
f 4553/4553/4553 4710/4710/4710 4711/4711/4711
f 4712/4712/4712 4549/4549/4549 4551/4551/4551
f 4551/4551/4551 4711/4711/4711 4712/4712/4712
f 4713/4713/4713 4547/4547/4547 4549/4549/4549
f 4549/4549/4549 4712/4712/4712 4713/4713/4713
f 4714/4714/4714 4545/4545/4545 4547/4547/4547
f 4547/4547/4547 4713/4713/4713 4714/4714/4714
f 4715/4715/4715 4542/4542/4542 4545/4545/4545
f 4545/4545/4545 4714/4714/4714 4715/4715/4715
f 4716/4716/4716 4543/4543/4543 4542/4542/4542
f 4542/4542/4542 4715/4715/4715 4716/4716/4716
f 4576/4576/4576 4717/4717/4717 4718/4718/4718
f 4718/4718/4718 4577/4577/4577 4576/4576/4576
f 4579/4579/4579 4719/4719/4719 4717/4717/4717
f 4717/4717/4717 4576/4576/4576 4579/4579/4579
f 4581/4581/4581 4720/4720/4720 4719/4719/4719
f 4719/4719/4719 4579/4579/4579 4581/4581/4581
f 4583/4583/4583 4721/4721/4721 4720/4720/4720
f 4720/4720/4720 4581/4581/4581 4583/4583/4583
f 4585/4585/4585 4722/4722/4722 4721/4721/4721
f 4721/4721/4721 4583/4583/4583 4585/4585/4585
f 4587/4587/4587 4723/4723/4723 4722/4722/4722
f 4722/4722/4722 4585/4585/4585 4587/4587/4587
f 4589/4589/4589 4724/4724/4724 4723/4723/4723
f 4723/4723/4723 4587/4587/4587 4589/4589/4589
f 4591/4591/4591 4725/4725/4725 4724/4724/4724
f 4724/4724/4724 4589/4589/4589 4591/4591/4591
f 4593/4593/4593 4726/4726/4726 4725/4725/4725
f 4725/4725/4725 4591/4591/4591 4593/4593/4593
f 4595/4595/4595 4727/4727/4727 4726/4726/4726
f 4726/4726/4726 4593/4593/4593 4595/4595/4595
f 4597/4597/4597 4728/4728/4728 4727/4727/4727
f 4727/4727/4727 4595/4595/4595 4597/4597/4597
f 4599/4599/4599 4729/4729/4729 4728/4728/4728
f 4728/4728/4728 4597/4597/4597 4599/4599/4599
f 4601/4601/4601 4730/4730/4730 4729/4729/4729
f 4729/4729/4729 4599/4599/4599 4601/4601/4601
f 4603/4603/4603 4731/4731/4731 4730/4730/4730
f 4730/4730/4730 4601/4601/4601 4603/4603/4603
f 4605/4605/4605 4732/4732/4732 4731/4731/4731
f 4731/4731/4731 4603/4603/4603 4605/4605/4605
f 4607/4607/4607 4733/4733/4733 4732/4732/4732
f 4732/4732/4732 4605/4605/4605 4607/4607/4607
f 4609/4609/4609 4734/4734/4734 4733/4733/4733
f 4733/4733/4733 4607/4607/4607 4609/4609/4609
f 4577/4577/4577 4718/4718/4718 4734/4734/4734
f 4734/4734/4734 4609/4609/4609 4577/4577/4577
f 4735/4735/4735 4736/4736/4736 4737/4737/4737
f 4737/4737/4737 4738/4738/4738 4735/4735/4735
f 4739/4739/4739 4740/4740/4740 4736/4736/4736
f 4736/4736/4736 4735/4735/4735 4739/4739/4739
f 4741/4741/4741 4742/4742/4742 4740/4740/4740
f 4740/4740/4740 4739/4739/4739 4741/4741/4741
f 4743/4743/4743 4744/4744/4744 4742/4742/4742
f 4742/4742/4742 4741/4741/4741 4743/4743/4743
f 4745/4745/4745 4746/4746/4746 4744/4744/4744
f 4744/4744/4744 4743/4743/4743 4745/4745/4745
f 4747/4747/4747 4748/4748/4748 4746/4746/4746
f 4746/4746/4746 4745/4745/4745 4747/4747/4747
f 4749/4749/4749 4750/4750/4750 4748/4748/4748
f 4748/4748/4748 4747/4747/4747 4749/4749/4749
f 4751/4751/4751 4752/4752/4752 4750/4750/4750
f 4750/4750/4750 4749/4749/4749 4751/4751/4751
f 4753/4753/4753 4754/4754/4754 4752/4752/4752
f 4752/4752/4752 4751/4751/4751 4753/4753/4753
f 4755/4755/4755 4756/4756/4756 4754/4754/4754
f 4754/4754/4754 4753/4753/4753 4755/4755/4755
f 4757/4757/4757 4758/4758/4758 4756/4756/4756
f 4756/4756/4756 4755/4755/4755 4757/4757/4757
f 4759/4759/4759 4760/4760/4760 4758/4758/4758
f 4758/4758/4758 4757/4757/4757 4759/4759/4759
f 4761/4761/4761 4762/4762/4762 4760/4760/4760
f 4760/4760/4760 4759/4759/4759 4761/4761/4761
f 4763/4763/4763 4764/4764/4764 4762/4762/4762
f 4762/4762/4762 4761/4761/4761 4763/4763/4763
f 4765/4765/4765 4766/4766/4766 4764/4764/4764
f 4764/4764/4764 4763/4763/4763 4765/4765/4765
f 4767/4767/4767 4768/4768/4768 4766/4766/4766
f 4766/4766/4766 4765/4765/4765 4767/4767/4767
f 4769/4769/4769 4770/4770/4770 4768/4768/4768
f 4768/4768/4768 4767/4767/4767 4769/4769/4769
f 4738/4738/4738 4737/4737/4737 4770/4770/4770
f 4770/4770/4770 4769/4769/4769 4738/4738/4738
f 4771/4771/4771 4772/4772/4772 4773/4773/4773
f 4774/4774/4774 4775/4775/4775 4776/4776/4776
f 4777/4777/4777 4778/4778/4778 4779/4779/4779
f 4780/4780/4780 4781/4781/4781 4782/4782/4782
f 4783/4783/4783 4784/4784/4784 4785/4785/4785
f 4786/4786/4786 4787/4787/4787 4788/4788/4788
f 4789/4789/4789 4790/4790/4790 4791/4791/4791
f 4792/4792/4792 4793/4793/4793 4794/4794/4794
f 4795/4795/4795 4796/4796/4796 4797/4797/4797
f 4798/4798/4798 4799/4799/4799 4800/4800/4800
f 4801/4801/4801 4802/4802/4802 4803/4803/4803
f 4804/4804/4804 4805/4805/4805 4806/4806/4806
f 4807/4807/4807 4808/4808/4808 4809/4809/4809
f 4810/4810/4810 4811/4811/4811 4812/4812/4812
f 4813/4813/4813 4814/4814/4814 4815/4815/4815
f 4816/4816/4816 4817/4817/4817 4818/4818/4818
f 4819/4819/4819 4820/4820/4820 4821/4821/4821
f 4822/4822/4822 4823/4823/4823 4824/4824/4824
f 4825/4825/4825 4826/4826/4826 4827/4827/4827
f 4828/4828/4828 4829/4829/4829 4830/4830/4830
f 4831/4831/4831 4832/4832/4832 4833/4833/4833
f 4834/4834/4834 4835/4835/4835 4836/4836/4836
f 4837/4837/4837 4838/4838/4838 4839/4839/4839
f 4840/4840/4840 4841/4841/4841 4842/4842/4842
f 4843/4843/4843 4844/4844/4844 4845/4845/4845
f 4846/4846/4846 4847/4847/4847 4848/4848/4848
f 4849/4849/4849 4850/4850/4850 4851/4851/4851
f 4851/4851/4851 4852/4852/4852 4849/4849/4849
f 4853/4853/4853 4854/4854/4854 4855/4855/4855
f 4856/4856/4856 4857/4857/4857 4858/4858/4858
f 4859/4859/4859 4860/4860/4860 4861/4861/4861
f 4861/4861/4861 4862/4862/4862 4859/4859/4859
f 4863/4863/4863 4864/4864/4864 4865/4865/4865
f 4866/4866/4866 4867/4867/4867 4868/4868/4868
f 4869/4869/4869 4870/4870/4870 4871/4871/4871
f 4872/4872/4872 4873/4873/4873 4874/4874/4874
f 4875/4875/4875 4876/4876/4876 4877/4877/4877
f 4877/4877/4877 4878/4878/4878 4875/4875/4875
f 4876/4876/4876 4879/4879/4879 4880/4880/4880
f 4880/4880/4880 4877/4877/4877 4876/4876/4876
f 4879/4879/4879 4881/4881/4881 4882/4882/4882
f 4882/4882/4882 4880/4880/4880 4879/4879/4879
f 4881/4881/4881 4883/4883/4883 4884/4884/4884
f 4884/4884/4884 4882/4882/4882 4881/4881/4881
f 4883/4883/4883 4885/4885/4885 4886/4886/4886
f 4886/4886/4886 4884/4884/4884 4883/4883/4883
f 4885/4885/4885 4887/4887/4887 4888/4888/4888
f 4888/4888/4888 4886/4886/4886 4885/4885/4885
f 4887/4887/4887 4889/4889/4889 4890/4890/4890
f 4890/4890/4890 4888/4888/4888 4887/4887/4887
f 4889/4889/4889 4891/4891/4891 4892/4892/4892
f 4892/4892/4892 4890/4890/4890 4889/4889/4889
f 4891/4891/4891 4893/4893/4893 4894/4894/4894
f 4894/4894/4894 4892/4892/4892 4891/4891/4891
f 4893/4893/4893 4895/4895/4895 4896/4896/4896
f 4896/4896/4896 4894/4894/4894 4893/4893/4893
f 4895/4895/4895 4897/4897/4897 4898/4898/4898
f 4898/4898/4898 4896/4896/4896 4895/4895/4895
f 4897/4897/4897 4899/4899/4899 4900/4900/4900
f 4900/4900/4900 4898/4898/4898 4897/4897/4897
f 4899/4899/4899 4901/4901/4901 4902/4902/4902
f 4902/4902/4902 4900/4900/4900 4899/4899/4899
f 4901/4901/4901 4903/4903/4903 4904/4904/4904
f 4904/4904/4904 4902/4902/4902 4901/4901/4901
f 4903/4903/4903 4905/4905/4905 4906/4906/4906
f 4906/4906/4906 4904/4904/4904 4903/4903/4903
f 4905/4905/4905 4907/4907/4907 4908/4908/4908
f 4908/4908/4908 4906/4906/4906 4905/4905/4905
f 4907/4907/4907 4909/4909/4909 4910/4910/4910
f 4910/4910/4910 4908/4908/4908 4907/4907/4907
f 4909/4909/4909 4911/4911/4911 4912/4912/4912
f 4912/4912/4912 4910/4910/4910 4909/4909/4909
f 4913/4913/4913 4914/4914/4914 4915/4915/4915
f 4916/4916/4916 4917/4917/4917 4918/4918/4918
f 4919/4919/4919 4920/4920/4920 4921/4921/4921
f 4922/4922/4922 4923/4923/4923 4924/4924/4924
f 4925/4925/4925 4926/4926/4926 4927/4927/4927
f 4928/4928/4928 4929/4929/4929 4930/4930/4930
f 4931/4931/4931 4932/4932/4932 4933/4933/4933
f 4934/4934/4934 4935/4935/4935 4936/4936/4936
f 4937/4937/4937 4938/4938/4938 4939/4939/4939
f 4940/4940/4940 4941/4941/4941 4942/4942/4942
f 4943/4943/4943 4944/4944/4944 4945/4945/4945
f 4946/4946/4946 4947/4947/4947 4948/4948/4948
f 4949/4949/4949 4950/4950/4950 4951/4951/4951
f 4952/4952/4952 4953/4953/4953 4954/4954/4954
f 4955/4955/4955 4956/4956/4956 4957/4957/4957
f 4958/4958/4958 4959/4959/4959 4960/4960/4960
f 4961/4961/4961 4962/4962/4962 4963/4963/4963
f 4963/4963/4963 4964/4964/4964 4965/4965/4965
f 4965/4965/4965 4966/4966/4966 4967/4967/4967
f 4963/4963/4963 4965/4965/4965 4967/4967/4967
f 4967/4967/4967 4968/4968/4968 4969/4969/4969
f 4969/4969/4969 4970/4970/4970 4971/4971/4971
f 4967/4967/4967 4969/4969/4969 4971/4971/4971
f 4971/4971/4971 4972/4972/4972 4973/4973/4973
f 4973/4973/4973 4974/4974/4974 4975/4975/4975
f 4971/4971/4971 4973/4973/4973 4975/4975/4975
f 4967/4967/4967 4971/4971/4971 4975/4975/4975
f 4963/4963/4963 4967/4967/4967 4975/4975/4975
f 4975/4975/4975 4976/4976/4976 4977/4977/4977
f 4963/4963/4963 4975/4975/4975 4977/4977/4977
f 4961/4961/4961 4963/4963/4963 4977/4977/4977
f 4978/4978/4978 4961/4961/4961 4977/4977/4977
f 4979/4979/4979 4980/4980/4980 4981/4981/4981
f 4981/4981/4981 4982/4982/4982 4979/4979/4979
f 4980/4980/4980 4983/4983/4983 4984/4984/4984
f 4984/4984/4984 4981/4981/4981 4980/4980/4980
f 4983/4983/4983 4985/4985/4985 4986/4986/4986
f 4986/4986/4986 4984/4984/4984 4983/4983/4983
f 4985/4985/4985 4987/4987/4987 4988/4988/4988
f 4988/4988/4988 4986/4986/4986 4985/4985/4985
f 4987/4987/4987 4989/4989/4989 4990/4990/4990
f 4990/4990/4990 4988/4988/4988 4987/4987/4987
f 4989/4989/4989 4991/4991/4991 4992/4992/4992
f 4992/4992/4992 4990/4990/4990 4989/4989/4989
f 4991/4991/4991 4993/4993/4993 4994/4994/4994
f 4994/4994/4994 4992/4992/4992 4991/4991/4991
f 4993/4993/4993 4995/4995/4995 4996/4996/4996
f 4996/4996/4996 4994/4994/4994 4993/4993/4993
f 4995/4995/4995 4997/4997/4997 4998/4998/4998
f 4998/4998/4998 4996/4996/4996 4995/4995/4995
f 4997/4997/4997 4999/4999/4999 5000/5000/5000
f 5000/5000/5000 4998/4998/4998 4997/4997/4997
f 4999/4999/4999 5001/5001/5001 5002/5002/5002
f 5002/5002/5002 5000/5000/5000 4999/4999/4999
f 5001/5001/5001 5003/5003/5003 5004/5004/5004
f 5004/5004/5004 5002/5002/5002 5001/5001/5001
f 5003/5003/5003 5005/5005/5005 5006/5006/5006
f 5006/5006/5006 5004/5004/5004 5003/5003/5003
f 5005/5005/5005 5007/5007/5007 5008/5008/5008
f 5008/5008/5008 5006/5006/5006 5005/5005/5005
f 5007/5007/5007 5009/5009/5009 5010/5010/5010
f 5010/5010/5010 5008/5008/5008 5007/5007/5007
f 5009/5009/5009 5011/5011/5011 5012/5012/5012
f 5012/5012/5012 5010/5010/5010 5009/5009/5009
f 5011/5011/5011 5013/5013/5013 5014/5014/5014
f 5014/5014/5014 5012/5012/5012 5011/5011/5011
f 5013/5013/5013 5015/5015/5015 5016/5016/5016
f 5016/5016/5016 5014/5014/5014 5013/5013/5013
f 4978/4978/4978 5017/5017/5017 5018/5018/5018
f 5018/5018/5018 4961/4961/4961 4978/4978/4978
f 4961/4961/4961 5018/5018/5018 5019/5019/5019
f 5019/5019/5019 4962/4962/4962 4961/4961/4961
f 4962/4962/4962 5019/5019/5019 5020/5020/5020
f 5020/5020/5020 4963/4963/4963 4962/4962/4962
f 4963/4963/4963 5020/5020/5020 5021/5021/5021
f 5021/5021/5021 4964/4964/4964 4963/4963/4963
f 4964/4964/4964 5021/5021/5021 5022/5022/5022
f 5022/5022/5022 4965/4965/4965 4964/4964/4964
f 4965/4965/4965 5022/5022/5022 5023/5023/5023
f 5023/5023/5023 4966/4966/4966 4965/4965/4965
f 4966/4966/4966 5023/5023/5023 5024/5024/5024
f 5024/5024/5024 4967/4967/4967 4966/4966/4966
f 4967/4967/4967 5024/5024/5024 5025/5025/5025
f 5025/5025/5025 4968/4968/4968 4967/4967/4967
f 4968/4968/4968 5025/5025/5025 5026/5026/5026
f 5026/5026/5026 4969/4969/4969 4968/4968/4968
f 4969/4969/4969 5026/5026/5026 5027/5027/5027
f 5027/5027/5027 4970/4970/4970 4969/4969/4969
f 4970/4970/4970 5027/5027/5027 5028/5028/5028
f 5028/5028/5028 4971/4971/4971 4970/4970/4970
f 4971/4971/4971 5028/5028/5028 5029/5029/5029
f 5029/5029/5029 4972/4972/4972 4971/4971/4971
f 4972/4972/4972 5029/5029/5029 5030/5030/5030
f 5030/5030/5030 4973/4973/4973 4972/4972/4972
f 4973/4973/4973 5030/5030/5030 5031/5031/5031
f 5031/5031/5031 4974/4974/4974 4973/4973/4973
f 4974/4974/4974 5031/5031/5031 5032/5032/5032
f 5032/5032/5032 4975/4975/4975 4974/4974/4974
f 4975/4975/4975 5032/5032/5032 5033/5033/5033
f 5033/5033/5033 4976/4976/4976 4975/4975/4975
f 4976/4976/4976 5033/5033/5033 5034/5034/5034
f 5034/5034/5034 4977/4977/4977 4976/4976/4976
f 4977/4977/4977 5034/5034/5034 5017/5017/5017
f 5017/5017/5017 4978/4978/4978 4977/4977/4977
f 5035/5035/5035 5036/5036/5036 5037/5037/5037
f 5037/5037/5037 5038/5038/5038 5035/5035/5035
f 5036/5036/5036 5039/5039/5039 5040/5040/5040
f 5040/5040/5040 5037/5037/5037 5036/5036/5036
f 5039/5039/5039 5041/5041/5041 5042/5042/5042
f 5042/5042/5042 5040/5040/5040 5039/5039/5039
f 5041/5041/5041 5043/5043/5043 5044/5044/5044
f 5044/5044/5044 5042/5042/5042 5041/5041/5041
f 5043/5043/5043 5045/5045/5045 5046/5046/5046
f 5046/5046/5046 5044/5044/5044 5043/5043/5043
f 5045/5045/5045 5047/5047/5047 5048/5048/5048
f 5048/5048/5048 5046/5046/5046 5045/5045/5045
f 5047/5047/5047 5049/5049/5049 5050/5050/5050
f 5050/5050/5050 5048/5048/5048 5047/5047/5047
f 5049/5049/5049 5051/5051/5051 5052/5052/5052
f 5052/5052/5052 5050/5050/5050 5049/5049/5049
f 5051/5051/5051 5053/5053/5053 5054/5054/5054
f 5054/5054/5054 5052/5052/5052 5051/5051/5051
f 5053/5053/5053 5055/5055/5055 5056/5056/5056
f 5056/5056/5056 5054/5054/5054 5053/5053/5053
f 5055/5055/5055 5057/5057/5057 5058/5058/5058
f 5058/5058/5058 5056/5056/5056 5055/5055/5055
f 5057/5057/5057 5059/5059/5059 5060/5060/5060
f 5060/5060/5060 5058/5058/5058 5057/5057/5057
f 5059/5059/5059 5061/5061/5061 5062/5062/5062
f 5062/5062/5062 5060/5060/5060 5059/5059/5059
f 5061/5061/5061 5063/5063/5063 5064/5064/5064
f 5064/5064/5064 5062/5062/5062 5061/5061/5061
f 5063/5063/5063 5065/5065/5065 5066/5066/5066
f 5066/5066/5066 5064/5064/5064 5063/5063/5063
f 5065/5065/5065 5067/5067/5067 5068/5068/5068
f 5068/5068/5068 5066/5066/5066 5065/5065/5065
f 5067/5067/5067 5069/5069/5069 5070/5070/5070
f 5070/5070/5070 5068/5068/5068 5067/5067/5067
f 5069/5069/5069 5071/5071/5071 5072/5072/5072
f 5072/5072/5072 5070/5070/5070 5069/5069/5069
f 5073/5073/5073 5074/5074/5074 5075/5075/5075
f 5076/5076/5076 5077/5077/5077 5078/5078/5078
f 5079/5079/5079 5080/5080/5080 5081/5081/5081
f 5082/5082/5082 5083/5083/5083 5084/5084/5084
f 5085/5085/5085 5086/5086/5086 5087/5087/5087
f 5088/5088/5088 5089/5089/5089 5090/5090/5090
f 5091/5091/5091 5092/5092/5092 5093/5093/5093
f 5094/5094/5094 5095/5095/5095 5096/5096/5096
f 5097/5097/5097 5098/5098/5098 5099/5099/5099
f 5100/5100/5100 5101/5101/5101 5102/5102/5102
f 5103/5103/5103 5104/5104/5104 5105/5105/5105
f 5106/5106/5106 5107/5107/5107 5108/5108/5108
f 5109/5109/5109 5110/5110/5110 5111/5111/5111
f 5112/5112/5112 5113/5113/5113 5114/5114/5114
f 5115/5115/5115 5116/5116/5116 5117/5117/5117
f 5118/5118/5118 5119/5119/5119 5120/5120/5120
f 5121/5121/5121 5122/5122/5122 5123/5123/5123
f 5123/5123/5123 5124/5124/5124 5125/5125/5125
f 5125/5125/5125 5126/5126/5126 5127/5127/5127
f 5123/5123/5123 5125/5125/5125 5127/5127/5127
f 5127/5127/5127 5128/5128/5128 5129/5129/5129
f 5129/5129/5129 5130/5130/5130 5131/5131/5131
f 5127/5127/5127 5129/5129/5129 5131/5131/5131
f 5131/5131/5131 5132/5132/5132 5133/5133/5133
f 5133/5133/5133 5134/5134/5134 5135/5135/5135
f 5131/5131/5131 5133/5133/5133 5135/5135/5135
f 5127/5127/5127 5131/5131/5131 5135/5135/5135
f 5123/5123/5123 5127/5127/5127 5135/5135/5135
f 5135/5135/5135 5136/5136/5136 5137/5137/5137
f 5123/5123/5123 5135/5135/5135 5137/5137/5137
f 5121/5121/5121 5123/5123/5123 5137/5137/5137
f 5138/5138/5138 5121/5121/5121 5137/5137/5137
f 5139/5139/5139 5140/5140/5140 5141/5141/5141
f 5141/5141/5141 5142/5142/5142 5139/5139/5139
f 5140/5140/5140 5143/5143/5143 5144/5144/5144
f 5144/5144/5144 5141/5141/5141 5140/5140/5140
f 5143/5143/5143 5145/5145/5145 5146/5146/5146
f 5146/5146/5146 5144/5144/5144 5143/5143/5143
f 5145/5145/5145 5147/5147/5147 5148/5148/5148
f 5148/5148/5148 5146/5146/5146 5145/5145/5145
f 5147/5147/5147 5149/5149/5149 5150/5150/5150
f 5150/5150/5150 5148/5148/5148 5147/5147/5147
f 5149/5149/5149 5151/5151/5151 5152/5152/5152
f 5152/5152/5152 5150/5150/5150 5149/5149/5149
f 5151/5151/5151 5153/5153/5153 5154/5154/5154
f 5154/5154/5154 5152/5152/5152 5151/5151/5151
f 5153/5153/5153 5155/5155/5155 5156/5156/5156
f 5156/5156/5156 5154/5154/5154 5153/5153/5153
f 5155/5155/5155 5157/5157/5157 5158/5158/5158
f 5158/5158/5158 5156/5156/5156 5155/5155/5155
f 5157/5157/5157 5159/5159/5159 5160/5160/5160
f 5160/5160/5160 5158/5158/5158 5157/5157/5157
f 5159/5159/5159 5161/5161/5161 5162/5162/5162
f 5162/5162/5162 5160/5160/5160 5159/5159/5159
f 5161/5161/5161 5163/5163/5163 5164/5164/5164
f 5164/5164/5164 5162/5162/5162 5161/5161/5161
f 5163/5163/5163 5165/5165/5165 5166/5166/5166
f 5166/5166/5166 5164/5164/5164 5163/5163/5163
f 5165/5165/5165 5167/5167/5167 5168/5168/5168
f 5168/5168/5168 5166/5166/5166 5165/5165/5165
f 5167/5167/5167 5169/5169/5169 5170/5170/5170
f 5170/5170/5170 5168/5168/5168 5167/5167/5167
f 5169/5169/5169 5171/5171/5171 5172/5172/5172
f 5172/5172/5172 5170/5170/5170 5169/5169/5169
f 5171/5171/5171 5173/5173/5173 5174/5174/5174
f 5174/5174/5174 5172/5172/5172 5171/5171/5171
f 5173/5173/5173 5175/5175/5175 5176/5176/5176
f 5176/5176/5176 5174/5174/5174 5173/5173/5173
f 5138/5138/5138 5177/5177/5177 5178/5178/5178
f 5178/5178/5178 5121/5121/5121 5138/5138/5138
f 5121/5121/5121 5178/5178/5178 5179/5179/5179
f 5179/5179/5179 5122/5122/5122 5121/5121/5121
f 5122/5122/5122 5179/5179/5179 5180/5180/5180
f 5180/5180/5180 5123/5123/5123 5122/5122/5122
f 5123/5123/5123 5180/5180/5180 5181/5181/5181
f 5181/5181/5181 5124/5124/5124 5123/5123/5123
f 5124/5124/5124 5181/5181/5181 5182/5182/5182
f 5182/5182/5182 5125/5125/5125 5124/5124/5124
f 5125/5125/5125 5182/5182/5182 5183/5183/5183
f 5183/5183/5183 5126/5126/5126 5125/5125/5125
f 5126/5126/5126 5183/5183/5183 5184/5184/5184
f 5184/5184/5184 5127/5127/5127 5126/5126/5126
f 5127/5127/5127 5184/5184/5184 5185/5185/5185
f 5185/5185/5185 5128/5128/5128 5127/5127/5127
f 5128/5128/5128 5185/5185/5185 5186/5186/5186
f 5186/5186/5186 5129/5129/5129 5128/5128/5128
f 5129/5129/5129 5186/5186/5186 5187/5187/5187
f 5187/5187/5187 5130/5130/5130 5129/5129/5129
f 5130/5130/5130 5187/5187/5187 5188/5188/5188
f 5188/5188/5188 5131/5131/5131 5130/5130/5130
f 5131/5131/5131 5188/5188/5188 5189/5189/5189
f 5189/5189/5189 5132/5132/5132 5131/5131/5131
f 5132/5132/5132 5189/5189/5189 5190/5190/5190
f 5190/5190/5190 5133/5133/5133 5132/5132/5132
f 5133/5133/5133 5190/5190/5190 5191/5191/5191
f 5191/5191/5191 5134/5134/5134 5133/5133/5133
f 5134/5134/5134 5191/5191/5191 5192/5192/5192
f 5192/5192/5192 5135/5135/5135 5134/5134/5134
f 5135/5135/5135 5192/5192/5192 5193/5193/5193
f 5193/5193/5193 5136/5136/5136 5135/5135/5135
f 5136/5136/5136 5193/5193/5193 5194/5194/5194
f 5194/5194/5194 5137/5137/5137 5136/5136/5136
f 5137/5137/5137 5194/5194/5194 5177/5177/5177
f 5177/5177/5177 5138/5138/5138 5137/5137/5137
f 5195/5195/5195 5196/5196/5196 5197/5197/5197
f 5197/5197/5197 5198/5198/5198 5195/5195/5195
f 5196/5196/5196 5199/5199/5199 5200/5200/5200
f 5200/5200/5200 5197/5197/5197 5196/5196/5196
f 5199/5199/5199 5201/5201/5201 5202/5202/5202
f 5202/5202/5202 5200/5200/5200 5199/5199/5199
f 5201/5201/5201 5203/5203/5203 5204/5204/5204
f 5204/5204/5204 5202/5202/5202 5201/5201/5201
f 5203/5203/5203 5205/5205/5205 5206/5206/5206
f 5206/5206/5206 5204/5204/5204 5203/5203/5203
f 5205/5205/5205 5207/5207/5207 5208/5208/5208
f 5208/5208/5208 5206/5206/5206 5205/5205/5205
f 5207/5207/5207 5209/5209/5209 5210/5210/5210
f 5210/5210/5210 5208/5208/5208 5207/5207/5207
f 5209/5209/5209 5211/5211/5211 5212/5212/5212
f 5212/5212/5212 5210/5210/5210 5209/5209/5209
f 5211/5211/5211 5213/5213/5213 5214/5214/5214
f 5214/5214/5214 5212/5212/5212 5211/5211/5211
f 5213/5213/5213 5215/5215/5215 5216/5216/5216
f 5216/5216/5216 5214/5214/5214 5213/5213/5213
f 5215/5215/5215 5217/5217/5217 5218/5218/5218
f 5218/5218/5218 5216/5216/5216 5215/5215/5215
f 5217/5217/5217 5219/5219/5219 5220/5220/5220
f 5220/5220/5220 5218/5218/5218 5217/5217/5217
f 5219/5219/5219 5221/5221/5221 5222/5222/5222
f 5222/5222/5222 5220/5220/5220 5219/5219/5219
f 5221/5221/5221 5223/5223/5223 5224/5224/5224
f 5224/5224/5224 5222/5222/5222 5221/5221/5221
f 5223/5223/5223 5225/5225/5225 5226/5226/5226
f 5226/5226/5226 5224/5224/5224 5223/5223/5223
f 5225/5225/5225 5227/5227/5227 5228/5228/5228
f 5228/5228/5228 5226/5226/5226 5225/5225/5225
f 5227/5227/5227 5229/5229/5229 5230/5230/5230
f 5230/5230/5230 5228/5228/5228 5227/5227/5227
f 5229/5229/5229 5231/5231/5231 5232/5232/5232
f 5232/5232/5232 5230/5230/5230 5229/5229/5229
f 5233/5233/5233 5234/5234/5234 5235/5235/5235
f 5236/5236/5236 5237/5237/5237 5238/5238/5238
f 5238/5238/5238 5239/5239/5239 5240/5240/5240
f 5236/5236/5236 5238/5238/5238 5240/5240/5240
f 5241/5241/5241 5242/5242/5242 5243/5243/5243
f 5244/5244/5244 5245/5245/5245 5246/5246/5246
f 5247/5247/5247 5248/5248/5248 5249/5249/5249
f 5250/5250/5250 5251/5251/5251 5252/5252/5252
f 5252/5252/5252 5253/5253/5253 5254/5254/5254
f 5250/5250/5250 5252/5252/5252 5254/5254/5254
f 5240/5240/5240 5250/5250/5250 5254/5254/5254
f 5236/5236/5236 5240/5240/5240 5254/5254/5254
f 5254/5254/5254 5255/5255/5255 5256/5256/5256
f 5257/5257/5257 5258/5258/5258 5259/5259/5259
f 5260/5260/5260 5236/5236/5236 5256/5256/5256
f 5261/5261/5261 5260/5260/5260 5256/5256/5256
f 5262/5262/5262 5263/5263/5263 5264/5264/5264
f 5264/5264/5264 5265/5265/5265 5266/5266/5266
f 5266/5266/5266 5267/5267/5267 5268/5268/5268
f 5264/5264/5264 5266/5266/5266 5268/5268/5268
f 5268/5268/5268 5269/5269/5269 5270/5270/5270
f 5270/5270/5270 5271/5271/5271 5272/5272/5272
f 5268/5268/5268 5270/5270/5270 5272/5272/5272
f 5272/5272/5272 5273/5273/5273 5274/5274/5274
f 5274/5274/5274 5275/5275/5275 5276/5276/5276
f 5272/5272/5272 5274/5274/5274 5276/5276/5276
f 5268/5268/5268 5272/5272/5272 5276/5276/5276
f 5264/5264/5264 5268/5268/5268 5276/5276/5276
f 5276/5276/5276 5277/5277/5277 5278/5278/5278
f 5264/5264/5264 5276/5276/5276 5278/5278/5278
f 5262/5262/5262 5264/5264/5264 5278/5278/5278
f 5279/5279/5279 5262/5262/5262 5278/5278/5278
f 5280/5280/5280 5281/5281/5281 5282/5282/5282
f 5282/5282/5282 5283/5283/5283 5280/5280/5280
f 5281/5281/5281 5284/5284/5284 5285/5285/5285
f 5285/5285/5285 5282/5282/5282 5281/5281/5281
f 5284/5284/5284 5286/5286/5286 5287/5287/5287
f 5287/5287/5287 5285/5285/5285 5284/5284/5284
f 5286/5286/5286 5288/5288/5288 5289/5289/5289
f 5289/5289/5289 5287/5287/5287 5286/5286/5286
f 5288/5288/5288 5290/5290/5290 5291/5291/5291
f 5291/5291/5291 5289/5289/5289 5288/5288/5288
f 5290/5290/5290 5292/5292/5292 5293/5293/5293
f 5293/5293/5293 5291/5291/5291 5290/5290/5290
f 5292/5292/5292 5294/5294/5294 5295/5295/5295
f 5295/5295/5295 5293/5293/5293 5292/5292/5292
f 5294/5294/5294 5296/5296/5296 5297/5297/5297
f 5297/5297/5297 5295/5295/5295 5294/5294/5294
f 5296/5296/5296 5298/5298/5298 5299/5299/5299
f 5299/5299/5299 5297/5297/5297 5296/5296/5296
f 5298/5298/5298 5300/5300/5300 5301/5301/5301
f 5301/5301/5301 5299/5299/5299 5298/5298/5298
f 5300/5300/5300 5302/5302/5302 5303/5303/5303
f 5303/5303/5303 5301/5301/5301 5300/5300/5300
f 5302/5302/5302 5304/5304/5304 5305/5305/5305
f 5305/5305/5305 5303/5303/5303 5302/5302/5302
f 5304/5304/5304 5306/5306/5306 5307/5307/5307
f 5307/5307/5307 5305/5305/5305 5304/5304/5304
f 5306/5306/5306 5308/5308/5308 5309/5309/5309
f 5309/5309/5309 5307/5307/5307 5306/5306/5306
f 5308/5308/5308 5310/5310/5310 5311/5311/5311
f 5311/5311/5311 5309/5309/5309 5308/5308/5308
f 5310/5310/5310 5312/5312/5312 5313/5313/5313
f 5313/5313/5313 5311/5311/5311 5310/5310/5310
f 5312/5312/5312 5314/5314/5314 5315/5315/5315
f 5315/5315/5315 5313/5313/5313 5312/5312/5312
f 5314/5314/5314 5316/5316/5316 5317/5317/5317
f 5317/5317/5317 5315/5315/5315 5314/5314/5314
f 5279/5279/5279 5318/5318/5318 5319/5319/5319
f 5319/5319/5319 5262/5262/5262 5279/5279/5279
f 5262/5262/5262 5319/5319/5319 5320/5320/5320
f 5320/5320/5320 5263/5263/5263 5262/5262/5262
f 5263/5263/5263 5320/5320/5320 5321/5321/5321
f 5321/5321/5321 5264/5264/5264 5263/5263/5263
f 5264/5264/5264 5321/5321/5321 5322/5322/5322
f 5322/5322/5322 5265/5265/5265 5264/5264/5264
f 5265/5265/5265 5322/5322/5322 5323/5323/5323
f 5323/5323/5323 5266/5266/5266 5265/5265/5265
f 5266/5266/5266 5323/5323/5323 5324/5324/5324
f 5324/5324/5324 5267/5267/5267 5266/5266/5266
f 5267/5267/5267 5324/5324/5324 5325/5325/5325
f 5325/5325/5325 5268/5268/5268 5267/5267/5267
f 5268/5268/5268 5325/5325/5325 5326/5326/5326
f 5326/5326/5326 5269/5269/5269 5268/5268/5268
f 5269/5269/5269 5326/5326/5326 5327/5327/5327
f 5327/5327/5327 5270/5270/5270 5269/5269/5269
f 5270/5270/5270 5327/5327/5327 5328/5328/5328
f 5328/5328/5328 5271/5271/5271 5270/5270/5270
f 5271/5271/5271 5328/5328/5328 5329/5329/5329
f 5329/5329/5329 5272/5272/5272 5271/5271/5271
f 5272/5272/5272 5329/5329/5329 5330/5330/5330
f 5330/5330/5330 5273/5273/5273 5272/5272/5272
f 5273/5273/5273 5330/5330/5330 5331/5331/5331
f 5331/5331/5331 5274/5274/5274 5273/5273/5273
f 5274/5274/5274 5331/5331/5331 5332/5332/5332
f 5332/5332/5332 5275/5275/5275 5274/5274/5274
f 5275/5275/5275 5332/5332/5332 5333/5333/5333
f 5333/5333/5333 5276/5276/5276 5275/5275/5275
f 5276/5276/5276 5333/5333/5333 5334/5334/5334
f 5334/5334/5334 5277/5277/5277 5276/5276/5276
f 5277/5277/5277 5334/5334/5334 5335/5335/5335
f 5335/5335/5335 5278/5278/5278 5277/5277/5277
f 5278/5278/5278 5335/5335/5335 5318/5318/5318
f 5318/5318/5318 5279/5279/5279 5278/5278/5278
g Safe_Lock
usemtl safe
v 0.31768572 0.82249343 0.25870991
v 0.32832676 0.83142239 0.25870991
v 0.34137994 0.83617330 0.25870991
v 0.35527092 0.83617330 0.25870991
v 0.36832410 0.83142227 0.25870991
v 0.37896514 0.82249337 0.25870991
v 0.38591063 0.81046349 0.25870991
v 0.38832277 0.79678363 0.25870991
v 0.38591063 0.78310370 0.25870991
v 0.37896514 0.77107382 0.25870991
v 0.36832410 0.76214492 0.25870997
v 0.35527092 0.75739396 0.25870997
v 0.34137994 0.75739396 0.25870991
v 0.32832676 0.76214492 0.25870997
v 0.31768572 0.77107382 0.25870991
v 0.31074023 0.78310370 0.25870991
v 0.30832809 0.79678363 0.25870991
v 0.31074023 0.81046349 0.25870997
v 0.28553516 0.81963742 0.32399654
v 0.29713833 0.83973467 0.32399654
v 0.29713833 0.83973467 0.30867872
v 0.28553516 0.81963742 0.30867872
v 0.31491536 0.85465145 0.32399654
v 0.31491536 0.85465145 0.30867872
v 0.33672220 0.86258847 0.32399654
v 0.33672220 0.86258847 0.30867872
v 0.35992855 0.86258847 0.32399657
v 0.35992855 0.86258847 0.30867875
v 0.38173532 0.85465145 0.32399657
v 0.38173532 0.85465145 0.30867875
v 0.39951241 0.83973467 0.32399657
v 0.39951241 0.83973467 0.30867875
v 0.41111559 0.81963742 0.32399657
v 0.41111559 0.81963742 0.30867875
v 0.41514534 0.79678363 0.32399657
v 0.41514534 0.79678363 0.30867875
v 0.41111559 0.77392983 0.32399657
v 0.41111559 0.77392983 0.30867875
v 0.39951241 0.75383252 0.32399657
v 0.39951241 0.75383252 0.30867875
v 0.38173532 0.73891580 0.32399657
v 0.38173538 0.73891580 0.30867875
v 0.35992855 0.73097879 0.32399657
v 0.35992861 0.73097879 0.30867878
v 0.33672220 0.73097879 0.32399654
v 0.33672225 0.73097879 0.30867875
v 0.31491536 0.73891580 0.32399654
v 0.31491542 0.73891580 0.30867875
v 0.29713833 0.75383252 0.32399654
v 0.29713833 0.75383252 0.30867875
v 0.28553516 0.77392983 0.32399654
v 0.28553516 0.77392983 0.30867872
v 0.28150541 0.79678363 0.32399654
v 0.28150541 0.79678363 0.30867872
v 0.28553516 0.81963742 0.30867872
v 0.29713833 0.83973467 0.30867872
v 0.30191553 0.83572614 0.30541146
v 0.29139519 0.81750453 0.30541146
v 0.31491536 0.85465145 0.30867872
v 0.31803346 0.84925073 0.30541146
v 0.33672220 0.86258847 0.30867872
v 0.33780515 0.85644698 0.30541146
v 0.35992855 0.86258847 0.30867875
v 0.35884565 0.85644698 0.30541149
v 0.38173532 0.85465145 0.30867875
v 0.37861723 0.84925067 0.30541149
v 0.39951241 0.83973467 0.30867875
v 0.39473522 0.83572614 0.30541149
v 0.41111559 0.81963742 0.30867875
v 0.40525550 0.81750447 0.30541149
v 0.41514534 0.79678363 0.30867875
v 0.40890914 0.79678363 0.30541149
v 0.41111559 0.77392983 0.30867875
v 0.40525550 0.77606273 0.30541149
v 0.39951241 0.75383252 0.30867875
v 0.39473528 0.75784111 0.30541149
v 0.38173538 0.73891580 0.30867875
v 0.37861729 0.74431652 0.30541149
v 0.35992861 0.73097879 0.30867878
v 0.35884571 0.73712021 0.30541149
v 0.33672225 0.73097879 0.30867875
v 0.33780521 0.73712021 0.30541146
v 0.31491542 0.73891580 0.30867875
v 0.31803352 0.74431652 0.30541146
v 0.29713833 0.75383252 0.30867875
v 0.30191559 0.75784111 0.30541146
v 0.28553516 0.77392983 0.30867872
v 0.29139519 0.77606273 0.30541146
v 0.28150541 0.79678363 0.30867872
v 0.28774160 0.79678363 0.30541146
v 0.31214941 0.82713890 0.30249143
v 0.30394894 0.81293535 0.30249143
v 0.32471317 0.83768117 0.30249143
v 0.34012491 0.84329063 0.30249146
v 0.35652584 0.84329063 0.30249146
v 0.37193757 0.83768117 0.30249146
v 0.38450146 0.82713890 0.30249146
v 0.39270180 0.81293529 0.30249146
v 0.39554977 0.79678363 0.30249146
v 0.39270180 0.78063184 0.30249146
v 0.38450152 0.76642829 0.30249146
v 0.37193763 0.75588602 0.30249146
v 0.35652590 0.75027663 0.30249146
v 0.34012496 0.75027663 0.30249146
v 0.32471323 0.75588602 0.30249143
v 0.31214935 0.76642829 0.30249143
v 0.30394894 0.78063190 0.30249143
v 0.30110091 0.79678363 0.30249143
v 0.31620544 0.82373542 0.30166414
v 0.30892444 0.81112444 0.30166414
v 0.32736063 0.83309573 0.30166414
v 0.34104443 0.83807617 0.30166411
v 0.35560644 0.83807617 0.30166417
v 0.36929017 0.83309573 0.30166411
v 0.38044530 0.82373542 0.30166411
v 0.38772625 0.81112438 0.30166417
v 0.39025491 0.79678363 0.30166417
v 0.38772625 0.78244287 0.30166417
v 0.38044536 0.76983178 0.30166417
v 0.36929023 0.76047152 0.30166417
v 0.35560650 0.75549102 0.30166417
v 0.34104449 0.75549102 0.30166417
v 0.32736057 0.76047152 0.30166414
v 0.31620550 0.76983178 0.30166414
v 0.30892444 0.78244287 0.30166414
v 0.30639577 0.79678363 0.30166414
v 0.30971867 0.81083530 0.30055267
v 0.31685293 0.82319212 0.30055267
v 0.31685299 0.82319212 0.25990677
v 0.30971873 0.81083530 0.25990677
v 0.32778323 0.83236367 0.30055267
v 0.32778329 0.83236367 0.25990677
v 0.34119111 0.83724380 0.30055270
v 0.34119117 0.83724380 0.25990677
v 0.35545957 0.83724380 0.30055270
v 0.35545963 0.83724380 0.25990677
v 0.36886752 0.83236367 0.30055270
v 0.36886758 0.83236367 0.25990677
v 0.37979782 0.82319212 0.30055270
v 0.37979788 0.82319212 0.25990677
v 0.38693202 0.81083530 0.30055270
v 0.38693208 0.81083530 0.25990677
v 0.38940966 0.79678363 0.30055270
v 0.38940972 0.79678363 0.25990677
v 0.38693202 0.78273195 0.30055270
v 0.38693208 0.78273195 0.25990677
v 0.37979788 0.77037507 0.30055270
v 0.37979788 0.77037507 0.25990677
v 0.36886758 0.76120353 0.30055270
v 0.36886758 0.76120353 0.25990677
v 0.35545963 0.75632346 0.30055270
v 0.35545963 0.75632346 0.25990677
v 0.34119117 0.75632346 0.30055270
v 0.34119117 0.75632346 0.25990677
v 0.32778329 0.76120353 0.30055267
v 0.32778329 0.76120353 0.25990677
v 0.31685299 0.77037507 0.30055267
v 0.31685299 0.77037507 0.25990677
v 0.30971867 0.78273195 0.30055267
v 0.30971873 0.78273195 0.25990677
v 0.30724108 0.79678363 0.30055267
v 0.30724114 0.79678363 0.25990677
v 0.30971867 0.81083530 0.30055267
v 0.30971873 0.81083530 0.25990677
v 0.31706119 0.82301748 0.25900918
v 0.30997413 0.81074238 0.25900918
v 0.32791913 0.83212841 0.25900918
v 0.34123838 0.83697617 0.25900918
v 0.35541242 0.83697617 0.25900918
v 0.36873168 0.83212841 0.25900918
v 0.37958968 0.82301742 0.25900918
v 0.38667673 0.81074232 0.25900918
v 0.38913798 0.79678363 0.25900918
v 0.38667673 0.78282487 0.25900918
v 0.37958968 0.77054977 0.25900918
v 0.36873168 0.76143885 0.25900918
v 0.35541242 0.75659102 0.25900918
v 0.34123838 0.75659102 0.25900918
v 0.32791913 0.76143885 0.25900918
v 0.31706119 0.77054977 0.25900918
v 0.30997413 0.78282487 0.25900918
v 0.30751288 0.79678363 0.25900918
v 0.31706119 0.82301748 0.25900918
v 0.30997413 0.81074238 0.25900918
v 0.32791913 0.83212841 0.25900918
v 0.34123838 0.83697617 0.25900918
v 0.35541242 0.83697617 0.25900918
v 0.36873168 0.83212841 0.25900918
v 0.37958968 0.82301742 0.25900918
v 0.38667673 0.81074232 0.25900918
v 0.38913798 0.79678363 0.25900918
v 0.38667673 0.78282487 0.25900918
v 0.37958968 0.77054977 0.25900918
v 0.36873168 0.76143885 0.25900918
v 0.35541242 0.75659102 0.25900918
v 0.34123838 0.75659102 0.25900918
v 0.32791913 0.76143885 0.25900918
v 0.31706119 0.77054977 0.25900918
v 0.30997413 0.78282487 0.25900918
v 0.30751288 0.79678363 0.25900918
v 0.30971873 0.81083530 0.25990677
v 0.30997413 0.81074238 0.25900918
v 0.31669110 0.82332796 0.30130926
v 0.30952018 0.81090760 0.30130926
v 0.32767755 0.83254665 0.30130926
v 0.34115446 0.83745193 0.30130929
v 0.35549629 0.83745193 0.30130929
v 0.36897314 0.83254665 0.30130929
v 0.37995970 0.82332790 0.30130929
v 0.38713056 0.81090754 0.30130929
v 0.38962108 0.79678363 0.30130929
v 0.38713056 0.78265965 0.30130929
v 0.37995976 0.77023923 0.30130929
v 0.36897320 0.76102054 0.30130929
v 0.35549635 0.75611538 0.30130929
v 0.34115452 0.75611538 0.30130929
v 0.32767761 0.76102054 0.30130926
v 0.31669110 0.77023923 0.30130926
v 0.30952018 0.78265965 0.30130926
v 0.30702966 0.79678363 0.30130926
v 0.30952018 0.81090760 0.30130926
v 0.31669110 0.82332796 0.30130926
v 0.30952018 0.81090760 0.30130926
v 0.32767755 0.83254665 0.30130926
v 0.34115446 0.83745193 0.30130929
v 0.35549629 0.83745193 0.30130929
v 0.36897314 0.83254665 0.30130929
v 0.37995970 0.82332790 0.30130929
v 0.38713056 0.81090754 0.30130929
v 0.38962108 0.79678363 0.30130929
v 0.38713056 0.78265965 0.30130929
v 0.37995976 0.77023923 0.30130929
v 0.36897320 0.76102054 0.30130929
v 0.35549635 0.75611538 0.30130929
v 0.34115452 0.75611538 0.30130929
v 0.32767761 0.76102054 0.30130926
v 0.31669110 0.77023923 0.30130926
v 0.30952018 0.78265965 0.30130926
v 0.30702966 0.79678363 0.30130926
v 0.26736635 0.79678363 0.31754869
v 0.27224874 0.76909399 0.31754869
v 0.27224874 0.76909399 0.32841530
v 0.26736635 0.79678363 0.32841530
v 0.28630716 0.74474418 0.31754869
v 0.28630716 0.74474418 0.32841530
v 0.30784589 0.72667104 0.31754866
v 0.30784589 0.72667104 0.32841527
v 0.33426702 0.71705455 0.31754866
v 0.33426702 0.71705455 0.32841527
v 0.36238378 0.71705455 0.31754869
v 0.36238378 0.71705455 0.32841530
v 0.38880485 0.72667104 0.31754869
v 0.38880485 0.72667104 0.32841530
v 0.41034353 0.74474418 0.31754872
v 0.41034353 0.74474418 0.32841533
v 0.42440200 0.76909399 0.31754872
v 0.42440200 0.76909399 0.32841533
v 0.42928439 0.79678363 0.31754869
v 0.42928439 0.79678363 0.32841533
v 0.42440200 0.82447320 0.31754869
v 0.42440200 0.82447320 0.32841533
v 0.41034353 0.84882307 0.31754869
v 0.41034353 0.84882307 0.32841533
v 0.38880491 0.86689615 0.31754869
v 0.38880491 0.86689615 0.32841530
v 0.36238378 0.87651271 0.31754869
v 0.36238378 0.87651271 0.32841530
v 0.33426702 0.87651271 0.31754866
v 0.33426702 0.87651271 0.32841530
v 0.30784589 0.86689615 0.31754866
v 0.30784589 0.86689615 0.32841530
v 0.28630716 0.84882313 0.31754866
v 0.28630716 0.84882313 0.32841530
v 0.27224886 0.82447326 0.31754866
v 0.27224886 0.82447326 0.32841530
v 0.27224886 0.82447326 0.31754866
v 0.27224886 0.82447326 0.32841530
v 0.29684746 0.83997875 0.32640642
v 0.31472552 0.85498023 0.32640642
v 0.33665627 0.86296237 0.32640642
v 0.33665627 0.86296237 0.32640642
v 0.35999447 0.86296237 0.32640645
v 0.38192528 0.85498023 0.32640645
v 0.38192528 0.85498023 0.32640645
v 0.39980334 0.83997875 0.32640645
v 0.41147244 0.81976724 0.32640645
v 0.33665627 0.86296237 0.32640642
v 0.38192528 0.85498023 0.32640645
v 0.41147244 0.81976724 0.32640645
v 0.41147244 0.81976724 0.32640645
v 0.41552508 0.79678363 0.32640645
v 0.41147244 0.77379996 0.32640651
v 0.41147244 0.77379996 0.32640651
v 0.39980334 0.75358844 0.32640651
v 0.38192517 0.73858696 0.32640651
v 0.41147244 0.81976724 0.32640645
v 0.41147244 0.77379996 0.32640651
v 0.38192517 0.73858696 0.32640651
v 0.38192517 0.73858696 0.32640651
v 0.35999447 0.73060483 0.32640651
v 0.33665627 0.73060483 0.32640648
v 0.33665627 0.73060483 0.32640648
v 0.31472552 0.73858696 0.32640648
v 0.29684740 0.75358844 0.32640648
v 0.38192517 0.73858696 0.32640651
v 0.33665627 0.73060483 0.32640648
v 0.29684740 0.75358844 0.32640648
v 0.41147244 0.81976724 0.32640645
v 0.38192517 0.73858696 0.32640651
v 0.29684740 0.75358844 0.32640648
v 0.33665627 0.86296237 0.32640642
v 0.41147244 0.81976724 0.32640645
v 0.29684740 0.75358844 0.32640648
v 0.29684740 0.75358844 0.32640648
v 0.28517830 0.77379996 0.32640648
v 0.28112566 0.79678363 0.32640648
v 0.33665627 0.86296237 0.32640642
v 0.29684740 0.75358844 0.32640648
v 0.28112566 0.79678363 0.32640648
v 0.29684746 0.83997875 0.32640642
v 0.33665627 0.86296237 0.32640642
v 0.28112566 0.79678363 0.32640648
v 0.28517830 0.81976736 0.32640642
v 0.29684746 0.83997875 0.32640642
v 0.28112566 0.79678363 0.32640648
v 0.27307099 0.76939327 0.32927701
v 0.28697747 0.74530661 0.32927701
v 0.30828339 0.72742885 0.32927704
v 0.30828339 0.72742885 0.32927704
v 0.33441895 0.71791631 0.32927704
v 0.36223185 0.71791631 0.32927701
v 0.36223185 0.71791631 0.32927701
v 0.38836735 0.72742885 0.32927701
v 0.40967321 0.74530661 0.32927704
v 0.30828339 0.72742885 0.32927704
v 0.36223185 0.71791631 0.32927701
v 0.40967321 0.74530661 0.32927704
v 0.40967321 0.74530661 0.32927704
v 0.42357975 0.76939327 0.32927704
v 0.42840934 0.79678363 0.32927704
v 0.42840934 0.79678363 0.32927704
v 0.42357975 0.82417399 0.32927704
v 0.40967321 0.84826058 0.32927704
v 0.40967321 0.74530661 0.32927704
v 0.40967321 0.84826058 0.32927704
v 0.38836735 0.86613840 0.32927704
v 0.36223185 0.87565100 0.32927704
v 0.36223185 0.87565100 0.32927704
v 0.33441895 0.87565100 0.32927701
v 0.30828339 0.86613846 0.32927701
v 0.40967321 0.84826058 0.32927704
v 0.36223185 0.87565100 0.32927704
v 0.30828339 0.86613846 0.32927701
v 0.40967321 0.74530661 0.32927704
v 0.40967321 0.84826058 0.32927704
v 0.30828339 0.86613846 0.32927701
v 0.30828339 0.72742885 0.32927704
v 0.40967321 0.74530661 0.32927704
v 0.30828339 0.86613846 0.32927701
v 0.30828339 0.86613846 0.32927701
v 0.28697747 0.84826070 0.32927701
v 0.27307099 0.82417399 0.32927701
v 0.30828339 0.72742885 0.32927704
v 0.30828339 0.86613846 0.32927701
v 0.27307099 0.82417399 0.32927701
v 0.27307099 0.76939327 0.32927701
v 0.30828339 0.72742885 0.32927704
v 0.27307099 0.82417399 0.32927701
v 0.26824141 0.79678363 0.32927701
v 0.27307099 0.76939327 0.32927701
v 0.27307099 0.82417399 0.32927701
v 0.27321315 0.76944500 0.31573614
v 0.26839268 0.79678363 0.31573614
v 0.28007108 0.79678363 0.30872962
v 0.28418738 0.77343929 0.30872962
v 0.27321315 0.82412225 0.31573614
v 0.28418738 0.82012802 0.30872962
v 0.28709334 0.84816343 0.31573614
v 0.29603958 0.84065664 0.30872962
v 0.30835909 0.86600745 0.31573609
v 0.31419832 0.85589355 0.30872962
v 0.33444524 0.87550193 0.31573609
v 0.33647317 0.86400098 0.30872962
v 0.36220556 0.87550193 0.31573611
v 0.36017764 0.86400086 0.30872965
v 0.38829178 0.86600733 0.31573611
v 0.38245249 0.85589355 0.30872965
v 0.40955734 0.84816331 0.31573611
v 0.40061116 0.84065658 0.30872965
v 0.42343754 0.82412219 0.31573611
v 0.41246331 0.82012790 0.30872965
v 0.42825806 0.79678363 0.31573617
v 0.41657966 0.79678363 0.30872965
v 0.42343754 0.76944500 0.31573617
v 0.41246331 0.77343929 0.30872965
v 0.40955734 0.74540383 0.31573617
v 0.40061116 0.75291061 0.30872965
v 0.38829178 0.72755980 0.31573614
v 0.38245255 0.73767364 0.30872965
v 0.36220556 0.71806526 0.31573614
v 0.36017770 0.72956628 0.30872965
v 0.33444518 0.71806526 0.31573611
v 0.33647317 0.72956628 0.30872962
v 0.30835897 0.72755980 0.31573611
v 0.31419832 0.73767364 0.30872962
v 0.28709334 0.74540383 0.31573614
v 0.29603958 0.75291061 0.30872962
v 0.27224874 0.76909399 0.32841530
v 0.27307099 0.76939327 0.32927701
v 0.26824141 0.79678363 0.32927701
v 0.26824141 0.79678363 0.32927701
v 0.26736635 0.79678363 0.32841530
v 0.27224874 0.76909399 0.32841530
v 0.28630716 0.74474418 0.32841530
v 0.28697747 0.74530661 0.32927701
v 0.27307099 0.76939327 0.32927701
v 0.27307099 0.76939327 0.32927701
v 0.27224874 0.76909399 0.32841530
v 0.28630716 0.74474418 0.32841530
v 0.30784589 0.72667104 0.32841527
v 0.30828339 0.72742885 0.32927704
v 0.28697747 0.74530661 0.32927701
v 0.28697747 0.74530661 0.32927701
v 0.28630716 0.74474418 0.32841530
v 0.30784589 0.72667104 0.32841527
v 0.33426702 0.71705455 0.32841527
v 0.33441895 0.71791631 0.32927704
v 0.30828339 0.72742885 0.32927704
v 0.30828339 0.72742885 0.32927704
v 0.30784589 0.72667104 0.32841527
v 0.33426702 0.71705455 0.32841527
v 0.36238378 0.71705455 0.32841530
v 0.36223185 0.71791631 0.32927701
v 0.33441895 0.71791631 0.32927704
v 0.33441895 0.71791631 0.32927704
v 0.33426702 0.71705455 0.32841527
v 0.36238378 0.71705455 0.32841530
v 0.38880485 0.72667104 0.32841530
v 0.38836735 0.72742885 0.32927701
v 0.36223185 0.71791631 0.32927701
v 0.36223185 0.71791631 0.32927701
v 0.36238378 0.71705455 0.32841530
v 0.38880485 0.72667104 0.32841530
v 0.41034353 0.74474418 0.32841533
v 0.40967321 0.74530661 0.32927704
v 0.38836735 0.72742885 0.32927701
v 0.38836735 0.72742885 0.32927701
v 0.38880485 0.72667104 0.32841530
v 0.41034353 0.74474418 0.32841533
v 0.42440200 0.76909399 0.32841533
v 0.42357975 0.76939327 0.32927704
v 0.40967321 0.74530661 0.32927704
v 0.40967321 0.74530661 0.32927704
v 0.41034353 0.74474418 0.32841533
v 0.42440200 0.76909399 0.32841533
v 0.42928439 0.79678363 0.32841533
v 0.42840934 0.79678363 0.32927704
v 0.42357975 0.76939327 0.32927704
v 0.42357975 0.76939327 0.32927704
v 0.42440200 0.76909399 0.32841533
v 0.42928439 0.79678363 0.32841533
v 0.42440200 0.82447320 0.32841533
v 0.42357975 0.82417399 0.32927704
v 0.42840934 0.79678363 0.32927704
v 0.42840934 0.79678363 0.32927704
v 0.42928439 0.79678363 0.32841533
v 0.42440200 0.82447320 0.32841533
v 0.41034353 0.84882307 0.32841533
v 0.40967321 0.84826058 0.32927704
v 0.42357975 0.82417399 0.32927704
v 0.42357975 0.82417399 0.32927704
v 0.42440200 0.82447320 0.32841533
v 0.41034353 0.84882307 0.32841533
v 0.38880491 0.86689615 0.32841530
v 0.38836735 0.86613840 0.32927704
v 0.40967321 0.84826058 0.32927704
v 0.40967321 0.84826058 0.32927704
v 0.41034353 0.84882307 0.32841533
v 0.38880491 0.86689615 0.32841530
v 0.36238378 0.87651271 0.32841530
v 0.36223185 0.87565100 0.32927704
v 0.38836735 0.86613840 0.32927704
v 0.38836735 0.86613840 0.32927704
v 0.38880491 0.86689615 0.32841530
v 0.36238378 0.87651271 0.32841530
v 0.33426702 0.87651271 0.32841530
v 0.33441895 0.87565100 0.32927701
v 0.36223185 0.87565100 0.32927704
v 0.36223185 0.87565100 0.32927704
v 0.36238378 0.87651271 0.32841530
v 0.33426702 0.87651271 0.32841530
v 0.30784589 0.86689615 0.32841530
v 0.30828339 0.86613846 0.32927701
v 0.33441895 0.87565100 0.32927701
v 0.33441895 0.87565100 0.32927701
v 0.33426702 0.87651271 0.32841530
v 0.30784589 0.86689615 0.32841530
v 0.28630716 0.84882313 0.32841530
v 0.28697747 0.84826070 0.32927701
v 0.30828339 0.86613846 0.32927701
v 0.30828339 0.86613846 0.32927701
v 0.30784589 0.86689615 0.32841530
v 0.28630716 0.84882313 0.32841530
v 0.27224886 0.82447326 0.32841530
v 0.27307099 0.82417399 0.32927701
v 0.28697747 0.84826070 0.32927701
v 0.28697747 0.84826070 0.32927701
v 0.28630716 0.84882313 0.32841530
v 0.27224886 0.82447326 0.32841530
v 0.26736635 0.79678363 0.32841530
v 0.26824141 0.79678363 0.32927701
v 0.27307099 0.82417399 0.32927701
v 0.27307099 0.82417399 0.32927701
v 0.27224886 0.82447326 0.32841530
v 0.26736635 0.79678363 0.32841530
v 0.26762295 0.79678363 0.31649712
v 0.27248991 0.76918173 0.31649712
v 0.28650367 0.74490905 0.31649712
v 0.30797422 0.72689325 0.31649709
v 0.33431160 0.71730721 0.31649709
v 0.36233926 0.71730721 0.31649712
v 0.38867664 0.72689325 0.31649712
v 0.41014707 0.74490905 0.31649715
v 0.42416084 0.76918173 0.31649715
v 0.42902780 0.79678363 0.31649715
v 0.42416084 0.82438546 0.31649715
v 0.41014707 0.84865814 0.31649715
v 0.38867664 0.86667389 0.31649715
v 0.36233926 0.87626004 0.31649715
v 0.33431160 0.87626004 0.31649712
v 0.30797422 0.86667401 0.31649712
v 0.28650379 0.84865814 0.31649712
v 0.27248991 0.82438552 0.31649712
v 0.26736635 0.79678363 0.31754869
v 0.26762295 0.79678363 0.31649712
v 0.27248991 0.76918173 0.31649712
v 0.27224874 0.76909399 0.31754869
v 0.28650367 0.74490905 0.31649712
v 0.28630716 0.74474418 0.31754869
v 0.30797422 0.72689325 0.31649709
v 0.30784589 0.72667104 0.31754866
v 0.33431160 0.71730721 0.31649709
v 0.33426702 0.71705455 0.31754866
v 0.36233926 0.71730721 0.31649712
v 0.36238378 0.71705455 0.31754869
v 0.38867664 0.72689325 0.31649712
v 0.38880485 0.72667104 0.31754869
v 0.41014707 0.74490905 0.31649715
v 0.41034353 0.74474418 0.31754872
v 0.42416084 0.76918173 0.31649715
v 0.42440200 0.76909399 0.31754872
v 0.42902780 0.79678363 0.31649715
v 0.42928439 0.79678363 0.31754869
v 0.42416084 0.82438546 0.31649715
v 0.42440200 0.82447320 0.31754869
v 0.41014707 0.84865814 0.31649715
v 0.41034353 0.84882307 0.31754869
v 0.38867664 0.86667389 0.31649715
v 0.38880491 0.86689615 0.31754869
v 0.36233926 0.87626004 0.31649715
v 0.36238378 0.87651271 0.31754869
v 0.33431160 0.87626004 0.31649712
v 0.33426702 0.87651271 0.31754866
v 0.30797422 0.86667401 0.31649712
v 0.30784589 0.86689615 0.31754866
v 0.28650379 0.84865814 0.31649712
v 0.28630716 0.84882313 0.31754866
v 0.27248991 0.82438552 0.31649712
v 0.27224886 0.82447326 0.31754866
v 0.27224886 0.82447326 0.31754866
v 0.27248991 0.82438552 0.31649712
v 0.28418738 0.77343929 0.30872962
v 0.28007108 0.79678363 0.30872962
v 0.28112566 0.79678363 0.30931401
v 0.28112566 0.79678363 0.30931401
v 0.28517830 0.77379996 0.30931404
v 0.28418738 0.77343929 0.30872962
v 0.28007108 0.79678363 0.30872962
v 0.28418738 0.82012802 0.30872962
v 0.28517830 0.81976736 0.30931401
v 0.28517830 0.81976736 0.30931401
v 0.28112566 0.79678363 0.30931401
v 0.28007108 0.79678363 0.30872962
v 0.28418738 0.82012802 0.30872962
v 0.29603958 0.84065664 0.30872962
v 0.29684746 0.83997875 0.30931401
v 0.29684746 0.83997875 0.30931401
v 0.28517830 0.81976736 0.30931401
v 0.28418738 0.82012802 0.30872962
v 0.29603958 0.84065664 0.30872962
v 0.31419832 0.85589355 0.30872962
v 0.31472552 0.85498023 0.30931401
v 0.31472552 0.85498023 0.30931401
v 0.29684746 0.83997875 0.30931401
v 0.29603958 0.84065664 0.30872962
v 0.31419832 0.85589355 0.30872962
v 0.33647317 0.86400098 0.30872962
v 0.33665627 0.86296237 0.30931401
v 0.33665627 0.86296237 0.30931401
v 0.31472552 0.85498023 0.30931401
v 0.31419832 0.85589355 0.30872962
v 0.33647317 0.86400098 0.30872962
v 0.36017764 0.86400086 0.30872965
v 0.35999447 0.86296237 0.30931404
v 0.35999447 0.86296237 0.30931404
v 0.33665627 0.86296237 0.30931401
v 0.33647317 0.86400098 0.30872962
v 0.36017764 0.86400086 0.30872965
v 0.38245249 0.85589355 0.30872965
v 0.38192528 0.85498023 0.30931404
v 0.38192528 0.85498023 0.30931404
v 0.35999447 0.86296237 0.30931404
v 0.36017764 0.86400086 0.30872965
v 0.38245249 0.85589355 0.30872965
v 0.40061116 0.84065658 0.30872965
v 0.39980334 0.83997875 0.30931404
v 0.39980334 0.83997875 0.30931404
v 0.38192528 0.85498023 0.30931404
v 0.38245249 0.85589355 0.30872965
v 0.40061116 0.84065658 0.30872965
v 0.41246331 0.82012790 0.30872965
v 0.41147244 0.81976724 0.30931404
v 0.41147244 0.81976724 0.30931404
v 0.39980334 0.83997875 0.30931404
v 0.40061116 0.84065658 0.30872965
v 0.41246331 0.82012790 0.30872965
v 0.41657966 0.79678363 0.30872965
v 0.41552508 0.79678363 0.30931404
v 0.41552508 0.79678363 0.30931404
v 0.41147244 0.81976724 0.30931404
v 0.41246331 0.82012790 0.30872965
v 0.41657966 0.79678363 0.30872965
v 0.41246331 0.77343929 0.30872965
v 0.41147244 0.77379996 0.30931404
v 0.41147244 0.77379996 0.30931404
v 0.41552508 0.79678363 0.30931404
v 0.41657966 0.79678363 0.30872965
v 0.41246331 0.77343929 0.30872965
v 0.40061116 0.75291061 0.30872965
v 0.39980334 0.75358844 0.30931404
v 0.39980334 0.75358844 0.30931404
v 0.41147244 0.77379996 0.30931404
v 0.41246331 0.77343929 0.30872965
v 0.40061116 0.75291061 0.30872965
v 0.38245255 0.73767364 0.30872965
v 0.38192523 0.73858696 0.30931407
v 0.38192523 0.73858696 0.30931407
v 0.39980334 0.75358844 0.30931404
v 0.40061116 0.75291061 0.30872965
v 0.38245255 0.73767364 0.30872965
v 0.36017770 0.72956628 0.30872965
v 0.35999453 0.73060483 0.30931407
v 0.35999453 0.73060483 0.30931407
v 0.38192523 0.73858696 0.30931407
v 0.38245255 0.73767364 0.30872965
v 0.36017770 0.72956628 0.30872965
v 0.33647317 0.72956628 0.30872962
v 0.33665633 0.73060483 0.30931404
v 0.33665633 0.73060483 0.30931404
v 0.35999453 0.73060483 0.30931407
v 0.36017770 0.72956628 0.30872965
v 0.33647317 0.72956628 0.30872962
v 0.31419832 0.73767364 0.30872962
v 0.31472558 0.73858696 0.30931404
v 0.31472558 0.73858696 0.30931404
v 0.33665633 0.73060483 0.30931404
v 0.33647317 0.72956628 0.30872962
v 0.31419832 0.73767364 0.30872962
v 0.29603958 0.75291061 0.30872962
v 0.29684740 0.75358844 0.30931404
v 0.29684740 0.75358844 0.30931404
v 0.31472558 0.73858696 0.30931404
v 0.31419832 0.73767364 0.30872962
v 0.29603958 0.75291061 0.30872962
v 0.28418738 0.77343929 0.30872962
v 0.28517830 0.77379996 0.30931404
v 0.28517830 0.77379996 0.30931404
v 0.29684740 0.75358844 0.30931404
v 0.29603958 0.75291061 0.30872962
v 0.28517830 0.77379996 0.30931404
v 0.28112566 0.79678363 0.30931401
v 0.28112566 0.79678363 0.32640648
v 0.28517830 0.77379996 0.32640648
v 0.28517830 0.81976736 0.30931401
v 0.28517830 0.81976736 0.32640642
v 0.29684746 0.83997875 0.30931401
v 0.29684746 0.83997875 0.32640642
v 0.29684746 0.83997875 0.30931401
v 0.31472552 0.85498023 0.30931401
v 0.31472552 0.85498023 0.32640642
v 0.29684746 0.83997875 0.32640642
v 0.33665627 0.86296237 0.30931401
v 0.33665627 0.86296237 0.32640642
v 0.35999447 0.86296237 0.30931404
v 0.35999447 0.86296237 0.32640645
v 0.38192528 0.85498023 0.30931404
v 0.38192528 0.85498023 0.32640645
v 0.39980334 0.83997875 0.30931404
v 0.39980334 0.83997875 0.32640645
v 0.39980334 0.83997875 0.30931404
v 0.41147244 0.81976724 0.30931404
v 0.41147244 0.81976724 0.32640645
v 0.39980334 0.83997875 0.32640645
v 0.41552508 0.79678363 0.30931404
v 0.41552508 0.79678363 0.32640645
v 0.41147244 0.77379996 0.30931404
v 0.41147244 0.77379996 0.32640651
v 0.39980334 0.75358844 0.30931404
v 0.39980334 0.75358844 0.32640651
v 0.39980334 0.75358844 0.30931404
v 0.38192523 0.73858696 0.30931407
v 0.38192517 0.73858696 0.32640651
v 0.39980334 0.75358844 0.32640651
v 0.35999453 0.73060483 0.30931407
v 0.35999447 0.73060483 0.32640651
v 0.33665633 0.73060483 0.30931404
v 0.33665627 0.73060483 0.32640648
v 0.31472558 0.73858696 0.30931404
v 0.31472552 0.73858696 0.32640648
v 0.29684740 0.75358844 0.30931404
v 0.29684740 0.75358844 0.32640648
v 0.29684740 0.75358844 0.30931404
v 0.29684740 0.75358844 0.32640648
vt 0.31424341 0.97426003
vt 0.32324263 0.98181129
vt 0.33428180 0.98582917
vt 0.34602940 0.98582917
vt 0.35706833 0.98181129
vt 0.36606765 0.97426003
vt 0.37194124 0.96408635
vt 0.37398130 0.95251721
vt 0.37194124 0.94094819
vt 0.36606765 0.93077433
vt 0.35706833 0.92322326
vt 0.34602940 0.91920537
vt 0.33428180 0.91920537
vt 0.32324263 0.92322326
vt 0.31424341 0.93077433
vt 0.30836961 0.94094819
vt 0.30632967 0.95251721
vt 0.30836967 0.96408635
vt 0.14215888 0.93627775
vt 0.13123626 0.95471299
vt 0.13867982 0.96268469
vt 0.15183209 0.94122434
vt 0.11479509 0.96834618
vt 0.11914295 0.97837573
vt 0.09480183 0.97559953
vt 0.09553407 0.98650813
vt 0.07359381 0.97560149
vt 0.07062139 0.98611164
vt 0.05366662 0.96832401
vt 0.04735016 0.97722274
vt 0.03731727 0.95463723
vt 0.02838175 0.96092421
vt 0.02637456 0.93621767
vt 0.01583348 0.93912119
vt 0.02226501 0.91529286
vt 0.01143710 0.91432846
vt 0.02589433 0.89441150
vt 0.01617984 0.88966006
vt 0.03685600 0.87610817
vt 0.02933871 0.86825657
vt 0.05340965 0.86248088
vt 0.04887212 0.85251868
vt 0.07344139 0.85509002
vt 0.07245162 0.84418619
vt 0.09474748 0.85489941
vt 0.09748572 0.84432888
vt 0.11492042 0.86200333
vt 0.12110142 0.85302222
vt 0.13153021 0.87558651
vt 0.14043640 0.86933923
vt 0.14242089 0.89407206
vt 0.15293513 0.89141047
vt 0.14610690 0.91519755
vt 0.15687053 0.91645467
vt 0.97717947 0.83488858
vt 0.95761102 0.80036235
vt 0.94845051 0.80755013
vt 0.96610421 0.83853418
vt 0.92740417 0.77461940
vt 0.92124516 0.78451204
vt 0.89021367 0.76077056
vt 0.88780653 0.77218264
vt 0.85053515 0.76047504
vt 0.85217553 0.77202380
vt 0.81315011 0.77376330
vt 0.81864065 0.78405559
vt 0.78256595 0.79903692
vt 0.79124379 0.80683082
vt 0.76246804 0.83324796
vt 0.77328777 0.83760387
vt 0.75528300 0.87226939
vt 0.76693869 0.87266225
vt 0.76187819 0.91139495
vt 0.77296680 0.90777677
vt 0.78145772 0.94590509
vt 0.79063863 0.93871278
vt 0.81165951 0.97163773
vt 0.81782693 0.96173859
vt 0.84884053 0.98548931
vt 0.85125083 0.97407788
vt 0.88851714 0.98578954
vt 0.88687879 0.97424245
vt 0.92590159 0.97250134
vt 0.92041171 0.96221071
vt 0.95648354 0.94722682
vt 0.94779986 0.93943322
vt 0.97657162 0.91301799
vt 0.96573871 0.90866268
vt 0.98375589 0.87400633
vt 0.97208375 0.87362516
vt 0.93075925 0.82191622
vt 0.94448525 0.84600657
vt 0.90951526 0.80411196
vt 0.88347477 0.79464334
vt 0.85577869 0.79462099
vt 0.82975018 0.80405891
vt 0.80852026 0.82182866
vt 0.79464936 0.84578669
vt 0.78981209 0.87304342
vt 0.79459190 0.90031183
vt 0.80840605 0.92430174
vt 0.82959366 0.94211948
vt 0.85559618 0.95161712
vt 0.88327843 0.95165026
vt 0.90929896 0.94221318
vt 0.93051004 0.92444181
vt 0.94433230 0.90048373
vt 0.94912547 0.87325275
vt 0.92392570 0.82740647
vt 0.93603116 0.84878516
vt 0.90493166 0.81170821
vt 0.88175130 0.80338252
vt 0.85714251 0.80342859
vt 0.83403862 0.81187034
vt 0.81521946 0.82770133
vt 0.80295300 0.84901398
vt 0.79871845 0.87323624
vt 0.80302691 0.89744544
vt 0.81535369 0.91872281
vt 0.83421326 0.93450105
vt 0.85733199 0.94287956
vt 0.88192004 0.94284856
vt 0.90500891 0.93440819
vt 0.92379606 0.91857243
vt 0.93597561 0.89725626
vt 0.94007879 0.87305284
vt 0.15787795 0.80345321
vt 0.16989158 0.80345321
vt 0.16989158 0.83748496
vt 0.15787795 0.83748496
vt 0.18178405 0.80345321
vt 0.18178405 0.83748496
vt 0.19357197 0.80345321
vt 0.19357197 0.83748496
vt 0.20531921 0.80345321
vt 0.20531921 0.83748496
vt 0.21710719 0.80345321
vt 0.21710719 0.83748496
vt 0.22899963 0.80345321
vt 0.22899963 0.83748496
vt 0.24101321 0.80345321
vt 0.24101321 0.83748496
vt 0.25310713 0.80345321
vt 0.25310713 0.83748496
vt 0.26520094 0.80345321
vt 0.26520094 0.83748496
vt 0.27721459 0.80345321
vt 0.27721459 0.83748496
vt 0.28910702 0.80345321
vt 0.28910702 0.83748496
vt 0.30089495 0.80345321
vt 0.30089495 0.83748496
vt 0.31264225 0.80345321
vt 0.31264225 0.83748496
vt 0.32443035 0.80345321
vt 0.32443035 0.83748496
vt 0.33632275 0.80345321
vt 0.33632275 0.83748496
vt 0.34833649 0.80345321
vt 0.34833649 0.83748496
vt 0.36043024 0.80345321
vt 0.36043024 0.83748496
vt 0.37252408 0.80345321
vt 0.37252408 0.83748496
vt 0.31371537 0.97470319
vt 0.30772182 0.96432209
vt 0.32289800 0.98240840
vt 0.33416206 0.98650813
vt 0.34614900 0.98650813
vt 0.35741320 0.98240823
vt 0.36659569 0.97470319
vt 0.37258917 0.96432209
vt 0.37467074 0.95251721
vt 0.37258917 0.94071227
vt 0.36659569 0.93033117
vt 0.35741320 0.92262614
vt 0.34614900 0.91852641
vt 0.33416206 0.91852641
vt 0.32289800 0.92262614
vt 0.31371537 0.93033117
vt 0.30772182 0.94071227
vt 0.30564034 0.95251721
vt 0.16989158 0.83823645
vt 0.15787795 0.83823645
vt 0.18178405 0.83823645
vt 0.19357197 0.83823645
vt 0.20531921 0.83823645
vt 0.21710719 0.83823645
vt 0.22899963 0.83823645
vt 0.24101321 0.83823645
vt 0.25310713 0.83823645
vt 0.26520094 0.83823645
vt 0.27721459 0.83823645
vt 0.28910702 0.83823645
vt 0.30089495 0.83823645
vt 0.31264225 0.83823645
vt 0.32443035 0.83823645
vt 0.33632275 0.83823645
vt 0.34833649 0.83823645
vt 0.36043024 0.83823645
vt 0.37252408 0.83748496
vt 0.37252408 0.83823645
vt 0.16989143 0.80281973
vt 0.15787795 0.80281973
vt 0.18178405 0.80281973
vt 0.19357197 0.80281973
vt 0.20531921 0.80281973
vt 0.21710719 0.80281973
vt 0.22899963 0.80281973
vt 0.24101321 0.80281973
vt 0.25310713 0.80281973
vt 0.26520094 0.80281973
vt 0.27721459 0.80281973
vt 0.28910702 0.80281973
vt 0.30089495 0.80281973
vt 0.31264225 0.80281973
vt 0.32443035 0.80281973
vt 0.33632275 0.80281973
vt 0.34833649 0.80281973
vt 0.36043024 0.80281973
vt 0.37252408 0.80281973
vt 0.92281914 0.82806963
vt 0.93491203 0.84900111
vt 0.90417993 0.81264073
vt 0.88138407 0.80448943
vt 0.85717851 0.80459243
vt 0.83447129 0.81295383
vt 0.81599683 0.82857335
vt 0.80398101 0.84956807
vt 0.79987496 0.87340558
vt 0.80417073 0.89720988
vt 0.81634808 0.91810948
vt 0.83493763 0.93358564
vt 0.85769939 0.94177455
vt 0.88188744 0.94168746
vt 0.90457618 0.93332440
vt 0.92300493 0.91768950
vt 0.93494773 0.89668953
vt 0.93905509 0.87285733
vt 0.54791796 0.79686999
vt 0.52462983 0.79686999
vt 0.52462983 0.78757453
vt 0.54791796 0.78757453
vt 0.50149602 0.79686999
vt 0.50149602 0.78757453
vt 0.47859570 0.79686999
vt 0.47859570 0.78757453
vt 0.45589650 0.79686999
vt 0.45589650 0.78757453
vt 0.43327579 0.79686999
vt 0.43327579 0.78757453
vt 0.41057613 0.79686999
vt 0.41057613 0.78757453
vt 0.38767582 0.79686999
vt 0.38767582 0.78757453
vt 0.36454204 0.79686999
vt 0.36454204 0.78757453
vt 0.34125388 0.79686999
vt 0.34125388 0.78757453
vt 0.31796572 0.79686999
vt 0.31796572 0.78757453
vt 0.29483229 0.79686999
vt 0.29483229 0.78757453
vt 0.27193153 0.79686999
vt 0.27193153 0.78757453
vt 0.24923231 0.79686999
vt 0.24923231 0.78757453
vt 0.22661141 0.79686999
vt 0.22661141 0.78757453
vt 0.20391224 0.79686999
vt 0.20391224 0.78757453
vt 0.18101153 0.79686999
vt 0.18101153 0.78757453
vt 0.15787795 0.79686999
vt 0.15787795 0.78757453
vt 0.57120633 0.79686999
vt 0.57120633 0.78757453
vt 0.06894916 0.93124700
vt 0.07346752 0.93503827
vt 0.07901001 0.93705559
vt 0.07901001 0.93705559
vt 0.08490826 0.93705559
vt 0.09045076 0.93503827
vt 0.09045076 0.93503827
vt 0.09496911 0.93124700
vt 0.09791806 0.92613900
vt 0.07901001 0.93705559
vt 0.09045076 0.93503827
vt 0.09791806 0.92613900
vt 0.09791806 0.92613900
vt 0.09894235 0.92033041
vt 0.09791806 0.91452169
vt 0.09791806 0.91452169
vt 0.09496911 0.90941381
vt 0.09045076 0.90562254
vt 0.09791806 0.92613900
vt 0.09791806 0.91452169
vt 0.09045076 0.90562254
vt 0.09045076 0.90562254
vt 0.08490826 0.90360510
vt 0.07901001 0.90360510
vt 0.07901001 0.90360510
vt 0.07346752 0.90562254
vt 0.06894916 0.90941381
vt 0.09045076 0.90562254
vt 0.07901001 0.90360510
vt 0.06894916 0.90941381
vt 0.09791806 0.92613900
vt 0.09045076 0.90562254
vt 0.06894916 0.90941381
vt 0.07901001 0.93705559
vt 0.09791806 0.92613900
vt 0.06894916 0.90941381
vt 0.06894916 0.90941381
vt 0.06600001 0.91452169
vt 0.06497587 0.92033041
vt 0.07901001 0.93705559
vt 0.06894916 0.90941381
vt 0.06497587 0.92033041
vt 0.06894916 0.93124700
vt 0.07901001 0.93705559
vt 0.06497587 0.92033041
vt 0.06600001 0.92613900
vt 0.06894916 0.93124700
vt 0.06497587 0.92033041
vt 0.29669043 0.90220499
vt 0.28722626 0.88071477
vt 0.27105364 0.86369795
vt 0.27105364 0.86369795
vt 0.25004476 0.85323507
vt 0.22673412 0.85056984
vt 0.22673412 0.85056984
vt 0.20391408 0.85603362
vt 0.18434361 0.86900151
vt 0.27105364 0.86369795
vt 0.22673412 0.85056984
vt 0.18434361 0.86900151
vt 0.18434361 0.86900151
vt 0.17040928 0.88791543
vt 0.16381383 0.91047585
vt 0.16381383 0.91047585
vt 0.16534643 0.93393636
vt 0.17480806 0.95546126
vt 0.18434361 0.86900151
vt 0.17480806 0.95546126
vt 0.19104990 0.97246110
vt 0.21211353 0.98289770
vt 0.21211353 0.98289770
vt 0.23547985 0.98549712
vt 0.25833061 0.97992575
vt 0.17480806 0.95546126
vt 0.21211353 0.98289770
vt 0.25833061 0.97992575
vt 0.18434361 0.86900151
vt 0.17480806 0.95546126
vt 0.25833061 0.97992575
vt 0.27105364 0.86369795
vt 0.18434361 0.86900151
vt 0.25833061 0.97992575
vt 0.25833061 0.97992575
vt 0.27794710 0.96692795
vt 0.29225844 0.94823360
vt 0.27105364 0.86369795
vt 0.25833061 0.97992575
vt 0.29225844 0.94823360
vt 0.29669043 0.90220499
vt 0.27105364 0.86369795
vt 0.29225844 0.94823360
vt 0.29875851 0.92564458
vt 0.29669043 0.90220499
vt 0.29225844 0.94823360
vt 0.14501998 0.79491127
vt 0.15143549 0.77174842
vt 0.14057474 0.77024126
vt 0.13526481 0.78966165
vt 0.14908437 0.74748200
vt 0.13789915 0.75034875
vt 0.13748363 0.72593153
vt 0.12812389 0.73264480
vt 0.11917534 0.70980841
vt 0.11277050 0.71935534
vt 0.09653085 0.70089984
vt 0.09381177 0.71203816
vt 0.07226750 0.70016533
vt 0.07352014 0.71153778
vt 0.04923740 0.70766217
vt 0.05429502 0.71791762
vt 0.03016105 0.72251356
vt 0.03841859 0.73043108
vt 0.01731274 0.74295932
vt 0.02778085 0.74758685
vt 0.01222663 0.76654756
vt 0.02364013 0.76732469
vt 0.01550369 0.79043943
vt 0.02648063 0.78727096
vt 0.02675499 0.81174624
vt 0.03596431 0.80500638
vt 0.04463458 0.82785112
vt 0.05095156 0.81833464
vt 0.06695037 0.83673298
vt 0.06959246 0.82556844
vt 0.09090669 0.83729160
vt 0.08954757 0.82581282
vt 0.11351891 0.82957107
vt 0.10835752 0.81911349
vt 0.13215193 0.81476879
vt 0.12388736 0.80640709
vt 0.29788187 0.90200275
vt 0.29669043 0.90220499
vt 0.29875851 0.92564458
vt 0.29875851 0.92564458
vt 0.29969060 0.92581129
vt 0.29788187 0.90200275
vt 0.28813553 0.88020140
vt 0.28722626 0.88071477
vt 0.29669043 0.90220499
vt 0.29669043 0.90220499
vt 0.29788187 0.90200275
vt 0.28813553 0.88020140
vt 0.27168289 0.86295199
vt 0.27105364 0.86369795
vt 0.28722626 0.88071477
vt 0.28722626 0.88071477
vt 0.28813553 0.88020140
vt 0.27168289 0.86295199
vt 0.25038746 0.85230076
vt 0.25004476 0.85323507
vt 0.27105364 0.86369795
vt 0.27105364 0.86369795
vt 0.27168289 0.86295199
vt 0.25038746 0.85230076
vt 0.22673987 0.84955609
vt 0.22673412 0.85056984
vt 0.25004476 0.85323507
vt 0.25004476 0.85323507
vt 0.25038746 0.85230076
vt 0.22673987 0.84955609
vt 0.20357391 0.85507935
vt 0.20391408 0.85603362
vt 0.22673412 0.85056984
vt 0.22673412 0.85056984
vt 0.22673987 0.84955609
vt 0.20357391 0.85507935
vt 0.18369879 0.86822486
vt 0.18434361 0.86900151
vt 0.20391408 0.85603362
vt 0.20391408 0.85603362
vt 0.20357391 0.85507935
vt 0.18369879 0.86822486
vt 0.16953962 0.88740855
vt 0.17040928 0.88791543
vt 0.18434361 0.86900151
vt 0.18434361 0.86900151
vt 0.18369879 0.86822486
vt 0.16953962 0.88740855
vt 0.16282012 0.91029739
vt 0.16381383 0.91047585
vt 0.17040928 0.88791543
vt 0.17040928 0.88791543
vt 0.16953962 0.88740855
vt 0.16282012 0.91029739
vt 0.16435005 0.93410957
vt 0.16534643 0.93393636
vt 0.16381383 0.91047585
vt 0.16381383 0.91047585
vt 0.16282012 0.91029739
vt 0.16435005 0.93410957
vt 0.17393376 0.95596409
vt 0.17480806 0.95546126
vt 0.16534643 0.93393636
vt 0.16534643 0.93393636
vt 0.16435005 0.93410957
vt 0.17393376 0.95596409
vt 0.19039944 0.97323221
vt 0.19104990 0.97246110
vt 0.17480806 0.95546126
vt 0.17480806 0.95546126
vt 0.17393376 0.95596409
vt 0.19039944 0.97323221
vt 0.21176621 0.98384315
vt 0.21211353 0.98289770
vt 0.19104990 0.97246110
vt 0.19104990 0.97246110
vt 0.19039944 0.97323221
vt 0.21176621 0.98384315
vt 0.23547830 0.98650813
vt 0.23547985 0.98549712
vt 0.21211353 0.98289770
vt 0.21211353 0.98289770
vt 0.21176621 0.98384315
vt 0.23547830 0.98650813
vt 0.25868332 0.98089868
vt 0.25833061 0.97992575
vt 0.23547985 0.98549712
vt 0.23547985 0.98549712
vt 0.23547830 0.98650813
vt 0.25868332 0.98089868
vt 0.27860972 0.96774232
vt 0.27794710 0.96692795
vt 0.25833061 0.97992575
vt 0.25833061 0.97992575
vt 0.25868332 0.98089868
vt 0.27860972 0.96774232
vt 0.29294741 0.94868129
vt 0.29225844 0.94823360
vt 0.27794710 0.96692795
vt 0.27794710 0.96692795
vt 0.27860972 0.96774232
vt 0.29294741 0.94868129
vt 0.29969060 0.92581129
vt 0.29875851 0.92564458
vt 0.29225844 0.94823360
vt 0.29225844 0.94823360
vt 0.29294741 0.94868129
vt 0.29969060 0.92581129
vt 0.15192823 0.77190942
vt 0.14588502 0.79541665
vt 0.13274215 0.81569731
vt 0.11369193 0.83060873
vt 0.09069228 0.83823645
vt 0.06643789 0.83747458
vt 0.04392056 0.82833791
vt 0.02592564 0.81195557
vt 0.01464444 0.79035747
vt 0.01143710 0.76617914
vt 0.01669613 0.74234688
vt 0.02979729 0.72173738
vt 0.04916667 0.70681858
vt 0.07249627 0.69933975
vt 0.09705460 0.70016575
vt 0.11995827 0.70926505
vt 0.13833290 0.72571743
vt 0.14954449 0.74758840
vt 0.57290661 0.78075576
vt 0.57290661 0.78162491
vt 0.54812634 0.78162491
vt 0.54812634 0.78075576
vt 0.52351069 0.78162491
vt 0.52351069 0.78075576
vt 0.49914300 0.78162491
vt 0.49914300 0.78075576
vt 0.47498927 0.78162491
vt 0.47498927 0.78075576
vt 0.45091924 0.78162491
vt 0.45091924 0.78075576
vt 0.42676580 0.78162491
vt 0.42676580 0.78075576
vt 0.40239817 0.78162491
vt 0.40239817 0.78075576
vt 0.37778229 0.78162491
vt 0.37778229 0.78075576
vt 0.35300207 0.78162491
vt 0.35300207 0.78075576
vt 0.32822213 0.78162491
vt 0.32822213 0.78075576
vt 0.30360621 0.78162491
vt 0.30360621 0.78075576
vt 0.27923861 0.78162491
vt 0.27923861 0.78075576
vt 0.25508502 0.78162491
vt 0.25508502 0.78075576
vt 0.23101513 0.78162491
vt 0.23101513 0.78075576
vt 0.20686151 0.78162491
vt 0.20686151 0.78075576
vt 0.18249373 0.78162491
vt 0.18249373 0.78075576
vt 0.15787795 0.78162491
vt 0.15787795 0.78075576
vt 0.59768701 0.78075576
vt 0.59768701 0.78162491
vt 0.13526481 0.78966165
vt 0.14057474 0.77024126
vt 0.13951313 0.76991749
vt 0.13951313 0.76991749
vt 0.13478319 0.78917754
vt 0.13526481 0.78966165
vt 0.14057474 0.77024126
vt 0.13789915 0.75034875
vt 0.13674448 0.75035810
vt 0.13674448 0.75035810
vt 0.13951313 0.76991749
vt 0.14057474 0.77024126
vt 0.13789915 0.75034875
vt 0.12812389 0.73264480
vt 0.12709802 0.73303938
vt 0.12709802 0.73303938
vt 0.13674448 0.75035810
vt 0.13789915 0.75034875
vt 0.12812389 0.73264480
vt 0.11277050 0.71935534
vt 0.11200707 0.72005773
vt 0.11200707 0.72005773
vt 0.12709802 0.73303938
vt 0.12812389 0.73264480
vt 0.11277050 0.71935534
vt 0.09381177 0.71203816
vt 0.09337601 0.71292973
vt 0.09337601 0.71292973
vt 0.11200707 0.72005773
vt 0.11277050 0.71935534
vt 0.09381177 0.71203816
vt 0.07352014 0.71153778
vt 0.07343325 0.71250057
vt 0.07343325 0.71250057
vt 0.09337601 0.71292973
vt 0.09381177 0.71203816
vt 0.07352014 0.71153778
vt 0.05429502 0.71791762
vt 0.05454919 0.71884310
vt 0.05454919 0.71884310
vt 0.07343325 0.71250057
vt 0.07352014 0.71153778
vt 0.05429502 0.71791762
vt 0.03841859 0.73043108
vt 0.03897810 0.73121560
vt 0.03897810 0.73121560
vt 0.05454919 0.71884310
vt 0.05429502 0.71791762
vt 0.03841859 0.73043108
vt 0.02778085 0.74758685
vt 0.02857471 0.74813557
vt 0.02857471 0.74813557
vt 0.03897810 0.73121560
vt 0.03841859 0.73043108
vt 0.02778085 0.74758685
vt 0.02364013 0.76732469
vt 0.02456339 0.76757276
vt 0.02456339 0.76757276
vt 0.02857471 0.74813557
vt 0.02778085 0.74758685
vt 0.02364013 0.76732469
vt 0.02648063 0.78727096
vt 0.02741471 0.78719813
vt 0.02741471 0.78719813
vt 0.02456339 0.76757276
vt 0.02364013 0.76732469
vt 0.02648063 0.78727096
vt 0.03596431 0.80500638
vt 0.03680546 0.80462861
vt 0.03680546 0.80462861
vt 0.02741471 0.78719813
vt 0.02648063 0.78727096
vt 0.03596431 0.80500638
vt 0.05095156 0.81833464
vt 0.05161983 0.81767595
vt 0.05161983 0.81767595
vt 0.03680546 0.80462861
vt 0.03596431 0.80500638
vt 0.05095156 0.81833464
vt 0.06959246 0.82556844
vt 0.07000726 0.82465196
vt 0.07000726 0.82465196
vt 0.05161983 0.81767595
vt 0.05095156 0.81833464
vt 0.06959246 0.82556844
vt 0.08954757 0.82581282
vt 0.08962767 0.82471848
vt 0.08962767 0.82471848
vt 0.07000726 0.82465196
vt 0.06959246 0.82556844
vt 0.08954757 0.82581282
vt 0.10835752 0.81911349
vt 0.10813862 0.81808090
vt 0.10813862 0.81808090
vt 0.08962767 0.82471848
vt 0.08954757 0.82581282
vt 0.10835752 0.81911349
vt 0.12388736 0.80640709
vt 0.12368441 0.80577588
vt 0.12368441 0.80577588
vt 0.10813862 0.81808090
vt 0.10835752 0.81911349
vt 0.12388736 0.80640709
vt 0.13526481 0.78966165
vt 0.13478319 0.78917754
vt 0.13478319 0.78917754
vt 0.12368441 0.80577588
vt 0.12388736 0.80640709
vt 0.09728138 0.90242743
vt 0.10308994 0.90242743
vt 0.10308994 0.89819729
vt 0.09728138 0.89819729
vt 0.10889865 0.90242743
vt 0.10889865 0.89819729
vt 0.11400656 0.90242743
vt 0.11400656 0.89819729
vt 0.06497587 0.89701951
vt 0.06949423 0.89701951
vt 0.06949423 0.89278936
vt 0.06497587 0.89278936
vt 0.07503672 0.89701951
vt 0.07503672 0.89278936
vt 0.08093497 0.89701951
vt 0.08093497 0.89278936
vt 0.08647747 0.89701951
vt 0.08647747 0.89278936
vt 0.09099567 0.89701951
vt 0.09099567 0.89278936
vt 0.09217337 0.89701951
vt 0.09728138 0.89701951
vt 0.09728138 0.89278936
vt 0.09217337 0.89278936
vt 0.10308994 0.89701951
vt 0.10308994 0.89278936
vt 0.10889865 0.89701951
vt 0.10889865 0.89278936
vt 0.11400656 0.89701951
vt 0.11400656 0.89278936
vt 0.06497587 0.90242743
vt 0.06949423 0.90242743
vt 0.06949423 0.89819729
vt 0.06497587 0.89819729
vt 0.07503672 0.90242743
vt 0.07503672 0.89819729
vt 0.08093497 0.90242743
vt 0.08093497 0.89819729
vt 0.08647747 0.90242743
vt 0.08647747 0.89819729
vt 0.09099567 0.90242743
vt 0.09099567 0.89819729
vt 0.09217337 0.90242743
vt 0.09217337 0.89819729
vn -0.14839157 0.12451480 -0.98105866
vn -0.09685892 0.16776271 -0.98105758
vn -0.03363952 0.19079205 -0.98105389
vn 0.03364026 0.19076742 -0.98105872
vn 0.09685622 0.16774766 -0.98106045
vn 0.14839444 0.12452411 -0.98105699
vn 0.18203221 0.06625456 -0.98105788
vn 0.19373116 -0.00000117 -0.98105466
vn 0.18202955 -0.06625751 -0.98105824
vn 0.14839052 -0.12450940 -0.98105943
vn 0.09684358 -0.16773589 -0.98106372
vn 0.03363563 -0.19073910 -0.98106438
vn -0.03363610 -0.19075778 -0.98106068
vn -0.09684125 -0.16773587 -0.98106390
vn -0.14839225 -0.12452213 -0.98105758
vn -0.18203485 -0.06625661 -0.98105729
vn -0.19373477 0.00000101 -0.98105401
vn -0.18200229 0.06623915 -0.98106450
vn -0.93969208 0.34202164 -0.00000000
vn -0.76604390 0.64278823 -0.00000000
vn -0.76604533 0.64278656 -0.00000000
vn -0.93969280 0.34201989 -0.00000000
vn -0.50000036 0.86602521 -0.00000000
vn -0.50000215 0.86602420 -0.00000000
vn -0.17364782 0.98480785 -0.00000000
vn -0.17364989 0.98480743 -0.00000000
vn 0.17365032 0.98480743 -0.00000000
vn 0.17364825 0.98480779 -0.00000000
vn 0.50000221 0.86602414 -0.00000000
vn 0.50000083 0.86602503 -0.00000000
vn 0.76604480 0.64278716 -0.00000000
vn 0.76604360 0.64278865 -0.00000000
vn 0.93969280 0.34201989 -0.00000000
vn 0.93969208 0.34202164 -0.00000000
vn 1.00000000 -0.00000040 -0.00000000
vn 1.00000000 0.00000155 -0.00000000
vn 0.93969214 -0.34202155 -0.00000000
vn 0.93969268 -0.34201995 -0.00000000
vn 0.76604450 -0.64278769 0.00000049
vn 0.76604646 -0.64278525 -0.00000000
vn 0.49999619 -0.86602759 0.00000200
vn 0.49999899 -0.86602604 0.00000150
vn 0.17364751 -0.98480785 0.00000067
vn 0.17364724 -0.98480791 0.00000067
vn -0.17364679 -0.98480809 -0.00000067
vn -0.17364663 -0.98480803 -0.00000067
vn -0.50000000 -0.86602539 -0.00000150
vn -0.49999765 -0.86602676 -0.00000200
vn -0.76604640 -0.64278531 -0.00000000
vn -0.76604527 -0.64278662 -0.00000049
vn -0.93969268 -0.34201995 -0.00000000
vn -0.93969232 -0.34202111 -0.00000000
vn -1.00000000 0.00000155 -0.00000000
vn -1.00000000 -0.00000040 -0.00000000
vn -0.43609938 0.15872407 -0.88579005
vn -0.35551119 0.29830542 -0.88579100
vn -0.27179131 0.22806124 -0.93494254
vn -0.33340251 0.12134831 -0.93494248
vn -0.23204409 0.40190461 -0.88579243
vn -0.17739889 0.30726448 -0.93494296
vn -0.08058830 0.45703045 -0.88579261
vn -0.06160774 0.34940711 -0.93494338
vn 0.08058285 0.45703235 -0.88579220
vn 0.06161005 0.34940693 -0.93494332
vn 0.23203725 0.40190858 -0.88579243
vn 0.17739859 0.30726287 -0.93494350
vn 0.35550565 0.29831135 -0.88579118
vn 0.27179158 0.22806060 -0.93494260
vn 0.43609354 0.15872929 -0.88579196
vn 0.33340138 0.12134765 -0.93494290
vn 0.46408293 0.00000349 -0.88579178
vn 0.35479870 -0.00000058 -0.93494272
vn 0.43609697 -0.15872182 -0.88579172
vn 0.33340245 -0.12134711 -0.93494260
vn 0.35550955 -0.29830626 -0.88579136
vn 0.27179193 -0.22806078 -0.93494248
vn 0.23204365 -0.40190455 -0.88579267
vn 0.17739862 -0.30726197 -0.93494374
vn 0.08059141 -0.45703948 -0.88578779
vn 0.06161061 -0.34941143 -0.93494159
vn -0.08058591 -0.45703611 -0.88578999
vn -0.06161039 -0.34940869 -0.93494260
vn -0.23203979 -0.40191239 -0.88578999
vn -0.17740040 -0.30726615 -0.93494207
vn -0.35550597 -0.29831037 -0.88579142
vn -0.27179107 -0.22806045 -0.93494284
vn -0.43609780 -0.15873097 -0.88578963
vn -0.33340374 -0.12134964 -0.93494177
vn -0.46408251 -0.00000303 -0.88579208
vn -0.35479790 -0.00000032 -0.93494308
vn -0.14345114 0.12037084 -0.98230982
vn -0.17596903 0.06404589 -0.98231012
vn -0.09363209 0.16217479 -0.98230970
vn -0.03251745 0.18441881 -0.98230970
vn 0.03251724 0.18441541 -0.98231041
vn 0.09363282 0.16217929 -0.98230898
vn 0.14345445 0.12037294 -0.98230916
vn 0.17596871 0.06404772 -0.98231000
vn 0.18726167 -0.00000017 -0.98231006
vn 0.17596863 -0.06404648 -0.98231012
vn 0.14345135 -0.12036982 -0.98230988
vn 0.09363114 -0.16217157 -0.98231041
vn 0.03251842 -0.18441604 -0.98231024
vn -0.03251632 -0.18441287 -0.98231089
vn -0.09363014 -0.16217324 -0.98231024
vn -0.14345123 -0.12037145 -0.98230976
vn -0.17596830 -0.06404828 -0.98231000
vn -0.18726237 -0.00000129 -0.98231000
vn -0.23656467 0.19850677 -0.95112157
vn -0.29017729 0.10561634 -0.95112687
vn -0.15440218 0.26742384 -0.95112801
vn -0.05362068 0.30410719 -0.95112759
vn 0.05362709 0.30414644 -0.95111459
vn 0.15438311 0.26739308 -0.95113975
vn 0.23653784 0.19847471 -0.95113498
vn 0.29019344 0.10562498 -0.95112097
vn 0.30883634 -0.00000210 -0.95111525
vn 0.29019493 -0.10562302 -0.95112073
vn 0.23656857 -0.19850101 -0.95112187
vn 0.15439914 -0.26743251 -0.95112610
vn 0.05362226 -0.30411440 -0.95112514
vn -0.05361878 -0.30411574 -0.95112497
vn -0.15439999 -0.26742253 -0.95112872
vn -0.23657596 -0.19851218 -0.95111769
vn -0.29018101 -0.10561290 -0.95112616
vn -0.30882773 -0.00000067 -0.95111799
vn -0.93073076 0.33879709 -0.13768390
vn -0.75873393 0.63665557 -0.13781388
vn -0.75803876 0.63607520 -0.14417216
vn -0.92984247 0.33849156 -0.14427905
vn -0.49521178 0.85777187 -0.13781428
vn -0.49477953 0.85698366 -0.14412560
vn -0.17199948 0.97540635 -0.13783602
vn -0.17183021 0.97451901 -0.14417723
vn 0.17198409 0.97540712 -0.13784939
vn 0.17183563 0.97451794 -0.14417829
vn 0.49523082 0.85776353 -0.13779785
vn 0.49478516 0.85697728 -0.14414428
vn 0.75872892 0.63666636 -0.13779092
vn 0.75803721 0.63607240 -0.14419246
vn 0.93073303 0.33874995 -0.13778417
vn 0.92987615 0.33844486 -0.14417158
vn 0.99044859 -0.00000214 -0.13788305
vn 0.98955274 -0.00000431 -0.14417152
vn 0.93072718 -0.33875066 -0.13782220
vn 0.92987299 -0.33844700 -0.14418678
vn 0.75873405 -0.63665324 -0.13782321
vn 0.75803906 -0.63607323 -0.14417948
vn 0.49522904 -0.85776490 -0.13779527
vn 0.49477443 -0.85697758 -0.14417924
vn 0.17199600 -0.97540963 -0.13781658
vn 0.17183183 -0.97452313 -0.14414750
vn -0.17198846 -0.97541332 -0.13779981
vn -0.17184184 -0.97452044 -0.14415373
vn -0.49522278 -0.85776442 -0.13782103
vn -0.49477294 -0.85698336 -0.14415012
vn -0.75873369 -0.63665169 -0.13783249
vn -0.75804156 -0.63606882 -0.14418598
vn -0.93072861 -0.33876219 -0.13778381
vn -0.92987680 -0.33843943 -0.14418057
vn -0.99044836 -0.00000297 -0.13788454
vn -0.98955494 0.00000547 -0.14415605
vn -0.93072855 0.33874589 -0.13782503
vn -0.92989922 0.33838913 -0.14415392
vn -0.26397014 0.22149837 -0.93875355
vn -0.32375377 0.11783583 -0.93877488
vn -0.17230496 0.29844293 -0.93874532
vn -0.05983841 0.33939558 -0.93873852
vn 0.05983976 0.33936507 -0.93874949
vn 0.17229104 0.29841077 -0.93875813
vn 0.26398501 0.22151570 -0.93874538
vn 0.32381472 0.11785804 -0.93875104
vn 0.34463426 -0.00000403 -0.93873698
vn 0.32381448 -0.11786696 -0.93875003
vn 0.26398602 -0.22150163 -0.93874830
vn 0.17226787 -0.29838613 -0.93877023
vn 0.05982409 -0.33931002 -0.93877041
vn -0.05983635 -0.33933786 -0.93875951
vn -0.17226501 -0.29838103 -0.93877238
vn -0.26397872 -0.22151184 -0.93874806
vn -0.32382804 -0.11786013 -0.93874615
vn -0.34463388 0.00000396 -0.93873727
vn -0.73317432 0.61521882 -0.28976068
vn -0.89930499 0.32736376 -0.28997183
vn -0.47856665 0.82889372 -0.28967091
vn -0.16618836 0.94255567 -0.28977612
vn 0.16619332 0.94255531 -0.28977454
vn 0.47855431 0.82888776 -0.28970832
vn 0.73316514 0.61520851 -0.28980568
vn 0.89938176 0.32733727 -0.28976339
vn 0.95709813 -0.00000457 -0.28976420
vn 0.89936846 -0.32734731 -0.28979319
vn 0.73317337 -0.61521137 -0.28977880
vn 0.47854260 -0.82887048 -0.28977728
vn 0.16619480 -0.94257367 -0.28971398
vn -0.16620371 -0.94256818 -0.28972679
vn -0.47854915 -0.82888615 -0.28972137
vn -0.73317647 -0.61520088 -0.28979319
vn -0.89937347 -0.32734451 -0.28978080
vn -0.95710742 0.00000684 -0.28973320
vn -0.92988688 0.33840293 -0.14420089
vn -0.89939797 0.32726747 -0.28979191
vn -0.73780602 0.61910456 -0.26898283
vn -0.90510482 0.32950068 -0.26872778
vn -0.48154357 0.83412397 -0.26898524
vn -0.16724589 0.94850093 -0.26902574
vn 0.16723846 0.94849414 -0.26905417
vn 0.48157519 0.83411449 -0.26895785
vn 0.73781383 0.61911237 -0.26894361
vn 0.90518516 0.32948136 -0.26848084
vn 0.96310759 -0.00000651 -0.26911697
vn 0.90505266 -0.32941705 -0.26900604
vn 0.73780543 -0.61909533 -0.26900589
vn 0.48156804 -0.83412057 -0.26895195
vn 0.16725971 -0.94850838 -0.26899108
vn -0.16723843 -0.94852108 -0.26895937
vn -0.48157135 -0.83410305 -0.26900038
vn -0.73780894 -0.61908305 -0.26902437
vn -0.90506744 -0.32944027 -0.26892763
vn -0.96310759 -0.00000334 -0.26911700
vn -0.90505642 0.32941660 -0.26899397
vn -0.37419191 0.31400087 -0.87257314
vn -0.45899355 0.16706295 -0.87259090
vn -0.24424167 0.42299035 -0.87259680
vn -0.08482438 0.48101795 -0.87259758
vn 0.08481491 0.48111314 -0.87254614
vn 0.24418116 0.42292824 -0.87264389
vn 0.37413719 0.31392458 -0.87262404
vn 0.45902866 0.16707836 -0.87256956
vn 0.48852506 -0.00000342 -0.87254983
vn 0.45902854 -0.16707644 -0.87256998
vn 0.37420544 -0.31398386 -0.87257349
vn 0.24421720 -0.42302310 -0.87258774
vn 0.08481008 -0.48104423 -0.87258446
vn -0.08481867 -0.48105082 -0.87258005
vn -0.24421848 -0.42300734 -0.87259507
vn -0.37421820 -0.31401095 -0.87255824
vn -0.45899969 -0.16706339 -0.87258762
vn -0.48820478 0.00003144 -0.87272912
vn -0.99303460 0.00000075 -0.11782292
vn -0.93314707 -0.33963862 -0.11782295
vn -0.93969131 -0.34202373 -0.00000000
vn -1.00000000 -0.00000265 -0.00000000
vn -0.76069838 -0.63833213 -0.11777133
vn -0.76603973 -0.64279330 -0.00000000
vn -0.49650845 -0.85999835 -0.11782292
vn -0.49999622 -0.86602765 -0.00000000
vn -0.17245887 -0.97794467 -0.11782290
vn -0.17364421 -0.98480844 -0.00000000
vn 0.17244028 -0.97794789 -0.11782287
vn 0.17365408 -0.98480672 -0.00000000
vn 0.49651960 -0.85999894 -0.11777145
vn 0.50000310 -0.86602372 -0.00000000
vn 0.76072598 -0.63829935 -0.11777131
vn 0.76604635 -0.64278537 -0.00000000
vn 0.93313980 -0.33965838 -0.11782297
vn 0.93969411 -0.34201613 -0.00000000
vn 0.99303466 0.00000133 -0.11782280
vn 1.00000000 0.00000479 -0.00000000
vn 0.93315363 0.33962038 -0.11782295
vn 0.93969083 0.34202504 -0.00000000
vn 0.76071227 0.63831568 -0.11777132
vn 0.76604110 0.64279163 -0.00000000
vn 0.49651751 0.85999322 -0.11782287
vn 0.49999791 0.86602664 -0.00000000
vn 0.17243655 0.97794861 -0.11782289
vn 0.17364332 0.98480856 -0.00000000
vn -0.17241865 0.97795171 -0.11782294
vn -0.17365055 0.98480737 -0.00000000
vn -0.49651971 0.85999191 -0.11782271
vn -0.50000525 0.86602247 -0.00000000
vn -0.76070851 0.63831061 -0.11782309
vn -0.76604694 0.64278477 -0.00000000
vn -0.93314117 0.33966514 -0.11779256
vn -0.93968099 0.34205210 -0.00000829
vn -0.93316358 0.33959529 -0.11781744
vn -0.93970454 0.34198743 -0.00000833
vn 0.00000000 0.00000500 -1.00000000
vn 0.00000000 0.00000500 -1.00000000
vn 0.00000000 0.00000500 -1.00000000
vn 0.00000128 0.00000000 -1.00000000
vn 0.00000128 0.00000000 -1.00000000
vn 0.00000128 0.00000000 -1.00000000
vn 0.00000000 0.00000250 -1.00000000
vn 0.00000000 0.00000250 -1.00000000
vn 0.00000000 0.00000250 -1.00000000
vn 0.00000077 0.00000137 -1.00000000
vn 0.00000077 0.00000137 -1.00000000
vn 0.00000077 0.00000137 -1.00000000
vn -0.00000735 -0.00000125 -1.00000000
vn -0.00000735 -0.00000125 -1.00000000
vn -0.00000735 -0.00000125 -1.00000000
vn 0.00000000 0.00000000 -1.00000000
vn 0.00000000 0.00000000 -1.00000000
vn 0.00000000 0.00000000 -1.00000000
vn 0.00000155 -0.00000137 -1.00000000
vn 0.00000155 -0.00000137 -1.00000000
vn 0.00000155 -0.00000137 -1.00000000
vn 0.00000128 0.00000000 -1.00000000
vn 0.00000128 0.00000000 -1.00000000
vn 0.00000128 0.00000000 -1.00000000
vn 0.00000000 0.00000000 -1.00000000
vn 0.00000000 0.00000000 -1.00000000
vn 0.00000000 0.00000000 -1.00000000
vn 0.00000050 -0.00000137 -1.00000000
vn 0.00000050 -0.00000137 -1.00000000
vn 0.00000050 -0.00000137 -1.00000000
vn 0.00000021 -0.00000051 -1.00000000
vn 0.00000021 -0.00000051 -1.00000000
vn 0.00000021 -0.00000051 -1.00000000
vn 0.00000007 -0.00000075 -1.00000000
vn 0.00000007 -0.00000075 -1.00000000
vn 0.00000007 -0.00000075 -1.00000000
vn 0.00000000 0.00000125 -1.00000000
vn 0.00000000 0.00000125 -1.00000000
vn 0.00000000 0.00000125 -1.00000000
vn -0.00000075 0.00000027 -1.00000000
vn -0.00000075 0.00000027 -1.00000000
vn -0.00000075 0.00000027 -1.00000000
vn 0.00000101 -0.00000274 -1.00000000
vn 0.00000101 -0.00000274 -1.00000000
vn 0.00000101 -0.00000274 -1.00000000
vn 0.00000647 -0.00000500 -1.00000000
vn 0.00000647 -0.00000500 -1.00000000
vn 0.00000647 -0.00000500 -1.00000000
vn -0.00000271 0.00000352 1.00000000
vn -0.00000271 0.00000352 1.00000000
vn -0.00000271 0.00000352 1.00000000
vn 0.00000107 0.00000000 1.00000000
vn 0.00000107 0.00000000 1.00000000
vn 0.00000107 0.00000000 1.00000000
vn 0.00000107 -0.00000704 1.00000000
vn 0.00000107 -0.00000704 1.00000000
vn 0.00000107 -0.00000704 1.00000000
vn 0.00000028 0.00000097 1.00000000
vn 0.00000028 0.00000097 1.00000000
vn 0.00000028 0.00000097 1.00000000
vn 0.00000000 0.00000088 1.00000000
vn 0.00000000 0.00000088 1.00000000
vn 0.00000000 0.00000088 1.00000000
vn 0.00000000 0.00000000 1.00000000
vn 0.00000000 0.00000000 1.00000000
vn 0.00000000 0.00000000 1.00000000
vn 0.00000000 0.00000000 1.00000000
vn 0.00000000 0.00000704 1.00000000
vn 0.00000000 0.00000704 1.00000000
vn 0.00000000 0.00000704 1.00000000
vn -0.00000107 0.00000000 1.00000000
vn -0.00000107 0.00000000 1.00000000
vn -0.00000107 0.00000000 1.00000000
vn -0.00000042 -0.00000193 1.00000000
vn -0.00000042 -0.00000193 1.00000000
vn -0.00000042 -0.00000193 1.00000000
vn -0.00000029 0.00000000 1.00000000
vn -0.00000029 0.00000000 1.00000000
vn -0.00000029 0.00000000 1.00000000
vn -0.00000004 0.00000000 1.00000000
vn -0.00000004 0.00000000 1.00000000
vn -0.00000004 0.00000000 1.00000000
vn 0.00000000 -0.00000352 1.00000000
vn 0.00000000 -0.00000352 1.00000000
vn 0.00000000 -0.00000352 1.00000000
vn -0.00000026 0.00000038 1.00000000
vn -0.00000026 0.00000038 1.00000000
vn -0.00000026 0.00000038 1.00000000
vn -0.00000085 0.00000000 1.00000000
vn -0.00000085 0.00000000 1.00000000
vn -0.00000085 0.00000000 1.00000000
vn 0.00000000 0.00000000 1.00000000
vn 0.00000000 0.00000000 1.00000000
vn 0.00000000 0.00000000 1.00000000
vn -0.58381319 -0.21249518 -0.78358656
vn -0.62126416 0.00000087 -0.78360122
vn -0.51446795 0.00000207 -0.85750961
vn -0.48343745 -0.17595731 -0.85751235
vn -0.58381444 0.21249232 -0.78358644
vn -0.48343980 0.17595801 -0.85751075
vn -0.47594345 0.39936641 -0.78357148
vn -0.39410120 0.33069330 -0.85751164
vn -0.31064469 0.53806055 -0.78357571
vn -0.25723040 0.44553778 -0.85751301
vn -0.10788262 0.61182290 -0.78360325
vn -0.08933225 0.50664842 -0.85751224
vn 0.10787900 0.61183465 -0.78359461
vn 0.08933555 0.50664657 -0.85751289
vn 0.31065071 0.53805608 -0.78357625
vn 0.25723311 0.44553787 -0.85751218
vn 0.47590813 0.39933795 -0.78360760
vn 0.39410332 0.33068937 -0.85751218
vn 0.58381420 0.21249124 -0.78358692
vn 0.48343521 0.17595644 -0.85751373
vn 0.62126940 0.00000302 -0.78359717
vn 0.51446760 -0.00000297 -0.85750979
vn 0.58381021 -0.21248278 -0.78359228
vn 0.48343891 -0.17595711 -0.85751158
vn 0.47590944 -0.39934632 -0.78360242
vn 0.39410290 -0.33069175 -0.85751146
vn 0.31064451 -0.53803402 -0.78359401
vn 0.25723150 -0.44553947 -0.85751188
vn 0.10788000 -0.61181343 -0.78361100
vn 0.08933619 -0.50664961 -0.85751104
vn -0.10788381 -0.61183363 -0.78359473
vn -0.08933429 -0.50664604 -0.85751337
vn -0.31065401 -0.53805143 -0.78357822
vn -0.25723186 -0.44553801 -0.85751253
vn -0.47591639 -0.39935324 -0.78359467
vn -0.39410454 -0.33069015 -0.85751128
vn -0.69636405 -0.12278352 0.70710778
vn -0.69636405 -0.12278352 0.70710778
vn -0.69636405 -0.12278352 0.70710778
vn -0.69633532 -0.12278457 0.70713586
vn -0.69633532 -0.12278457 0.70713586
vn -0.69633532 -0.12278457 0.70713586
vn -0.61236566 -0.35357773 0.70710051
vn -0.61236566 -0.35357773 0.70710051
vn -0.61236566 -0.35357773 0.70710051
vn -0.61236107 -0.35353559 0.70712554
vn -0.61236107 -0.35353559 0.70712554
vn -0.61236107 -0.35353559 0.70712554
vn -0.45452169 -0.54168922 0.70709467
vn -0.45452169 -0.54168922 0.70709467
vn -0.45452169 -0.54168922 0.70709467
vn -0.45450100 -0.54169106 0.70710659
vn -0.45450100 -0.54169106 0.70710659
vn -0.45450100 -0.54169106 0.70710659
vn -0.24185528 -0.66444683 0.70711845
vn -0.24185528 -0.66444683 0.70711845
vn -0.24185528 -0.66444683 0.70711845
vn -0.24184479 -0.66447008 0.70710021
vn -0.24184479 -0.66447008 0.70710021
vn -0.24184479 -0.66447008 0.70710021
vn -0.00000147 -0.70711195 0.70710164
vn -0.00000147 -0.70711195 0.70710164
vn -0.00000147 -0.70711195 0.70710164
vn 0.00000045 -0.70712292 0.70709062
vn 0.00000045 -0.70712292 0.70709062
vn 0.00000045 -0.70712292 0.70709062
vn 0.24183026 -0.66448027 0.70709556
vn 0.24183026 -0.66448027 0.70709556
vn 0.24183026 -0.66448027 0.70709556
vn 0.24184623 -0.66441208 0.70715415
vn 0.24184623 -0.66441208 0.70715415
vn 0.24184623 -0.66441208 0.70715415
vn 0.45451266 -0.54168797 0.70710140
vn 0.45451266 -0.54168797 0.70710140
vn 0.45451266 -0.54168797 0.70710140
vn 0.45452103 -0.54163343 0.70713776
vn 0.45452103 -0.54163343 0.70713776
vn 0.45452103 -0.54163343 0.70713776
vn 0.61234570 -0.35354069 0.70713633
vn 0.61234570 -0.35354069 0.70713633
vn 0.61234570 -0.35354069 0.70713633
vn 0.61238080 -0.35357222 0.70709008
vn 0.61238080 -0.35357222 0.70709008
vn 0.61238080 -0.35357222 0.70709008
vn 0.69636226 -0.12278381 0.70710945
vn 0.69636226 -0.12278381 0.70710945
vn 0.69636226 -0.12278381 0.70710945
vn 0.69635046 -0.12278664 0.70712060
vn 0.69635046 -0.12278664 0.70712060
vn 0.69635046 -0.12278664 0.70712060
vn 0.69638932 0.12278858 0.70708197
vn 0.69638932 0.12278858 0.70708197
vn 0.69638932 0.12278858 0.70708197
vn 0.69632369 0.12278192 0.70714778
vn 0.69632369 0.12278192 0.70714778
vn 0.69632369 0.12278192 0.70714778
vn 0.61236352 0.35357845 0.70710194
vn 0.61236352 0.35357845 0.70710194
vn 0.61236352 0.35357845 0.70710194
vn 0.61236316 0.35353485 0.70712405
vn 0.61236316 0.35353485 0.70712405
vn 0.61236316 0.35353485 0.70712405
vn 0.45451748 0.54167318 0.70710963
vn 0.45451748 0.54167318 0.70710963
vn 0.45451748 0.54167318 0.70710963
vn 0.45451254 0.54162294 0.70715129
vn 0.45451254 0.54162294 0.70715129
vn 0.45451254 0.54162294 0.70715129
vn 0.24185260 0.66446781 0.70709962
vn 0.24185260 0.66446781 0.70709962
vn 0.24185260 0.66446781 0.70709962
vn 0.24185407 0.66445994 0.70710647
vn 0.24185407 0.66445994 0.70710647
vn 0.24185407 0.66445994 0.70710647
vn -0.00000229 0.70713681 0.70707673
vn -0.00000229 0.70713681 0.70707673
vn -0.00000229 0.70713681 0.70707673
vn 0.00000000 0.70712036 0.70709318
vn 0.00000000 0.70712036 0.70709318
vn 0.00000000 0.70712036 0.70709318
vn -0.24184671 0.66452545 0.70704746
vn -0.24184671 0.66452545 0.70704746
vn -0.24184671 0.66452545 0.70704746
vn -0.24185088 0.66442484 0.70714056
vn -0.24185088 0.66442484 0.70714056
vn -0.24185088 0.66442484 0.70714056
vn -0.45451948 0.54166853 0.70711195
vn -0.45451948 0.54166853 0.70711195
vn -0.45451948 0.54166853 0.70711195
vn -0.45452994 0.54167402 0.70710099
vn -0.45452994 0.54167402 0.70710099
vn -0.45452994 0.54167402 0.70710099
vn -0.61239332 0.35356817 0.70708138
vn -0.61239332 0.35356817 0.70708138
vn -0.61239332 0.35356817 0.70708138
vn -0.61236906 0.35356542 0.70710367
vn -0.61236906 0.35356542 0.70710367
vn -0.61236906 0.35356542 0.70710367
vn -0.69633460 0.12278581 0.70713633
vn -0.69633460 0.12278581 0.70713633
vn -0.69633460 0.12278581 0.70713633
vn -0.69641966 0.12279145 0.70705158
vn -0.69641966 0.12279145 0.70705158
vn -0.69641966 0.12279145 0.70705158
vn -0.87708449 -0.00000560 -0.48033619
vn -0.82421565 -0.29997736 -0.48029399
vn -0.67193729 -0.56381130 -0.48022622
vn -0.43858296 -0.75965118 -0.48018229
vn -0.15232801 -0.86381710 -0.48022515
vn 0.15229228 -0.86379814 -0.48027068
vn 0.43858108 -0.75959754 -0.48026907
vn 0.67190295 -0.56383574 -0.48024538
vn 0.82422209 -0.30000791 -0.48026368
vn 0.87711465 0.00001285 -0.48028111
vn 0.82418591 0.29998747 -0.48033857
vn 0.67196792 0.56378478 -0.48021430
vn 0.43860191 0.75961572 -0.48022109
vn 0.15233019 0.86379188 -0.48026985
vn -0.15228382 0.86378717 -0.48029310
vn -0.43860251 0.75961798 -0.48021710
vn -0.67190111 0.56386894 -0.48020917
vn -0.82424611 0.30003449 -0.48020589
vn -0.99304748 0.00002357 -0.11771415
vn -0.87724137 0.00001984 -0.48004967
vn -0.82423311 -0.29998699 -0.48025802
vn -0.93313998 -0.33961475 -0.11794729
vn -0.67196220 -0.56383228 -0.48016655
vn -0.76071751 -0.63829595 -0.11784395
vn -0.43857011 -0.75965261 -0.48019201
vn -0.49651122 -0.85998970 -0.11787461
vn -0.15229964 -0.86383563 -0.48020092
vn -0.17243077 -0.97794861 -0.11783162
vn 0.15232986 -0.86383629 -0.48019010
vn 0.17244102 -0.97794193 -0.11787166
vn 0.43862465 -0.75965142 -0.48014385
vn 0.49654019 -0.85997361 -0.11787022
vn 0.67199755 -0.56387627 -0.48006558
vn 0.76071125 -0.63832432 -0.11773073
vn 0.82424223 -0.30000994 -0.48022780
vn 0.93313420 -0.33964092 -0.11791771
vn 0.87721336 -0.00001204 -0.48010069
vn 0.99304068 -0.00000317 -0.11777224
vn 0.82422739 0.29999372 -0.48026353
vn 0.93313628 0.33962262 -0.11795391
vn 0.67198879 0.56383353 -0.48012787
vn 0.76072139 0.63829941 -0.11780042
vn 0.43858990 0.75960231 -0.48025334
vn 0.49652958 0.85996956 -0.11794401
vn 0.15233675 0.86382890 -0.48020121
vn 0.17244354 0.97794008 -0.11788322
vn -0.15229975 0.86386007 -0.48015684
vn -0.17244369 0.97794586 -0.11783440
vn -0.43861741 0.75968170 -0.48010254
vn -0.49653894 0.85998738 -0.11777461
vn -0.67193830 0.56384945 -0.48017985
vn -0.76069123 0.63832420 -0.11786017
vn -0.82429004 0.30002859 -0.48013407
vn -0.93313450 0.33967522 -0.11781725
vn -0.93315846 0.33962208 -0.11777988
vn -0.82429916 0.30001125 -0.48012948
vn 0.48294008 0.08516302 -0.87150228
vn 0.48294008 0.08516302 -0.87150228
vn 0.48294008 0.08516302 -0.87150228
vn 0.48298150 0.08515730 -0.87147987
vn 0.48298150 0.08515730 -0.87147987
vn 0.48298150 0.08515730 -0.87147987
vn 0.48295802 -0.08516376 -0.87149233
vn 0.48295802 -0.08516376 -0.87149233
vn 0.48295802 -0.08516376 -0.87149233
vn 0.48293474 -0.08515484 -0.87150604
vn 0.48293474 -0.08515484 -0.87150604
vn 0.48293474 -0.08515484 -0.87150604
vn 0.42467910 -0.24520965 -0.87150443
vn 0.42467910 -0.24520965 -0.87150443
vn 0.42467910 -0.24520965 -0.87150443
vn 0.42470616 -0.24519634 -0.87149495
vn 0.42470616 -0.24519634 -0.87149495
vn 0.42470616 -0.24519634 -0.87149495
vn 0.31521487 -0.37567455 -0.87149775
vn 0.31521487 -0.37567455 -0.87149775
vn 0.31521487 -0.37567455 -0.87149775
vn 0.31521881 -0.37564847 -0.87150747
vn 0.31521881 -0.37564847 -0.87150747
vn 0.31521881 -0.37564847 -0.87150747
vn 0.16771753 -0.46084046 -0.87149119
vn 0.16771753 -0.46084046 -0.87149119
vn 0.16771753 -0.46084046 -0.87149119
vn 0.16772422 -0.46078742 -0.87151796
vn 0.16772422 -0.46078742 -0.87151796
vn 0.16772422 -0.46078742 -0.87151796
vn 0.00000000 -0.49040508 -0.87149471
vn 0.00000000 -0.49040508 -0.87149471
vn 0.00000000 -0.49040508 -0.87149471
vn 0.00000000 -0.49034470 -0.87152857
vn 0.00000000 -0.49034470 -0.87152857
vn 0.00000000 -0.49034470 -0.87152857
vn -0.16772747 -0.46079618 -0.87151271
vn -0.16772747 -0.46079618 -0.87151271
vn -0.16772747 -0.46079618 -0.87151271
vn -0.16772687 -0.46084887 -0.87148488
vn -0.16772687 -0.46084887 -0.87148488
vn -0.16772687 -0.46084887 -0.87148488
vn -0.31523523 -0.37567511 -0.87149018
vn -0.31523523 -0.37567511 -0.87149018
vn -0.31523523 -0.37567511 -0.87149018
vn -0.31522721 -0.37569222 -0.87148565
vn -0.31522721 -0.37569222 -0.87148565
vn -0.31522721 -0.37569222 -0.87148565
vn -0.42473212 -0.24519525 -0.87148261
vn -0.42473212 -0.24519525 -0.87148261
vn -0.42473212 -0.24519525 -0.87148261
vn -0.42470917 -0.24522707 -0.87148476
vn -0.42470917 -0.24522707 -0.87148476
vn -0.42470917 -0.24522707 -0.87148476
vn -0.48293880 -0.08515492 -0.87150371
vn -0.48293880 -0.08515492 -0.87150371
vn -0.48293880 -0.08515492 -0.87150371
vn -0.48297185 -0.08516975 -0.87148398
vn -0.48297185 -0.08516975 -0.87148398
vn -0.48297185 -0.08516975 -0.87148398
vn -0.48300347 0.08516632 -0.87146688
vn -0.48300347 0.08516632 -0.87146688
vn -0.48300347 0.08516632 -0.87146688
vn -0.48293281 0.08516324 -0.87150633
vn -0.48293281 0.08516324 -0.87150633
vn -0.48293281 0.08516324 -0.87150633
vn -0.42471647 0.24520151 -0.87148851
vn -0.42471647 0.24520151 -0.87148851
vn -0.42471647 0.24520151 -0.87148851
vn -0.42472851 0.24522029 -0.87147725
vn -0.42472851 0.24522029 -0.87147725
vn -0.42472851 0.24522029 -0.87147725
vn -0.31522736 0.37566710 -0.87149650
vn -0.31522736 0.37566710 -0.87149650
vn -0.31522736 0.37566710 -0.87149650
vn -0.31522855 0.37570074 -0.87148148
vn -0.31522855 0.37570074 -0.87148148
vn -0.31522855 0.37570074 -0.87148148
vn -0.16772752 0.46083778 -0.87149072
vn -0.16772752 0.46083778 -0.87149072
vn -0.16772752 0.46083778 -0.87149072
vn -0.16772914 0.46080518 -0.87150759
vn -0.16772914 0.46080518 -0.87150759
vn -0.16772914 0.46080518 -0.87150759
vn 0.00000000 0.49038392 -0.87150657
vn 0.00000000 0.49038392 -0.87150657
vn 0.00000000 0.49038392 -0.87150657
vn 0.00000209 0.49043065 -0.87148023
vn 0.00000209 0.49043065 -0.87148023
vn 0.00000209 0.49043065 -0.87148023
vn 0.16773079 0.46082851 -0.87149501
vn 0.16773079 0.46082851 -0.87149501
vn 0.16773079 0.46082851 -0.87149501
vn 0.16772717 0.46083248 -0.87149358
vn 0.16772717 0.46083248 -0.87149358
vn 0.16772717 0.46083248 -0.87149358
vn 0.31523839 0.37568974 -0.87148267
vn 0.31523839 0.37568974 -0.87148267
vn 0.31523839 0.37568974 -0.87148267
vn 0.31523401 0.37566406 -0.87149537
vn 0.31523401 0.37566406 -0.87149537
vn 0.31523401 0.37566406 -0.87149537
vn 0.42471975 0.24520767 -0.87148517
vn 0.42471975 0.24520767 -0.87148517
vn 0.42471975 0.24520767 -0.87148517
vn 0.42472544 0.24522558 -0.87147737
vn 0.42472544 0.24522558 -0.87147737
vn 0.42472544 0.24522558 -0.87147737
vn 0.93969405 0.34201637 -0.00000000
vn 1.00000000 -0.00000272 -0.00000000
vn 1.00000000 0.00000271 -0.00000000
vn 0.93969196 0.34202221 -0.00000000
vn 0.93969136 -0.34202379 -0.00000000
vn 0.93969303 -0.34201902 -0.00000000
vn 0.76606584 -0.64276218 -0.00000001
vn 0.76606584 -0.64276218 -0.00000000
vn 0.76602066 -0.64281601 -0.00000000
vn 0.49999884 -0.86602610 -0.00000000
vn 0.50000191 -0.86602432 -0.00000000
vn 0.76601881 -0.64281815 0.00000001
vn 0.17364490 -0.98480833 -0.00000000
vn 0.17364970 -0.98480749 -0.00000000
vn -0.17364922 -0.98480761 -0.00000000
vn -0.17364414 -0.98480850 -0.00000000
vn -0.50000191 -0.86602432 -0.00000000
vn -0.49999857 -0.86602628 -0.00000000
vn -0.76601881 -0.64281815 -0.00000001
vn -0.76602066 -0.64281601 -0.00000000
vn -0.76606947 -0.64275777 -0.00000000
vn -0.93969351 -0.34201789 -0.00000000
vn -0.93969172 -0.34202269 -0.00000000
vn -0.76607013 -0.64275712 0.00000001
vn -1.00000000 0.00000294 -0.00000000
vn -1.00000000 -0.00000219 -0.00000000
vn -0.93969208 0.34202167 -0.00000000
vn -0.93969363 0.34201744 -0.00000000
vn -0.76606947 0.64275789 -0.00000001
vn -0.76606917 0.64275813 -0.00000000
vn -0.76601928 0.64281762 -0.00000070
vn -0.49999627 0.86602765 -0.00000178
vn -0.50000054 0.86602521 -0.00000130
vn -0.76602042 0.64281631 0.00000001
vn -0.17364679 0.98480809 -0.00000059
vn -0.17365079 0.98480731 -0.00000059
vn 0.17365019 0.98480743 0.00000059
vn 0.17364626 0.98480815 0.00000059
vn 0.49999997 0.86602551 0.00000130
vn 0.49999627 0.86602753 0.00000178
vn 0.76601917 0.64281785 -0.00000001
vn 0.76601899 0.64281803 0.00000093
vn 0.76606882 0.64275855 -0.00000000
vn 0.76606804 0.64275956 0.00000001
f 5336/5336/5336 5337/5337/5337 5338/5338/5338
f 5338/5338/5338 5339/5339/5339 5340/5340/5340
f 5340/5340/5340 5341/5341/5341 5342/5342/5342
f 5338/5338/5338 5340/5340/5340 5342/5342/5342
f 5342/5342/5342 5343/5343/5343 5344/5344/5344
f 5344/5344/5344 5345/5345/5345 5346/5346/5346
f 5342/5342/5342 5344/5344/5344 5346/5346/5346
f 5346/5346/5346 5347/5347/5347 5348/5348/5348
f 5348/5348/5348 5349/5349/5349 5350/5350/5350
f 5346/5346/5346 5348/5348/5348 5350/5350/5350
f 5342/5342/5342 5346/5346/5346 5350/5350/5350
f 5338/5338/5338 5342/5342/5342 5350/5350/5350
f 5350/5350/5350 5351/5351/5351 5352/5352/5352
f 5338/5338/5338 5350/5350/5350 5352/5352/5352
f 5336/5336/5336 5338/5338/5338 5352/5352/5352
f 5353/5353/5353 5336/5336/5336 5352/5352/5352
f 5354/5354/5354 5355/5355/5355 5356/5356/5356
f 5356/5356/5356 5357/5357/5357 5354/5354/5354
f 5355/5355/5355 5358/5358/5358 5359/5359/5359
f 5359/5359/5359 5356/5356/5356 5355/5355/5355
f 5358/5358/5358 5360/5360/5360 5361/5361/5361
f 5361/5361/5361 5359/5359/5359 5358/5358/5358
f 5360/5360/5360 5362/5362/5362 5363/5363/5363
f 5363/5363/5363 5361/5361/5361 5360/5360/5360
f 5362/5362/5362 5364/5364/5364 5365/5365/5365
f 5365/5365/5365 5363/5363/5363 5362/5362/5362
f 5364/5364/5364 5366/5366/5366 5367/5367/5367
f 5367/5367/5367 5365/5365/5365 5364/5364/5364
f 5366/5366/5366 5368/5368/5368 5369/5369/5369
f 5369/5369/5369 5367/5367/5367 5366/5366/5366
f 5368/5368/5368 5370/5370/5370 5371/5371/5371
f 5371/5371/5371 5369/5369/5369 5368/5368/5368
f 5370/5370/5370 5372/5372/5372 5373/5373/5373
f 5373/5373/5373 5371/5371/5371 5370/5370/5370
f 5372/5372/5372 5374/5374/5374 5375/5375/5375
f 5375/5375/5375 5373/5373/5373 5372/5372/5372
f 5374/5374/5374 5376/5376/5376 5377/5377/5377
f 5377/5377/5377 5375/5375/5375 5374/5374/5374
f 5376/5376/5376 5378/5378/5378 5379/5379/5379
f 5379/5379/5379 5377/5377/5377 5376/5376/5376
f 5378/5378/5378 5380/5380/5380 5381/5381/5381
f 5381/5381/5381 5379/5379/5379 5378/5378/5378
f 5380/5380/5380 5382/5382/5382 5383/5383/5383
f 5383/5383/5383 5381/5381/5381 5380/5380/5380
f 5382/5382/5382 5384/5384/5384 5385/5385/5385
f 5385/5385/5385 5383/5383/5383 5382/5382/5382
f 5384/5384/5384 5386/5386/5386 5387/5387/5387
f 5387/5387/5387 5385/5385/5385 5384/5384/5384
f 5386/5386/5386 5388/5388/5388 5389/5389/5389
f 5389/5389/5389 5387/5387/5387 5386/5386/5386
f 5388/5388/5388 5354/5354/5354 5357/5357/5357
f 5357/5357/5357 5389/5389/5389 5388/5388/5388
f 5390/5390/5390 5391/5391/5391 5392/5392/5392
f 5392/5392/5392 5393/5393/5393 5390/5390/5390
f 5391/5391/5391 5394/5394/5394 5395/5395/5395
f 5395/5395/5395 5392/5392/5392 5391/5391/5391
f 5394/5394/5394 5396/5396/5396 5397/5397/5397
f 5397/5397/5397 5395/5395/5395 5394/5394/5394
f 5396/5396/5396 5398/5398/5398 5399/5399/5399
f 5399/5399/5399 5397/5397/5397 5396/5396/5396
f 5398/5398/5398 5400/5400/5400 5401/5401/5401
f 5401/5401/5401 5399/5399/5399 5398/5398/5398
f 5400/5400/5400 5402/5402/5402 5403/5403/5403
f 5403/5403/5403 5401/5401/5401 5400/5400/5400
f 5402/5402/5402 5404/5404/5404 5405/5405/5405
f 5405/5405/5405 5403/5403/5403 5402/5402/5402
f 5404/5404/5404 5406/5406/5406 5407/5407/5407
f 5407/5407/5407 5405/5405/5405 5404/5404/5404
f 5406/5406/5406 5408/5408/5408 5409/5409/5409
f 5409/5409/5409 5407/5407/5407 5406/5406/5406
f 5408/5408/5408 5410/5410/5410 5411/5411/5411
f 5411/5411/5411 5409/5409/5409 5408/5408/5408
f 5410/5410/5410 5412/5412/5412 5413/5413/5413
f 5413/5413/5413 5411/5411/5411 5410/5410/5410
f 5412/5412/5412 5414/5414/5414 5415/5415/5415
f 5415/5415/5415 5413/5413/5413 5412/5412/5412
f 5414/5414/5414 5416/5416/5416 5417/5417/5417
f 5417/5417/5417 5415/5415/5415 5414/5414/5414
f 5416/5416/5416 5418/5418/5418 5419/5419/5419
f 5419/5419/5419 5417/5417/5417 5416/5416/5416
f 5418/5418/5418 5420/5420/5420 5421/5421/5421
f 5421/5421/5421 5419/5419/5419 5418/5418/5418
f 5420/5420/5420 5422/5422/5422 5423/5423/5423
f 5423/5423/5423 5421/5421/5421 5420/5420/5420
f 5422/5422/5422 5424/5424/5424 5425/5425/5425
f 5425/5425/5425 5423/5423/5423 5422/5422/5422
f 5424/5424/5424 5390/5390/5390 5393/5393/5393
f 5393/5393/5393 5425/5425/5425 5424/5424/5424
f 5393/5393/5393 5392/5392/5392 5426/5426/5426
f 5426/5426/5426 5427/5427/5427 5393/5393/5393
f 5392/5392/5392 5395/5395/5395 5428/5428/5428
f 5428/5428/5428 5426/5426/5426 5392/5392/5392
f 5395/5395/5395 5397/5397/5397 5429/5429/5429
f 5429/5429/5429 5428/5428/5428 5395/5395/5395
f 5397/5397/5397 5399/5399/5399 5430/5430/5430
f 5430/5430/5430 5429/5429/5429 5397/5397/5397
f 5399/5399/5399 5401/5401/5401 5431/5431/5431
f 5431/5431/5431 5430/5430/5430 5399/5399/5399
f 5401/5401/5401 5403/5403/5403 5432/5432/5432
f 5432/5432/5432 5431/5431/5431 5401/5401/5401
f 5403/5403/5403 5405/5405/5405 5433/5433/5433
f 5433/5433/5433 5432/5432/5432 5403/5403/5403
f 5405/5405/5405 5407/5407/5407 5434/5434/5434
f 5434/5434/5434 5433/5433/5433 5405/5405/5405
f 5407/5407/5407 5409/5409/5409 5435/5435/5435
f 5435/5435/5435 5434/5434/5434 5407/5407/5407
f 5409/5409/5409 5411/5411/5411 5436/5436/5436
f 5436/5436/5436 5435/5435/5435 5409/5409/5409
f 5411/5411/5411 5413/5413/5413 5437/5437/5437
f 5437/5437/5437 5436/5436/5436 5411/5411/5411
f 5413/5413/5413 5415/5415/5415 5438/5438/5438
f 5438/5438/5438 5437/5437/5437 5413/5413/5413
f 5415/5415/5415 5417/5417/5417 5439/5439/5439
f 5439/5439/5439 5438/5438/5438 5415/5415/5415
f 5417/5417/5417 5419/5419/5419 5440/5440/5440
f 5440/5440/5440 5439/5439/5439 5417/5417/5417
f 5419/5419/5419 5421/5421/5421 5441/5441/5441
f 5441/5441/5441 5440/5440/5440 5419/5419/5419
f 5421/5421/5421 5423/5423/5423 5442/5442/5442
f 5442/5442/5442 5441/5441/5441 5421/5421/5421
f 5423/5423/5423 5425/5425/5425 5443/5443/5443
f 5443/5443/5443 5442/5442/5442 5423/5423/5423
f 5425/5425/5425 5393/5393/5393 5427/5427/5427
f 5427/5427/5427 5443/5443/5443 5425/5425/5425
f 5427/5427/5427 5426/5426/5426 5444/5444/5444
f 5444/5444/5444 5445/5445/5445 5427/5427/5427
f 5426/5426/5426 5428/5428/5428 5446/5446/5446
f 5446/5446/5446 5444/5444/5444 5426/5426/5426
f 5428/5428/5428 5429/5429/5429 5447/5447/5447
f 5447/5447/5447 5446/5446/5446 5428/5428/5428
f 5429/5429/5429 5430/5430/5430 5448/5448/5448
f 5448/5448/5448 5447/5447/5447 5429/5429/5429
f 5430/5430/5430 5431/5431/5431 5449/5449/5449
f 5449/5449/5449 5448/5448/5448 5430/5430/5430
f 5431/5431/5431 5432/5432/5432 5450/5450/5450
f 5450/5450/5450 5449/5449/5449 5431/5431/5431
f 5432/5432/5432 5433/5433/5433 5451/5451/5451
f 5451/5451/5451 5450/5450/5450 5432/5432/5432
f 5433/5433/5433 5434/5434/5434 5452/5452/5452
f 5452/5452/5452 5451/5451/5451 5433/5433/5433
f 5434/5434/5434 5435/5435/5435 5453/5453/5453
f 5453/5453/5453 5452/5452/5452 5434/5434/5434
f 5435/5435/5435 5436/5436/5436 5454/5454/5454
f 5454/5454/5454 5453/5453/5453 5435/5435/5435
f 5436/5436/5436 5437/5437/5437 5455/5455/5455
f 5455/5455/5455 5454/5454/5454 5436/5436/5436
f 5437/5437/5437 5438/5438/5438 5456/5456/5456
f 5456/5456/5456 5455/5455/5455 5437/5437/5437
f 5438/5438/5438 5439/5439/5439 5457/5457/5457
f 5457/5457/5457 5456/5456/5456 5438/5438/5438
f 5439/5439/5439 5440/5440/5440 5458/5458/5458
f 5458/5458/5458 5457/5457/5457 5439/5439/5439
f 5440/5440/5440 5441/5441/5441 5459/5459/5459
f 5459/5459/5459 5458/5458/5458 5440/5440/5440
f 5441/5441/5441 5442/5442/5442 5460/5460/5460
f 5460/5460/5460 5459/5459/5459 5441/5441/5441
f 5442/5442/5442 5443/5443/5443 5461/5461/5461
f 5461/5461/5461 5460/5460/5460 5442/5442/5442
f 5443/5443/5443 5427/5427/5427 5445/5445/5445
f 5445/5445/5445 5461/5461/5461 5443/5443/5443
f 5462/5462/5462 5463/5463/5463 5464/5464/5464
f 5464/5464/5464 5465/5465/5465 5462/5462/5462
f 5463/5463/5463 5466/5466/5466 5467/5467/5467
f 5467/5467/5467 5464/5464/5464 5463/5463/5463
f 5466/5466/5466 5468/5468/5468 5469/5469/5469
f 5469/5469/5469 5467/5467/5467 5466/5466/5466
f 5468/5468/5468 5470/5470/5470 5471/5471/5471
f 5471/5471/5471 5469/5469/5469 5468/5468/5468
f 5470/5470/5470 5472/5472/5472 5473/5473/5473
f 5473/5473/5473 5471/5471/5471 5470/5470/5470
f 5472/5472/5472 5474/5474/5474 5475/5475/5475
f 5475/5475/5475 5473/5473/5473 5472/5472/5472
f 5474/5474/5474 5476/5476/5476 5477/5477/5477
f 5477/5477/5477 5475/5475/5475 5474/5474/5474
f 5476/5476/5476 5478/5478/5478 5479/5479/5479
f 5479/5479/5479 5477/5477/5477 5476/5476/5476
f 5478/5478/5478 5480/5480/5480 5481/5481/5481
f 5481/5481/5481 5479/5479/5479 5478/5478/5478
f 5480/5480/5480 5482/5482/5482 5483/5483/5483
f 5483/5483/5483 5481/5481/5481 5480/5480/5480
f 5482/5482/5482 5484/5484/5484 5485/5485/5485
f 5485/5485/5485 5483/5483/5483 5482/5482/5482
f 5484/5484/5484 5486/5486/5486 5487/5487/5487
f 5487/5487/5487 5485/5485/5485 5484/5484/5484
f 5486/5486/5486 5488/5488/5488 5489/5489/5489
f 5489/5489/5489 5487/5487/5487 5486/5486/5486
f 5488/5488/5488 5490/5490/5490 5491/5491/5491
f 5491/5491/5491 5489/5489/5489 5488/5488/5488
f 5490/5490/5490 5492/5492/5492 5493/5493/5493
f 5493/5493/5493 5491/5491/5491 5490/5490/5490
f 5492/5492/5492 5494/5494/5494 5495/5495/5495
f 5495/5495/5495 5493/5493/5493 5492/5492/5492
f 5494/5494/5494 5496/5496/5496 5497/5497/5497
f 5497/5497/5497 5495/5495/5495 5494/5494/5494
f 5496/5496/5496 5498/5498/5498 5499/5499/5499
f 5499/5499/5499 5497/5497/5497 5496/5496/5496
f 5500/5500/5500 5336/5336/5336 5353/5353/5353
f 5353/5353/5353 5501/5501/5501 5500/5500/5500
f 5502/5502/5502 5337/5337/5337 5336/5336/5336
f 5336/5336/5336 5500/5500/5500 5502/5502/5502
f 5503/5503/5503 5338/5338/5338 5337/5337/5337
f 5337/5337/5337 5502/5502/5502 5503/5503/5503
f 5504/5504/5504 5339/5339/5339 5338/5338/5338
f 5338/5338/5338 5503/5503/5503 5504/5504/5504
f 5505/5505/5505 5340/5340/5340 5339/5339/5339
f 5339/5339/5339 5504/5504/5504 5505/5505/5505
f 5506/5506/5506 5341/5341/5341 5340/5340/5340
f 5340/5340/5340 5505/5505/5505 5506/5506/5506
f 5507/5507/5507 5342/5342/5342 5341/5341/5341
f 5341/5341/5341 5506/5506/5506 5507/5507/5507
f 5508/5508/5508 5343/5343/5343 5342/5342/5342
f 5342/5342/5342 5507/5507/5507 5508/5508/5508
f 5509/5509/5509 5344/5344/5344 5343/5343/5343
f 5343/5343/5343 5508/5508/5508 5509/5509/5509
f 5510/5510/5510 5345/5345/5345 5344/5344/5344
f 5344/5344/5344 5509/5509/5509 5510/5510/5510
f 5511/5511/5511 5346/5346/5346 5345/5345/5345
f 5345/5345/5345 5510/5510/5510 5511/5511/5511
f 5512/5512/5512 5347/5347/5347 5346/5346/5346
f 5346/5346/5346 5511/5511/5511 5512/5512/5512
f 5513/5513/5513 5348/5348/5348 5347/5347/5347
f 5347/5347/5347 5512/5512/5512 5513/5513/5513
f 5514/5514/5514 5349/5349/5349 5348/5348/5348
f 5348/5348/5348 5513/5513/5513 5514/5514/5514
f 5515/5515/5515 5350/5350/5350 5349/5349/5349
f 5349/5349/5349 5514/5514/5514 5515/5515/5515
f 5516/5516/5516 5351/5351/5351 5350/5350/5350
f 5350/5350/5350 5515/5515/5515 5516/5516/5516
f 5517/5517/5517 5352/5352/5352 5351/5351/5351
f 5351/5351/5351 5516/5516/5516 5517/5517/5517
f 5501/5501/5501 5353/5353/5353 5352/5352/5352
f 5352/5352/5352 5517/5517/5517 5501/5501/5501
f 5464/5464/5464 5518/5518/5518 5519/5519/5519
f 5519/5519/5519 5465/5465/5465 5464/5464/5464
f 5467/5467/5467 5520/5520/5520 5518/5518/5518
f 5518/5518/5518 5464/5464/5464 5467/5467/5467
f 5469/5469/5469 5521/5521/5521 5520/5520/5520
f 5520/5520/5520 5467/5467/5467 5469/5469/5469
f 5471/5471/5471 5522/5522/5522 5521/5521/5521
f 5521/5521/5521 5469/5469/5469 5471/5471/5471
f 5473/5473/5473 5523/5523/5523 5522/5522/5522
f 5522/5522/5522 5471/5471/5471 5473/5473/5473
f 5475/5475/5475 5524/5524/5524 5523/5523/5523
f 5523/5523/5523 5473/5473/5473 5475/5475/5475
f 5477/5477/5477 5525/5525/5525 5524/5524/5524
f 5524/5524/5524 5475/5475/5475 5477/5477/5477
f 5479/5479/5479 5526/5526/5526 5525/5525/5525
f 5525/5525/5525 5477/5477/5477 5479/5479/5479
f 5481/5481/5481 5527/5527/5527 5526/5526/5526
f 5526/5526/5526 5479/5479/5479 5481/5481/5481
f 5483/5483/5483 5528/5528/5528 5527/5527/5527
f 5527/5527/5527 5481/5481/5481 5483/5483/5483
f 5485/5485/5485 5529/5529/5529 5528/5528/5528
f 5528/5528/5528 5483/5483/5483 5485/5485/5485
f 5487/5487/5487 5530/5530/5530 5529/5529/5529
f 5529/5529/5529 5485/5485/5485 5487/5487/5487
f 5489/5489/5489 5531/5531/5531 5530/5530/5530
f 5530/5530/5530 5487/5487/5487 5489/5489/5489
f 5491/5491/5491 5532/5532/5532 5531/5531/5531
f 5531/5531/5531 5489/5489/5489 5491/5491/5491
f 5493/5493/5493 5533/5533/5533 5532/5532/5532
f 5532/5532/5532 5491/5491/5491 5493/5493/5493
f 5495/5495/5495 5534/5534/5534 5533/5533/5533
f 5533/5533/5533 5493/5493/5493 5495/5495/5495
f 5497/5497/5497 5535/5535/5535 5534/5534/5534
f 5534/5534/5534 5495/5495/5495 5497/5497/5497
f 5536/5536/5536 5537/5537/5537 5535/5535/5535
f 5535/5535/5535 5497/5497/5497 5536/5536/5536
f 5538/5538/5538 5463/5463/5463 5462/5462/5462
f 5462/5462/5462 5539/5539/5539 5538/5538/5538
f 5540/5540/5540 5466/5466/5466 5463/5463/5463
f 5463/5463/5463 5538/5538/5538 5540/5540/5540
f 5541/5541/5541 5468/5468/5468 5466/5466/5466
f 5466/5466/5466 5540/5540/5540 5541/5541/5541
f 5542/5542/5542 5470/5470/5470 5468/5468/5468
f 5468/5468/5468 5541/5541/5541 5542/5542/5542
f 5543/5543/5543 5472/5472/5472 5470/5470/5470
f 5470/5470/5470 5542/5542/5542 5543/5543/5543
f 5544/5544/5544 5474/5474/5474 5472/5472/5472
f 5472/5472/5472 5543/5543/5543 5544/5544/5544
f 5545/5545/5545 5476/5476/5476 5474/5474/5474
f 5474/5474/5474 5544/5544/5544 5545/5545/5545
f 5546/5546/5546 5478/5478/5478 5476/5476/5476
f 5476/5476/5476 5545/5545/5545 5546/5546/5546
f 5547/5547/5547 5480/5480/5480 5478/5478/5478
f 5478/5478/5478 5546/5546/5546 5547/5547/5547
f 5548/5548/5548 5482/5482/5482 5480/5480/5480
f 5480/5480/5480 5547/5547/5547 5548/5548/5548
f 5549/5549/5549 5484/5484/5484 5482/5482/5482
f 5482/5482/5482 5548/5548/5548 5549/5549/5549
f 5550/5550/5550 5486/5486/5486 5484/5484/5484
f 5484/5484/5484 5549/5549/5549 5550/5550/5550
f 5551/5551/5551 5488/5488/5488 5486/5486/5486
f 5486/5486/5486 5550/5550/5550 5551/5551/5551
f 5552/5552/5552 5490/5490/5490 5488/5488/5488
f 5488/5488/5488 5551/5551/5551 5552/5552/5552
f 5553/5553/5553 5492/5492/5492 5490/5490/5490
f 5490/5490/5490 5552/5552/5552 5553/5553/5553
f 5554/5554/5554 5494/5494/5494 5492/5492/5492
f 5492/5492/5492 5553/5553/5553 5554/5554/5554
f 5555/5555/5555 5496/5496/5496 5494/5494/5494
f 5494/5494/5494 5554/5554/5554 5555/5555/5555
f 5556/5556/5556 5498/5498/5498 5496/5496/5496
f 5496/5496/5496 5555/5555/5555 5556/5556/5556
f 5444/5444/5444 5557/5557/5557 5558/5558/5558
f 5558/5558/5558 5445/5445/5445 5444/5444/5444
f 5446/5446/5446 5559/5559/5559 5557/5557/5557
f 5557/5557/5557 5444/5444/5444 5446/5446/5446
f 5447/5447/5447 5560/5560/5560 5559/5559/5559
f 5559/5559/5559 5446/5446/5446 5447/5447/5447
f 5448/5448/5448 5561/5561/5561 5560/5560/5560
f 5560/5560/5560 5447/5447/5447 5448/5448/5448
f 5449/5449/5449 5562/5562/5562 5561/5561/5561
f 5561/5561/5561 5448/5448/5448 5449/5449/5449
f 5450/5450/5450 5563/5563/5563 5562/5562/5562
f 5562/5562/5562 5449/5449/5449 5450/5450/5450
f 5451/5451/5451 5564/5564/5564 5563/5563/5563
f 5563/5563/5563 5450/5450/5450 5451/5451/5451
f 5452/5452/5452 5565/5565/5565 5564/5564/5564
f 5564/5564/5564 5451/5451/5451 5452/5452/5452
f 5453/5453/5453 5566/5566/5566 5565/5565/5565
f 5565/5565/5565 5452/5452/5452 5453/5453/5453
f 5454/5454/5454 5567/5567/5567 5566/5566/5566
f 5566/5566/5566 5453/5453/5453 5454/5454/5454
f 5455/5455/5455 5568/5568/5568 5567/5567/5567
f 5567/5567/5567 5454/5454/5454 5455/5455/5455
f 5456/5456/5456 5569/5569/5569 5568/5568/5568
f 5568/5568/5568 5455/5455/5455 5456/5456/5456
f 5457/5457/5457 5570/5570/5570 5569/5569/5569
f 5569/5569/5569 5456/5456/5456 5457/5457/5457
f 5458/5458/5458 5571/5571/5571 5570/5570/5570
f 5570/5570/5570 5457/5457/5457 5458/5458/5458
f 5459/5459/5459 5572/5572/5572 5571/5571/5571
f 5571/5571/5571 5458/5458/5458 5459/5459/5459
f 5460/5460/5460 5573/5573/5573 5572/5572/5572
f 5572/5572/5572 5459/5459/5459 5460/5460/5460
f 5461/5461/5461 5574/5574/5574 5573/5573/5573
f 5573/5573/5573 5460/5460/5460 5461/5461/5461
f 5445/5445/5445 5558/5558/5558 5574/5574/5574
f 5574/5574/5574 5461/5461/5461 5445/5445/5445
f 5575/5575/5575 5576/5576/5576 5577/5577/5577
f 5577/5577/5577 5578/5578/5578 5575/5575/5575
f 5576/5576/5576 5579/5579/5579 5580/5580/5580
f 5580/5580/5580 5577/5577/5577 5576/5576/5576
f 5579/5579/5579 5581/5581/5581 5582/5582/5582
f 5582/5582/5582 5580/5580/5580 5579/5579/5579
f 5581/5581/5581 5583/5583/5583 5584/5584/5584
f 5584/5584/5584 5582/5582/5582 5581/5581/5581
f 5583/5583/5583 5585/5585/5585 5586/5586/5586
f 5586/5586/5586 5584/5584/5584 5583/5583/5583
f 5585/5585/5585 5587/5587/5587 5588/5588/5588
f 5588/5588/5588 5586/5586/5586 5585/5585/5585
f 5587/5587/5587 5589/5589/5589 5590/5590/5590
f 5590/5590/5590 5588/5588/5588 5587/5587/5587
f 5589/5589/5589 5591/5591/5591 5592/5592/5592
f 5592/5592/5592 5590/5590/5590 5589/5589/5589
f 5591/5591/5591 5593/5593/5593 5594/5594/5594
f 5594/5594/5594 5592/5592/5592 5591/5591/5591
f 5593/5593/5593 5595/5595/5595 5596/5596/5596
f 5596/5596/5596 5594/5594/5594 5593/5593/5593
f 5595/5595/5595 5597/5597/5597 5598/5598/5598
f 5598/5598/5598 5596/5596/5596 5595/5595/5595
f 5597/5597/5597 5599/5599/5599 5600/5600/5600
f 5600/5600/5600 5598/5598/5598 5597/5597/5597
f 5599/5599/5599 5601/5601/5601 5602/5602/5602
f 5602/5602/5602 5600/5600/5600 5599/5599/5599
f 5601/5601/5601 5603/5603/5603 5604/5604/5604
f 5604/5604/5604 5602/5602/5602 5601/5601/5601
f 5603/5603/5603 5605/5605/5605 5606/5606/5606
f 5606/5606/5606 5604/5604/5604 5603/5603/5603
f 5605/5605/5605 5607/5607/5607 5608/5608/5608
f 5608/5608/5608 5606/5606/5606 5605/5605/5605
f 5607/5607/5607 5609/5609/5609 5610/5610/5610
f 5610/5610/5610 5608/5608/5608 5607/5607/5607
f 5611/5611/5611 5575/5575/5575 5578/5578/5578
f 5578/5578/5578 5612/5612/5612 5611/5611/5611
f 5613/5613/5613 5614/5614/5614 5615/5615/5615
f 5616/5616/5616 5617/5617/5617 5618/5618/5618
f 5619/5619/5619 5620/5620/5620 5621/5621/5621
f 5622/5622/5622 5623/5623/5623 5624/5624/5624
f 5625/5625/5625 5626/5626/5626 5627/5627/5627
f 5628/5628/5628 5629/5629/5629 5630/5630/5630
f 5631/5631/5631 5632/5632/5632 5633/5633/5633
f 5634/5634/5634 5635/5635/5635 5636/5636/5636
f 5637/5637/5637 5638/5638/5638 5639/5639/5639
f 5640/5640/5640 5641/5641/5641 5642/5642/5642
f 5643/5643/5643 5644/5644/5644 5645/5645/5645
f 5646/5646/5646 5647/5647/5647 5648/5648/5648
f 5649/5649/5649 5650/5650/5650 5651/5651/5651
f 5652/5652/5652 5653/5653/5653 5654/5654/5654
f 5655/5655/5655 5656/5656/5656 5657/5657/5657
f 5658/5658/5658 5659/5659/5659 5660/5660/5660
f 5661/5661/5661 5662/5662/5662 5663/5663/5663
f 5664/5664/5664 5665/5665/5665 5666/5666/5666
f 5667/5667/5667 5668/5668/5668 5669/5669/5669
f 5670/5670/5670 5671/5671/5671 5672/5672/5672
f 5673/5673/5673 5674/5674/5674 5675/5675/5675
f 5676/5676/5676 5677/5677/5677 5678/5678/5678
f 5679/5679/5679 5676/5676/5676 5678/5678/5678
f 5680/5680/5680 5681/5681/5681 5682/5682/5682
f 5683/5683/5683 5684/5684/5684 5685/5685/5685
f 5686/5686/5686 5687/5687/5687 5688/5688/5688
f 5689/5689/5689 5690/5690/5690 5691/5691/5691
f 5692/5692/5692 5693/5693/5693 5694/5694/5694
f 5695/5695/5695 5696/5696/5696 5697/5697/5697
f 5698/5698/5698 5699/5699/5699 5700/5700/5700
f 5701/5701/5701 5702/5702/5702 5703/5703/5703
f 5704/5704/5704 5705/5705/5705 5706/5706/5706
f 5707/5707/5707 5708/5708/5708 5709/5709/5709
f 5709/5709/5709 5710/5710/5710 5707/5707/5707
f 5708/5708/5708 5711/5711/5711 5712/5712/5712
f 5712/5712/5712 5709/5709/5709 5708/5708/5708
f 5711/5711/5711 5713/5713/5713 5714/5714/5714
f 5714/5714/5714 5712/5712/5712 5711/5711/5711
f 5713/5713/5713 5715/5715/5715 5716/5716/5716
f 5716/5716/5716 5714/5714/5714 5713/5713/5713
f 5715/5715/5715 5717/5717/5717 5718/5718/5718
f 5718/5718/5718 5716/5716/5716 5715/5715/5715
f 5717/5717/5717 5719/5719/5719 5720/5720/5720
f 5720/5720/5720 5718/5718/5718 5717/5717/5717
f 5719/5719/5719 5721/5721/5721 5722/5722/5722
f 5722/5722/5722 5720/5720/5720 5719/5719/5719
f 5721/5721/5721 5723/5723/5723 5724/5724/5724
f 5724/5724/5724 5722/5722/5722 5721/5721/5721
f 5723/5723/5723 5725/5725/5725 5726/5726/5726
f 5726/5726/5726 5724/5724/5724 5723/5723/5723
f 5725/5725/5725 5727/5727/5727 5728/5728/5728
f 5728/5728/5728 5726/5726/5726 5725/5725/5725
f 5727/5727/5727 5729/5729/5729 5730/5730/5730
f 5730/5730/5730 5728/5728/5728 5727/5727/5727
f 5729/5729/5729 5731/5731/5731 5732/5732/5732
f 5732/5732/5732 5730/5730/5730 5729/5729/5729
f 5731/5731/5731 5733/5733/5733 5734/5734/5734
f 5734/5734/5734 5732/5732/5732 5731/5731/5731
f 5733/5733/5733 5735/5735/5735 5736/5736/5736
f 5736/5736/5736 5734/5734/5734 5733/5733/5733
f 5735/5735/5735 5737/5737/5737 5738/5738/5738
f 5738/5738/5738 5736/5736/5736 5735/5735/5735
f 5737/5737/5737 5739/5739/5739 5740/5740/5740
f 5740/5740/5740 5738/5738/5738 5737/5737/5737
f 5739/5739/5739 5741/5741/5741 5742/5742/5742
f 5742/5742/5742 5740/5740/5740 5739/5739/5739
f 5741/5741/5741 5707/5707/5707 5710/5710/5710
f 5710/5710/5710 5742/5742/5742 5741/5741/5741
f 5743/5743/5743 5744/5744/5744 5745/5745/5745
f 5746/5746/5746 5747/5747/5747 5748/5748/5748
f 5749/5749/5749 5750/5750/5750 5751/5751/5751
f 5752/5752/5752 5753/5753/5753 5754/5754/5754
f 5755/5755/5755 5756/5756/5756 5757/5757/5757
f 5758/5758/5758 5759/5759/5759 5760/5760/5760
f 5761/5761/5761 5762/5762/5762 5763/5763/5763
f 5764/5764/5764 5765/5765/5765 5766/5766/5766
f 5767/5767/5767 5768/5768/5768 5769/5769/5769
f 5770/5770/5770 5771/5771/5771 5772/5772/5772
f 5773/5773/5773 5774/5774/5774 5775/5775/5775
f 5776/5776/5776 5777/5777/5777 5778/5778/5778
f 5779/5779/5779 5780/5780/5780 5781/5781/5781
f 5782/5782/5782 5783/5783/5783 5784/5784/5784
f 5785/5785/5785 5786/5786/5786 5787/5787/5787
f 5788/5788/5788 5789/5789/5789 5790/5790/5790
f 5791/5791/5791 5792/5792/5792 5793/5793/5793
f 5794/5794/5794 5795/5795/5795 5796/5796/5796
f 5797/5797/5797 5798/5798/5798 5799/5799/5799
f 5800/5800/5800 5801/5801/5801 5802/5802/5802
f 5803/5803/5803 5804/5804/5804 5805/5805/5805
f 5806/5806/5806 5807/5807/5807 5808/5808/5808
f 5809/5809/5809 5810/5810/5810 5811/5811/5811
f 5812/5812/5812 5813/5813/5813 5814/5814/5814
f 5815/5815/5815 5816/5816/5816 5817/5817/5817
f 5818/5818/5818 5819/5819/5819 5820/5820/5820
f 5821/5821/5821 5822/5822/5822 5823/5823/5823
f 5824/5824/5824 5825/5825/5825 5826/5826/5826
f 5827/5827/5827 5828/5828/5828 5829/5829/5829
f 5830/5830/5830 5831/5831/5831 5832/5832/5832
f 5833/5833/5833 5834/5834/5834 5835/5835/5835
f 5836/5836/5836 5837/5837/5837 5838/5838/5838
f 5839/5839/5839 5840/5840/5840 5841/5841/5841
f 5842/5842/5842 5843/5843/5843 5844/5844/5844
f 5845/5845/5845 5846/5846/5846 5847/5847/5847
f 5848/5848/5848 5849/5849/5849 5850/5850/5850
f 5851/5851/5851 5708/5708/5708 5707/5707/5707
f 5707/5707/5707 5852/5852/5852 5851/5851/5851
f 5852/5852/5852 5707/5707/5707 5741/5741/5741
f 5741/5741/5741 5853/5853/5853 5852/5852/5852
f 5853/5853/5853 5741/5741/5741 5739/5739/5739
f 5739/5739/5739 5854/5854/5854 5853/5853/5853
f 5854/5854/5854 5739/5739/5739 5737/5737/5737
f 5737/5737/5737 5855/5855/5855 5854/5854/5854
f 5855/5855/5855 5737/5737/5737 5735/5735/5735
f 5735/5735/5735 5856/5856/5856 5855/5855/5855
f 5856/5856/5856 5735/5735/5735 5733/5733/5733
f 5733/5733/5733 5857/5857/5857 5856/5856/5856
f 5857/5857/5857 5733/5733/5733 5731/5731/5731
f 5731/5731/5731 5858/5858/5858 5857/5857/5857
f 5858/5858/5858 5731/5731/5731 5729/5729/5729
f 5729/5729/5729 5859/5859/5859 5858/5858/5858
f 5859/5859/5859 5729/5729/5729 5727/5727/5727
f 5727/5727/5727 5860/5860/5860 5859/5859/5859
f 5860/5860/5860 5727/5727/5727 5725/5725/5725
f 5725/5725/5725 5861/5861/5861 5860/5860/5860
f 5861/5861/5861 5725/5725/5725 5723/5723/5723
f 5723/5723/5723 5862/5862/5862 5861/5861/5861
f 5862/5862/5862 5723/5723/5723 5721/5721/5721
f 5721/5721/5721 5863/5863/5863 5862/5862/5862
f 5863/5863/5863 5721/5721/5721 5719/5719/5719
f 5719/5719/5719 5864/5864/5864 5863/5863/5863
f 5864/5864/5864 5719/5719/5719 5717/5717/5717
f 5717/5717/5717 5865/5865/5865 5864/5864/5864
f 5865/5865/5865 5717/5717/5717 5715/5715/5715
f 5715/5715/5715 5866/5866/5866 5865/5865/5865
f 5866/5866/5866 5715/5715/5715 5713/5713/5713
f 5713/5713/5713 5867/5867/5867 5866/5866/5866
f 5867/5867/5867 5713/5713/5713 5711/5711/5711
f 5711/5711/5711 5868/5868/5868 5867/5867/5867
f 5868/5868/5868 5711/5711/5711 5708/5708/5708
f 5708/5708/5708 5851/5851/5851 5868/5868/5868
f 5869/5869/5869 5870/5870/5870 5871/5871/5871
f 5871/5871/5871 5872/5872/5872 5869/5869/5869
f 5872/5872/5872 5871/5871/5871 5873/5873/5873
f 5873/5873/5873 5874/5874/5874 5872/5872/5872
f 5874/5874/5874 5873/5873/5873 5875/5875/5875
f 5875/5875/5875 5876/5876/5876 5874/5874/5874
f 5876/5876/5876 5875/5875/5875 5877/5877/5877
f 5877/5877/5877 5878/5878/5878 5876/5876/5876
f 5878/5878/5878 5877/5877/5877 5879/5879/5879
f 5879/5879/5879 5880/5880/5880 5878/5878/5878
f 5880/5880/5880 5879/5879/5879 5881/5881/5881
f 5881/5881/5881 5882/5882/5882 5880/5880/5880
f 5882/5882/5882 5881/5881/5881 5883/5883/5883
f 5883/5883/5883 5884/5884/5884 5882/5882/5882
f 5884/5884/5884 5883/5883/5883 5885/5885/5885
f 5885/5885/5885 5886/5886/5886 5884/5884/5884
f 5886/5886/5886 5885/5885/5885 5887/5887/5887
f 5887/5887/5887 5888/5888/5888 5886/5886/5886
f 5888/5888/5888 5887/5887/5887 5889/5889/5889
f 5889/5889/5889 5890/5890/5890 5888/5888/5888
f 5890/5890/5890 5889/5889/5889 5891/5891/5891
f 5891/5891/5891 5892/5892/5892 5890/5890/5890
f 5892/5892/5892 5891/5891/5891 5893/5893/5893
f 5893/5893/5893 5894/5894/5894 5892/5892/5892
f 5894/5894/5894 5893/5893/5893 5895/5895/5895
f 5895/5895/5895 5896/5896/5896 5894/5894/5894
f 5896/5896/5896 5895/5895/5895 5897/5897/5897
f 5897/5897/5897 5898/5898/5898 5896/5896/5896
f 5898/5898/5898 5897/5897/5897 5899/5899/5899
f 5899/5899/5899 5900/5900/5900 5898/5898/5898
f 5900/5900/5900 5899/5899/5899 5901/5901/5901
f 5901/5901/5901 5902/5902/5902 5900/5900/5900
f 5902/5902/5902 5901/5901/5901 5903/5903/5903
f 5903/5903/5903 5904/5904/5904 5902/5902/5902
f 5905/5905/5905 5906/5906/5906 5870/5870/5870
f 5870/5870/5870 5869/5869/5869 5905/5905/5905
f 5907/5907/5907 5908/5908/5908 5909/5909/5909
f 5910/5910/5910 5911/5911/5911 5912/5912/5912
f 5913/5913/5913 5914/5914/5914 5915/5915/5915
f 5916/5916/5916 5917/5917/5917 5918/5918/5918
f 5919/5919/5919 5920/5920/5920 5921/5921/5921
f 5922/5922/5922 5923/5923/5923 5924/5924/5924
f 5925/5925/5925 5926/5926/5926 5927/5927/5927
f 5928/5928/5928 5929/5929/5929 5930/5930/5930
f 5931/5931/5931 5932/5932/5932 5933/5933/5933
f 5934/5934/5934 5935/5935/5935 5936/5936/5936
f 5937/5937/5937 5938/5938/5938 5939/5939/5939
f 5940/5940/5940 5941/5941/5941 5942/5942/5942
f 5943/5943/5943 5944/5944/5944 5945/5945/5945
f 5946/5946/5946 5947/5947/5947 5948/5948/5948
f 5949/5949/5949 5950/5950/5950 5951/5951/5951
f 5952/5952/5952 5953/5953/5953 5954/5954/5954
f 5955/5955/5955 5956/5956/5956 5957/5957/5957
f 5958/5958/5958 5959/5959/5959 5960/5960/5960
f 5961/5961/5961 5962/5962/5962 5963/5963/5963
f 5964/5964/5964 5965/5965/5965 5966/5966/5966
f 5967/5967/5967 5968/5968/5968 5969/5969/5969
f 5970/5970/5970 5971/5971/5971 5972/5972/5972
f 5973/5973/5973 5974/5974/5974 5975/5975/5975
f 5976/5976/5976 5977/5977/5977 5978/5978/5978
f 5979/5979/5979 5980/5980/5980 5981/5981/5981
f 5982/5982/5982 5983/5983/5983 5984/5984/5984
f 5985/5985/5985 5986/5986/5986 5987/5987/5987
f 5988/5988/5988 5989/5989/5989 5990/5990/5990
f 5991/5991/5991 5992/5992/5992 5993/5993/5993
f 5994/5994/5994 5995/5995/5995 5996/5996/5996
f 5997/5997/5997 5998/5998/5998 5999/5999/5999
f 6000/6000/6000 6001/6001/6001 6002/6002/6002
f 6003/6003/6003 6004/6004/6004 6005/6005/6005
f 6006/6006/6006 6007/6007/6007 6008/6008/6008
f 6009/6009/6009 6010/6010/6010 6011/6011/6011
f 6012/6012/6012 6013/6013/6013 6014/6014/6014
f 6015/6015/6015 6016/6016/6016 6017/6017/6017
f 6017/6017/6017 6018/6018/6018 6015/6015/6015
f 6016/6016/6016 6019/6019/6019 6020/6020/6020
f 6020/6020/6020 6017/6017/6017 6016/6016/6016
f 6019/6019/6019 6021/6021/6021 6022/6022/6022
f 6022/6022/6022 6020/6020/6020 6019/6019/6019
f 6023/6023/6023 6024/6024/6024 6025/6025/6025
f 6025/6025/6025 6026/6026/6026 6023/6023/6023
f 6024/6024/6024 6027/6027/6027 6028/6028/6028
f 6028/6028/6028 6025/6025/6025 6024/6024/6024
f 6027/6027/6027 6029/6029/6029 6030/6030/6030
f 6030/6030/6030 6028/6028/6028 6027/6027/6027
f 6029/6029/6029 6031/6031/6031 6032/6032/6032
f 6032/6032/6032 6030/6030/6030 6029/6029/6029
f 6031/6031/6031 6033/6033/6033 6034/6034/6034
f 6034/6034/6034 6032/6032/6032 6031/6031/6031
f 6035/6035/6035 6036/6036/6036 6037/6037/6037
f 6037/6037/6037 6038/6038/6038 6035/6035/6035
f 6036/6036/6036 6039/6039/6039 6040/6040/6040
f 6040/6040/6040 6037/6037/6037 6036/6036/6036
f 6039/6039/6039 6041/6041/6041 6042/6042/6042
f 6042/6042/6042 6040/6040/6040 6039/6039/6039
f 6041/6041/6041 6043/6043/6043 6044/6044/6044
f 6044/6044/6044 6042/6042/6042 6041/6041/6041
f 6045/6045/6045 6046/6046/6046 6047/6047/6047
f 6047/6047/6047 6048/6048/6048 6045/6045/6045
f 6046/6046/6046 6049/6049/6049 6050/6050/6050
f 6050/6050/6050 6047/6047/6047 6046/6046/6046
f 6049/6049/6049 6051/6051/6051 6052/6052/6052
f 6052/6052/6052 6050/6050/6050 6049/6049/6049
f 6051/6051/6051 6053/6053/6053 6054/6054/6054
f 6054/6054/6054 6052/6052/6052 6051/6051/6051
f 6053/6053/6053 6055/6055/6055 6056/6056/6056
f 6056/6056/6056 6054/6054/6054 6053/6053/6053
f 6057/6057/6057 6015/6015/6015 6018/6018/6018
f 6018/6018/6018 6058/6058/6058 6057/6057/6057
